system,id,domain,type,rule_based,tricky,clean,gold,gold_option,pred,pred_option,correct,confidence,latency_ms,cost_usd,output_tokens
"basal-1.0-4.5B (local, 2 orders)",ADM01,administracja,noul,True,True,True,0,"Tak, w terminie",0,"Tak, w terminie",True,0.7147,135.5,0.0,0
"basal-1.0-4.5B (local, 2 orders)",ADM02,administracja,noul,True,False,True,0,"Tak, wniosek jest kompletny",0,"Tak, wniosek jest kompletny",True,0.8692,134.9,0.0,0
"basal-1.0-4.5B (local, 2 orders)",ADM03,administracja,noul,True,False,True,1,"Nie, po terminie",0,"Tak, w terminie",False,0.5933,135.6,0.0,0
"basal-1.0-4.5B (local, 2 orders)",ADM04,administracja,noul,True,False,True,0,"Tak, tryb uproszczony",0,"Tak, tryb uproszczony",True,0.7927,142.6,0.0,0
"basal-1.0-4.5B (local, 2 orders)",ADM05,administracja,noul,False,True,True,1,"Nie, to sprawa własna wnioskodawcy",1,"Nie, to sprawa własna wnioskodawcy",True,0.7982,120.9,0.0,0
"basal-1.0-4.5B (local, 2 orders)",ADM06,administracja,noul,False,False,True,0,"Tak, przekazać dyżurnemu",0,"Tak, przekazać dyżurnemu",True,0.9666,112.8,0.0,0
"basal-1.0-4.5B (local, 2 orders)",ADM07,administracja,noul,False,True,True,1,"Nie, sprawa toczy się dalej",1,"Nie, sprawa toczy się dalej",True,0.9878,115.3,0.0,0
"basal-1.0-4.5B (local, 2 orders)",ADM08,administracja,noul,False,False,True,1,"Nie, brakuje załącznika",0,"Tak, wszystkie załączniki są",False,0.7131,110.5,0.0,0
"basal-1.0-4.5B (local, 2 orders)",ADM09,administracja,choice,False,False,True,2,"Wydział Komunikacji - rejestracja pojazdów, prawa jazdy",2,"Wydział Komunikacji - rejestracja pojazdów, prawa jazdy",True,0.9996,125.2,0.0,0
"basal-1.0-4.5B (local, 2 orders)",ADM10,administracja,choice,False,True,True,0,"Skarga - zarzut wobec działania urzędu lub pracownika (przewlekłość, zaniedbanie, niewłaściwe zachowanie)",0,"Skarga - zarzut wobec działania urzędu lub pracownika (przewlekłość, zaniedbanie, niewłaściwe zachowanie)",True,0.9346,139.0,0.0,0
"basal-1.0-4.5B (local, 2 orders)",ADM11,administracja,choice,False,False,True,1,Wniosek - propozycja usprawnienia pracy urzędu lub lepszego zaspokajania potrzeb mieszkańców,1,Wniosek - propozycja usprawnienia pracy urzędu lub lepszego zaspokajania potrzeb mieszkańców,True,0.9981,124.1,0.0,0
"basal-1.0-4.5B (local, 2 orders)",ADM12,administracja,choice,True,False,True,2,Zgłoszenie uproszczone,2,Zgłoszenie uproszczone,True,0.5249,145.6,0.0,0
"basal-1.0-4.5B (local, 2 orders)",ADM13,administracja,choice,False,True,True,3,"Zarząd Dróg Miejskich - nawierzchnia ulic i chodników, oznakowanie, sygnalizacja",3,"Zarząd Dróg Miejskich - nawierzchnia ulic i chodników, oznakowanie, sygnalizacja",True,0.984,120.9,0.0,0
"basal-1.0-4.5B (local, 2 orders)",ADM14,administracja,choice,False,False,True,4,Przygotowanie zawarcia małżeństwa (ślub cywilny),4,Przygotowanie zawarcia małżeństwa (ślub cywilny),True,0.9998,116.6,0.0,0
"basal-1.0-4.5B (local, 2 orders)",ADM15,administracja,score,False,False,True,1,2 - zwykły tryb,1,2 - zwykły tryb,True,0.7537,149.3,0.0,0
"basal-1.0-4.5B (local, 2 orders)",ADM16,administracja,score,False,False,True,2,3 - termin w ciągu 7 dni,2,3 - termin w ciągu 7 dni,True,0.976,145.7,0.0,0
"basal-1.0-4.5B (local, 2 orders)",ADM17,administracja,score,False,False,True,3,"4 - zagrożenie, reakcja dziś",3,"4 - zagrożenie, reakcja dziś",True,0.9844,144.2,0.0,0
"basal-1.0-4.5B (local, 2 orders)",LAW01,kancelaria,noul,True,True,True,0,"Tak, w terminie",0,"Tak, w terminie",True,0.6094,125.7,0.0,0
"basal-1.0-4.5B (local, 2 orders)",LAW02,kancelaria,noul,True,True,True,1,"Nie, roszczenie nie jest jeszcze przedawnione",1,"Nie, roszczenie nie jest jeszcze przedawnione",True,0.6434,140.8,0.0,0
"basal-1.0-4.5B (local, 2 orders)",LAW03,kancelaria,noul,True,False,True,1,"Nie, nie może przyjąć",1,"Nie, nie może przyjąć",True,0.625,144.7,0.0,0
"basal-1.0-4.5B (local, 2 orders)",LAW04,kancelaria,noul,True,False,True,1,"Nie, poza pakietem",0,"Tak, pakiet ryczałtowy",False,0.7502,142.2,0.0,0
"basal-1.0-4.5B (local, 2 orders)",LAW05,kancelaria,noul,False,False,True,0,"Tak, kontakt jeszcze dziś",1,"Nie, zwykły tryb",False,0.5826,111.0,0.0,0
"basal-1.0-4.5B (local, 2 orders)",LAW06,kancelaria,noul,False,True,True,1,"Nie, porada lub opinia",1,"Nie, porada lub opinia",True,0.9347,108.0,0.0,0
"basal-1.0-4.5B (local, 2 orders)",LAW07,kancelaria,noul,False,False,True,0,"Tak, dane są kompletne",0,"Tak, dane są kompletne",True,0.9676,114.4,0.0,0
"basal-1.0-4.5B (local, 2 orders)",LAW08,kancelaria,noul,False,True,True,0,"Tak, sprawa pracownicza",0,"Tak, sprawa pracownicza",True,0.9802,110.3,0.0,0
"basal-1.0-4.5B (local, 2 orders)",LAW09,kancelaria,choice,False,False,True,5,"Spadkowa - nabycie spadku, testament, zachowek, dział spadku",5,"Spadkowa - nabycie spadku, testament, zachowek, dział spadku",True,0.9966,145.0,0.0,0
"basal-1.0-4.5B (local, 2 orders)",LAW10,kancelaria,choice,False,False,True,2,Gospodarcza - spór między przedsiębiorcami związany z ich działalnością,2,Gospodarcza - spór między przedsiębiorcami związany z ich działalnością,True,0.9906,147.3,0.0,0
"basal-1.0-4.5B (local, 2 orders)",LAW11,kancelaria,choice,False,False,True,0,"Rodzinna - rozwód, separacja, alimenty, kontakty z dzieckiem, władza rodzicielska",0,"Rodzinna - rozwód, separacja, alimenty, kontakty z dzieckiem, władza rodzicielska",True,0.9987,142.0,0.0,0
"basal-1.0-4.5B (local, 2 orders)",LAW12,kancelaria,choice,False,False,True,3,"Karna - postępowanie karne lub wykroczeniowe (klient podejrzany, oskarżony lub pokrzywdzony)",3,"Karna - postępowanie karne lub wykroczeniowe (klient podejrzany, oskarżony lub pokrzywdzony)",True,0.9983,135.7,0.0,0
"basal-1.0-4.5B (local, 2 orders)",LAW13,kancelaria,choice,False,False,True,4,"Nieruchomości - własność, granice działek, służebności, zasiedzenie, obrót nieruchomościami",4,"Nieruchomości - własność, granice działek, służebności, zasiedzenie, obrót nieruchomościami",True,0.9991,137.4,0.0,0
"basal-1.0-4.5B (local, 2 orders)",LAW14,kancelaria,choice,True,True,True,2,Pro bono,1,Stawka obniżona,False,0.7929,137.9,0.0,0
"basal-1.0-4.5B (local, 2 orders)",LAW15,kancelaria,score,False,False,True,0,1 - brak terminu,0,1 - brak terminu,True,0.8402,144.5,0.0,0
"basal-1.0-4.5B (local, 2 orders)",LAW16,kancelaria,score,False,False,True,2,3 - termin za 3-14 dni,2,3 - termin za 3-14 dni,True,0.7563,155.6,0.0,0
"basal-1.0-4.5B (local, 2 orders)",LAW17,kancelaria,score,False,False,True,1,2 - termin za ponad 14 dni,1,2 - termin za ponad 14 dni,True,0.6977,151.0,0.0,0
"basal-1.0-4.5B (local, 2 orders)",HR01,hr,noul,True,True,True,0,"Tak, spełnia wymagania",0,"Tak, spełnia wymagania",True,0.6341,139.2,0.0,0
"basal-1.0-4.5B (local, 2 orders)",HR02,hr,noul,True,True,True,1,"Nie, nie spełnia wymogu",1,"Nie, nie spełnia wymogu",True,0.8233,132.0,0.0,0
"basal-1.0-4.5B (local, 2 orders)",HR03,hr,noul,True,False,True,0,"Tak, spełnia zasady",0,"Tak, spełnia zasady",True,0.7256,136.4,0.0,0
"basal-1.0-4.5B (local, 2 orders)",HR04,hr,noul,True,True,True,0,"Tak, eskalować",1,"Nie, obsłużyć w zwykłym trybie",False,0.9465,134.2,0.0,0
"basal-1.0-4.5B (local, 2 orders)",HR05,hr,noul,False,True,True,1,"Nie, to nie jest rezygnacja",1,"Nie, to nie jest rezygnacja",True,0.9841,105.5,0.0,0
"basal-1.0-4.5B (local, 2 orders)",HR06,hr,noul,False,False,True,1,"Nie, tylko obecna rekrutacja",1,"Nie, tylko obecna rekrutacja",True,0.9809,105.2,0.0,0
"basal-1.0-4.5B (local, 2 orders)",HR07,hr,noul,False,False,True,0,"Tak, problem ze sprzętem",0,"Tak, problem ze sprzętem",True,0.9856,106.1,0.0,0
"basal-1.0-4.5B (local, 2 orders)",HR08,hr,noul,False,True,True,1,"Nie, to nie jest zgłoszenie mobbingu",1,"Nie, to nie jest zgłoszenie mobbingu",True,0.5408,112.7,0.0,0
"basal-1.0-4.5B (local, 2 orders)",HR09,hr,choice,False,False,True,1,"Wynagrodzenie - wypłata, dodatki, premie, potrącenia, PIT",1,"Wynagrodzenie - wypłata, dodatki, premie, potrącenia, PIT",True,0.9988,125.4,0.0,0
"basal-1.0-4.5B (local, 2 orders)",HR10,hr,choice,False,False,True,2,"BHP - warunki bezpieczeństwa i higieny pracy, środki ochrony, wypadki",2,"BHP - warunki bezpieczeństwa i higieny pracy, środki ochrony, wypadki",True,0.9951,131.4,0.0,0
"basal-1.0-4.5B (local, 2 orders)",HR11,hr,choice,False,False,True,0,"Urlop - wnioski i pytania o urlop wypoczynkowy, okolicznościowy lub na żądanie",0,"Urlop - wnioski i pytania o urlop wypoczynkowy, okolicznościowy lub na żądanie",True,0.9974,124.8,0.0,0
"basal-1.0-4.5B (local, 2 orders)",HR12,hr,choice,False,False,True,4,"Sprzęt i dostępy - laptop, telefon, konta w systemach, karta wejściowa",4,"Sprzęt i dostępy - laptop, telefon, konta w systemach, karta wejściowa",True,0.9993,136.2,0.0,0
"basal-1.0-4.5B (local, 2 orders)",HR13,hr,choice,False,False,True,5,"Benefity - karta sportowa, pakiet medyczny, świadczenia socjalne",5,"Benefity - karta sportowa, pakiet medyczny, świadczenia socjalne",True,0.9949,127.8,0.0,0
"basal-1.0-4.5B (local, 2 orders)",HR14,hr,choice,True,False,True,1,Rozmowa z dyrektorem,0,Rozmowa z rekruterem,False,0.8782,143.8,0.0,0
"basal-1.0-4.5B (local, 2 orders)",HR15,hr,score,False,False,True,1,2 - standardowy,1,2 - standardowy,True,0.9589,140.1,0.0,0
"basal-1.0-4.5B (local, 2 orders)",HR16,hr,score,False,False,True,3,4 - krytyczny (przemoc lub zagrożenie),3,4 - krytyczny (przemoc lub zagrożenie),True,0.9968,144.0,0.0,0
"basal-1.0-4.5B (local, 2 orders)",HR17,hr,score,False,False,True,2,3 - wysoki (wypłata lub termin do 3 dni),2,3 - wysoki (wypłata lub termin do 3 dni),True,0.9941,135.5,0.0,0
"basal-1.0-4.5B (local, 2 orders)",MED01,przychodnia,noul,True,True,True,0,"Tak, skierowanie jest ważne",0,"Tak, skierowanie jest ważne",True,0.8146,169.5,0.0,0
"basal-1.0-4.5B (local, 2 orders)",MED02,przychodnia,noul,True,False,True,1,"Nie, nie można przyjąć",1,"Nie, nie można przyjąć",True,0.5422,146.3,0.0,0
"basal-1.0-4.5B (local, 2 orders)",MED03,przychodnia,noul,True,True,True,1,"Nie, nie można wydać",1,"Nie, nie można wydać",True,0.6626,124.1,0.0,0
"basal-1.0-4.5B (local, 2 orders)",MED04,przychodnia,noul,True,False,True,0,"Tak, można zarejestrować na teleporadę",0,"Tak, można zarejestrować na teleporadę",True,0.8593,137.3,0.0,0
"basal-1.0-4.5B (local, 2 orders)",MED05,przychodnia,noul,False,False,True,0,"Tak, zmiana terminu",0,"Tak, zmiana terminu",True,0.9837,110.6,0.0,0
"basal-1.0-4.5B (local, 2 orders)",MED06,przychodnia,noul,False,True,True,1,"Nie, zgłoszenie niealarmowe",1,"Nie, zgłoszenie niealarmowe",True,0.9904,120.8,0.0,0
"basal-1.0-4.5B (local, 2 orders)",MED07,przychodnia,noul,False,True,True,0,"Tak, wydanie dokumentu",0,"Tak, wydanie dokumentu",True,0.9838,107.9,0.0,0
"basal-1.0-4.5B (local, 2 orders)",MED08,przychodnia,noul,False,False,True,1,"Nie, brakuje dokumentu",1,"Nie, brakuje dokumentu",True,0.789,111.0,0.0,0
"basal-1.0-4.5B (local, 2 orders)",MED09,przychodnia,choice,False,False,True,2,"Gabinet zabiegowy - zastrzyki, pobrania krwi, opatrunki na zlecenie lekarza",2,"Gabinet zabiegowy - zastrzyki, pobrania krwi, opatrunki na zlecenie lekarza",True,0.9911,122.6,0.0,0
"basal-1.0-4.5B (local, 2 orders)",MED10,przychodnia,choice,False,True,True,3,Punkt szczepień - zapisy na szczepienia,3,Punkt szczepień - zapisy na szczepienia,True,0.9908,128.0,0.0,0
"basal-1.0-4.5B (local, 2 orders)",MED11,przychodnia,choice,False,False,True,1,Poradnia specjalistyczna - wizyta u specjalisty na skierowanie,1,Poradnia specjalistyczna - wizyta u specjalisty na skierowanie,True,0.9992,125.2,0.0,0
"basal-1.0-4.5B (local, 2 orders)",MED12,przychodnia,choice,False,False,True,4,"Dział dokumentacji medycznej - kopie dokumentacji, zaświadczenia, wydruki wyników",4,"Dział dokumentacji medycznej - kopie dokumentacji, zaświadczenia, wydruki wyników",True,0.9995,122.0,0.0,0
"basal-1.0-4.5B (local, 2 orders)",MED13,przychodnia,choice,True,False,True,1,Przyjęcie poza kolejnością,2,Lista pilna,False,0.6554,126.9,0.0,0
"basal-1.0-4.5B (local, 2 orders)",MED14,przychodnia,choice,False,False,True,0,"Rejestracja POZ - wizyta u lekarza rodzinnego, bez skierowania",0,"Rejestracja POZ - wizyta u lekarza rodzinnego, bez skierowania",True,0.9927,129.5,0.0,0
"basal-1.0-4.5B (local, 2 orders)",MED15,przychodnia,score,False,False,True,1,2 - planowy (termin do 14 dni),0,1 - administracyjny,False,0.5892,173.8,0.0,0
"basal-1.0-4.5B (local, 2 orders)",MED16,przychodnia,score,False,False,True,2,3 - pilny (wizyta dziś),2,3 - pilny (wizyta dziś),True,0.9973,178.9,0.0,0
"basal-1.0-4.5B (local, 2 orders)",MED17,przychodnia,score,False,False,True,3,4 - alarmowy (zadzwonić na 112),0,1 - administracyjny,False,0.4682,185.1,0.0,0
"basal-1.0-4.5B (local, 2 orders)",INS01,ubezpieczenia,noul,True,True,True,1,"Nie, zdarzenie nastąpiło w okresie karencji",1,"Nie, zdarzenie nastąpiło w okresie karencji",True,0.5984,153.0,0.0,0
"basal-1.0-4.5B (local, 2 orders)",INS02,ubezpieczenia,noul,True,False,True,0,"Tak, odszkodowanie zostanie wypłacone",1,"Nie, odszkodowanie nie zostanie wypłacone",False,0.6626,143.3,0.0,0
"basal-1.0-4.5B (local, 2 orders)",INS03,ubezpieczenia,noul,True,True,True,0,"Tak, koszty zostaną pokryte",0,"Tak, koszty zostaną pokryte",True,0.865,181.6,0.0,0
"basal-1.0-4.5B (local, 2 orders)",INS04,ubezpieczenia,noul,True,False,True,1,"Nie, potrzebne oględziny",0,"Tak, tryb uproszczony",False,0.6837,168.9,0.0,0
"basal-1.0-4.5B (local, 2 orders)",INS05,ubezpieczenia,noul,False,True,True,0,"Tak, to odwołanie od decyzji",0,"Tak, to odwołanie od decyzji",True,0.9895,127.1,0.0,0
"basal-1.0-4.5B (local, 2 orders)",INS06,ubezpieczenia,noul,True,False,True,1,"Nie, nie kierować do weryfikacji",1,"Nie, nie kierować do weryfikacji",True,0.7503,166.4,0.0,0
"basal-1.0-4.5B (local, 2 orders)",INS07,ubezpieczenia,noul,False,False,True,1,"Nie, to pytanie o szkodę już zgłoszoną",1,"Nie, to pytanie o szkodę już zgłoszoną",True,0.9864,117.1,0.0,0
"basal-1.0-4.5B (local, 2 orders)",INS08,ubezpieczenia,noul,False,False,True,0,"Tak, wypowiadają umowę",0,"Tak, wypowiadają umowę",True,0.9856,126.6,0.0,0
"basal-1.0-4.5B (local, 2 orders)",INS09,ubezpieczenia,choice,False,True,True,3,OC w życiu prywatnym - szkoda wyrządzona osobie trzeciej przez ubezpieczonego lub jego domownika poza ruchem pojazdów,3,OC w życiu prywatnym - szkoda wyrządzona osobie trzeciej przez ubezpieczonego lub jego domownika poza ruchem pojazdów,True,0.9934,136.2,0.0,0
"basal-1.0-4.5B (local, 2 orders)",INS10,ubezpieczenia,choice,False,False,True,4,"Turystyczna - zdarzenie w podróży zagranicznej (koszty leczenia, bagaż, opóźnienie lotu)",4,"Turystyczna - zdarzenie w podróży zagranicznej (koszty leczenia, bagaż, opóźnienie lotu)",True,0.9931,143.6,0.0,0
"basal-1.0-4.5B (local, 2 orders)",INS11,ubezpieczenia,choice,False,False,True,2,Uzupełnienie dokumentów do szkody już prowadzonej,2,Uzupełnienie dokumentów do szkody już prowadzonej,True,0.6736,113.5,0.0,0
"basal-1.0-4.5B (local, 2 orders)",INS12,ubezpieczenia,choice,False,False,True,1,"Serwisowy - naprawa w warsztacie, który rozlicza się bezpośrednio z ubezpieczycielem na podstawie faktury",1,"Serwisowy - naprawa w warsztacie, który rozlicza się bezpośrednio z ubezpieczycielem na podstawie faktury",True,0.9336,125.4,0.0,0
"basal-1.0-4.5B (local, 2 orders)",INS13,ubezpieczenia,choice,False,False,True,0,"Przepięcie - uszkodzenie urządzeń elektrycznych przez nagły wzrost napięcia, np. po wyładowaniu atmosferycznym",0,"Przepięcie - uszkodzenie urządzeń elektrycznych przez nagły wzrost napięcia, np. po wyładowaniu atmosferycznym",True,0.9987,144.0,0.0,0
"basal-1.0-4.5B (local, 2 orders)",INS14,ubezpieczenia,score,False,True,True,0,1 - rutynowa,0,1 - rutynowa,True,0.8723,165.3,0.0,0
"basal-1.0-4.5B (local, 2 orders)",INS15,ubezpieczenia,score,False,False,True,2,3 - pilna,2,3 - pilna,True,0.999,167.2,0.0,0
"basal-1.0-4.5B (local, 2 orders)",INS16,ubezpieczenia,score,False,False,True,1,2 - standardowa,1,2 - standardowa,True,0.8475,150.1,0.0,0
"basal-1.0-4.5B (local, 2 orders)",INS17,ubezpieczenia,score,False,False,True,3,4 - natychmiastowa,3,4 - natychmiastowa,True,0.9972,163.0,0.0,0
"basal-1.0-4.5B (local, 2 orders)",BNK01,bank_aml,noul,True,False,True,1,"Nie, nie wymaga weryfikacji",1,"Nie, nie wymaga weryfikacji",True,0.958,193.5,0.0,0
"basal-1.0-4.5B (local, 2 orders)",BNK02,bank_aml,noul,True,True,True,0,"Tak, wymaga weryfikacji",1,"Nie, nie wymaga weryfikacji",False,0.8554,208.6,0.0,0
"basal-1.0-4.5B (local, 2 orders)",BNK03,bank_aml,noul,True,True,True,0,"Tak, spełnia kryteria",0,"Tak, spełnia kryteria",True,0.6524,149.7,0.0,0
"basal-1.0-4.5B (local, 2 orders)",BNK04,bank_aml,noul,True,False,True,1,"Nie, nie spełnia kryteriów",0,"Tak, spełnia kryteria",False,0.5629,152.1,0.0,0
"basal-1.0-4.5B (local, 2 orders)",BNK05,bank_aml,noul,True,False,True,1,"Nie, jeszcze nie można przyjąć reklamacji",0,"Tak, można przyjąć reklamację",False,0.7477,145.5,0.0,0
"basal-1.0-4.5B (local, 2 orders)",BNK06,bank_aml,noul,False,False,True,0,"Tak, zgłasza transakcję nieautoryzowaną",0,"Tak, zgłasza transakcję nieautoryzowaną",True,0.9752,123.1,0.0,0
"basal-1.0-4.5B (local, 2 orders)",BNK07,bank_aml,noul,False,True,True,0,"Tak, występuje taki sygnał",0,"Tak, występuje taki sygnał",True,0.9141,128.6,0.0,0
"basal-1.0-4.5B (local, 2 orders)",BNK08,bank_aml,noul,False,True,True,1,"Nie, nie prosi o zastrzeżenie",1,"Nie, nie prosi o zastrzeżenie",True,0.9966,115.2,0.0,0
"basal-1.0-4.5B (local, 2 orders)",BNK09,bank_aml,choice,False,True,True,4,"Bankowość elektroniczna - logowanie, aplikacja mobilna, hasła, autoryzacja w aplikacji, powiadomienia",4,"Bankowość elektroniczna - logowanie, aplikacja mobilna, hasła, autoryzacja w aplikacji, powiadomienia",True,0.6834,141.1,0.0,0
"basal-1.0-4.5B (local, 2 orders)",BNK10,bank_aml,choice,False,False,True,2,"Reklamacje transakcji - kwestionowanie konkretnej transakcji (podwójne obciążenie, zła kwota, nieautoryzowana, niezrealizowana usługa)",2,"Reklamacje transakcji - kwestionowanie konkretnej transakcji (podwójne obciążenie, zła kwota, nieautoryzowana, niezrealizowana usługa)",True,0.9958,141.0,0.0,0
"basal-1.0-4.5B (local, 2 orders)",BNK11,bank_aml,choice,False,False,True,1,"Kredyty - wnioski kredytowe, raty, harmonogram, wcześniejsza spłata",1,"Kredyty - wnioski kredytowe, raty, harmonogram, wcześniejsza spłata",True,0.9995,136.9,0.0,0
"basal-1.0-4.5B (local, 2 orders)",BNK12,bank_aml,choice,False,False,True,3,"Konto - otwarcie i zamknięcie rachunku, opłaty za prowadzenie, wyciągi, pełnomocnictwa",3,"Konto - otwarcie i zamknięcie rachunku, opłaty za prowadzenie, wyciągi, pełnomocnictwa",True,0.9946,137.8,0.0,0
"basal-1.0-4.5B (local, 2 orders)",BNK13,bank_aml,choice,False,False,True,0,"Karty - wydanie, blokada, zastrzeżenie, limity, PIN, wznowienie karty",0,"Karty - wydanie, blokada, zastrzeżenie, limity, PIN, wznowienie karty",True,0.9981,134.5,0.0,0
"basal-1.0-4.5B (local, 2 orders)",BNK14,bank_aml,score,False,False,True,0,1 - niski,0,1 - niski,True,0.9578,167.5,0.0,0
"basal-1.0-4.5B (local, 2 orders)",BNK15,bank_aml,score,False,False,True,1,2 - średni,1,2 - średni,True,0.9958,170.7,0.0,0
"basal-1.0-4.5B (local, 2 orders)",BNK16,bank_aml,score,False,False,True,2,3 - podwyższony,2,3 - podwyższony,True,0.9926,176.1,0.0,0
"basal-1.0-4.5B (local, 2 orders)",BNK17,bank_aml,score,False,False,True,3,4 - wysoki,3,4 - wysoki,True,0.9463,167.4,0.0,0
"basal-1.0-4.5B (local, 2 orders)",LOG01,logistyka,noul,True,True,True,1,"Nie, odszkodowanie nie przysługuje",0,"Tak, odszkodowanie przysługuje",False,0.5317,148.7,0.0,0
"basal-1.0-4.5B (local, 2 orders)",LOG02,logistyka,noul,True,True,True,0,"Tak, bezpłatne ponowne doręczenie przysługuje",0,"Tak, bezpłatne ponowne doręczenie przysługuje",True,0.6142,170.0,0.0,0
"basal-1.0-4.5B (local, 2 orders)",LOG03,logistyka,noul,True,False,True,1,"Nie, dokumentacja nie jest kompletna",1,"Nie, dokumentacja nie jest kompletna",True,0.8197,153.5,0.0,0
"basal-1.0-4.5B (local, 2 orders)",LOG04,logistyka,noul,True,False,True,0,"Tak, odszkodowanie przysługuje",0,"Tak, odszkodowanie przysługuje",True,0.892,145.1,0.0,0
"basal-1.0-4.5B (local, 2 orders)",LOG05,logistyka,noul,True,False,True,1,"Nie, jeszcze nie uruchamiać",0,"Tak, uruchomić procedurę",False,0.7335,147.3,0.0,0
"basal-1.0-4.5B (local, 2 orders)",LOG06,logistyka,noul,False,False,True,0,"Tak, odmówił przyjęcia",0,"Tak, odmówił przyjęcia",True,0.9789,114.2,0.0,0
"basal-1.0-4.5B (local, 2 orders)",LOG07,logistyka,noul,False,True,True,0,"Tak, prosi o zmianę adresu",0,"Tak, prosi o zmianę adresu",True,0.9831,127.6,0.0,0
"basal-1.0-4.5B (local, 2 orders)",LOG08,logistyka,noul,False,True,True,1,"Nie, zawartość nie jest uszkodzona",1,"Nie, zawartość nie jest uszkodzona",True,0.9501,117.4,0.0,0
"basal-1.0-4.5B (local, 2 orders)",LOG09,logistyka,choice,False,False,True,2,"Błędny adres - przesyłki nie da się doręczyć lub trafiła gdzie indziej, bo adres na etykiecie jest błędny lub niepełny",2,"Błędny adres - przesyłki nie da się doręczyć lub trafiła gdzie indziej, bo adres na etykiecie jest błędny lub niepełny",True,0.9528,149.5,0.0,0
"basal-1.0-4.5B (local, 2 orders)",LOG10,logistyka,choice,False,False,True,1,"Opóźnienie - przesyłka jest w drodze lub dotarła, ale po obiecanym terminie; jej położenie jest znane",1,"Opóźnienie - przesyłka jest w drodze lub dotarła, ale po obiecanym terminie; jej położenie jest znane",True,0.9837,135.3,0.0,0
"basal-1.0-4.5B (local, 2 orders)",LOG11,logistyka,choice,False,True,True,3,"Zaginięcie - przewoźnik nie wie, gdzie jest przesyłka (brak skanów, nie odnaleziono jej w magazynie)",3,"Zaginięcie - przewoźnik nie wie, gdzie jest przesyłka (brak skanów, nie odnaleziono jej w magazynie)",True,0.9911,148.2,0.0,0
"basal-1.0-4.5B (local, 2 orders)",LOG12,logistyka,choice,False,False,True,0,"Uszkodzenie - przesyłka dotarła, ale zawartość lub opakowanie są uszkodzone",0,"Uszkodzenie - przesyłka dotarła, ale zawartość lub opakowanie są uszkodzone",True,0.994,147.6,0.0,0
"basal-1.0-4.5B (local, 2 orders)",LOG13,logistyka,choice,False,False,True,4,Odmowa przyjęcia - odbiorca nie przyjął przesyłki od kuriera,4,Odmowa przyjęcia - odbiorca nie przyjął przesyłki od kuriera,True,0.9915,146.6,0.0,0
"basal-1.0-4.5B (local, 2 orders)",LOG14,logistyka,score,False,False,True,0,1 - niski,0,1 - niski,True,0.9789,145.0,0.0,0
"basal-1.0-4.5B (local, 2 orders)",LOG15,logistyka,score,False,False,True,2,3 - wysoki,1,2 - normalny,False,0.9089,152.4,0.0,0
"basal-1.0-4.5B (local, 2 orders)",LOG16,logistyka,score,False,False,True,1,2 - normalny,1,2 - normalny,True,0.9636,146.9,0.0,0
"basal-1.0-4.5B (local, 2 orders)",LOG17,logistyka,score,False,False,True,3,4 - krytyczny,3,4 - krytyczny,True,0.9968,165.5,0.0,0
"basal-1.0-4.5B (local, 2 orders)",ITS01,it_security,noul,True,True,True,0,"Tak, można zatwierdzić",0,"Tak, można zatwierdzić",True,0.8548,142.4,0.0,0
"basal-1.0-4.5B (local, 2 orders)",ITS02,it_security,noul,True,False,True,1,"Nie, nie można nadać",0,"Tak, można nadać",False,0.8146,144.6,0.0,0
"basal-1.0-4.5B (local, 2 orders)",ITS03,it_security,noul,True,False,True,1,"Nie, nie można zatwierdzić",0,"Tak, można zatwierdzić",False,0.8204,150.7,0.0,0
"basal-1.0-4.5B (local, 2 orders)",ITS04,it_security,noul,True,False,True,0,"Tak, wyłączyć konto",1,"Nie, nie wyłączać konta",False,0.8963,135.7,0.0,0
"basal-1.0-4.5B (local, 2 orders)",ITS05,it_security,noul,True,False,True,1,"Nie, wymaga przeglądu bezpieczeństwa",1,"Nie, wymaga przeglądu bezpieczeństwa",True,0.8883,130.3,0.0,0
"basal-1.0-4.5B (local, 2 orders)",ITS06,it_security,noul,False,True,True,1,"Nie, to nie jest phishing",1,"Nie, to nie jest phishing",True,0.9743,174.2,0.0,0
"basal-1.0-4.5B (local, 2 orders)",ITS07,it_security,noul,False,True,True,0,"Tak, to phishing",1,"Nie, to nie jest phishing",False,0.8465,182.3,0.0,0
"basal-1.0-4.5B (local, 2 orders)",ITS08,it_security,noul,False,False,True,0,"Tak, to phishing",0,"Tak, to phishing",True,0.7534,143.9,0.0,0
"basal-1.0-4.5B (local, 2 orders)",ITS09,it_security,choice,False,True,True,4,"Bezpieczeństwo - podejrzenie incydentu: kliknięty podejrzany link, podane hasło oszustowi, złośliwe oprogramowanie, utrata urządzenia, podejrzana aktywność konta",4,"Bezpieczeństwo - podejrzenie incydentu: kliknięty podejrzany link, podane hasło oszustowi, złośliwe oprogramowanie, utrata urządzenia, podejrzana aktywność konta",True,0.9156,150.3,0.0,0
"basal-1.0-4.5B (local, 2 orders)",ITS10,it_security,choice,False,False,True,3,"Sieć - brak połączenia z internetem, Wi-Fi, VPN, wolne łącze",3,"Sieć - brak połączenia z internetem, Wi-Fi, VPN, wolne łącze",True,0.9612,144.8,0.0,0
"basal-1.0-4.5B (local, 2 orders)",ITS11,it_security,choice,False,False,True,2,"Oprogramowanie - instalacja, aktualizacja lub błędy działania aplikacji",2,"Oprogramowanie - instalacja, aktualizacja lub błędy działania aplikacji",True,0.9737,145.4,0.0,0
"basal-1.0-4.5B (local, 2 orders)",ITS12,it_security,choice,False,False,True,0,"Dostęp - konta, hasła, uprawnienia do systemów i folderów",0,"Dostęp - konta, hasła, uprawnienia do systemów i folderów",True,0.9978,142.9,0.0,0
"basal-1.0-4.5B (local, 2 orders)",ITS13,it_security,choice,False,False,True,1,"Sprzęt - fizyczne urządzenia (komputer, monitor, drukarka, telefon): awaria lub wymiana",1,"Sprzęt - fizyczne urządzenia (komputer, monitor, drukarka, telefon): awaria lub wymiana",True,0.9461,151.3,0.0,0
"basal-1.0-4.5B (local, 2 orders)",ITS14,it_security,score,False,True,True,0,P4 - niski,1,P3 - średni,False,0.9637,146.9,0.0,0
"basal-1.0-4.5B (local, 2 orders)",ITS15,it_security,score,False,False,True,2,P2 - wysoki,2,P2 - wysoki,True,0.9951,145.0,0.0,0
"basal-1.0-4.5B (local, 2 orders)",ITS16,it_security,score,False,False,True,1,P3 - średni,1,P3 - średni,True,0.9847,142.3,0.0,0
"basal-1.0-4.5B (local, 2 orders)",ITS17,it_security,score,False,False,True,3,P1 - krytyczny,2,P2 - wysoki,False,0.9076,140.9,0.0,0
"basal-1.0-4.5B (local, 2 orders)",MFG01,produkcja,noul,True,True,True,1,"Nie, partię należy zwolnić",0,"Tak, partię należy wstrzymać",False,0.6792,139.6,0.0,0
"basal-1.0-4.5B (local, 2 orders)",MFG02,produkcja,noul,True,True,True,0,"Tak, partię należy wstrzymać",0,"Tak, partię należy wstrzymać",True,0.6313,190.1,0.0,0
"basal-1.0-4.5B (local, 2 orders)",MFG03,produkcja,noul,True,False,True,0,"Tak, należy otworzyć 8D",0,"Tak, należy otworzyć 8D",True,0.5523,141.9,0.0,0
"basal-1.0-4.5B (local, 2 orders)",MFG04,produkcja,noul,True,False,True,0,"Tak, w terminie",0,"Tak, w terminie",True,0.6534,141.3,0.0,0
"basal-1.0-4.5B (local, 2 orders)",MFG05,produkcja,noul,True,True,True,0,"Tak, partię należy wstrzymać",1,"Nie, partię można wysłać",False,0.8133,124.9,0.0,0
"basal-1.0-4.5B (local, 2 orders)",MFG06,produkcja,noul,False,False,True,1,"Nie, to nie jest niezgodność wyrobu",1,"Nie, to nie jest niezgodność wyrobu",True,0.9793,121.5,0.0,0
"basal-1.0-4.5B (local, 2 orders)",MFG07,produkcja,noul,False,False,True,1,"Nie, to nie jest reklamacja",1,"Nie, to nie jest reklamacja",True,0.9584,121.3,0.0,0
"basal-1.0-4.5B (local, 2 orders)",MFG08,produkcja,noul,False,False,True,1,"Nie, jest poza tolerancją",1,"Nie, jest poza tolerancją",True,0.6039,120.6,0.0,0
"basal-1.0-4.5B (local, 2 orders)",MFG09,produkcja,choice,False,False,True,1,Powierzchniowa,1,Powierzchniowa,True,0.9997,150.5,0.0,0
"basal-1.0-4.5B (local, 2 orders)",MFG10,produkcja,choice,False,False,True,4,Dokumentacyjna,4,Dokumentacyjna,True,0.9993,153.0,0.0,0
"basal-1.0-4.5B (local, 2 orders)",MFG11,produkcja,choice,False,False,True,3,Montażowa,3,Montażowa,True,0.9968,156.2,0.0,0
"basal-1.0-4.5B (local, 2 orders)",MFG12,produkcja,choice,False,True,True,2,Materiałowa,2,Materiałowa,True,0.9983,155.4,0.0,0
"basal-1.0-4.5B (local, 2 orders)",MFG13,produkcja,choice,False,False,True,0,Wymiarowa,0,Wymiarowa,True,0.9976,152.2,0.0,0
"basal-1.0-4.5B (local, 2 orders)",MFG14,produkcja,score,False,False,True,0,1 - kosmetyczna,0,1 - kosmetyczna,True,0.9906,130.3,0.0,0
"basal-1.0-4.5B (local, 2 orders)",MFG15,produkcja,score,False,False,True,1,2 - mała,1,2 - mała,True,0.9277,135.9,0.0,0
"basal-1.0-4.5B (local, 2 orders)",MFG16,produkcja,score,False,False,True,2,3 - poważna,2,3 - poważna,True,0.9974,140.2,0.0,0
"basal-1.0-4.5B (local, 2 orders)",MFG17,produkcja,score,False,True,True,3,4 - krytyczna,3,4 - krytyczna,True,0.6866,138.6,0.0,0
"basal-1.0-4.5B (local, 2 orders)",EDU01,uczelnia,noul,True,False,True,1,"Nie, po terminie",0,"Tak, w terminie",False,0.6817,138.5,0.0,0
"basal-1.0-4.5B (local, 2 orders)",EDU02,uczelnia,noul,True,True,True,0,"Tak, spełnia warunki",0,"Tak, spełnia warunki",True,0.9935,141.2,0.0,0
"basal-1.0-4.5B (local, 2 orders)",EDU03,uczelnia,noul,True,False,True,1,"Nie, nie spełnia kryterium",0,"Tak, spełnia kryterium",False,0.5807,123.5,0.0,0
"basal-1.0-4.5B (local, 2 orders)",EDU04,uczelnia,noul,True,False,True,0,"Tak, wniosek jest kompletny",0,"Tak, wniosek jest kompletny",True,0.9321,137.0,0.0,0
"basal-1.0-4.5B (local, 2 orders)",EDU05,uczelnia,noul,True,False,True,1,"Nie, wznowienie nie jest możliwe",1,"Nie, wznowienie nie jest możliwe",True,0.7732,135.6,0.0,0
"basal-1.0-4.5B (local, 2 orders)",EDU06,uczelnia,noul,False,True,True,0,"Tak, prosi o przedłużenie",0,"Tak, prosi o przedłużenie",True,0.9707,115.2,0.0,0
"basal-1.0-4.5B (local, 2 orders)",EDU07,uczelnia,noul,False,False,True,0,"Tak, zgłasza błąd wpisu",0,"Tak, zgłasza błąd wpisu",True,0.9179,119.6,0.0,0
"basal-1.0-4.5B (local, 2 orders)",EDU08,uczelnia,noul,False,False,True,1,"Nie, to nie jest skarga",1,"Nie, to nie jest skarga",True,0.9915,118.1,0.0,0
"basal-1.0-4.5B (local, 2 orders)",EDU09,uczelnia,choice,False,False,True,1,Wznowienie studiów,1,Wznowienie studiów,True,0.9998,143.5,0.0,0
"basal-1.0-4.5B (local, 2 orders)",EDU10,uczelnia,choice,False,True,True,4,Warunkowy wpis,4,Warunkowy wpis,True,0.9991,139.7,0.0,0
"basal-1.0-4.5B (local, 2 orders)",EDU11,uczelnia,choice,False,False,True,2,Zmiana promotora,2,Zmiana promotora,True,0.9995,140.3,0.0,0
"basal-1.0-4.5B (local, 2 orders)",EDU12,uczelnia,choice,False,False,True,3,Przeniesienie,3,Przeniesienie,True,0.9956,144.6,0.0,0
"basal-1.0-4.5B (local, 2 orders)",EDU13,uczelnia,choice,False,False,True,0,Urlop dziekański,0,Urlop dziekański,True,0.9995,139.3,0.0,0
"basal-1.0-4.5B (local, 2 orders)",EDU14,uczelnia,score,False,False,True,0,1 - niska,0,1 - niska,True,0.9259,138.5,0.0,0
"basal-1.0-4.5B (local, 2 orders)",EDU15,uczelnia,score,False,False,True,2,3 - wysoka,3,4 - krytyczna,False,0.9427,145.2,0.0,0
"basal-1.0-4.5B (local, 2 orders)",EDU16,uczelnia,score,False,True,True,1,2 - średnia,2,3 - wysoka,False,0.8465,150.6,0.0,0
"basal-1.0-4.5B (local, 2 orders)",EDU17,uczelnia,score,False,True,True,3,4 - krytyczna,3,4 - krytyczna,True,0.7797,146.2,0.0,0
"basal-1.0-4.5B (local, 2 orders)",RE01,wspolnota,noul,True,True,True,1,"Nie, uchwała nieprzyjęta",1,"Nie, uchwała nieprzyjęta",True,0.5984,138.2,0.0,0
"basal-1.0-4.5B (local, 2 orders)",RE02,wspolnota,noul,True,False,True,0,"Tak, uchwała przyjęta",1,"Nie, uchwała nieprzyjęta",False,0.547,159.5,0.0,0
"basal-1.0-4.5B (local, 2 orders)",RE03,wspolnota,noul,True,False,True,1,"Nie, pokrywa właściciel lokalu",1,"Nie, pokrywa właściciel lokalu",True,0.8465,133.2,0.0,0
"basal-1.0-4.5B (local, 2 orders)",RE04,wspolnota,noul,True,True,True,0,"Tak, pokrywa wspólnota",0,"Tak, pokrywa wspólnota",True,0.9671,133.8,0.0,0
"basal-1.0-4.5B (local, 2 orders)",RE05,wspolnota,noul,True,False,True,0,"Tak, w terminie",0,"Tak, w terminie",True,0.6331,133.0,0.0,0
"basal-1.0-4.5B (local, 2 orders)",RE06,wspolnota,noul,False,False,True,1,"Nie, nie opisuje zapachu ani wycieku gazu",1,"Nie, nie opisuje zapachu ani wycieku gazu",True,0.9743,112.8,0.0,0
"basal-1.0-4.5B (local, 2 orders)",RE07,wspolnota,noul,False,True,True,0,"Tak, to zgłoszenie usterki",1,"Nie, to nie jest zgłoszenie usterki",False,0.7994,119.8,0.0,0
"basal-1.0-4.5B (local, 2 orders)",RE08,wspolnota,noul,False,False,True,1,"Nie, nie wnosi o zwrot kosztów",1,"Nie, nie wnosi o zwrot kosztów",True,0.9935,114.5,0.0,0
"basal-1.0-4.5B (local, 2 orders)",RE09,wspolnota,choice,False,False,True,3,Dach,3,Dach,True,0.9939,170.7,0.0,0
"basal-1.0-4.5B (local, 2 orders)",RE10,wspolnota,choice,False,False,True,5,Sprawa sąsiedzka,5,Sprawa sąsiedzka,True,0.9978,157.8,0.0,0
"basal-1.0-4.5B (local, 2 orders)",RE11,wspolnota,choice,False,False,True,1,Elektryka,1,Elektryka,True,0.9982,155.3,0.0,0
"basal-1.0-4.5B (local, 2 orders)",RE12,wspolnota,choice,False,False,True,4,Części wspólne,4,Części wspólne,True,0.9881,154.4,0.0,0
"basal-1.0-4.5B (local, 2 orders)",RE13,wspolnota,choice,False,False,True,0,Hydraulika,0,Hydraulika,True,0.9764,160.6,0.0,0
"basal-1.0-4.5B (local, 2 orders)",RE14,wspolnota,score,False,True,True,3,4 - awaria zagrażająca,3,4 - awaria zagrażająca,True,0.999,170.4,0.0,0
"basal-1.0-4.5B (local, 2 orders)",RE15,wspolnota,score,False,False,True,2,3 - poważna awaria,2,3 - poważna awaria,True,0.9928,170.7,0.0,0
"basal-1.0-4.5B (local, 2 orders)",RE16,wspolnota,score,False,False,True,0,1 - kosmetyczne,0,1 - kosmetyczne,True,0.9876,161.4,0.0,0
"basal-1.0-4.5B (local, 2 orders)",RE17,wspolnota,score,False,True,True,1,2 - zwykła usterka,1,2 - zwykła usterka,True,0.9872,178.4,0.0,0
"basal-1.0-4.5B (local, 2 orders)",ECM01,moderacja,noul,True,True,True,0,"Tak, objęty ochroną",0,"Tak, objęty ochroną",True,0.5843,190.1,0.0,0
"basal-1.0-4.5B (local, 2 orders)",ECM02,moderacja,noul,True,False,True,1,"Nie, nieobjęty ochroną",1,"Nie, nieobjęty ochroną",True,0.7948,181.6,0.0,0
"basal-1.0-4.5B (local, 2 orders)",ECM03,moderacja,noul,True,False,True,1,"Nie, nieobjęty ochroną",1,"Nie, nieobjęty ochroną",True,0.8634,184.6,0.0,0
"basal-1.0-4.5B (local, 2 orders)",ECM04,moderacja,noul,True,False,True,1,"Nie, nieobjęty ochroną",0,"Tak, objęty ochroną",False,0.8025,177.7,0.0,0
"basal-1.0-4.5B (local, 2 orders)",ECM05,moderacja,noul,True,False,True,0,"Tak, objęty ochroną",0,"Tak, objęty ochroną",True,0.7444,185.5,0.0,0
"basal-1.0-4.5B (local, 2 orders)",ECM06,moderacja,noul,False,True,True,1,"Nie, nie zawiera danych kontaktowych",1,"Nie, nie zawiera danych kontaktowych",True,0.9429,132.7,0.0,0
"basal-1.0-4.5B (local, 2 orders)",ECM07,moderacja,noul,False,False,True,0,"Tak, przedmiot zakazany",1,"Nie, przedmiot dozwolony",False,0.9279,124.9,0.0,0
"basal-1.0-4.5B (local, 2 orders)",ECM08,moderacja,noul,False,True,True,0,"Tak, przynęta cenowa",1,"Nie, cena jest rzetelna",False,0.5211,126.4,0.0,0
"basal-1.0-4.5B (local, 2 orders)",ECM09,moderacja,choice,False,False,True,2,Dane kontaktowe,0,Brak naruszenia,False,0.5907,178.6,0.0,0
"basal-1.0-4.5B (local, 2 orders)",ECM10,moderacja,choice,False,False,True,3,Fałszywy stan,3,Fałszywy stan,True,0.9336,159.6,0.0,0
"basal-1.0-4.5B (local, 2 orders)",ECM11,moderacja,choice,False,True,True,0,Brak naruszenia,0,Brak naruszenia,True,0.662,173.9,0.0,0
"basal-1.0-4.5B (local, 2 orders)",ECM12,moderacja,choice,False,False,True,5,Przynęta cenowa,5,Przynęta cenowa,True,0.9976,173.7,0.0,0
"basal-1.0-4.5B (local, 2 orders)",ECM13,moderacja,choice,False,False,True,1,Przedmiot zakazany,1,Przedmiot zakazany,True,0.5978,161.2,0.0,0
"basal-1.0-4.5B (local, 2 orders)",ECM14,moderacja,choice,False,False,True,4,Podróbka,0,Brak naruszenia,False,0.5353,174.0,0.0,0
"basal-1.0-4.5B (local, 2 orders)",ECM15,moderacja,score,False,True,True,3,4 - krytyczna,3,4 - krytyczna,True,0.9152,175.6,0.0,0
"basal-1.0-4.5B (local, 2 orders)",ECM16,moderacja,score,False,False,True,1,2 - średnia,1,2 - średnia,True,0.7186,147.4,0.0,0
"basal-1.0-4.5B (local, 2 orders)",ECM17,moderacja,score,False,False,True,0,1 - niska,0,1 - niska,True,0.6671,154.1,0.0,0
"basal-1.0-1.5B (local, 2 orders)",ADM01,administracja,noul,True,True,True,0,"Tak, w terminie",0,"Tak, w terminie",True,0.6398,54.3,0.0,0
"basal-1.0-1.5B (local, 2 orders)",ADM02,administracja,noul,True,False,True,0,"Tak, wniosek jest kompletny",0,"Tak, wniosek jest kompletny",True,0.6952,52.7,0.0,0
"basal-1.0-1.5B (local, 2 orders)",ADM03,administracja,noul,True,False,True,1,"Nie, po terminie",0,"Tak, w terminie",False,0.5805,58.2,0.0,0
"basal-1.0-1.5B (local, 2 orders)",ADM04,administracja,noul,True,False,True,0,"Tak, tryb uproszczony",0,"Tak, tryb uproszczony",True,0.6039,62.3,0.0,0
"basal-1.0-1.5B (local, 2 orders)",ADM05,administracja,noul,False,True,True,1,"Nie, to sprawa własna wnioskodawcy",1,"Nie, to sprawa własna wnioskodawcy",True,0.6976,50.3,0.0,0
"basal-1.0-1.5B (local, 2 orders)",ADM06,administracja,noul,False,False,True,0,"Tak, przekazać dyżurnemu",0,"Tak, przekazać dyżurnemu",True,0.9097,45.5,0.0,0
"basal-1.0-1.5B (local, 2 orders)",ADM07,administracja,noul,False,True,True,1,"Nie, sprawa toczy się dalej",1,"Nie, sprawa toczy się dalej",True,0.9829,49.5,0.0,0
"basal-1.0-1.5B (local, 2 orders)",ADM08,administracja,noul,False,False,True,1,"Nie, brakuje załącznika",0,"Tak, wszystkie załączniki są",False,0.6521,46.0,0.0,0
"basal-1.0-1.5B (local, 2 orders)",ADM09,administracja,choice,False,False,True,2,"Wydział Komunikacji - rejestracja pojazdów, prawa jazdy",2,"Wydział Komunikacji - rejestracja pojazdów, prawa jazdy",True,0.9935,55.6,0.0,0
"basal-1.0-1.5B (local, 2 orders)",ADM10,administracja,choice,False,True,True,0,"Skarga - zarzut wobec działania urzędu lub pracownika (przewlekłość, zaniedbanie, niewłaściwe zachowanie)",0,"Skarga - zarzut wobec działania urzędu lub pracownika (przewlekłość, zaniedbanie, niewłaściwe zachowanie)",True,0.9474,61.0,0.0,0
"basal-1.0-1.5B (local, 2 orders)",ADM11,administracja,choice,False,False,True,1,Wniosek - propozycja usprawnienia pracy urzędu lub lepszego zaspokajania potrzeb mieszkańców,1,Wniosek - propozycja usprawnienia pracy urzędu lub lepszego zaspokajania potrzeb mieszkańców,True,0.9919,52.7,0.0,0
"basal-1.0-1.5B (local, 2 orders)",ADM12,administracja,choice,True,False,True,2,Zgłoszenie uproszczone,2,Zgłoszenie uproszczone,True,0.6179,68.4,0.0,0
"basal-1.0-1.5B (local, 2 orders)",ADM13,administracja,choice,False,True,True,3,"Zarząd Dróg Miejskich - nawierzchnia ulic i chodników, oznakowanie, sygnalizacja",3,"Zarząd Dróg Miejskich - nawierzchnia ulic i chodników, oznakowanie, sygnalizacja",True,0.7166,51.0,0.0,0
"basal-1.0-1.5B (local, 2 orders)",ADM14,administracja,choice,False,False,True,4,Przygotowanie zawarcia małżeństwa (ślub cywilny),4,Przygotowanie zawarcia małżeństwa (ślub cywilny),True,0.9974,46.1,0.0,0
"basal-1.0-1.5B (local, 2 orders)",ADM15,administracja,score,False,False,True,1,2 - zwykły tryb,1,2 - zwykły tryb,True,0.5353,59.3,0.0,0
"basal-1.0-1.5B (local, 2 orders)",ADM16,administracja,score,False,False,True,2,3 - termin w ciągu 7 dni,2,3 - termin w ciągu 7 dni,True,0.9372,60.3,0.0,0
"basal-1.0-1.5B (local, 2 orders)",ADM17,administracja,score,False,False,True,3,"4 - zagrożenie, reakcja dziś",3,"4 - zagrożenie, reakcja dziś",True,0.9559,62.4,0.0,0
"basal-1.0-1.5B (local, 2 orders)",LAW01,kancelaria,noul,True,True,True,0,"Tak, w terminie",0,"Tak, w terminie",True,0.5971,55.1,0.0,0
"basal-1.0-1.5B (local, 2 orders)",LAW02,kancelaria,noul,True,True,True,1,"Nie, roszczenie nie jest jeszcze przedawnione",1,"Nie, roszczenie nie jest jeszcze przedawnione",True,0.7368,56.0,0.0,0
"basal-1.0-1.5B (local, 2 orders)",LAW03,kancelaria,noul,True,False,True,1,"Nie, nie może przyjąć",1,"Nie, nie może przyjąć",True,0.759,57.7,0.0,0
"basal-1.0-1.5B (local, 2 orders)",LAW04,kancelaria,noul,True,False,True,1,"Nie, poza pakietem",1,"Nie, poza pakietem",True,0.614,56.7,0.0,0
"basal-1.0-1.5B (local, 2 orders)",LAW05,kancelaria,noul,False,False,True,0,"Tak, kontakt jeszcze dziś",1,"Nie, zwykły tryb",False,0.6559,44.9,0.0,0
"basal-1.0-1.5B (local, 2 orders)",LAW06,kancelaria,noul,False,True,True,1,"Nie, porada lub opinia",1,"Nie, porada lub opinia",True,0.9777,43.9,0.0,0
"basal-1.0-1.5B (local, 2 orders)",LAW07,kancelaria,noul,False,False,True,0,"Tak, dane są kompletne",0,"Tak, dane są kompletne",True,0.904,45.2,0.0,0
"basal-1.0-1.5B (local, 2 orders)",LAW08,kancelaria,noul,False,True,True,0,"Tak, sprawa pracownicza",0,"Tak, sprawa pracownicza",True,0.8938,45.2,0.0,0
"basal-1.0-1.5B (local, 2 orders)",LAW09,kancelaria,choice,False,False,True,5,"Spadkowa - nabycie spadku, testament, zachowek, dział spadku",5,"Spadkowa - nabycie spadku, testament, zachowek, dział spadku",True,0.9868,57.4,0.0,0
"basal-1.0-1.5B (local, 2 orders)",LAW10,kancelaria,choice,False,False,True,2,Gospodarcza - spór między przedsiębiorcami związany z ich działalnością,2,Gospodarcza - spór między przedsiębiorcami związany z ich działalnością,True,0.9943,62.0,0.0,0
"basal-1.0-1.5B (local, 2 orders)",LAW11,kancelaria,choice,False,False,True,0,"Rodzinna - rozwód, separacja, alimenty, kontakty z dzieckiem, władza rodzicielska",0,"Rodzinna - rozwód, separacja, alimenty, kontakty z dzieckiem, władza rodzicielska",True,0.9954,59.8,0.0,0
"basal-1.0-1.5B (local, 2 orders)",LAW12,kancelaria,choice,False,False,True,3,"Karna - postępowanie karne lub wykroczeniowe (klient podejrzany, oskarżony lub pokrzywdzony)",3,"Karna - postępowanie karne lub wykroczeniowe (klient podejrzany, oskarżony lub pokrzywdzony)",True,0.9987,58.3,0.0,0
"basal-1.0-1.5B (local, 2 orders)",LAW13,kancelaria,choice,False,False,True,4,"Nieruchomości - własność, granice działek, służebności, zasiedzenie, obrót nieruchomościami",4,"Nieruchomości - własność, granice działek, służebności, zasiedzenie, obrót nieruchomościami",True,0.9953,56.8,0.0,0
"basal-1.0-1.5B (local, 2 orders)",LAW14,kancelaria,choice,True,True,True,2,Pro bono,2,Pro bono,True,0.4384,58.2,0.0,0
"basal-1.0-1.5B (local, 2 orders)",LAW15,kancelaria,score,False,False,True,0,1 - brak terminu,0,1 - brak terminu,True,0.5911,57.7,0.0,0
"basal-1.0-1.5B (local, 2 orders)",LAW16,kancelaria,score,False,False,True,2,3 - termin za 3-14 dni,2,3 - termin za 3-14 dni,True,0.7002,61.6,0.0,0
"basal-1.0-1.5B (local, 2 orders)",LAW17,kancelaria,score,False,False,True,1,2 - termin za ponad 14 dni,2,3 - termin za 3-14 dni,False,0.3924,63.4,0.0,0
"basal-1.0-1.5B (local, 2 orders)",HR01,hr,noul,True,True,True,0,"Tak, spełnia wymagania",1,"Nie, nie spełnia wymagań",False,0.5922,58.9,0.0,0
"basal-1.0-1.5B (local, 2 orders)",HR02,hr,noul,True,True,True,1,"Nie, nie spełnia wymogu",0,"Tak, spełnia wymóg",False,0.5,54.8,0.0,0
"basal-1.0-1.5B (local, 2 orders)",HR03,hr,noul,True,False,True,0,"Tak, spełnia zasady",0,"Tak, spełnia zasady",True,0.5117,54.1,0.0,0
"basal-1.0-1.5B (local, 2 orders)",HR04,hr,noul,True,True,True,0,"Tak, eskalować",1,"Nie, obsłużyć w zwykłym trybie",False,0.9258,54.8,0.0,0
"basal-1.0-1.5B (local, 2 orders)",HR05,hr,noul,False,True,True,1,"Nie, to nie jest rezygnacja",1,"Nie, to nie jest rezygnacja",True,0.9717,43.5,0.0,0
"basal-1.0-1.5B (local, 2 orders)",HR06,hr,noul,False,False,True,1,"Nie, tylko obecna rekrutacja",1,"Nie, tylko obecna rekrutacja",True,0.9128,41.9,0.0,0
"basal-1.0-1.5B (local, 2 orders)",HR07,hr,noul,False,False,True,0,"Tak, problem ze sprzętem",0,"Tak, problem ze sprzętem",True,0.9043,46.5,0.0,0
"basal-1.0-1.5B (local, 2 orders)",HR08,hr,noul,False,True,True,1,"Nie, to nie jest zgłoszenie mobbingu",1,"Nie, to nie jest zgłoszenie mobbingu",True,0.6266,46.3,0.0,0
"basal-1.0-1.5B (local, 2 orders)",HR09,hr,choice,False,False,True,1,"Wynagrodzenie - wypłata, dodatki, premie, potrącenia, PIT",1,"Wynagrodzenie - wypłata, dodatki, premie, potrącenia, PIT",True,0.9949,53.1,0.0,0
"basal-1.0-1.5B (local, 2 orders)",HR10,hr,choice,False,False,True,2,"BHP - warunki bezpieczeństwa i higieny pracy, środki ochrony, wypadki",2,"BHP - warunki bezpieczeństwa i higieny pracy, środki ochrony, wypadki",True,0.9863,53.9,0.0,0
"basal-1.0-1.5B (local, 2 orders)",HR11,hr,choice,False,False,True,0,"Urlop - wnioski i pytania o urlop wypoczynkowy, okolicznościowy lub na żądanie",0,"Urlop - wnioski i pytania o urlop wypoczynkowy, okolicznościowy lub na żądanie",True,0.9932,52.7,0.0,0
"basal-1.0-1.5B (local, 2 orders)",HR12,hr,choice,False,False,True,4,"Sprzęt i dostępy - laptop, telefon, konta w systemach, karta wejściowa",4,"Sprzęt i dostępy - laptop, telefon, konta w systemach, karta wejściowa",True,0.9889,55.7,0.0,0
"basal-1.0-1.5B (local, 2 orders)",HR13,hr,choice,False,False,True,5,"Benefity - karta sportowa, pakiet medyczny, świadczenia socjalne",5,"Benefity - karta sportowa, pakiet medyczny, świadczenia socjalne",True,0.9935,55.4,0.0,0
"basal-1.0-1.5B (local, 2 orders)",HR14,hr,choice,True,False,True,1,Rozmowa z dyrektorem,2,Odrzucenie,False,0.3956,58.3,0.0,0
"basal-1.0-1.5B (local, 2 orders)",HR15,hr,score,False,False,True,1,2 - standardowy,1,2 - standardowy,True,0.5798,61.7,0.0,0
"basal-1.0-1.5B (local, 2 orders)",HR16,hr,score,False,False,True,3,4 - krytyczny (przemoc lub zagrożenie),3,4 - krytyczny (przemoc lub zagrożenie),True,0.9204,58.2,0.0,0
"basal-1.0-1.5B (local, 2 orders)",HR17,hr,score,False,False,True,2,3 - wysoki (wypłata lub termin do 3 dni),2,3 - wysoki (wypłata lub termin do 3 dni),True,0.9389,55.3,0.0,0
"basal-1.0-1.5B (local, 2 orders)",MED01,przychodnia,noul,True,True,True,0,"Tak, skierowanie jest ważne",0,"Tak, skierowanie jest ważne",True,0.7849,96.0,0.0,0
"basal-1.0-1.5B (local, 2 orders)",MED02,przychodnia,noul,True,False,True,1,"Nie, nie można przyjąć",0,"Tak, można przyjąć",False,0.7875,61.4,0.0,0
"basal-1.0-1.5B (local, 2 orders)",MED03,przychodnia,noul,True,True,True,1,"Nie, nie można wydać",1,"Nie, nie można wydać",True,0.6872,51.1,0.0,0
"basal-1.0-1.5B (local, 2 orders)",MED04,przychodnia,noul,True,False,True,0,"Tak, można zarejestrować na teleporadę",0,"Tak, można zarejestrować na teleporadę",True,0.6953,58.5,0.0,0
"basal-1.0-1.5B (local, 2 orders)",MED05,przychodnia,noul,False,False,True,0,"Tak, zmiana terminu",0,"Tak, zmiana terminu",True,0.9728,47.9,0.0,0
"basal-1.0-1.5B (local, 2 orders)",MED06,przychodnia,noul,False,True,True,1,"Nie, zgłoszenie niealarmowe",1,"Nie, zgłoszenie niealarmowe",True,0.9726,51.0,0.0,0
"basal-1.0-1.5B (local, 2 orders)",MED07,przychodnia,noul,False,True,True,0,"Tak, wydanie dokumentu",0,"Tak, wydanie dokumentu",True,0.9833,42.5,0.0,0
"basal-1.0-1.5B (local, 2 orders)",MED08,przychodnia,noul,False,False,True,1,"Nie, brakuje dokumentu",1,"Nie, brakuje dokumentu",True,0.5971,45.6,0.0,0
"basal-1.0-1.5B (local, 2 orders)",MED09,przychodnia,choice,False,False,True,2,"Gabinet zabiegowy - zastrzyki, pobrania krwi, opatrunki na zlecenie lekarza",2,"Gabinet zabiegowy - zastrzyki, pobrania krwi, opatrunki na zlecenie lekarza",True,0.9848,52.1,0.0,0
"basal-1.0-1.5B (local, 2 orders)",MED10,przychodnia,choice,False,True,True,3,Punkt szczepień - zapisy na szczepienia,3,Punkt szczepień - zapisy na szczepienia,True,0.9066,56.4,0.0,0
"basal-1.0-1.5B (local, 2 orders)",MED11,przychodnia,choice,False,False,True,1,Poradnia specjalistyczna - wizyta u specjalisty na skierowanie,1,Poradnia specjalistyczna - wizyta u specjalisty na skierowanie,True,0.9875,51.7,0.0,0
"basal-1.0-1.5B (local, 2 orders)",MED12,przychodnia,choice,False,False,True,4,"Dział dokumentacji medycznej - kopie dokumentacji, zaświadczenia, wydruki wyników",4,"Dział dokumentacji medycznej - kopie dokumentacji, zaświadczenia, wydruki wyników",True,0.9853,50.7,0.0,0
"basal-1.0-1.5B (local, 2 orders)",MED13,przychodnia,choice,True,False,True,1,Przyjęcie poza kolejnością,1,Przyjęcie poza kolejnością,True,0.9665,51.6,0.0,0
"basal-1.0-1.5B (local, 2 orders)",MED14,przychodnia,choice,False,False,True,0,"Rejestracja POZ - wizyta u lekarza rodzinnego, bez skierowania",0,"Rejestracja POZ - wizyta u lekarza rodzinnego, bez skierowania",True,0.9945,53.1,0.0,0
"basal-1.0-1.5B (local, 2 orders)",MED15,przychodnia,score,False,False,True,1,2 - planowy (termin do 14 dni),1,2 - planowy (termin do 14 dni),True,0.934,66.4,0.0,0
"basal-1.0-1.5B (local, 2 orders)",MED16,przychodnia,score,False,False,True,2,3 - pilny (wizyta dziś),2,3 - pilny (wizyta dziś),True,0.9619,66.4,0.0,0
"basal-1.0-1.5B (local, 2 orders)",MED17,przychodnia,score,False,False,True,3,4 - alarmowy (zadzwonić na 112),2,3 - pilny (wizyta dziś),False,0.517,68.7,0.0,0
"basal-1.0-1.5B (local, 2 orders)",INS01,ubezpieczenia,noul,True,True,True,1,"Nie, zdarzenie nastąpiło w okresie karencji",1,"Nie, zdarzenie nastąpiło w okresie karencji",True,0.5869,61.7,0.0,0
"basal-1.0-1.5B (local, 2 orders)",INS02,ubezpieczenia,noul,True,False,True,0,"Tak, odszkodowanie zostanie wypłacone",0,"Tak, odszkodowanie zostanie wypłacone",True,0.574,56.0,0.0,0
"basal-1.0-1.5B (local, 2 orders)",INS03,ubezpieczenia,noul,True,True,True,0,"Tak, koszty zostaną pokryte",0,"Tak, koszty zostaną pokryte",True,0.6456,65.2,0.0,0
"basal-1.0-1.5B (local, 2 orders)",INS04,ubezpieczenia,noul,True,False,True,1,"Nie, potrzebne oględziny",0,"Tak, tryb uproszczony",False,0.5175,62.1,0.0,0
"basal-1.0-1.5B (local, 2 orders)",INS05,ubezpieczenia,noul,False,True,True,0,"Tak, to odwołanie od decyzji",0,"Tak, to odwołanie od decyzji",True,0.9103,50.9,0.0,0
"basal-1.0-1.5B (local, 2 orders)",INS06,ubezpieczenia,noul,True,False,True,1,"Nie, nie kierować do weryfikacji",1,"Nie, nie kierować do weryfikacji",True,0.7547,61.0,0.0,0
"basal-1.0-1.5B (local, 2 orders)",INS07,ubezpieczenia,noul,False,False,True,1,"Nie, to pytanie o szkodę już zgłoszoną",0,"Tak, to nowa szkoda",False,0.5174,48.2,0.0,0
"basal-1.0-1.5B (local, 2 orders)",INS08,ubezpieczenia,noul,False,False,True,0,"Tak, wypowiadają umowę",0,"Tak, wypowiadają umowę",True,0.9652,51.4,0.0,0
"basal-1.0-1.5B (local, 2 orders)",INS09,ubezpieczenia,choice,False,True,True,3,OC w życiu prywatnym - szkoda wyrządzona osobie trzeciej przez ubezpieczonego lub jego domownika poza ruchem pojazdów,3,OC w życiu prywatnym - szkoda wyrządzona osobie trzeciej przez ubezpieczonego lub jego domownika poza ruchem pojazdów,True,0.919,56.0,0.0,0
"basal-1.0-1.5B (local, 2 orders)",INS10,ubezpieczenia,choice,False,False,True,4,"Turystyczna - zdarzenie w podróży zagranicznej (koszty leczenia, bagaż, opóźnienie lotu)",4,"Turystyczna - zdarzenie w podróży zagranicznej (koszty leczenia, bagaż, opóźnienie lotu)",True,0.9055,61.1,0.0,0
"basal-1.0-1.5B (local, 2 orders)",INS11,ubezpieczenia,choice,False,False,True,2,Uzupełnienie dokumentów do szkody już prowadzonej,2,Uzupełnienie dokumentów do szkody już prowadzonej,True,0.9814,48.9,0.0,0
"basal-1.0-1.5B (local, 2 orders)",INS12,ubezpieczenia,choice,False,False,True,1,"Serwisowy - naprawa w warsztacie, który rozlicza się bezpośrednio z ubezpieczycielem na podstawie faktury",1,"Serwisowy - naprawa w warsztacie, który rozlicza się bezpośrednio z ubezpieczycielem na podstawie faktury",True,0.7536,51.1,0.0,0
"basal-1.0-1.5B (local, 2 orders)",INS13,ubezpieczenia,choice,False,False,True,0,"Przepięcie - uszkodzenie urządzeń elektrycznych przez nagły wzrost napięcia, np. po wyładowaniu atmosferycznym",0,"Przepięcie - uszkodzenie urządzeń elektrycznych przez nagły wzrost napięcia, np. po wyładowaniu atmosferycznym",True,0.9973,59.3,0.0,0
"basal-1.0-1.5B (local, 2 orders)",INS14,ubezpieczenia,score,False,True,True,0,1 - rutynowa,0,1 - rutynowa,True,0.8246,62.7,0.0,0
"basal-1.0-1.5B (local, 2 orders)",INS15,ubezpieczenia,score,False,False,True,2,3 - pilna,2,3 - pilna,True,0.9616,61.8,0.0,0
"basal-1.0-1.5B (local, 2 orders)",INS16,ubezpieczenia,score,False,False,True,1,2 - standardowa,2,3 - pilna,False,0.7469,59.1,0.0,0
"basal-1.0-1.5B (local, 2 orders)",INS17,ubezpieczenia,score,False,False,True,3,4 - natychmiastowa,3,4 - natychmiastowa,True,0.9738,65.2,0.0,0
"basal-1.0-1.5B (local, 2 orders)",BNK01,bank_aml,noul,True,False,True,1,"Nie, nie wymaga weryfikacji",1,"Nie, nie wymaga weryfikacji",True,0.8096,72.1,0.0,0
"basal-1.0-1.5B (local, 2 orders)",BNK02,bank_aml,noul,True,True,True,0,"Tak, wymaga weryfikacji",1,"Nie, nie wymaga weryfikacji",False,0.6777,78.4,0.0,0
"basal-1.0-1.5B (local, 2 orders)",BNK03,bank_aml,noul,True,True,True,0,"Tak, spełnia kryteria",0,"Tak, spełnia kryteria",True,0.732,59.5,0.0,0
"basal-1.0-1.5B (local, 2 orders)",BNK04,bank_aml,noul,True,False,True,1,"Nie, nie spełnia kryteriów",0,"Tak, spełnia kryteria",False,0.6364,62.2,0.0,0
"basal-1.0-1.5B (local, 2 orders)",BNK05,bank_aml,noul,True,False,True,1,"Nie, jeszcze nie można przyjąć reklamacji",1,"Nie, jeszcze nie można przyjąć reklamacji",True,0.6818,61.2,0.0,0
"basal-1.0-1.5B (local, 2 orders)",BNK06,bank_aml,noul,False,False,True,0,"Tak, zgłasza transakcję nieautoryzowaną",1,"Nie, nie zgłasza transakcji nieautoryzowanej",False,0.7569,49.9,0.0,0
"basal-1.0-1.5B (local, 2 orders)",BNK07,bank_aml,noul,False,True,True,0,"Tak, występuje taki sygnał",0,"Tak, występuje taki sygnał",True,0.8307,51.8,0.0,0
"basal-1.0-1.5B (local, 2 orders)",BNK08,bank_aml,noul,False,True,True,1,"Nie, nie prosi o zastrzeżenie",1,"Nie, nie prosi o zastrzeżenie",True,0.9479,44.8,0.0,0
"basal-1.0-1.5B (local, 2 orders)",BNK09,bank_aml,choice,False,True,True,4,"Bankowość elektroniczna - logowanie, aplikacja mobilna, hasła, autoryzacja w aplikacji, powiadomienia",1,"Kredyty - wnioski kredytowe, raty, harmonogram, wcześniejsza spłata",False,0.6616,56.7,0.0,0
"basal-1.0-1.5B (local, 2 orders)",BNK10,bank_aml,choice,False,False,True,2,"Reklamacje transakcji - kwestionowanie konkretnej transakcji (podwójne obciążenie, zła kwota, nieautoryzowana, niezrealizowana usługa)",2,"Reklamacje transakcji - kwestionowanie konkretnej transakcji (podwójne obciążenie, zła kwota, nieautoryzowana, niezrealizowana usługa)",True,0.9784,59.2,0.0,0
"basal-1.0-1.5B (local, 2 orders)",BNK11,bank_aml,choice,False,False,True,1,"Kredyty - wnioski kredytowe, raty, harmonogram, wcześniejsza spłata",1,"Kredyty - wnioski kredytowe, raty, harmonogram, wcześniejsza spłata",True,0.9983,55.7,0.0,0
"basal-1.0-1.5B (local, 2 orders)",BNK12,bank_aml,choice,False,False,True,3,"Konto - otwarcie i zamknięcie rachunku, opłaty za prowadzenie, wyciągi, pełnomocnictwa",3,"Konto - otwarcie i zamknięcie rachunku, opłaty za prowadzenie, wyciągi, pełnomocnictwa",True,0.9982,56.0,0.0,0
"basal-1.0-1.5B (local, 2 orders)",BNK13,bank_aml,choice,False,False,True,0,"Karty - wydanie, blokada, zastrzeżenie, limity, PIN, wznowienie karty",0,"Karty - wydanie, blokada, zastrzeżenie, limity, PIN, wznowienie karty",True,0.9939,56.0,0.0,0
"basal-1.0-1.5B (local, 2 orders)",BNK14,bank_aml,score,False,False,True,0,1 - niski,0,1 - niski,True,0.9475,63.3,0.0,0
"basal-1.0-1.5B (local, 2 orders)",BNK15,bank_aml,score,False,False,True,1,2 - średni,1,2 - średni,True,0.9539,65.3,0.0,0
"basal-1.0-1.5B (local, 2 orders)",BNK16,bank_aml,score,False,False,True,2,3 - podwyższony,2,3 - podwyższony,True,0.9376,66.8,0.0,0
"basal-1.0-1.5B (local, 2 orders)",BNK17,bank_aml,score,False,False,True,3,4 - wysoki,3,4 - wysoki,True,0.7959,65.8,0.0,0
"basal-1.0-1.5B (local, 2 orders)",LOG01,logistyka,noul,True,True,True,1,"Nie, odszkodowanie nie przysługuje",0,"Tak, odszkodowanie przysługuje",False,0.5633,59.7,0.0,0
"basal-1.0-1.5B (local, 2 orders)",LOG02,logistyka,noul,True,True,True,0,"Tak, bezpłatne ponowne doręczenie przysługuje",0,"Tak, bezpłatne ponowne doręczenie przysługuje",True,0.5339,64.2,0.0,0
"basal-1.0-1.5B (local, 2 orders)",LOG03,logistyka,noul,True,False,True,1,"Nie, dokumentacja nie jest kompletna",0,"Tak, dokumentacja jest kompletna",False,0.6088,58.0,0.0,0
"basal-1.0-1.5B (local, 2 orders)",LOG04,logistyka,noul,True,False,True,0,"Tak, odszkodowanie przysługuje",0,"Tak, odszkodowanie przysługuje",True,0.7939,56.3,0.0,0
"basal-1.0-1.5B (local, 2 orders)",LOG05,logistyka,noul,True,False,True,1,"Nie, jeszcze nie uruchamiać",0,"Tak, uruchomić procedurę",False,0.6145,58.6,0.0,0
"basal-1.0-1.5B (local, 2 orders)",LOG06,logistyka,noul,False,False,True,0,"Tak, odmówił przyjęcia",0,"Tak, odmówił przyjęcia",True,0.9872,42.7,0.0,0
"basal-1.0-1.5B (local, 2 orders)",LOG07,logistyka,noul,False,True,True,0,"Tak, prosi o zmianę adresu",0,"Tak, prosi o zmianę adresu",True,0.8517,50.5,0.0,0
"basal-1.0-1.5B (local, 2 orders)",LOG08,logistyka,noul,False,True,True,1,"Nie, zawartość nie jest uszkodzona",1,"Nie, zawartość nie jest uszkodzona",True,0.6811,46.5,0.0,0
"basal-1.0-1.5B (local, 2 orders)",LOG09,logistyka,choice,False,False,True,2,"Błędny adres - przesyłki nie da się doręczyć lub trafiła gdzie indziej, bo adres na etykiecie jest błędny lub niepełny",2,"Błędny adres - przesyłki nie da się doręczyć lub trafiła gdzie indziej, bo adres na etykiecie jest błędny lub niepełny",True,0.9753,59.3,0.0,0
"basal-1.0-1.5B (local, 2 orders)",LOG10,logistyka,choice,False,False,True,1,"Opóźnienie - przesyłka jest w drodze lub dotarła, ale po obiecanym terminie; jej położenie jest znane",1,"Opóźnienie - przesyłka jest w drodze lub dotarła, ale po obiecanym terminie; jej położenie jest znane",True,0.9765,54.7,0.0,0
"basal-1.0-1.5B (local, 2 orders)",LOG11,logistyka,choice,False,True,True,3,"Zaginięcie - przewoźnik nie wie, gdzie jest przesyłka (brak skanów, nie odnaleziono jej w magazynie)",3,"Zaginięcie - przewoźnik nie wie, gdzie jest przesyłka (brak skanów, nie odnaleziono jej w magazynie)",True,0.9975,58.9,0.0,0
"basal-1.0-1.5B (local, 2 orders)",LOG12,logistyka,choice,False,False,True,0,"Uszkodzenie - przesyłka dotarła, ale zawartość lub opakowanie są uszkodzone",0,"Uszkodzenie - przesyłka dotarła, ale zawartość lub opakowanie są uszkodzone",True,0.9954,58.9,0.0,0
"basal-1.0-1.5B (local, 2 orders)",LOG13,logistyka,choice,False,False,True,4,Odmowa przyjęcia - odbiorca nie przyjął przesyłki od kuriera,4,Odmowa przyjęcia - odbiorca nie przyjął przesyłki od kuriera,True,0.9964,57.4,0.0,0
"basal-1.0-1.5B (local, 2 orders)",LOG14,logistyka,score,False,False,True,0,1 - niski,0,1 - niski,True,0.594,57.5,0.0,0
"basal-1.0-1.5B (local, 2 orders)",LOG15,logistyka,score,False,False,True,2,3 - wysoki,3,4 - krytyczny,False,0.346,60.0,0.0,0
"basal-1.0-1.5B (local, 2 orders)",LOG16,logistyka,score,False,False,True,1,2 - normalny,1,2 - normalny,True,0.743,59.6,0.0,0
"basal-1.0-1.5B (local, 2 orders)",LOG17,logistyka,score,False,False,True,3,4 - krytyczny,3,4 - krytyczny,True,0.9804,60.7,0.0,0
"basal-1.0-1.5B (local, 2 orders)",ITS01,it_security,noul,True,True,True,0,"Tak, można zatwierdzić",0,"Tak, można zatwierdzić",True,0.8062,58.3,0.0,0
"basal-1.0-1.5B (local, 2 orders)",ITS02,it_security,noul,True,False,True,1,"Nie, nie można nadać",0,"Tak, można nadać",False,0.7881,57.1,0.0,0
"basal-1.0-1.5B (local, 2 orders)",ITS03,it_security,noul,True,False,True,1,"Nie, nie można zatwierdzić",0,"Tak, można zatwierdzić",False,0.889,60.5,0.0,0
"basal-1.0-1.5B (local, 2 orders)",ITS04,it_security,noul,True,False,True,0,"Tak, wyłączyć konto",1,"Nie, nie wyłączać konta",False,0.684,53.8,0.0,0
"basal-1.0-1.5B (local, 2 orders)",ITS05,it_security,noul,True,False,True,1,"Nie, wymaga przeglądu bezpieczeństwa",1,"Nie, wymaga przeglądu bezpieczeństwa",True,0.551,51.2,0.0,0
"basal-1.0-1.5B (local, 2 orders)",ITS06,it_security,noul,False,True,True,1,"Nie, to nie jest phishing",1,"Nie, to nie jest phishing",True,0.9592,63.4,0.0,0
"basal-1.0-1.5B (local, 2 orders)",ITS07,it_security,noul,False,True,True,0,"Tak, to phishing",1,"Nie, to nie jest phishing",False,0.9579,67.9,0.0,0
"basal-1.0-1.5B (local, 2 orders)",ITS08,it_security,noul,False,False,True,0,"Tak, to phishing",1,"Nie, to nie jest phishing",False,0.8526,56.9,0.0,0
"basal-1.0-1.5B (local, 2 orders)",ITS09,it_security,choice,False,True,True,4,"Bezpieczeństwo - podejrzenie incydentu: kliknięty podejrzany link, podane hasło oszustowi, złośliwe oprogramowanie, utrata urządzenia, podejrzana aktywność konta",4,"Bezpieczeństwo - podejrzenie incydentu: kliknięty podejrzany link, podane hasło oszustowi, złośliwe oprogramowanie, utrata urządzenia, podejrzana aktywność konta",True,0.5665,60.2,0.0,0
"basal-1.0-1.5B (local, 2 orders)",ITS10,it_security,choice,False,False,True,3,"Sieć - brak połączenia z internetem, Wi-Fi, VPN, wolne łącze",3,"Sieć - brak połączenia z internetem, Wi-Fi, VPN, wolne łącze",True,0.9727,55.9,0.0,0
"basal-1.0-1.5B (local, 2 orders)",ITS11,it_security,choice,False,False,True,2,"Oprogramowanie - instalacja, aktualizacja lub błędy działania aplikacji",2,"Oprogramowanie - instalacja, aktualizacja lub błędy działania aplikacji",True,0.9861,57.9,0.0,0
"basal-1.0-1.5B (local, 2 orders)",ITS12,it_security,choice,False,False,True,0,"Dostęp - konta, hasła, uprawnienia do systemów i folderów",0,"Dostęp - konta, hasła, uprawnienia do systemów i folderów",True,0.9966,56.7,0.0,0
"basal-1.0-1.5B (local, 2 orders)",ITS13,it_security,choice,False,False,True,1,"Sprzęt - fizyczne urządzenia (komputer, monitor, drukarka, telefon): awaria lub wymiana",1,"Sprzęt - fizyczne urządzenia (komputer, monitor, drukarka, telefon): awaria lub wymiana",True,0.9864,59.3,0.0,0
"basal-1.0-1.5B (local, 2 orders)",ITS14,it_security,score,False,True,True,0,P4 - niski,1,P3 - średni,False,0.8053,57.5,0.0,0
"basal-1.0-1.5B (local, 2 orders)",ITS15,it_security,score,False,False,True,2,P2 - wysoki,2,P2 - wysoki,True,0.7683,57.6,0.0,0
"basal-1.0-1.5B (local, 2 orders)",ITS16,it_security,score,False,False,True,1,P3 - średni,1,P3 - średni,True,0.9234,55.3,0.0,0
"basal-1.0-1.5B (local, 2 orders)",ITS17,it_security,score,False,False,True,3,P1 - krytyczny,2,P2 - wysoki,False,0.855,55.4,0.0,0
"basal-1.0-1.5B (local, 2 orders)",MFG01,produkcja,noul,True,True,True,1,"Nie, partię należy zwolnić",1,"Nie, partię należy zwolnić",True,0.6679,58.4,0.0,0
"basal-1.0-1.5B (local, 2 orders)",MFG02,produkcja,noul,True,True,True,0,"Tak, partię należy wstrzymać",0,"Tak, partię należy wstrzymać",True,0.6438,66.0,0.0,0
"basal-1.0-1.5B (local, 2 orders)",MFG03,produkcja,noul,True,False,True,0,"Tak, należy otworzyć 8D",0,"Tak, należy otworzyć 8D",True,0.8204,54.9,0.0,0
"basal-1.0-1.5B (local, 2 orders)",MFG04,produkcja,noul,True,False,True,0,"Tak, w terminie",0,"Tak, w terminie",True,0.546,57.2,0.0,0
"basal-1.0-1.5B (local, 2 orders)",MFG05,produkcja,noul,True,True,True,0,"Tak, partię należy wstrzymać",1,"Nie, partię można wysłać",False,0.9372,51.7,0.0,0
"basal-1.0-1.5B (local, 2 orders)",MFG06,produkcja,noul,False,False,True,1,"Nie, to nie jest niezgodność wyrobu",1,"Nie, to nie jest niezgodność wyrobu",True,0.9704,46.0,0.0,0
"basal-1.0-1.5B (local, 2 orders)",MFG07,produkcja,noul,False,False,True,1,"Nie, to nie jest reklamacja",1,"Nie, to nie jest reklamacja",True,0.9245,50.3,0.0,0
"basal-1.0-1.5B (local, 2 orders)",MFG08,produkcja,noul,False,False,True,1,"Nie, jest poza tolerancją",0,"Tak, mieści się w tolerancji",False,0.6015,49.4,0.0,0
"basal-1.0-1.5B (local, 2 orders)",MFG09,produkcja,choice,False,False,True,1,Powierzchniowa,1,Powierzchniowa,True,0.9895,58.6,0.0,0
"basal-1.0-1.5B (local, 2 orders)",MFG10,produkcja,choice,False,False,True,4,Dokumentacyjna,4,Dokumentacyjna,True,0.9862,59.7,0.0,0
"basal-1.0-1.5B (local, 2 orders)",MFG11,produkcja,choice,False,False,True,3,Montażowa,3,Montażowa,True,0.5177,58.5,0.0,0
"basal-1.0-1.5B (local, 2 orders)",MFG12,produkcja,choice,False,True,True,2,Materiałowa,3,Montażowa,False,0.4927,60.4,0.0,0
"basal-1.0-1.5B (local, 2 orders)",MFG13,produkcja,choice,False,False,True,0,Wymiarowa,0,Wymiarowa,True,0.9773,58.7,0.0,0
"basal-1.0-1.5B (local, 2 orders)",MFG14,produkcja,score,False,False,True,0,1 - kosmetyczna,0,1 - kosmetyczna,True,0.7805,56.1,0.0,0
"basal-1.0-1.5B (local, 2 orders)",MFG15,produkcja,score,False,False,True,1,2 - mała,1,2 - mała,True,0.6835,53.6,0.0,0
"basal-1.0-1.5B (local, 2 orders)",MFG16,produkcja,score,False,False,True,2,3 - poważna,2,3 - poważna,True,0.9594,55.9,0.0,0
"basal-1.0-1.5B (local, 2 orders)",MFG17,produkcja,score,False,True,True,3,4 - krytyczna,0,1 - kosmetyczna,False,0.832,54.9,0.0,0
"basal-1.0-1.5B (local, 2 orders)",EDU01,uczelnia,noul,True,False,True,1,"Nie, po terminie",0,"Tak, w terminie",False,0.5463,58.8,0.0,0
"basal-1.0-1.5B (local, 2 orders)",EDU02,uczelnia,noul,True,True,True,0,"Tak, spełnia warunki",0,"Tak, spełnia warunki",True,0.97,61.0,0.0,0
"basal-1.0-1.5B (local, 2 orders)",EDU03,uczelnia,noul,True,False,True,1,"Nie, nie spełnia kryterium",1,"Nie, nie spełnia kryterium",True,0.5117,52.8,0.0,0
"basal-1.0-1.5B (local, 2 orders)",EDU04,uczelnia,noul,True,False,True,0,"Tak, wniosek jest kompletny",0,"Tak, wniosek jest kompletny",True,0.6935,54.8,0.0,0
"basal-1.0-1.5B (local, 2 orders)",EDU05,uczelnia,noul,True,False,True,1,"Nie, wznowienie nie jest możliwe",1,"Nie, wznowienie nie jest możliwe",True,0.5174,56.9,0.0,0
"basal-1.0-1.5B (local, 2 orders)",EDU06,uczelnia,noul,False,True,True,0,"Tak, prosi o przedłużenie",0,"Tak, prosi o przedłużenie",True,0.6088,48.6,0.0,0
"basal-1.0-1.5B (local, 2 orders)",EDU07,uczelnia,noul,False,False,True,0,"Tak, zgłasza błąd wpisu",0,"Tak, zgłasza błąd wpisu",True,0.9209,46.4,0.0,0
"basal-1.0-1.5B (local, 2 orders)",EDU08,uczelnia,noul,False,False,True,1,"Nie, to nie jest skarga",1,"Nie, to nie jest skarga",True,0.9811,46.1,0.0,0
"basal-1.0-1.5B (local, 2 orders)",EDU09,uczelnia,choice,False,False,True,1,Wznowienie studiów,1,Wznowienie studiów,True,0.9979,54.9,0.0,0
"basal-1.0-1.5B (local, 2 orders)",EDU10,uczelnia,choice,False,True,True,4,Warunkowy wpis,4,Warunkowy wpis,True,0.9834,54.0,0.0,0
"basal-1.0-1.5B (local, 2 orders)",EDU11,uczelnia,choice,False,False,True,2,Zmiana promotora,2,Zmiana promotora,True,0.9978,57.7,0.0,0
"basal-1.0-1.5B (local, 2 orders)",EDU12,uczelnia,choice,False,False,True,3,Przeniesienie,3,Przeniesienie,True,0.9613,55.7,0.0,0
"basal-1.0-1.5B (local, 2 orders)",EDU13,uczelnia,choice,False,False,True,0,Urlop dziekański,0,Urlop dziekański,True,0.9951,53.7,0.0,0
"basal-1.0-1.5B (local, 2 orders)",EDU14,uczelnia,score,False,False,True,0,1 - niska,3,4 - krytyczna,False,0.7519,58.0,0.0,0
"basal-1.0-1.5B (local, 2 orders)",EDU15,uczelnia,score,False,False,True,2,3 - wysoka,3,4 - krytyczna,False,0.8079,59.7,0.0,0
"basal-1.0-1.5B (local, 2 orders)",EDU16,uczelnia,score,False,True,True,1,2 - średnia,3,4 - krytyczna,False,0.5603,60.0,0.0,0
"basal-1.0-1.5B (local, 2 orders)",EDU17,uczelnia,score,False,True,True,3,4 - krytyczna,3,4 - krytyczna,True,0.9144,56.9,0.0,0
"basal-1.0-1.5B (local, 2 orders)",RE01,wspolnota,noul,True,True,True,1,"Nie, uchwała nieprzyjęta",0,"Tak, uchwała przyjęta",False,0.5741,55.5,0.0,0
"basal-1.0-1.5B (local, 2 orders)",RE02,wspolnota,noul,True,False,True,0,"Tak, uchwała przyjęta",0,"Tak, uchwała przyjęta",True,0.6581,64.3,0.0,0
"basal-1.0-1.5B (local, 2 orders)",RE03,wspolnota,noul,True,False,True,1,"Nie, pokrywa właściciel lokalu",1,"Nie, pokrywa właściciel lokalu",True,0.6583,52.9,0.0,0
"basal-1.0-1.5B (local, 2 orders)",RE04,wspolnota,noul,True,True,True,0,"Tak, pokrywa wspólnota",1,"Nie, pokrywa właścicielka lokalu",False,0.5057,51.5,0.0,0
"basal-1.0-1.5B (local, 2 orders)",RE05,wspolnota,noul,True,False,True,0,"Tak, w terminie",0,"Tak, w terminie",True,0.5636,52.1,0.0,0
"basal-1.0-1.5B (local, 2 orders)",RE06,wspolnota,noul,False,False,True,1,"Nie, nie opisuje zapachu ani wycieku gazu",1,"Nie, nie opisuje zapachu ani wycieku gazu",True,0.8678,46.4,0.0,0
"basal-1.0-1.5B (local, 2 orders)",RE07,wspolnota,noul,False,True,True,0,"Tak, to zgłoszenie usterki",1,"Nie, to nie jest zgłoszenie usterki",False,0.9696,46.0,0.0,0
"basal-1.0-1.5B (local, 2 orders)",RE08,wspolnota,noul,False,False,True,1,"Nie, nie wnosi o zwrot kosztów",1,"Nie, nie wnosi o zwrot kosztów",True,0.9681,45.3,0.0,0
"basal-1.0-1.5B (local, 2 orders)",RE09,wspolnota,choice,False,False,True,3,Dach,3,Dach,True,0.9199,63.6,0.0,0
"basal-1.0-1.5B (local, 2 orders)",RE10,wspolnota,choice,False,False,True,5,Sprawa sąsiedzka,5,Sprawa sąsiedzka,True,0.9885,59.4,0.0,0
"basal-1.0-1.5B (local, 2 orders)",RE11,wspolnota,choice,False,False,True,1,Elektryka,1,Elektryka,True,0.9838,60.1,0.0,0
"basal-1.0-1.5B (local, 2 orders)",RE12,wspolnota,choice,False,False,True,4,Części wspólne,4,Części wspólne,True,0.7028,59.0,0.0,0
"basal-1.0-1.5B (local, 2 orders)",RE13,wspolnota,choice,False,False,True,0,Hydraulika,0,Hydraulika,True,0.9891,60.4,0.0,0
"basal-1.0-1.5B (local, 2 orders)",RE14,wspolnota,score,False,True,True,3,4 - awaria zagrażająca,3,4 - awaria zagrażająca,True,0.9632,62.6,0.0,0
"basal-1.0-1.5B (local, 2 orders)",RE15,wspolnota,score,False,False,True,2,3 - poważna awaria,2,3 - poważna awaria,True,0.9523,62.3,0.0,0
"basal-1.0-1.5B (local, 2 orders)",RE16,wspolnota,score,False,False,True,0,1 - kosmetyczne,0,1 - kosmetyczne,True,0.772,64.3,0.0,0
"basal-1.0-1.5B (local, 2 orders)",RE17,wspolnota,score,False,True,True,1,2 - zwykła usterka,1,2 - zwykła usterka,True,0.9172,64.3,0.0,0
"basal-1.0-1.5B (local, 2 orders)",ECM01,moderacja,noul,True,True,True,0,"Tak, objęty ochroną",1,"Nie, nieobjęty ochroną",False,0.7136,70.6,0.0,0
"basal-1.0-1.5B (local, 2 orders)",ECM02,moderacja,noul,True,False,True,1,"Nie, nieobjęty ochroną",0,"Tak, objęty ochroną",False,0.6583,65.8,0.0,0
"basal-1.0-1.5B (local, 2 orders)",ECM03,moderacja,noul,True,False,True,1,"Nie, nieobjęty ochroną",1,"Nie, nieobjęty ochroną",True,0.649,68.7,0.0,0
"basal-1.0-1.5B (local, 2 orders)",ECM04,moderacja,noul,True,False,True,1,"Nie, nieobjęty ochroną",1,"Nie, nieobjęty ochroną",True,0.5408,68.5,0.0,0
"basal-1.0-1.5B (local, 2 orders)",ECM05,moderacja,noul,True,False,True,0,"Tak, objęty ochroną",1,"Nie, nieobjęty ochroną",False,0.5059,64.5,0.0,0
"basal-1.0-1.5B (local, 2 orders)",ECM06,moderacja,noul,False,True,True,1,"Nie, nie zawiera danych kontaktowych",1,"Nie, nie zawiera danych kontaktowych",True,0.9388,52.0,0.0,0
"basal-1.0-1.5B (local, 2 orders)",ECM07,moderacja,noul,False,False,True,0,"Tak, przedmiot zakazany",0,"Tak, przedmiot zakazany",True,0.5349,43.9,0.0,0
"basal-1.0-1.5B (local, 2 orders)",ECM08,moderacja,noul,False,True,True,0,"Tak, przynęta cenowa",0,"Tak, przynęta cenowa",True,0.5465,50.2,0.0,0
"basal-1.0-1.5B (local, 2 orders)",ECM09,moderacja,choice,False,False,True,2,Dane kontaktowe,3,Fałszywy stan,False,0.7864,65.9,0.0,0
"basal-1.0-1.5B (local, 2 orders)",ECM10,moderacja,choice,False,False,True,3,Fałszywy stan,3,Fałszywy stan,True,0.936,64.1,0.0,0
"basal-1.0-1.5B (local, 2 orders)",ECM11,moderacja,choice,False,True,True,0,Brak naruszenia,3,Fałszywy stan,False,0.578,64.6,0.0,0
"basal-1.0-1.5B (local, 2 orders)",ECM12,moderacja,choice,False,False,True,5,Przynęta cenowa,5,Przynęta cenowa,True,0.9299,66.7,0.0,0
"basal-1.0-1.5B (local, 2 orders)",ECM13,moderacja,choice,False,False,True,1,Przedmiot zakazany,1,Przedmiot zakazany,True,0.6553,61.8,0.0,0
"basal-1.0-1.5B (local, 2 orders)",ECM14,moderacja,choice,False,False,True,4,Podróbka,3,Fałszywy stan,False,0.9341,66.5,0.0,0
"basal-1.0-1.5B (local, 2 orders)",ECM15,moderacja,score,False,True,True,3,4 - krytyczna,0,1 - niska,False,0.4479,67.5,0.0,0
"basal-1.0-1.5B (local, 2 orders)",ECM16,moderacja,score,False,False,True,1,2 - średnia,1,2 - średnia,True,0.683,59.2,0.0,0
"basal-1.0-1.5B (local, 2 orders)",ECM17,moderacja,score,False,False,True,0,1 - niska,0,1 - niska,True,0.459,63.6,0.0,0
Jev 1.13 raw (2 orders avg),ADM01,administracja,noul,True,True,True,0,"Tak, w terminie",0,"Tak, w terminie",True,0.78,549.8,4.6536e-05,
Jev 1.13 raw (2 orders avg),ADM02,administracja,noul,True,False,True,0,"Tak, wniosek jest kompletny",0,"Tak, wniosek jest kompletny",True,0.94,581.2,4.7292e-05,
Jev 1.13 raw (2 orders avg),ADM03,administracja,noul,True,False,True,1,"Nie, po terminie",0,"Tak, w terminie",False,0.765,690.9,4.5948e-05,
Jev 1.13 raw (2 orders avg),ADM04,administracja,noul,True,False,True,0,"Tak, tryb uproszczony",0,"Tak, tryb uproszczony",True,0.95,726.1,4.7712e-05,
Jev 1.13 raw (2 orders avg),ADM05,administracja,noul,False,True,True,1,"Nie, to sprawa własna wnioskodawcy",1,"Nie, to sprawa własna wnioskodawcy",True,0.95,532.5,4.2336e-05,
Jev 1.13 raw (2 orders avg),ADM06,administracja,noul,False,False,True,0,"Tak, przekazać dyżurnemu",0,"Tak, przekazać dyżurnemu",True,0.94,636.7,3.8892e-05,
Jev 1.13 raw (2 orders avg),ADM07,administracja,noul,False,True,True,1,"Nie, sprawa toczy się dalej",1,"Nie, sprawa toczy się dalej",True,0.97,595.2,3.9984e-05,
Jev 1.13 raw (2 orders avg),ADM08,administracja,noul,False,False,True,1,"Nie, brakuje załącznika",1,"Nie, brakuje załącznika",True,0.885,554.2,3.5868e-05,
Jev 1.13 raw (2 orders avg),ADM09,administracja,choice,False,False,True,2,"Wydział Komunikacji - rejestracja pojazdów, prawa jazdy",2,"Wydział Komunikacji - rejestracja pojazdów, prawa jazdy",True,1.0,711.5,4.6704e-05,
Jev 1.13 raw (2 orders avg),ADM10,administracja,choice,False,True,True,0,"Skarga - zarzut wobec działania urzędu lub pracownika (przewlekłość, zaniedbanie, niewłaściwe zachowanie)",0,"Skarga - zarzut wobec działania urzędu lub pracownika (przewlekłość, zaniedbanie, niewłaściwe zachowanie)",True,1.0,625.9,5.4096e-05,
Jev 1.13 raw (2 orders avg),ADM11,administracja,choice,False,False,True,1,Wniosek - propozycja usprawnienia pracy urzędu lub lepszego zaspokajania potrzeb mieszkańców,1,Wniosek - propozycja usprawnienia pracy urzędu lub lepszego zaspokajania potrzeb mieszkańców,True,1.0,680.5,4.6704e-05,
Jev 1.13 raw (2 orders avg),ADM12,administracja,choice,True,False,True,2,Zgłoszenie uproszczone,2,Zgłoszenie uproszczone,True,0.98,572.0,5.2416e-05,
Jev 1.13 raw (2 orders avg),ADM13,administracja,choice,False,True,True,3,"Zarząd Dróg Miejskich - nawierzchnia ulic i chodników, oznakowanie, sygnalizacja",3,"Zarząd Dróg Miejskich - nawierzchnia ulic i chodników, oznakowanie, sygnalizacja",True,1.0,581.0,4.4352e-05,
Jev 1.13 raw (2 orders avg),ADM14,administracja,choice,False,False,True,4,Przygotowanie zawarcia małżeństwa (ślub cywilny),4,Przygotowanie zawarcia małżeństwa (ślub cywilny),True,1.0,645.8,4.1664e-05,
Jev 1.13 raw (2 orders avg),ADM15,administracja,score,False,False,True,1,2 - zwykły tryb,1,2 - zwykły tryb,True,0.995,566.2,5.0652e-05,
Jev 1.13 raw (2 orders avg),ADM16,administracja,score,False,False,True,2,3 - termin w ciągu 7 dni,2,3 - termin w ciągu 7 dni,True,0.995,586.6,5.0568e-05,
Jev 1.13 raw (2 orders avg),ADM17,administracja,score,False,False,True,3,"4 - zagrożenie, reakcja dziś",3,"4 - zagrożenie, reakcja dziś",True,1.0,567.9,5.0568e-05,
Jev 1.13 raw (2 orders avg),LAW01,kancelaria,noul,True,True,True,0,"Tak, w terminie",0,"Tak, w terminie",True,0.865,706.7,4.242e-05,
Jev 1.13 raw (2 orders avg),LAW02,kancelaria,noul,True,True,True,1,"Nie, roszczenie nie jest jeszcze przedawnione",0,"Tak, roszczenie jest przedawnione",False,0.71,575.7,4.5864e-05,
Jev 1.13 raw (2 orders avg),LAW03,kancelaria,noul,True,False,True,1,"Nie, nie może przyjąć",1,"Nie, nie może przyjąć",True,0.795,542.5,4.8888e-05,
Jev 1.13 raw (2 orders avg),LAW04,kancelaria,noul,True,False,True,1,"Nie, poza pakietem",1,"Nie, poza pakietem",True,0.895,1070.9,4.7628e-05,
Jev 1.13 raw (2 orders avg),LAW05,kancelaria,noul,False,False,True,0,"Tak, kontakt jeszcze dziś",0,"Tak, kontakt jeszcze dziś",True,0.95,595.8,3.6036e-05,
Jev 1.13 raw (2 orders avg),LAW06,kancelaria,noul,False,True,True,1,"Nie, porada lub opinia",1,"Nie, porada lub opinia",True,0.97,578.2,3.6456e-05,
Jev 1.13 raw (2 orders avg),LAW07,kancelaria,noul,False,False,True,0,"Tak, dane są kompletne",0,"Tak, dane są kompletne",True,0.96,608.0,3.6624e-05,
Jev 1.13 raw (2 orders avg),LAW08,kancelaria,noul,False,True,True,0,"Tak, sprawa pracownicza",0,"Tak, sprawa pracownicza",True,0.97,610.4,3.6036e-05,
Jev 1.13 raw (2 orders avg),LAW09,kancelaria,choice,False,False,True,5,"Spadkowa - nabycie spadku, testament, zachowek, dział spadku",5,"Spadkowa - nabycie spadku, testament, zachowek, dział spadku",True,1.0,628.8,5.4768e-05,
Jev 1.13 raw (2 orders avg),LAW10,kancelaria,choice,False,False,True,2,Gospodarcza - spór między przedsiębiorcami związany z ich działalnością,2,Gospodarcza - spór między przedsiębiorcami związany z ich działalnością,True,1.0,612.8,5.8716e-05,
Jev 1.13 raw (2 orders avg),LAW11,kancelaria,choice,False,False,True,0,"Rodzinna - rozwód, separacja, alimenty, kontakty z dzieckiem, władza rodzicielska",0,"Rodzinna - rozwód, separacja, alimenty, kontakty z dzieckiem, władza rodzicielska",True,1.0,556.1,5.502e-05,
Jev 1.13 raw (2 orders avg),LAW12,kancelaria,choice,False,False,True,3,"Karna - postępowanie karne lub wykroczeniowe (klient podejrzany, oskarżony lub pokrzywdzony)",3,"Karna - postępowanie karne lub wykroczeniowe (klient podejrzany, oskarżony lub pokrzywdzony)",True,1.0,683.8,5.5356e-05,
Jev 1.13 raw (2 orders avg),LAW13,kancelaria,choice,False,False,True,4,"Nieruchomości - własność, granice działek, służebności, zasiedzenie, obrót nieruchomościami",4,"Nieruchomości - własność, granice działek, służebności, zasiedzenie, obrót nieruchomościami",True,1.0,648.0,5.5776e-05,
Jev 1.13 raw (2 orders avg),LAW14,kancelaria,choice,True,True,True,2,Pro bono,2,Pro bono,True,0.805,567.3,4.914e-05,
Jev 1.13 raw (2 orders avg),LAW15,kancelaria,score,False,False,True,0,1 - brak terminu,0,1 - brak terminu,True,1.0,611.5,4.5108e-05,
Jev 1.13 raw (2 orders avg),LAW16,kancelaria,score,False,False,True,2,3 - termin za 3-14 dni,2,3 - termin za 3-14 dni,True,0.99,584.7,4.6956e-05,
Jev 1.13 raw (2 orders avg),LAW17,kancelaria,score,False,False,True,1,2 - termin za ponad 14 dni,1,2 - termin za ponad 14 dni,True,0.995,595.9,4.662e-05,
Jev 1.13 raw (2 orders avg),HR01,hr,noul,True,True,True,0,"Tak, spełnia wymagania",0,"Tak, spełnia wymagania",True,0.79,584.5,4.4856e-05,
Jev 1.13 raw (2 orders avg),HR02,hr,noul,True,True,True,1,"Nie, nie spełnia wymogu",1,"Nie, nie spełnia wymogu",True,0.93,590.5,3.99e-05,
Jev 1.13 raw (2 orders avg),HR03,hr,noul,True,False,True,0,"Tak, spełnia zasady",0,"Tak, spełnia zasady",True,0.92,624.6,4.2504e-05,
Jev 1.13 raw (2 orders avg),HR04,hr,noul,True,True,True,0,"Tak, eskalować",0,"Tak, eskalować",True,0.93,601.2,4.5444e-05,
Jev 1.13 raw (2 orders avg),HR05,hr,noul,False,True,True,1,"Nie, to nie jest rezygnacja",1,"Nie, to nie jest rezygnacja",True,0.97,617.3,3.6036e-05,
Jev 1.13 raw (2 orders avg),HR06,hr,noul,False,False,True,1,"Nie, tylko obecna rekrutacja",1,"Nie, tylko obecna rekrutacja",True,0.95,594.4,3.6708e-05,
Jev 1.13 raw (2 orders avg),HR07,hr,noul,False,False,True,0,"Tak, problem ze sprzętem",0,"Tak, problem ze sprzętem",True,0.99,533.9,3.5784e-05,
Jev 1.13 raw (2 orders avg),HR08,hr,noul,False,True,True,1,"Nie, to nie jest zgłoszenie mobbingu",1,"Nie, to nie jest zgłoszenie mobbingu",True,0.87,544.6,3.6876e-05,
Jev 1.13 raw (2 orders avg),HR09,hr,choice,False,False,True,1,"Wynagrodzenie - wypłata, dodatki, premie, potrącenia, PIT",1,"Wynagrodzenie - wypłata, dodatki, premie, potrącenia, PIT",True,1.0,598.4,4.956e-05,
Jev 1.13 raw (2 orders avg),HR10,hr,choice,False,False,True,2,"BHP - warunki bezpieczeństwa i higieny pracy, środki ochrony, wypadki",2,"BHP - warunki bezpieczeństwa i higieny pracy, środki ochrony, wypadki",True,1.0,698.3,4.9812e-05,
Jev 1.13 raw (2 orders avg),HR11,hr,choice,False,False,True,0,"Urlop - wnioski i pytania o urlop wypoczynkowy, okolicznościowy lub na żądanie",0,"Urlop - wnioski i pytania o urlop wypoczynkowy, okolicznościowy lub na żądanie",True,1.0,597.4,4.788e-05,
Jev 1.13 raw (2 orders avg),HR12,hr,choice,False,False,True,4,"Sprzęt i dostępy - laptop, telefon, konta w systemach, karta wejściowa",4,"Sprzęt i dostępy - laptop, telefon, konta w systemach, karta wejściowa",True,1.0,584.4,4.872e-05,
Jev 1.13 raw (2 orders avg),HR13,hr,choice,False,False,True,5,"Benefity - karta sportowa, pakiet medyczny, świadczenia socjalne",5,"Benefity - karta sportowa, pakiet medyczny, świadczenia socjalne",True,1.0,656.2,4.956e-05,
Jev 1.13 raw (2 orders avg),HR14,hr,choice,True,False,True,1,Rozmowa z dyrektorem,1,Rozmowa z dyrektorem,True,0.66,662.6,5.2668e-05,
Jev 1.13 raw (2 orders avg),HR15,hr,score,False,False,True,1,2 - standardowy,1,2 - standardowy,True,1.0,581.7,4.8132e-05,
Jev 1.13 raw (2 orders avg),HR16,hr,score,False,False,True,3,4 - krytyczny (przemoc lub zagrożenie),3,4 - krytyczny (przemoc lub zagrożenie),True,1.0,651.0,4.9224e-05,
Jev 1.13 raw (2 orders avg),HR17,hr,score,False,False,True,2,3 - wysoki (wypłata lub termin do 3 dni),2,3 - wysoki (wypłata lub termin do 3 dni),True,1.0,701.9,4.746e-05,
Jev 1.13 raw (2 orders avg),MED01,przychodnia,noul,True,True,True,0,"Tak, skierowanie jest ważne",0,"Tak, skierowanie jest ważne",True,0.925,625.5,5.4096e-05,
Jev 1.13 raw (2 orders avg),MED02,przychodnia,noul,True,False,True,1,"Nie, nie można przyjąć",1,"Nie, nie można przyjąć",True,0.675,781.8,4.9896e-05,
Jev 1.13 raw (2 orders avg),MED03,przychodnia,noul,True,True,True,1,"Nie, nie można wydać",0,"Tak, można wydać",False,0.575,653.1,4.2924e-05,
Jev 1.13 raw (2 orders avg),MED04,przychodnia,noul,True,False,True,0,"Tak, można zarejestrować na teleporadę",0,"Tak, można zarejestrować na teleporadę",True,0.835,546.9,4.5864e-05,
Jev 1.13 raw (2 orders avg),MED05,przychodnia,noul,False,False,True,0,"Tak, zmiana terminu",0,"Tak, zmiana terminu",True,0.98,714.7,3.5868e-05,
Jev 1.13 raw (2 orders avg),MED06,przychodnia,noul,False,True,True,1,"Nie, zgłoszenie niealarmowe",1,"Nie, zgłoszenie niealarmowe",True,0.975,636.2,4.0236e-05,
Jev 1.13 raw (2 orders avg),MED07,przychodnia,noul,False,True,True,0,"Tak, wydanie dokumentu",0,"Tak, wydanie dokumentu",True,0.98,560.9,3.528e-05,
Jev 1.13 raw (2 orders avg),MED08,przychodnia,noul,False,False,True,1,"Nie, brakuje dokumentu",1,"Nie, brakuje dokumentu",True,0.94,578.4,3.696e-05,
Jev 1.13 raw (2 orders avg),MED09,przychodnia,choice,False,False,True,2,"Gabinet zabiegowy - zastrzyki, pobrania krwi, opatrunki na zlecenie lekarza",2,"Gabinet zabiegowy - zastrzyki, pobrania krwi, opatrunki na zlecenie lekarza",True,1.0,703.4,4.8132e-05,
Jev 1.13 raw (2 orders avg),MED10,przychodnia,choice,False,True,True,3,Punkt szczepień - zapisy na szczepienia,3,Punkt szczepień - zapisy na szczepienia,True,1.0,707.0,4.9308e-05,
Jev 1.13 raw (2 orders avg),MED11,przychodnia,choice,False,False,True,1,Poradnia specjalistyczna - wizyta u specjalisty na skierowanie,1,Poradnia specjalistyczna - wizyta u specjalisty na skierowanie,True,1.0,562.4,4.7712e-05,
Jev 1.13 raw (2 orders avg),MED12,przychodnia,choice,False,False,True,4,"Dział dokumentacji medycznej - kopie dokumentacji, zaświadczenia, wydruki wyników",4,"Dział dokumentacji medycznej - kopie dokumentacji, zaświadczenia, wydruki wyników",True,1.0,656.4,4.8552e-05,
Jev 1.13 raw (2 orders avg),MED13,przychodnia,choice,True,False,True,1,Przyjęcie poza kolejnością,1,Przyjęcie poza kolejnością,True,1.0,662.5,4.4688e-05,
Jev 1.13 raw (2 orders avg),MED14,przychodnia,choice,False,False,True,0,"Rejestracja POZ - wizyta u lekarza rodzinnego, bez skierowania",0,"Rejestracja POZ - wizyta u lekarza rodzinnego, bez skierowania",True,1.0,542.5,4.8804e-05,
Jev 1.13 raw (2 orders avg),MED15,przychodnia,score,False,False,True,1,2 - planowy (termin do 14 dni),1,2 - planowy (termin do 14 dni),True,0.965,533.6,5.67e-05,
Jev 1.13 raw (2 orders avg),MED16,przychodnia,score,False,False,True,2,3 - pilny (wizyta dziś),2,3 - pilny (wizyta dziś),True,0.995,575.6,5.6028e-05,
Jev 1.13 raw (2 orders avg),MED17,przychodnia,score,False,False,True,3,4 - alarmowy (zadzwonić na 112),3,4 - alarmowy (zadzwonić na 112),True,1.0,613.7,5.9052e-05,
Jev 1.13 raw (2 orders avg),INS01,ubezpieczenia,noul,True,True,True,1,"Nie, zdarzenie nastąpiło w okresie karencji",1,"Nie, zdarzenie nastąpiło w okresie karencji",True,0.55,562.3,5.0064e-05,
Jev 1.13 raw (2 orders avg),INS02,ubezpieczenia,noul,True,False,True,0,"Tak, odszkodowanie zostanie wypłacone",0,"Tak, odszkodowanie zostanie wypłacone",True,0.945,692.2,4.62e-05,
Jev 1.13 raw (2 orders avg),INS03,ubezpieczenia,noul,True,True,True,0,"Tak, koszty zostaną pokryte",0,"Tak, koszty zostaną pokryte",True,0.845,586.8,5.5608e-05,
Jev 1.13 raw (2 orders avg),INS04,ubezpieczenia,noul,True,False,True,1,"Nie, potrzebne oględziny",1,"Nie, potrzebne oględziny",True,0.92,701.8,4.9392e-05,
Jev 1.13 raw (2 orders avg),INS05,ubezpieczenia,noul,False,True,True,0,"Tak, to odwołanie od decyzji",0,"Tak, to odwołanie od decyzji",True,0.97,1096.9,4.1916e-05,
Jev 1.13 raw (2 orders avg),INS06,ubezpieczenia,noul,True,False,True,1,"Nie, nie kierować do weryfikacji",0,"Tak, skierować do weryfikacji",False,0.685,609.3,5.25e-05,
Jev 1.13 raw (2 orders avg),INS07,ubezpieczenia,noul,False,False,True,1,"Nie, to pytanie o szkodę już zgłoszoną",1,"Nie, to pytanie o szkodę już zgłoszoną",True,0.97,634.9,3.7884e-05,
Jev 1.13 raw (2 orders avg),INS08,ubezpieczenia,noul,False,False,True,0,"Tak, wypowiadają umowę",0,"Tak, wypowiadają umowę",True,0.985,618.3,3.9732e-05,
Jev 1.13 raw (2 orders avg),INS09,ubezpieczenia,choice,False,True,True,3,OC w życiu prywatnym - szkoda wyrządzona osobie trzeciej przez ubezpieczonego lub jego domownika poza ruchem pojazdów,3,OC w życiu prywatnym - szkoda wyrządzona osobie trzeciej przez ubezpieczonego lub jego domownika poza ruchem pojazdów,True,1.0,562.3,5.1828e-05,
Jev 1.13 raw (2 orders avg),INS10,ubezpieczenia,choice,False,False,True,4,"Turystyczna - zdarzenie w podróży zagranicznej (koszty leczenia, bagaż, opóźnienie lotu)",4,"Turystyczna - zdarzenie w podróży zagranicznej (koszty leczenia, bagaż, opóźnienie lotu)",True,1.0,767.3,5.166e-05,
Jev 1.13 raw (2 orders avg),INS11,ubezpieczenia,choice,False,False,True,2,Uzupełnienie dokumentów do szkody już prowadzonej,2,Uzupełnienie dokumentów do szkody już prowadzonej,True,0.995,670.7,4.1832e-05,
Jev 1.13 raw (2 orders avg),INS12,ubezpieczenia,choice,False,False,True,1,"Serwisowy - naprawa w warsztacie, który rozlicza się bezpośrednio z ubezpieczycielem na podstawie faktury",1,"Serwisowy - naprawa w warsztacie, który rozlicza się bezpośrednio z ubezpieczycielem na podstawie faktury",True,1.0,681.9,4.2168e-05,
Jev 1.13 raw (2 orders avg),INS13,ubezpieczenia,choice,False,False,True,0,"Przepięcie - uszkodzenie urządzeń elektrycznych przez nagły wzrost napięcia, np. po wyładowaniu atmosferycznym",0,"Przepięcie - uszkodzenie urządzeń elektrycznych przez nagły wzrost napięcia, np. po wyładowaniu atmosferycznym",True,1.0,816.3,5.0484e-05,
Jev 1.13 raw (2 orders avg),INS14,ubezpieczenia,score,False,True,True,0,1 - rutynowa,0,1 - rutynowa,True,1.0,627.4,5.1492e-05,
Jev 1.13 raw (2 orders avg),INS15,ubezpieczenia,score,False,False,True,2,3 - pilna,2,3 - pilna,True,0.995,711.2,5.0736e-05,
Jev 1.13 raw (2 orders avg),INS16,ubezpieczenia,score,False,False,True,1,2 - standardowa,1,2 - standardowa,True,0.99,575.9,4.8048e-05,
Jev 1.13 raw (2 orders avg),INS17,ubezpieczenia,score,False,False,True,3,4 - natychmiastowa,3,4 - natychmiastowa,True,1.0,601.1,5.0484e-05,
Jev 1.13 raw (2 orders avg),BNK01,bank_aml,noul,True,False,True,1,"Nie, nie wymaga weryfikacji",1,"Nie, nie wymaga weryfikacji",True,0.89,616.6,5.9472e-05,
Jev 1.13 raw (2 orders avg),BNK02,bank_aml,noul,True,True,True,0,"Tak, wymaga weryfikacji",0,"Tak, wymaga weryfikacji",True,0.81,572.6,6.1152e-05,
Jev 1.13 raw (2 orders avg),BNK03,bank_aml,noul,True,True,True,0,"Tak, spełnia kryteria",0,"Tak, spełnia kryteria",True,0.855,585.5,5.2668e-05,
Jev 1.13 raw (2 orders avg),BNK04,bank_aml,noul,True,False,True,1,"Nie, nie spełnia kryteriów",0,"Tak, spełnia kryteria",False,0.605,622.3,5.4264e-05,
Jev 1.13 raw (2 orders avg),BNK05,bank_aml,noul,True,False,True,1,"Nie, jeszcze nie można przyjąć reklamacji",0,"Tak, można przyjąć reklamację",False,0.735,576.0,4.6116e-05,
Jev 1.13 raw (2 orders avg),BNK06,bank_aml,noul,False,False,True,0,"Tak, zgłasza transakcję nieautoryzowaną",0,"Tak, zgłasza transakcję nieautoryzowaną",True,0.98,630.7,3.6708e-05,
Jev 1.13 raw (2 orders avg),BNK07,bank_aml,noul,False,True,True,0,"Tak, występuje taki sygnał",0,"Tak, występuje taki sygnał",True,0.98,602.5,4.3344e-05,
Jev 1.13 raw (2 orders avg),BNK08,bank_aml,noul,False,True,True,1,"Nie, nie prosi o zastrzeżenie",1,"Nie, nie prosi o zastrzeżenie",True,0.97,613.2,3.654e-05,
Jev 1.13 raw (2 orders avg),BNK09,bank_aml,choice,False,True,True,4,"Bankowość elektroniczna - logowanie, aplikacja mobilna, hasła, autoryzacja w aplikacji, powiadomienia",4,"Bankowość elektroniczna - logowanie, aplikacja mobilna, hasła, autoryzacja w aplikacji, powiadomienia",True,1.0,605.5,5.2836e-05,
Jev 1.13 raw (2 orders avg),BNK10,bank_aml,choice,False,False,True,2,"Reklamacje transakcji - kwestionowanie konkretnej transakcji (podwójne obciążenie, zła kwota, nieautoryzowana, niezrealizowana usługa)",2,"Reklamacje transakcji - kwestionowanie konkretnej transakcji (podwójne obciążenie, zła kwota, nieautoryzowana, niezrealizowana usługa)",True,1.0,601.8,5.0988e-05,
Jev 1.13 raw (2 orders avg),BNK11,bank_aml,choice,False,False,True,1,"Kredyty - wnioski kredytowe, raty, harmonogram, wcześniejsza spłata",1,"Kredyty - wnioski kredytowe, raty, harmonogram, wcześniejsza spłata",True,1.0,591.3,5.1828e-05,
Jev 1.13 raw (2 orders avg),BNK12,bank_aml,choice,False,False,True,3,"Konto - otwarcie i zamknięcie rachunku, opłaty za prowadzenie, wyciągi, pełnomocnictwa",3,"Konto - otwarcie i zamknięcie rachunku, opłaty za prowadzenie, wyciągi, pełnomocnictwa",True,1.0,582.7,5.0484e-05,
Jev 1.13 raw (2 orders avg),BNK13,bank_aml,choice,False,False,True,0,"Karty - wydanie, blokada, zastrzeżenie, limity, PIN, wznowienie karty",0,"Karty - wydanie, blokada, zastrzeżenie, limity, PIN, wznowienie karty",True,1.0,625.7,4.956e-05,
Jev 1.13 raw (2 orders avg),BNK14,bank_aml,score,False,False,True,0,1 - niski,0,1 - niski,True,1.0,579.2,5.4936e-05,
Jev 1.13 raw (2 orders avg),BNK15,bank_aml,score,False,False,True,1,2 - średni,1,2 - średni,True,0.995,609.9,5.4432e-05,
Jev 1.13 raw (2 orders avg),BNK16,bank_aml,score,False,False,True,2,3 - podwyższony,2,3 - podwyższony,True,0.99,610.2,5.628e-05,
Jev 1.13 raw (2 orders avg),BNK17,bank_aml,score,False,False,True,3,4 - wysoki,3,4 - wysoki,True,1.0,549.0,5.4516e-05,
Jev 1.13 raw (2 orders avg),LOG01,logistyka,noul,True,True,True,1,"Nie, odszkodowanie nie przysługuje",0,"Tak, odszkodowanie przysługuje",False,0.565,659.3,4.746e-05,
Jev 1.13 raw (2 orders avg),LOG02,logistyka,noul,True,True,True,0,"Tak, bezpłatne ponowne doręczenie przysługuje",0,"Tak, bezpłatne ponowne doręczenie przysługuje",True,0.855,598.7,5.3088e-05,
Jev 1.13 raw (2 orders avg),LOG03,logistyka,noul,True,False,True,1,"Nie, dokumentacja nie jest kompletna",1,"Nie, dokumentacja nie jest kompletna",True,0.94,602.1,4.704e-05,
Jev 1.13 raw (2 orders avg),LOG04,logistyka,noul,True,False,True,0,"Tak, odszkodowanie przysługuje",0,"Tak, odszkodowanie przysługuje",True,0.94,585.5,5.082e-05,
Jev 1.13 raw (2 orders avg),LOG05,logistyka,noul,True,False,True,1,"Nie, jeszcze nie uruchamiać",1,"Nie, jeszcze nie uruchamiać",True,0.65,692.1,4.6284e-05,
Jev 1.13 raw (2 orders avg),LOG06,logistyka,noul,False,False,True,0,"Tak, odmówił przyjęcia",0,"Tak, odmówił przyjęcia",True,0.98,558.7,3.5616e-05,
Jev 1.13 raw (2 orders avg),LOG07,logistyka,noul,False,True,True,0,"Tak, prosi o zmianę adresu",0,"Tak, prosi o zmianę adresu",True,0.965,669.7,3.9144e-05,
Jev 1.13 raw (2 orders avg),LOG08,logistyka,noul,False,True,True,1,"Nie, zawartość nie jest uszkodzona",1,"Nie, zawartość nie jest uszkodzona",True,0.95,624.8,3.7044e-05,
Jev 1.13 raw (2 orders avg),LOG09,logistyka,choice,False,False,True,2,"Błędny adres - przesyłki nie da się doręczyć lub trafiła gdzie indziej, bo adres na etykiecie jest błędny lub niepełny",2,"Błędny adres - przesyłki nie da się doręczyć lub trafiła gdzie indziej, bo adres na etykiecie jest błędny lub niepełny",True,1.0,642.7,5.2668e-05,
Jev 1.13 raw (2 orders avg),LOG10,logistyka,choice,False,False,True,1,"Opóźnienie - przesyłka jest w drodze lub dotarła, ale po obiecanym terminie; jej położenie jest znane",1,"Opóźnienie - przesyłka jest w drodze lub dotarła, ale po obiecanym terminie; jej położenie jest znane",True,1.0,653.6,4.998e-05,
Jev 1.13 raw (2 orders avg),LOG11,logistyka,choice,False,True,True,3,"Zaginięcie - przewoźnik nie wie, gdzie jest przesyłka (brak skanów, nie odnaleziono jej w magazynie)",3,"Zaginięcie - przewoźnik nie wie, gdzie jest przesyłka (brak skanów, nie odnaleziono jej w magazynie)",True,1.0,633.2,5.1996e-05,
Jev 1.13 raw (2 orders avg),LOG12,logistyka,choice,False,False,True,0,"Uszkodzenie - przesyłka dotarła, ale zawartość lub opakowanie są uszkodzone",0,"Uszkodzenie - przesyłka dotarła, ale zawartość lub opakowanie są uszkodzone",True,1.0,554.0,5.2248e-05,
Jev 1.13 raw (2 orders avg),LOG13,logistyka,choice,False,False,True,4,Odmowa przyjęcia - odbiorca nie przyjął przesyłki od kuriera,4,Odmowa przyjęcia - odbiorca nie przyjął przesyłki od kuriera,True,1.0,607.1,5.1912e-05,
Jev 1.13 raw (2 orders avg),LOG14,logistyka,score,False,False,True,0,1 - niski,0,1 - niski,True,1.0,562.2,4.83e-05,
Jev 1.13 raw (2 orders avg),LOG15,logistyka,score,False,False,True,2,3 - wysoki,2,3 - wysoki,True,0.985,829.4,4.9308e-05,
Jev 1.13 raw (2 orders avg),LOG16,logistyka,score,False,False,True,1,2 - normalny,1,2 - normalny,True,0.8,631.4,4.7712e-05,
Jev 1.13 raw (2 orders avg),LOG17,logistyka,score,False,False,True,3,4 - krytyczny,3,4 - krytyczny,True,1.0,608.3,4.914e-05,
Jev 1.13 raw (2 orders avg),ITS01,it_security,noul,True,True,True,0,"Tak, można zatwierdzić",0,"Tak, można zatwierdzić",True,0.67,622.2,4.41e-05,
Jev 1.13 raw (2 orders avg),ITS02,it_security,noul,True,False,True,1,"Nie, nie można nadać",1,"Nie, nie można nadać",True,0.65,549.4,4.62e-05,
Jev 1.13 raw (2 orders avg),ITS03,it_security,noul,True,False,True,1,"Nie, nie można zatwierdzić",1,"Nie, nie można zatwierdzić",True,0.71,734.0,4.2756e-05,
Jev 1.13 raw (2 orders avg),ITS04,it_security,noul,True,False,True,0,"Tak, wyłączyć konto",0,"Tak, wyłączyć konto",True,0.935,629.0,3.696e-05,
Jev 1.13 raw (2 orders avg),ITS05,it_security,noul,True,False,True,1,"Nie, wymaga przeglądu bezpieczeństwa",1,"Nie, wymaga przeglądu bezpieczeństwa",True,0.93,549.1,4.158e-05,
Jev 1.13 raw (2 orders avg),ITS06,it_security,noul,False,True,True,1,"Nie, to nie jest phishing",1,"Nie, to nie jest phishing",True,0.94,569.7,4.7628e-05,
Jev 1.13 raw (2 orders avg),ITS07,it_security,noul,False,True,True,0,"Tak, to phishing",0,"Tak, to phishing",True,0.835,583.0,5.2584e-05,
Jev 1.13 raw (2 orders avg),ITS08,it_security,noul,False,False,True,0,"Tak, to phishing",0,"Tak, to phishing",True,0.96,582.1,4.1748e-05,
Jev 1.13 raw (2 orders avg),ITS09,it_security,choice,False,True,True,4,"Bezpieczeństwo - podejrzenie incydentu: kliknięty podejrzany link, podane hasło oszustowi, złośliwe oprogramowanie, utrata urządzenia, podejrzana aktywność konta",4,"Bezpieczeństwo - podejrzenie incydentu: kliknięty podejrzany link, podane hasło oszustowi, złośliwe oprogramowanie, utrata urządzenia, podejrzana aktywność konta",True,1.0,514.5,5.5272e-05,
Jev 1.13 raw (2 orders avg),ITS10,it_security,choice,False,False,True,3,"Sieć - brak połączenia z internetem, Wi-Fi, VPN, wolne łącze",3,"Sieć - brak połączenia z internetem, Wi-Fi, VPN, wolne łącze",True,1.0,557.1,5.3004e-05,
Jev 1.13 raw (2 orders avg),ITS11,it_security,choice,False,False,True,2,"Oprogramowanie - instalacja, aktualizacja lub błędy działania aplikacji",2,"Oprogramowanie - instalacja, aktualizacja lub błędy działania aplikacji",True,1.0,633.1,5.2836e-05,
Jev 1.13 raw (2 orders avg),ITS12,it_security,choice,False,False,True,0,"Dostęp - konta, hasła, uprawnienia do systemów i folderów",0,"Dostęp - konta, hasła, uprawnienia do systemów i folderów",True,1.0,589.3,5.4012e-05,
Jev 1.13 raw (2 orders avg),ITS13,it_security,choice,False,False,True,1,"Sprzęt - fizyczne urządzenia (komputer, monitor, drukarka, telefon): awaria lub wymiana",1,"Sprzęt - fizyczne urządzenia (komputer, monitor, drukarka, telefon): awaria lub wymiana",True,1.0,632.0,5.208e-05,
Jev 1.13 raw (2 orders avg),ITS14,it_security,score,False,True,True,0,P4 - niski,0,P4 - niski,True,0.53,669.3,4.5948e-05,
Jev 1.13 raw (2 orders avg),ITS15,it_security,score,False,False,True,2,P2 - wysoki,2,P2 - wysoki,True,1.0,565.3,4.6704e-05,
Jev 1.13 raw (2 orders avg),ITS16,it_security,score,False,False,True,1,P3 - średni,1,P3 - średni,True,0.985,595.7,4.7292e-05,
Jev 1.13 raw (2 orders avg),ITS17,it_security,score,False,False,True,3,P1 - krytyczny,3,P1 - krytyczny,True,0.99,552.6,4.6368e-05,
Jev 1.13 raw (2 orders avg),MFG01,produkcja,noul,True,True,True,1,"Nie, partię należy zwolnić",1,"Nie, partię należy zwolnić",True,0.93,541.3,4.2252e-05,
Jev 1.13 raw (2 orders avg),MFG02,produkcja,noul,True,True,True,0,"Tak, partię należy wstrzymać",1,"Nie, partię można zwolnić",False,0.54,586.4,5.0316e-05,
Jev 1.13 raw (2 orders avg),MFG03,produkcja,noul,True,False,True,0,"Tak, należy otworzyć 8D",0,"Tak, należy otworzyć 8D",True,0.71,537.1,4.2084e-05,
Jev 1.13 raw (2 orders avg),MFG04,produkcja,noul,True,False,True,0,"Tak, w terminie",0,"Tak, w terminie",True,0.565,569.3,4.3428e-05,
Jev 1.13 raw (2 orders avg),MFG05,produkcja,noul,True,True,True,0,"Tak, partię należy wstrzymać",0,"Tak, partię należy wstrzymać",True,0.965,551.8,3.8472e-05,
Jev 1.13 raw (2 orders avg),MFG06,produkcja,noul,False,False,True,1,"Nie, to nie jest niezgodność wyrobu",1,"Nie, to nie jest niezgodność wyrobu",True,0.95,602.0,3.8388e-05,
Jev 1.13 raw (2 orders avg),MFG07,produkcja,noul,False,False,True,1,"Nie, to nie jest reklamacja",1,"Nie, to nie jest reklamacja",True,0.935,594.7,3.7548e-05,
Jev 1.13 raw (2 orders avg),MFG08,produkcja,noul,False,False,True,1,"Nie, jest poza tolerancją",1,"Nie, jest poza tolerancją",True,0.845,536.7,3.486e-05,
Jev 1.13 raw (2 orders avg),MFG09,produkcja,choice,False,False,True,1,Powierzchniowa,1,Powierzchniowa,True,1.0,530.3,5.1492e-05,
Jev 1.13 raw (2 orders avg),MFG10,produkcja,choice,False,False,True,4,Dokumentacyjna,4,Dokumentacyjna,True,1.0,589.2,5.376e-05,
Jev 1.13 raw (2 orders avg),MFG11,produkcja,choice,False,False,True,3,Montażowa,3,Montażowa,True,1.0,678.8,5.1324e-05,
Jev 1.13 raw (2 orders avg),MFG12,produkcja,choice,False,True,True,2,Materiałowa,2,Materiałowa,True,1.0,728.1,5.5272e-05,
Jev 1.13 raw (2 orders avg),MFG13,produkcja,choice,False,False,True,0,Wymiarowa,0,Wymiarowa,True,1.0,601.2,5.292e-05,
Jev 1.13 raw (2 orders avg),MFG14,produkcja,score,False,False,True,0,1 - kosmetyczna,0,1 - kosmetyczna,True,0.875,622.9,4.4688e-05,
Jev 1.13 raw (2 orders avg),MFG15,produkcja,score,False,False,True,1,2 - mała,1,2 - mała,True,0.995,655.5,4.4352e-05,
Jev 1.13 raw (2 orders avg),MFG16,produkcja,score,False,False,True,2,3 - poważna,2,3 - poważna,True,0.975,595.1,4.5612e-05,
Jev 1.13 raw (2 orders avg),MFG17,produkcja,score,False,True,True,3,4 - krytyczna,3,4 - krytyczna,True,0.995,615.2,4.536e-05,
Jev 1.13 raw (2 orders avg),EDU01,uczelnia,noul,True,False,True,1,"Nie, po terminie",0,"Tak, w terminie",False,0.81,672.4,4.3512e-05,
Jev 1.13 raw (2 orders avg),EDU02,uczelnia,noul,True,True,True,0,"Tak, spełnia warunki",0,"Tak, spełnia warunki",True,0.975,707.2,4.3344e-05,
Jev 1.13 raw (2 orders avg),EDU03,uczelnia,noul,True,False,True,1,"Nie, nie spełnia kryterium",0,"Tak, spełnia kryterium",False,0.52,674.1,3.9312e-05,
Jev 1.13 raw (2 orders avg),EDU04,uczelnia,noul,True,False,True,0,"Tak, wniosek jest kompletny",0,"Tak, wniosek jest kompletny",True,0.955,569.0,4.3344e-05,
Jev 1.13 raw (2 orders avg),EDU05,uczelnia,noul,True,False,True,1,"Nie, wznowienie nie jest możliwe",1,"Nie, wznowienie nie jest możliwe",True,0.925,698.2,4.0824e-05,
Jev 1.13 raw (2 orders avg),EDU06,uczelnia,noul,False,True,True,0,"Tak, prosi o przedłużenie",0,"Tak, prosi o przedłużenie",True,0.975,599.9,3.78e-05,
Jev 1.13 raw (2 orders avg),EDU07,uczelnia,noul,False,False,True,0,"Tak, zgłasza błąd wpisu",0,"Tak, zgłasza błąd wpisu",True,0.98,619.5,3.864e-05,
Jev 1.13 raw (2 orders avg),EDU08,uczelnia,noul,False,False,True,1,"Nie, to nie jest skarga",1,"Nie, to nie jest skarga",True,0.98,560.9,3.6288e-05,
Jev 1.13 raw (2 orders avg),EDU09,uczelnia,choice,False,False,True,1,Wznowienie studiów,1,Wznowienie studiów,True,1.0,585.4,4.9224e-05,
Jev 1.13 raw (2 orders avg),EDU10,uczelnia,choice,False,True,True,4,Warunkowy wpis,4,Warunkowy wpis,True,1.0,644.8,4.9392e-05,
Jev 1.13 raw (2 orders avg),EDU11,uczelnia,choice,False,False,True,2,Zmiana promotora,2,Zmiana promotora,True,1.0,621.0,4.8468e-05,
Jev 1.13 raw (2 orders avg),EDU12,uczelnia,choice,False,False,True,3,Przeniesienie,3,Przeniesienie,True,1.0,637.0,4.9392e-05,
Jev 1.13 raw (2 orders avg),EDU13,uczelnia,choice,False,False,True,0,Urlop dziekański,0,Urlop dziekański,True,1.0,697.8,4.7964e-05,
Jev 1.13 raw (2 orders avg),EDU14,uczelnia,score,False,False,True,0,1 - niska,0,1 - niska,True,1.0,633.9,4.1664e-05,
Jev 1.13 raw (2 orders avg),EDU15,uczelnia,score,False,False,True,2,3 - wysoka,2,3 - wysoka,True,0.975,572.9,4.4268e-05,
Jev 1.13 raw (2 orders avg),EDU16,uczelnia,score,False,True,True,1,2 - średnia,1,2 - średnia,True,0.97,607.6,4.452e-05,
Jev 1.13 raw (2 orders avg),EDU17,uczelnia,score,False,True,True,3,4 - krytyczna,3,4 - krytyczna,True,1.0,590.0,4.4268e-05,
Jev 1.13 raw (2 orders avg),RE01,wspolnota,noul,True,True,True,1,"Nie, uchwała nieprzyjęta",1,"Nie, uchwała nieprzyjęta",True,0.925,714.1,4.3344e-05,
Jev 1.13 raw (2 orders avg),RE02,wspolnota,noul,True,False,True,0,"Tak, uchwała przyjęta",0,"Tak, uchwała przyjęta",True,0.625,573.2,4.9644e-05,
Jev 1.13 raw (2 orders avg),RE03,wspolnota,noul,True,False,True,1,"Nie, pokrywa właściciel lokalu",1,"Nie, pokrywa właściciel lokalu",True,0.91,632.3,4.1916e-05,
Jev 1.13 raw (2 orders avg),RE04,wspolnota,noul,True,True,True,0,"Tak, pokrywa wspólnota",0,"Tak, pokrywa wspólnota",True,0.91,649.8,4.2e-05,
Jev 1.13 raw (2 orders avg),RE05,wspolnota,noul,True,False,True,0,"Tak, w terminie",0,"Tak, w terminie",True,0.855,567.8,4.1328e-05,
Jev 1.13 raw (2 orders avg),RE06,wspolnota,noul,False,False,True,1,"Nie, nie opisuje zapachu ani wycieku gazu",1,"Nie, nie opisuje zapachu ani wycieku gazu",True,0.95,638.9,3.4944e-05,
Jev 1.13 raw (2 orders avg),RE07,wspolnota,noul,False,True,True,0,"Tak, to zgłoszenie usterki",0,"Tak, to zgłoszenie usterki",True,0.815,620.5,3.5784e-05,
Jev 1.13 raw (2 orders avg),RE08,wspolnota,noul,False,False,True,1,"Nie, nie wnosi o zwrot kosztów",1,"Nie, nie wnosi o zwrot kosztów",True,0.96,569.4,3.6708e-05,
Jev 1.13 raw (2 orders avg),RE09,wspolnota,choice,False,False,True,3,Dach,3,Dach,True,1.0,523.1,5.6784e-05,
Jev 1.13 raw (2 orders avg),RE10,wspolnota,choice,False,False,True,5,Sprawa sąsiedzka,5,Sprawa sąsiedzka,True,1.0,739.4,5.4852e-05,
Jev 1.13 raw (2 orders avg),RE11,wspolnota,choice,False,False,True,1,Elektryka,1,Elektryka,True,1.0,555.9,5.4852e-05,
Jev 1.13 raw (2 orders avg),RE12,wspolnota,choice,False,False,True,4,Części wspólne,4,Części wspólne,True,1.0,628.3,5.3676e-05,
Jev 1.13 raw (2 orders avg),RE13,wspolnota,choice,False,False,True,0,Hydraulika,0,Hydraulika,True,1.0,702.6,5.4096e-05,
Jev 1.13 raw (2 orders avg),RE14,wspolnota,score,False,True,True,3,4 - awaria zagrażająca,3,4 - awaria zagrażająca,True,1.0,588.0,5.0568e-05,
Jev 1.13 raw (2 orders avg),RE15,wspolnota,score,False,False,True,2,3 - poważna awaria,2,3 - poważna awaria,True,0.99,573.9,5.1492e-05,
Jev 1.13 raw (2 orders avg),RE16,wspolnota,score,False,False,True,0,1 - kosmetyczne,0,1 - kosmetyczne,True,1.0,667.3,4.956e-05,
Jev 1.13 raw (2 orders avg),RE17,wspolnota,score,False,True,True,1,2 - zwykła usterka,1,2 - zwykła usterka,True,0.935,590.6,5.1156e-05,
Jev 1.13 raw (2 orders avg),ECM01,moderacja,noul,True,True,True,0,"Tak, objęty ochroną",0,"Tak, objęty ochroną",True,0.94,601.2,5.8884e-05,
Jev 1.13 raw (2 orders avg),ECM02,moderacja,noul,True,False,True,1,"Nie, nieobjęty ochroną",1,"Nie, nieobjęty ochroną",True,0.935,606.6,5.6532e-05,
Jev 1.13 raw (2 orders avg),ECM03,moderacja,noul,True,False,True,1,"Nie, nieobjęty ochroną",1,"Nie, nieobjęty ochroną",True,0.915,633.0,5.7456e-05,
Jev 1.13 raw (2 orders avg),ECM04,moderacja,noul,True,False,True,1,"Nie, nieobjęty ochroną",0,"Tak, objęty ochroną",False,0.675,641.8,5.5608e-05,
Jev 1.13 raw (2 orders avg),ECM05,moderacja,noul,True,False,True,0,"Tak, objęty ochroną",0,"Tak, objęty ochroną",True,0.96,607.7,5.7624e-05,
Jev 1.13 raw (2 orders avg),ECM06,moderacja,noul,False,True,True,1,"Nie, nie zawiera danych kontaktowych",1,"Nie, nie zawiera danych kontaktowych",True,0.91,579.4,3.8052e-05,
Jev 1.13 raw (2 orders avg),ECM07,moderacja,noul,False,False,True,0,"Tak, przedmiot zakazany",0,"Tak, przedmiot zakazany",True,0.955,603.5,3.57e-05,
Jev 1.13 raw (2 orders avg),ECM08,moderacja,noul,False,True,True,0,"Tak, przynęta cenowa",0,"Tak, przynęta cenowa",True,0.91,570.6,3.6708e-05,
Jev 1.13 raw (2 orders avg),ECM09,moderacja,choice,False,False,True,2,Dane kontaktowe,2,Dane kontaktowe,True,0.995,551.0,5.7288e-05,
Jev 1.13 raw (2 orders avg),ECM10,moderacja,choice,False,False,True,3,Fałszywy stan,3,Fałszywy stan,True,0.95,583.2,5.7036e-05,
Jev 1.13 raw (2 orders avg),ECM11,moderacja,choice,False,True,True,0,Brak naruszenia,0,Brak naruszenia,True,0.97,560.0,5.9472e-05,
Jev 1.13 raw (2 orders avg),ECM12,moderacja,choice,False,False,True,5,Przynęta cenowa,5,Przynęta cenowa,True,1.0,1431.6,5.7624e-05,
Jev 1.13 raw (2 orders avg),ECM13,moderacja,choice,False,False,True,1,Przedmiot zakazany,1,Przedmiot zakazany,True,1.0,577.5,5.7204e-05,
Jev 1.13 raw (2 orders avg),ECM14,moderacja,choice,False,False,True,4,Podróbka,4,Podróbka,True,1.0,555.0,5.838e-05,
Jev 1.13 raw (2 orders avg),ECM15,moderacja,score,False,True,True,3,4 - krytyczna,3,4 - krytyczna,True,1.0,537.8,5.082e-05,
Jev 1.13 raw (2 orders avg),ECM16,moderacja,score,False,False,True,1,2 - średnia,1,2 - średnia,True,0.57,541.7,4.4688e-05,
Jev 1.13 raw (2 orders avg),ECM17,moderacja,score,False,False,True,0,1 - niska,0,1 - niska,True,0.9197,621.5,4.7208e-05,
Jev 1.13 raw (order 1 only),ADM01,administracja,noul,True,True,True,0,"Tak, w terminie",0,"Tak, w terminie",True,0.78,279.0,2.3268e-05,
Jev 1.13 raw (order 1 only),ADM02,administracja,noul,True,False,True,0,"Tak, wniosek jest kompletny",0,"Tak, wniosek jest kompletny",True,0.94,288.7,2.3646e-05,
Jev 1.13 raw (order 1 only),ADM03,administracja,noul,True,False,True,1,"Nie, po terminie",0,"Tak, w terminie",False,0.8,297.2,2.2974e-05,
Jev 1.13 raw (order 1 only),ADM04,administracja,noul,True,False,True,0,"Tak, tryb uproszczony",0,"Tak, tryb uproszczony",True,0.95,386.8,2.3856e-05,
Jev 1.13 raw (order 1 only),ADM05,administracja,noul,False,True,True,1,"Nie, to sprawa własna wnioskodawcy",1,"Nie, to sprawa własna wnioskodawcy",True,0.95,272.9,2.1168e-05,
Jev 1.13 raw (order 1 only),ADM06,administracja,noul,False,False,True,0,"Tak, przekazać dyżurnemu",0,"Tak, przekazać dyżurnemu",True,0.94,357.8,1.9446e-05,
Jev 1.13 raw (order 1 only),ADM07,administracja,noul,False,True,True,1,"Nie, sprawa toczy się dalej",1,"Nie, sprawa toczy się dalej",True,0.97,302.1,1.9992e-05,
Jev 1.13 raw (order 1 only),ADM08,administracja,noul,False,False,True,1,"Nie, brakuje załącznika",1,"Nie, brakuje załącznika",True,0.9,264.2,1.7934e-05,
Jev 1.13 raw (order 1 only),ADM09,administracja,choice,False,False,True,2,"Wydział Komunikacji - rejestracja pojazdów, prawa jazdy",2,"Wydział Komunikacji - rejestracja pojazdów, prawa jazdy",True,1.0,288.1,2.3352e-05,
Jev 1.13 raw (order 1 only),ADM10,administracja,choice,False,True,True,0,"Skarga - zarzut wobec działania urzędu lub pracownika (przewlekłość, zaniedbanie, niewłaściwe zachowanie)",0,"Skarga - zarzut wobec działania urzędu lub pracownika (przewlekłość, zaniedbanie, niewłaściwe zachowanie)",True,1.0,322.4,2.7048e-05,
Jev 1.13 raw (order 1 only),ADM11,administracja,choice,False,False,True,1,Wniosek - propozycja usprawnienia pracy urzędu lub lepszego zaspokajania potrzeb mieszkańców,1,Wniosek - propozycja usprawnienia pracy urzędu lub lepszego zaspokajania potrzeb mieszkańców,True,1.0,399.2,2.3352e-05,
Jev 1.13 raw (order 1 only),ADM12,administracja,choice,True,False,True,2,Zgłoszenie uproszczone,2,Zgłoszenie uproszczone,True,0.97,270.6,2.6208e-05,
Jev 1.13 raw (order 1 only),ADM13,administracja,choice,False,True,True,3,"Zarząd Dróg Miejskich - nawierzchnia ulic i chodników, oznakowanie, sygnalizacja",3,"Zarząd Dróg Miejskich - nawierzchnia ulic i chodników, oznakowanie, sygnalizacja",True,1.0,313.4,2.2176e-05,
Jev 1.13 raw (order 1 only),ADM14,administracja,choice,False,False,True,4,Przygotowanie zawarcia małżeństwa (ślub cywilny),4,Przygotowanie zawarcia małżeństwa (ślub cywilny),True,1.0,300.1,2.0832e-05,
Jev 1.13 raw (order 1 only),ADM15,administracja,score,False,False,True,1,2 - zwykły tryb,1,2 - zwykły tryb,True,0.99,274.2,2.5326e-05,
Jev 1.13 raw (order 1 only),ADM16,administracja,score,False,False,True,2,3 - termin w ciągu 7 dni,2,3 - termin w ciągu 7 dni,True,0.99,296.2,2.5284e-05,
Jev 1.13 raw (order 1 only),ADM17,administracja,score,False,False,True,3,"4 - zagrożenie, reakcja dziś",3,"4 - zagrożenie, reakcja dziś",True,1.0,260.2,2.5284e-05,
Jev 1.13 raw (order 1 only),LAW01,kancelaria,noul,True,True,True,0,"Tak, w terminie",0,"Tak, w terminie",True,0.86,314.4,2.121e-05,
Jev 1.13 raw (order 1 only),LAW02,kancelaria,noul,True,True,True,1,"Nie, roszczenie nie jest jeszcze przedawnione",0,"Tak, roszczenie jest przedawnione",False,0.73,278.7,2.2932e-05,
Jev 1.13 raw (order 1 only),LAW03,kancelaria,noul,True,False,True,1,"Nie, nie może przyjąć",1,"Nie, nie może przyjąć",True,0.81,267.2,2.4444e-05,
Jev 1.13 raw (order 1 only),LAW04,kancelaria,noul,True,False,True,1,"Nie, poza pakietem",1,"Nie, poza pakietem",True,0.89,274.8,2.3814e-05,
Jev 1.13 raw (order 1 only),LAW05,kancelaria,noul,False,False,True,0,"Tak, kontakt jeszcze dziś",0,"Tak, kontakt jeszcze dziś",True,0.95,278.5,1.8018e-05,
Jev 1.13 raw (order 1 only),LAW06,kancelaria,noul,False,True,True,1,"Nie, porada lub opinia",1,"Nie, porada lub opinia",True,0.97,266.1,1.8228e-05,
Jev 1.13 raw (order 1 only),LAW07,kancelaria,noul,False,False,True,0,"Tak, dane są kompletne",0,"Tak, dane są kompletne",True,0.97,257.8,1.8312e-05,
Jev 1.13 raw (order 1 only),LAW08,kancelaria,noul,False,True,True,0,"Tak, sprawa pracownicza",0,"Tak, sprawa pracownicza",True,0.97,281.5,1.8018e-05,
Jev 1.13 raw (order 1 only),LAW09,kancelaria,choice,False,False,True,5,"Spadkowa - nabycie spadku, testament, zachowek, dział spadku",5,"Spadkowa - nabycie spadku, testament, zachowek, dział spadku",True,1.0,286.0,2.7384e-05,
Jev 1.13 raw (order 1 only),LAW10,kancelaria,choice,False,False,True,2,Gospodarcza - spór między przedsiębiorcami związany z ich działalnością,2,Gospodarcza - spór między przedsiębiorcami związany z ich działalnością,True,1.0,311.5,2.9358e-05,
Jev 1.13 raw (order 1 only),LAW11,kancelaria,choice,False,False,True,0,"Rodzinna - rozwód, separacja, alimenty, kontakty z dzieckiem, władza rodzicielska",0,"Rodzinna - rozwód, separacja, alimenty, kontakty z dzieckiem, władza rodzicielska",True,1.0,290.6,2.751e-05,
Jev 1.13 raw (order 1 only),LAW12,kancelaria,choice,False,False,True,3,"Karna - postępowanie karne lub wykroczeniowe (klient podejrzany, oskarżony lub pokrzywdzony)",3,"Karna - postępowanie karne lub wykroczeniowe (klient podejrzany, oskarżony lub pokrzywdzony)",True,1.0,366.9,2.7678e-05,
Jev 1.13 raw (order 1 only),LAW13,kancelaria,choice,False,False,True,4,"Nieruchomości - własność, granice działek, służebności, zasiedzenie, obrót nieruchomościami",4,"Nieruchomości - własność, granice działek, służebności, zasiedzenie, obrót nieruchomościami",True,1.0,309.1,2.7888e-05,
Jev 1.13 raw (order 1 only),LAW14,kancelaria,choice,True,True,True,2,Pro bono,2,Pro bono,True,0.7,282.7,2.457e-05,
Jev 1.13 raw (order 1 only),LAW15,kancelaria,score,False,False,True,0,1 - brak terminu,0,1 - brak terminu,True,1.0,331.7,2.2554e-05,
Jev 1.13 raw (order 1 only),LAW16,kancelaria,score,False,False,True,2,3 - termin za 3-14 dni,2,3 - termin za 3-14 dni,True,0.98,263.3,2.3478e-05,
Jev 1.13 raw (order 1 only),LAW17,kancelaria,score,False,False,True,1,2 - termin za ponad 14 dni,1,2 - termin za ponad 14 dni,True,0.99,330.8,2.331e-05,
Jev 1.13 raw (order 1 only),HR01,hr,noul,True,True,True,0,"Tak, spełnia wymagania",0,"Tak, spełnia wymagania",True,0.8,300.5,2.2428e-05,
Jev 1.13 raw (order 1 only),HR02,hr,noul,True,True,True,1,"Nie, nie spełnia wymogu",1,"Nie, nie spełnia wymogu",True,0.93,287.7,1.995e-05,
Jev 1.13 raw (order 1 only),HR03,hr,noul,True,False,True,0,"Tak, spełnia zasady",0,"Tak, spełnia zasady",True,0.92,302.3,2.1252e-05,
Jev 1.13 raw (order 1 only),HR04,hr,noul,True,True,True,0,"Tak, eskalować",0,"Tak, eskalować",True,0.93,333.8,2.2722e-05,
Jev 1.13 raw (order 1 only),HR05,hr,noul,False,True,True,1,"Nie, to nie jest rezygnacja",1,"Nie, to nie jest rezygnacja",True,0.97,274.4,1.8018e-05,
Jev 1.13 raw (order 1 only),HR06,hr,noul,False,False,True,1,"Nie, tylko obecna rekrutacja",1,"Nie, tylko obecna rekrutacja",True,0.95,305.3,1.8354e-05,
Jev 1.13 raw (order 1 only),HR07,hr,noul,False,False,True,0,"Tak, problem ze sprzętem",0,"Tak, problem ze sprzętem",True,0.99,264.3,1.7892e-05,
Jev 1.13 raw (order 1 only),HR08,hr,noul,False,True,True,1,"Nie, to nie jest zgłoszenie mobbingu",1,"Nie, to nie jest zgłoszenie mobbingu",True,0.87,249.9,1.8438e-05,
Jev 1.13 raw (order 1 only),HR09,hr,choice,False,False,True,1,"Wynagrodzenie - wypłata, dodatki, premie, potrącenia, PIT",1,"Wynagrodzenie - wypłata, dodatki, premie, potrącenia, PIT",True,1.0,283.7,2.478e-05,
Jev 1.13 raw (order 1 only),HR10,hr,choice,False,False,True,2,"BHP - warunki bezpieczeństwa i higieny pracy, środki ochrony, wypadki",2,"BHP - warunki bezpieczeństwa i higieny pracy, środki ochrony, wypadki",True,1.0,285.5,2.4906e-05,
Jev 1.13 raw (order 1 only),HR11,hr,choice,False,False,True,0,"Urlop - wnioski i pytania o urlop wypoczynkowy, okolicznościowy lub na żądanie",0,"Urlop - wnioski i pytania o urlop wypoczynkowy, okolicznościowy lub na żądanie",True,1.0,275.6,2.394e-05,
Jev 1.13 raw (order 1 only),HR12,hr,choice,False,False,True,4,"Sprzęt i dostępy - laptop, telefon, konta w systemach, karta wejściowa",4,"Sprzęt i dostępy - laptop, telefon, konta w systemach, karta wejściowa",True,1.0,297.5,2.436e-05,
Jev 1.13 raw (order 1 only),HR13,hr,choice,False,False,True,5,"Benefity - karta sportowa, pakiet medyczny, świadczenia socjalne",5,"Benefity - karta sportowa, pakiet medyczny, świadczenia socjalne",True,1.0,287.2,2.478e-05,
Jev 1.13 raw (order 1 only),HR14,hr,choice,True,False,True,1,Rozmowa z dyrektorem,1,Rozmowa z dyrektorem,True,0.44,275.8,2.6334e-05,
Jev 1.13 raw (order 1 only),HR15,hr,score,False,False,True,1,2 - standardowy,1,2 - standardowy,True,1.0,286.4,2.4066e-05,
Jev 1.13 raw (order 1 only),HR16,hr,score,False,False,True,3,4 - krytyczny (przemoc lub zagrożenie),3,4 - krytyczny (przemoc lub zagrożenie),True,1.0,321.8,2.4612e-05,
Jev 1.13 raw (order 1 only),HR17,hr,score,False,False,True,2,3 - wysoki (wypłata lub termin do 3 dni),2,3 - wysoki (wypłata lub termin do 3 dni),True,1.0,364.6,2.373e-05,
Jev 1.13 raw (order 1 only),MED01,przychodnia,noul,True,True,True,0,"Tak, skierowanie jest ważne",0,"Tak, skierowanie jest ważne",True,0.92,340.3,2.7048e-05,
Jev 1.13 raw (order 1 only),MED02,przychodnia,noul,True,False,True,1,"Nie, nie można przyjąć",1,"Nie, nie można przyjąć",True,0.69,484.9,2.4948e-05,
Jev 1.13 raw (order 1 only),MED03,przychodnia,noul,True,True,True,1,"Nie, nie można wydać",0,"Tak, można wydać",False,0.58,372.6,2.1462e-05,
Jev 1.13 raw (order 1 only),MED04,przychodnia,noul,True,False,True,0,"Tak, można zarejestrować na teleporadę",0,"Tak, można zarejestrować na teleporadę",True,0.82,281.2,2.2932e-05,
Jev 1.13 raw (order 1 only),MED05,przychodnia,noul,False,False,True,0,"Tak, zmiana terminu",0,"Tak, zmiana terminu",True,0.98,286.2,1.7934e-05,
Jev 1.13 raw (order 1 only),MED06,przychodnia,noul,False,True,True,1,"Nie, zgłoszenie niealarmowe",1,"Nie, zgłoszenie niealarmowe",True,0.98,283.4,2.0118e-05,
Jev 1.13 raw (order 1 only),MED07,przychodnia,noul,False,True,True,0,"Tak, wydanie dokumentu",0,"Tak, wydanie dokumentu",True,0.98,265.7,1.764e-05,
Jev 1.13 raw (order 1 only),MED08,przychodnia,noul,False,False,True,1,"Nie, brakuje dokumentu",1,"Nie, brakuje dokumentu",True,0.94,285.9,1.848e-05,
Jev 1.13 raw (order 1 only),MED09,przychodnia,choice,False,False,True,2,"Gabinet zabiegowy - zastrzyki, pobrania krwi, opatrunki na zlecenie lekarza",2,"Gabinet zabiegowy - zastrzyki, pobrania krwi, opatrunki na zlecenie lekarza",True,1.0,376.4,2.4066e-05,
Jev 1.13 raw (order 1 only),MED10,przychodnia,choice,False,True,True,3,Punkt szczepień - zapisy na szczepienia,3,Punkt szczepień - zapisy na szczepienia,True,1.0,409.2,2.4654e-05,
Jev 1.13 raw (order 1 only),MED11,przychodnia,choice,False,False,True,1,Poradnia specjalistyczna - wizyta u specjalisty na skierowanie,1,Poradnia specjalistyczna - wizyta u specjalisty na skierowanie,True,1.0,257.8,2.3856e-05,
Jev 1.13 raw (order 1 only),MED12,przychodnia,choice,False,False,True,4,"Dział dokumentacji medycznej - kopie dokumentacji, zaświadczenia, wydruki wyników",4,"Dział dokumentacji medycznej - kopie dokumentacji, zaświadczenia, wydruki wyników",True,1.0,323.5,2.4276e-05,
Jev 1.13 raw (order 1 only),MED13,przychodnia,choice,True,False,True,1,Przyjęcie poza kolejnością,1,Przyjęcie poza kolejnością,True,1.0,359.8,2.2344e-05,
Jev 1.13 raw (order 1 only),MED14,przychodnia,choice,False,False,True,0,"Rejestracja POZ - wizyta u lekarza rodzinnego, bez skierowania",0,"Rejestracja POZ - wizyta u lekarza rodzinnego, bez skierowania",True,1.0,272.2,2.4402e-05,
Jev 1.13 raw (order 1 only),MED15,przychodnia,score,False,False,True,1,2 - planowy (termin do 14 dni),1,2 - planowy (termin do 14 dni),True,0.95,267.5,2.835e-05,
Jev 1.13 raw (order 1 only),MED16,przychodnia,score,False,False,True,2,3 - pilny (wizyta dziś),2,3 - pilny (wizyta dziś),True,0.99,284.5,2.8014e-05,
Jev 1.13 raw (order 1 only),MED17,przychodnia,score,False,False,True,3,4 - alarmowy (zadzwonić na 112),3,4 - alarmowy (zadzwonić na 112),True,1.0,302.0,2.9526e-05,
Jev 1.13 raw (order 1 only),INS01,ubezpieczenia,noul,True,True,True,1,"Nie, zdarzenie nastąpiło w okresie karencji",1,"Nie, zdarzenie nastąpiło w okresie karencji",True,0.55,261.5,2.5032e-05,
Jev 1.13 raw (order 1 only),INS02,ubezpieczenia,noul,True,False,True,0,"Tak, odszkodowanie zostanie wypłacone",0,"Tak, odszkodowanie zostanie wypłacone",True,0.95,353.7,2.31e-05,
Jev 1.13 raw (order 1 only),INS03,ubezpieczenia,noul,True,True,True,0,"Tak, koszty zostaną pokryte",0,"Tak, koszty zostaną pokryte",True,0.83,317.8,2.7804e-05,
Jev 1.13 raw (order 1 only),INS04,ubezpieczenia,noul,True,False,True,1,"Nie, potrzebne oględziny",1,"Nie, potrzebne oględziny",True,0.92,342.7,2.4696e-05,
Jev 1.13 raw (order 1 only),INS05,ubezpieczenia,noul,False,True,True,0,"Tak, to odwołanie od decyzji",0,"Tak, to odwołanie od decyzji",True,0.97,759.4,2.0958e-05,
Jev 1.13 raw (order 1 only),INS06,ubezpieczenia,noul,True,False,True,1,"Nie, nie kierować do weryfikacji",0,"Tak, skierować do weryfikacji",False,0.65,290.2,2.625e-05,
Jev 1.13 raw (order 1 only),INS07,ubezpieczenia,noul,False,False,True,1,"Nie, to pytanie o szkodę już zgłoszoną",1,"Nie, to pytanie o szkodę już zgłoszoną",True,0.97,341.3,1.8942e-05,
Jev 1.13 raw (order 1 only),INS08,ubezpieczenia,noul,False,False,True,0,"Tak, wypowiadają umowę",0,"Tak, wypowiadają umowę",True,0.98,345.4,1.9866e-05,
Jev 1.13 raw (order 1 only),INS09,ubezpieczenia,choice,False,True,True,3,OC w życiu prywatnym - szkoda wyrządzona osobie trzeciej przez ubezpieczonego lub jego domownika poza ruchem pojazdów,3,OC w życiu prywatnym - szkoda wyrządzona osobie trzeciej przez ubezpieczonego lub jego domownika poza ruchem pojazdów,True,1.0,276.1,2.5914e-05,
Jev 1.13 raw (order 1 only),INS10,ubezpieczenia,choice,False,False,True,4,"Turystyczna - zdarzenie w podróży zagranicznej (koszty leczenia, bagaż, opóźnienie lotu)",4,"Turystyczna - zdarzenie w podróży zagranicznej (koszty leczenia, bagaż, opóźnienie lotu)",True,1.0,416.2,2.583e-05,
Jev 1.13 raw (order 1 only),INS11,ubezpieczenia,choice,False,False,True,2,Uzupełnienie dokumentów do szkody już prowadzonej,2,Uzupełnienie dokumentów do szkody już prowadzonej,True,0.99,321.6,2.0916e-05,
Jev 1.13 raw (order 1 only),INS12,ubezpieczenia,choice,False,False,True,1,"Serwisowy - naprawa w warsztacie, który rozlicza się bezpośrednio z ubezpieczycielem na podstawie faktury",1,"Serwisowy - naprawa w warsztacie, który rozlicza się bezpośrednio z ubezpieczycielem na podstawie faktury",True,1.0,368.9,2.1084e-05,
Jev 1.13 raw (order 1 only),INS13,ubezpieczenia,choice,False,False,True,0,"Przepięcie - uszkodzenie urządzeń elektrycznych przez nagły wzrost napięcia, np. po wyładowaniu atmosferycznym",0,"Przepięcie - uszkodzenie urządzeń elektrycznych przez nagły wzrost napięcia, np. po wyładowaniu atmosferycznym",True,1.0,316.0,2.5242e-05,
Jev 1.13 raw (order 1 only),INS14,ubezpieczenia,score,False,True,True,0,1 - rutynowa,0,1 - rutynowa,True,1.0,340.4,2.5746e-05,
Jev 1.13 raw (order 1 only),INS15,ubezpieczenia,score,False,False,True,2,3 - pilna,2,3 - pilna,True,0.99,392.9,2.5368e-05,
Jev 1.13 raw (order 1 only),INS16,ubezpieczenia,score,False,False,True,1,2 - standardowa,1,2 - standardowa,True,0.99,261.0,2.4024e-05,
Jev 1.13 raw (order 1 only),INS17,ubezpieczenia,score,False,False,True,3,4 - natychmiastowa,3,4 - natychmiastowa,True,1.0,309.1,2.5242e-05,
Jev 1.13 raw (order 1 only),BNK01,bank_aml,noul,True,False,True,1,"Nie, nie wymaga weryfikacji",1,"Nie, nie wymaga weryfikacji",True,0.88,280.9,2.9736e-05,
Jev 1.13 raw (order 1 only),BNK02,bank_aml,noul,True,True,True,0,"Tak, wymaga weryfikacji",0,"Tak, wymaga weryfikacji",True,0.81,274.8,3.0576e-05,
Jev 1.13 raw (order 1 only),BNK03,bank_aml,noul,True,True,True,0,"Tak, spełnia kryteria",0,"Tak, spełnia kryteria",True,0.86,313.6,2.6334e-05,
Jev 1.13 raw (order 1 only),BNK04,bank_aml,noul,True,False,True,1,"Nie, nie spełnia kryteriów",0,"Tak, spełnia kryteria",False,0.62,324.7,2.7132e-05,
Jev 1.13 raw (order 1 only),BNK05,bank_aml,noul,True,False,True,1,"Nie, jeszcze nie można przyjąć reklamacji",0,"Tak, można przyjąć reklamację",False,0.77,270.4,2.3058e-05,
Jev 1.13 raw (order 1 only),BNK06,bank_aml,noul,False,False,True,0,"Tak, zgłasza transakcję nieautoryzowaną",0,"Tak, zgłasza transakcję nieautoryzowaną",True,0.98,352.8,1.8354e-05,
Jev 1.13 raw (order 1 only),BNK07,bank_aml,noul,False,True,True,0,"Tak, występuje taki sygnał",0,"Tak, występuje taki sygnał",True,0.98,294.7,2.1672e-05,
Jev 1.13 raw (order 1 only),BNK08,bank_aml,noul,False,True,True,1,"Nie, nie prosi o zastrzeżenie",1,"Nie, nie prosi o zastrzeżenie",True,0.97,349.4,1.827e-05,
Jev 1.13 raw (order 1 only),BNK09,bank_aml,choice,False,True,True,4,"Bankowość elektroniczna - logowanie, aplikacja mobilna, hasła, autoryzacja w aplikacji, powiadomienia",4,"Bankowość elektroniczna - logowanie, aplikacja mobilna, hasła, autoryzacja w aplikacji, powiadomienia",True,1.0,338.7,2.6418e-05,
Jev 1.13 raw (order 1 only),BNK10,bank_aml,choice,False,False,True,2,"Reklamacje transakcji - kwestionowanie konkretnej transakcji (podwójne obciążenie, zła kwota, nieautoryzowana, niezrealizowana usługa)",2,"Reklamacje transakcji - kwestionowanie konkretnej transakcji (podwójne obciążenie, zła kwota, nieautoryzowana, niezrealizowana usługa)",True,1.0,305.8,2.5494e-05,
Jev 1.13 raw (order 1 only),BNK11,bank_aml,choice,False,False,True,1,"Kredyty - wnioski kredytowe, raty, harmonogram, wcześniejsza spłata",1,"Kredyty - wnioski kredytowe, raty, harmonogram, wcześniejsza spłata",True,1.0,302.6,2.5914e-05,
Jev 1.13 raw (order 1 only),BNK12,bank_aml,choice,False,False,True,3,"Konto - otwarcie i zamknięcie rachunku, opłaty za prowadzenie, wyciągi, pełnomocnictwa",3,"Konto - otwarcie i zamknięcie rachunku, opłaty za prowadzenie, wyciągi, pełnomocnictwa",True,1.0,292.2,2.5242e-05,
Jev 1.13 raw (order 1 only),BNK13,bank_aml,choice,False,False,True,0,"Karty - wydanie, blokada, zastrzeżenie, limity, PIN, wznowienie karty",0,"Karty - wydanie, blokada, zastrzeżenie, limity, PIN, wznowienie karty",True,1.0,314.6,2.478e-05,
Jev 1.13 raw (order 1 only),BNK14,bank_aml,score,False,False,True,0,1 - niski,0,1 - niski,True,1.0,307.7,2.7468e-05,
Jev 1.13 raw (order 1 only),BNK15,bank_aml,score,False,False,True,1,2 - średni,1,2 - średni,True,0.99,319.0,2.7216e-05,
Jev 1.13 raw (order 1 only),BNK16,bank_aml,score,False,False,True,2,3 - podwyższony,2,3 - podwyższony,True,0.99,295.9,2.814e-05,
Jev 1.13 raw (order 1 only),BNK17,bank_aml,score,False,False,True,3,4 - wysoki,3,4 - wysoki,True,1.0,267.7,2.7258e-05,
Jev 1.13 raw (order 1 only),LOG01,logistyka,noul,True,True,True,1,"Nie, odszkodowanie nie przysługuje",0,"Tak, odszkodowanie przysługuje",False,0.57,370.6,2.373e-05,
Jev 1.13 raw (order 1 only),LOG02,logistyka,noul,True,True,True,0,"Tak, bezpłatne ponowne doręczenie przysługuje",0,"Tak, bezpłatne ponowne doręczenie przysługuje",True,0.85,310.8,2.6544e-05,
Jev 1.13 raw (order 1 only),LOG03,logistyka,noul,True,False,True,1,"Nie, dokumentacja nie jest kompletna",1,"Nie, dokumentacja nie jest kompletna",True,0.94,311.1,2.352e-05,
Jev 1.13 raw (order 1 only),LOG04,logistyka,noul,True,False,True,0,"Tak, odszkodowanie przysługuje",0,"Tak, odszkodowanie przysługuje",True,0.95,280.4,2.541e-05,
Jev 1.13 raw (order 1 only),LOG05,logistyka,noul,True,False,True,1,"Nie, jeszcze nie uruchamiać",1,"Nie, jeszcze nie uruchamiać",True,0.68,369.2,2.3142e-05,
Jev 1.13 raw (order 1 only),LOG06,logistyka,noul,False,False,True,0,"Tak, odmówił przyjęcia",0,"Tak, odmówił przyjęcia",True,0.98,274.0,1.7808e-05,
Jev 1.13 raw (order 1 only),LOG07,logistyka,noul,False,True,True,0,"Tak, prosi o zmianę adresu",0,"Tak, prosi o zmianę adresu",True,0.97,286.5,1.9572e-05,
Jev 1.13 raw (order 1 only),LOG08,logistyka,noul,False,True,True,1,"Nie, zawartość nie jest uszkodzona",1,"Nie, zawartość nie jest uszkodzona",True,0.95,300.9,1.8522e-05,
Jev 1.13 raw (order 1 only),LOG09,logistyka,choice,False,False,True,2,"Błędny adres - przesyłki nie da się doręczyć lub trafiła gdzie indziej, bo adres na etykiecie jest błędny lub niepełny",2,"Błędny adres - przesyłki nie da się doręczyć lub trafiła gdzie indziej, bo adres na etykiecie jest błędny lub niepełny",True,1.0,322.2,2.6334e-05,
Jev 1.13 raw (order 1 only),LOG10,logistyka,choice,False,False,True,1,"Opóźnienie - przesyłka jest w drodze lub dotarła, ale po obiecanym terminie; jej położenie jest znane",1,"Opóźnienie - przesyłka jest w drodze lub dotarła, ale po obiecanym terminie; jej położenie jest znane",True,1.0,326.6,2.499e-05,
Jev 1.13 raw (order 1 only),LOG11,logistyka,choice,False,True,True,3,"Zaginięcie - przewoźnik nie wie, gdzie jest przesyłka (brak skanów, nie odnaleziono jej w magazynie)",3,"Zaginięcie - przewoźnik nie wie, gdzie jest przesyłka (brak skanów, nie odnaleziono jej w magazynie)",True,1.0,289.0,2.5998e-05,
Jev 1.13 raw (order 1 only),LOG12,logistyka,choice,False,False,True,0,"Uszkodzenie - przesyłka dotarła, ale zawartość lub opakowanie są uszkodzone",0,"Uszkodzenie - przesyłka dotarła, ale zawartość lub opakowanie są uszkodzone",True,1.0,260.7,2.6124e-05,
Jev 1.13 raw (order 1 only),LOG13,logistyka,choice,False,False,True,4,Odmowa przyjęcia - odbiorca nie przyjął przesyłki od kuriera,4,Odmowa przyjęcia - odbiorca nie przyjął przesyłki od kuriera,True,1.0,323.0,2.5956e-05,
Jev 1.13 raw (order 1 only),LOG14,logistyka,score,False,False,True,0,1 - niski,0,1 - niski,True,1.0,292.8,2.415e-05,
Jev 1.13 raw (order 1 only),LOG15,logistyka,score,False,False,True,2,3 - wysoki,2,3 - wysoki,True,0.99,519.8,2.4654e-05,
Jev 1.13 raw (order 1 only),LOG16,logistyka,score,False,False,True,1,2 - normalny,1,2 - normalny,True,0.75,310.2,2.3856e-05,
Jev 1.13 raw (order 1 only),LOG17,logistyka,score,False,False,True,3,4 - krytyczny,3,4 - krytyczny,True,1.0,320.8,2.457e-05,
Jev 1.13 raw (order 1 only),ITS01,it_security,noul,True,True,True,0,"Tak, można zatwierdzić",0,"Tak, można zatwierdzić",True,0.71,273.0,2.205e-05,
Jev 1.13 raw (order 1 only),ITS02,it_security,noul,True,False,True,1,"Nie, nie można nadać",1,"Nie, nie można nadać",True,0.64,277.1,2.31e-05,
Jev 1.13 raw (order 1 only),ITS03,it_security,noul,True,False,True,1,"Nie, nie można zatwierdzić",1,"Nie, nie można zatwierdzić",True,0.73,284.1,2.1378e-05,
Jev 1.13 raw (order 1 only),ITS04,it_security,noul,True,False,True,0,"Tak, wyłączyć konto",0,"Tak, wyłączyć konto",True,0.94,292.4,1.848e-05,
Jev 1.13 raw (order 1 only),ITS05,it_security,noul,True,False,True,1,"Nie, wymaga przeglądu bezpieczeństwa",1,"Nie, wymaga przeglądu bezpieczeństwa",True,0.93,273.3,2.079e-05,
Jev 1.13 raw (order 1 only),ITS06,it_security,noul,False,True,True,1,"Nie, to nie jest phishing",1,"Nie, to nie jest phishing",True,0.94,301.5,2.3814e-05,
Jev 1.13 raw (order 1 only),ITS07,it_security,noul,False,True,True,0,"Tak, to phishing",0,"Tak, to phishing",True,0.84,267.5,2.6292e-05,
Jev 1.13 raw (order 1 only),ITS08,it_security,noul,False,False,True,0,"Tak, to phishing",0,"Tak, to phishing",True,0.96,298.9,2.0874e-05,
Jev 1.13 raw (order 1 only),ITS09,it_security,choice,False,True,True,4,"Bezpieczeństwo - podejrzenie incydentu: kliknięty podejrzany link, podane hasło oszustowi, złośliwe oprogramowanie, utrata urządzenia, podejrzana aktywność konta",4,"Bezpieczeństwo - podejrzenie incydentu: kliknięty podejrzany link, podane hasło oszustowi, złośliwe oprogramowanie, utrata urządzenia, podejrzana aktywność konta",True,1.0,263.4,2.7636e-05,
Jev 1.13 raw (order 1 only),ITS10,it_security,choice,False,False,True,3,"Sieć - brak połączenia z internetem, Wi-Fi, VPN, wolne łącze",3,"Sieć - brak połączenia z internetem, Wi-Fi, VPN, wolne łącze",True,1.0,296.6,2.6502e-05,
Jev 1.13 raw (order 1 only),ITS11,it_security,choice,False,False,True,2,"Oprogramowanie - instalacja, aktualizacja lub błędy działania aplikacji",2,"Oprogramowanie - instalacja, aktualizacja lub błędy działania aplikacji",True,1.0,290.9,2.6418e-05,
Jev 1.13 raw (order 1 only),ITS12,it_security,choice,False,False,True,0,"Dostęp - konta, hasła, uprawnienia do systemów i folderów",0,"Dostęp - konta, hasła, uprawnienia do systemów i folderów",True,1.0,271.0,2.7006e-05,
Jev 1.13 raw (order 1 only),ITS13,it_security,choice,False,False,True,1,"Sprzęt - fizyczne urządzenia (komputer, monitor, drukarka, telefon): awaria lub wymiana",1,"Sprzęt - fizyczne urządzenia (komputer, monitor, drukarka, telefon): awaria lub wymiana",True,1.0,357.5,2.604e-05,
Jev 1.13 raw (order 1 only),ITS14,it_security,score,False,True,True,0,P4 - niski,0,P4 - niski,True,0.55,395.3,2.2974e-05,
Jev 1.13 raw (order 1 only),ITS15,it_security,score,False,False,True,2,P2 - wysoki,2,P2 - wysoki,True,1.0,294.8,2.3352e-05,
Jev 1.13 raw (order 1 only),ITS16,it_security,score,False,False,True,1,P3 - średni,1,P3 - średni,True,0.99,288.3,2.3646e-05,
Jev 1.13 raw (order 1 only),ITS17,it_security,score,False,False,True,3,P1 - krytyczny,3,P1 - krytyczny,True,0.99,269.6,2.3184e-05,
Jev 1.13 raw (order 1 only),MFG01,produkcja,noul,True,True,True,1,"Nie, partię należy zwolnić",1,"Nie, partię należy zwolnić",True,0.93,275.3,2.1126e-05,
Jev 1.13 raw (order 1 only),MFG02,produkcja,noul,True,True,True,0,"Tak, partię należy wstrzymać",0,"Tak, partię należy wstrzymać",True,0.58,266.7,2.5158e-05,
Jev 1.13 raw (order 1 only),MFG03,produkcja,noul,True,False,True,0,"Tak, należy otworzyć 8D",0,"Tak, należy otworzyć 8D",True,0.71,260.1,2.1042e-05,
Jev 1.13 raw (order 1 only),MFG04,produkcja,noul,True,False,True,0,"Tak, w terminie",0,"Tak, w terminie",True,0.58,274.1,2.1714e-05,
Jev 1.13 raw (order 1 only),MFG05,produkcja,noul,True,True,True,0,"Tak, partię należy wstrzymać",0,"Tak, partię należy wstrzymać",True,0.97,270.4,1.9236e-05,
Jev 1.13 raw (order 1 only),MFG06,produkcja,noul,False,False,True,1,"Nie, to nie jest niezgodność wyrobu",1,"Nie, to nie jest niezgodność wyrobu",True,0.95,300.9,1.9194e-05,
Jev 1.13 raw (order 1 only),MFG07,produkcja,noul,False,False,True,1,"Nie, to nie jest reklamacja",1,"Nie, to nie jest reklamacja",True,0.94,292.4,1.8774e-05,
Jev 1.13 raw (order 1 only),MFG08,produkcja,noul,False,False,True,1,"Nie, jest poza tolerancją",1,"Nie, jest poza tolerancją",True,0.84,272.5,1.743e-05,
Jev 1.13 raw (order 1 only),MFG09,produkcja,choice,False,False,True,1,Powierzchniowa,1,Powierzchniowa,True,1.0,270.1,2.5746e-05,
Jev 1.13 raw (order 1 only),MFG10,produkcja,choice,False,False,True,4,Dokumentacyjna,4,Dokumentacyjna,True,1.0,288.0,2.688e-05,
Jev 1.13 raw (order 1 only),MFG11,produkcja,choice,False,False,True,3,Montażowa,3,Montażowa,True,1.0,287.0,2.5662e-05,
Jev 1.13 raw (order 1 only),MFG12,produkcja,choice,False,True,True,2,Materiałowa,2,Materiałowa,True,1.0,293.4,2.7636e-05,
Jev 1.13 raw (order 1 only),MFG13,produkcja,choice,False,False,True,0,Wymiarowa,0,Wymiarowa,True,1.0,304.4,2.646e-05,
Jev 1.13 raw (order 1 only),MFG14,produkcja,score,False,False,True,0,1 - kosmetyczna,0,1 - kosmetyczna,True,0.82,369.0,2.2344e-05,
Jev 1.13 raw (order 1 only),MFG15,produkcja,score,False,False,True,1,2 - mała,1,2 - mała,True,0.98,284.3,2.2176e-05,
Jev 1.13 raw (order 1 only),MFG16,produkcja,score,False,False,True,2,3 - poważna,2,3 - poważna,True,0.98,346.4,2.2806e-05,
Jev 1.13 raw (order 1 only),MFG17,produkcja,score,False,True,True,3,4 - krytyczna,3,4 - krytyczna,True,0.98,300.0,2.268e-05,
Jev 1.13 raw (order 1 only),EDU01,uczelnia,noul,True,False,True,1,"Nie, po terminie",0,"Tak, w terminie",False,0.83,400.7,2.1756e-05,
Jev 1.13 raw (order 1 only),EDU02,uczelnia,noul,True,True,True,0,"Tak, spełnia warunki",0,"Tak, spełnia warunki",True,0.98,414.9,2.1672e-05,
Jev 1.13 raw (order 1 only),EDU03,uczelnia,noul,True,False,True,1,"Nie, nie spełnia kryterium",0,"Tak, spełnia kryterium",False,0.52,345.9,1.9656e-05,
Jev 1.13 raw (order 1 only),EDU04,uczelnia,noul,True,False,True,0,"Tak, wniosek jest kompletny",0,"Tak, wniosek jest kompletny",True,0.96,266.3,2.1672e-05,
Jev 1.13 raw (order 1 only),EDU05,uczelnia,noul,True,False,True,1,"Nie, wznowienie nie jest możliwe",1,"Nie, wznowienie nie jest możliwe",True,0.92,362.6,2.0412e-05,
Jev 1.13 raw (order 1 only),EDU06,uczelnia,noul,False,True,True,0,"Tak, prosi o przedłużenie",0,"Tak, prosi o przedłużenie",True,0.98,273.4,1.89e-05,
Jev 1.13 raw (order 1 only),EDU07,uczelnia,noul,False,False,True,0,"Tak, zgłasza błąd wpisu",0,"Tak, zgłasza błąd wpisu",True,0.98,309.7,1.932e-05,
Jev 1.13 raw (order 1 only),EDU08,uczelnia,noul,False,False,True,1,"Nie, to nie jest skarga",1,"Nie, to nie jest skarga",True,0.98,270.7,1.8144e-05,
Jev 1.13 raw (order 1 only),EDU09,uczelnia,choice,False,False,True,1,Wznowienie studiów,1,Wznowienie studiów,True,1.0,287.1,2.4612e-05,
Jev 1.13 raw (order 1 only),EDU10,uczelnia,choice,False,True,True,4,Warunkowy wpis,4,Warunkowy wpis,True,1.0,271.2,2.4696e-05,
Jev 1.13 raw (order 1 only),EDU11,uczelnia,choice,False,False,True,2,Zmiana promotora,2,Zmiana promotora,True,1.0,316.5,2.4234e-05,
Jev 1.13 raw (order 1 only),EDU12,uczelnia,choice,False,False,True,3,Przeniesienie,3,Przeniesienie,True,1.0,332.0,2.4696e-05,
Jev 1.13 raw (order 1 only),EDU13,uczelnia,choice,False,False,True,0,Urlop dziekański,0,Urlop dziekański,True,1.0,309.0,2.3982e-05,
Jev 1.13 raw (order 1 only),EDU14,uczelnia,score,False,False,True,0,1 - niska,0,1 - niska,True,1.0,357.5,2.0832e-05,
Jev 1.13 raw (order 1 only),EDU15,uczelnia,score,False,False,True,2,3 - wysoka,2,3 - wysoka,True,0.96,305.6,2.2134e-05,
Jev 1.13 raw (order 1 only),EDU16,uczelnia,score,False,True,True,1,2 - średnia,1,2 - średnia,True,0.96,342.4,2.226e-05,
Jev 1.13 raw (order 1 only),EDU17,uczelnia,score,False,True,True,3,4 - krytyczna,3,4 - krytyczna,True,1.0,271.1,2.2134e-05,
Jev 1.13 raw (order 1 only),RE01,wspolnota,noul,True,True,True,1,"Nie, uchwała nieprzyjęta",1,"Nie, uchwała nieprzyjęta",True,0.93,364.8,2.1672e-05,
Jev 1.13 raw (order 1 only),RE02,wspolnota,noul,True,False,True,0,"Tak, uchwała przyjęta",0,"Tak, uchwała przyjęta",True,0.62,311.6,2.4822e-05,
Jev 1.13 raw (order 1 only),RE03,wspolnota,noul,True,False,True,1,"Nie, pokrywa właściciel lokalu",1,"Nie, pokrywa właściciel lokalu",True,0.91,336.0,2.0958e-05,
Jev 1.13 raw (order 1 only),RE04,wspolnota,noul,True,True,True,0,"Tak, pokrywa wspólnota",0,"Tak, pokrywa wspólnota",True,0.91,325.8,2.1e-05,
Jev 1.13 raw (order 1 only),RE05,wspolnota,noul,True,False,True,0,"Tak, w terminie",0,"Tak, w terminie",True,0.85,298.8,2.0664e-05,
Jev 1.13 raw (order 1 only),RE06,wspolnota,noul,False,False,True,1,"Nie, nie opisuje zapachu ani wycieku gazu",1,"Nie, nie opisuje zapachu ani wycieku gazu",True,0.95,310.5,1.7472e-05,
Jev 1.13 raw (order 1 only),RE07,wspolnota,noul,False,True,True,0,"Tak, to zgłoszenie usterki",0,"Tak, to zgłoszenie usterki",True,0.83,283.4,1.7892e-05,
Jev 1.13 raw (order 1 only),RE08,wspolnota,noul,False,False,True,1,"Nie, nie wnosi o zwrot kosztów",1,"Nie, nie wnosi o zwrot kosztów",True,0.96,287.0,1.8354e-05,
Jev 1.13 raw (order 1 only),RE09,wspolnota,choice,False,False,True,3,Dach,3,Dach,True,1.0,264.8,2.8392e-05,
Jev 1.13 raw (order 1 only),RE10,wspolnota,choice,False,False,True,5,Sprawa sąsiedzka,5,Sprawa sąsiedzka,True,1.0,391.6,2.7426e-05,
Jev 1.13 raw (order 1 only),RE11,wspolnota,choice,False,False,True,1,Elektryka,1,Elektryka,True,1.0,252.3,2.7426e-05,
Jev 1.13 raw (order 1 only),RE12,wspolnota,choice,False,False,True,4,Części wspólne,4,Części wspólne,True,1.0,332.1,2.6838e-05,
Jev 1.13 raw (order 1 only),RE13,wspolnota,choice,False,False,True,0,Hydraulika,0,Hydraulika,True,1.0,378.6,2.7048e-05,
Jev 1.13 raw (order 1 only),RE14,wspolnota,score,False,True,True,3,4 - awaria zagrażająca,3,4 - awaria zagrażająca,True,1.0,269.0,2.5284e-05,
Jev 1.13 raw (order 1 only),RE15,wspolnota,score,False,False,True,2,3 - poważna awaria,2,3 - poważna awaria,True,0.99,300.2,2.5746e-05,
Jev 1.13 raw (order 1 only),RE16,wspolnota,score,False,False,True,0,1 - kosmetyczne,0,1 - kosmetyczne,True,1.0,287.2,2.478e-05,
Jev 1.13 raw (order 1 only),RE17,wspolnota,score,False,True,True,1,2 - zwykła usterka,1,2 - zwykła usterka,True,0.88,295.8,2.5578e-05,
Jev 1.13 raw (order 1 only),ECM01,moderacja,noul,True,True,True,0,"Tak, objęty ochroną",0,"Tak, objęty ochroną",True,0.93,307.0,2.9442e-05,
Jev 1.13 raw (order 1 only),ECM02,moderacja,noul,True,False,True,1,"Nie, nieobjęty ochroną",1,"Nie, nieobjęty ochroną",True,0.93,323.8,2.8266e-05,
Jev 1.13 raw (order 1 only),ECM03,moderacja,noul,True,False,True,1,"Nie, nieobjęty ochroną",1,"Nie, nieobjęty ochroną",True,0.92,279.2,2.8728e-05,
Jev 1.13 raw (order 1 only),ECM04,moderacja,noul,True,False,True,1,"Nie, nieobjęty ochroną",0,"Tak, objęty ochroną",False,0.69,343.8,2.7804e-05,
Jev 1.13 raw (order 1 only),ECM05,moderacja,noul,True,False,True,0,"Tak, objęty ochroną",0,"Tak, objęty ochroną",True,0.96,283.7,2.8812e-05,
Jev 1.13 raw (order 1 only),ECM06,moderacja,noul,False,True,True,1,"Nie, nie zawiera danych kontaktowych",1,"Nie, nie zawiera danych kontaktowych",True,0.91,262.4,1.9026e-05,
Jev 1.13 raw (order 1 only),ECM07,moderacja,noul,False,False,True,0,"Tak, przedmiot zakazany",0,"Tak, przedmiot zakazany",True,0.95,271.9,1.785e-05,
Jev 1.13 raw (order 1 only),ECM08,moderacja,noul,False,True,True,0,"Tak, przynęta cenowa",0,"Tak, przynęta cenowa",True,0.9,289.1,1.8354e-05,
Jev 1.13 raw (order 1 only),ECM09,moderacja,choice,False,False,True,2,Dane kontaktowe,2,Dane kontaktowe,True,0.99,270.6,2.8644e-05,
Jev 1.13 raw (order 1 only),ECM10,moderacja,choice,False,False,True,3,Fałszywy stan,3,Fałszywy stan,True,0.95,278.0,2.8518e-05,
Jev 1.13 raw (order 1 only),ECM11,moderacja,choice,False,True,True,0,Brak naruszenia,0,Brak naruszenia,True,0.96,253.4,2.9736e-05,
Jev 1.13 raw (order 1 only),ECM12,moderacja,choice,False,False,True,5,Przynęta cenowa,5,Przynęta cenowa,True,1.0,363.8,2.8812e-05,
Jev 1.13 raw (order 1 only),ECM13,moderacja,choice,False,False,True,1,Przedmiot zakazany,1,Przedmiot zakazany,True,1.0,290.9,2.8602e-05,
Jev 1.13 raw (order 1 only),ECM14,moderacja,choice,False,False,True,4,Podróbka,4,Podróbka,True,1.0,290.3,2.919e-05,
Jev 1.13 raw (order 1 only),ECM15,moderacja,score,False,True,True,3,4 - krytyczna,3,4 - krytyczna,True,0.99,269.3,2.541e-05,
Jev 1.13 raw (order 1 only),ECM16,moderacja,score,False,False,True,1,2 - średnia,3,4 - krytyczna,False,0.0,273.5,2.2344e-05,
Jev 1.13 raw (order 1 only),ECM17,moderacja,score,False,False,True,0,1 - niska,0,1 - niska,True,0.84,267.8,2.3604e-05,
Gemini 3.8 Flash (thinking medium),ADM01,administracja,noul,True,True,True,0,"Tak, w terminie",0,"Tak, w terminie",True,,3467.6,0.00186375,434
Gemini 3.8 Flash (thinking medium),ADM02,administracja,noul,True,False,True,0,"Tak, wniosek jest kompletny",0,"Tak, wniosek jest kompletny",True,,3123.5,0.0008115,155
Gemini 3.8 Flash (thinking medium),ADM03,administracja,noul,True,False,True,1,"Nie, po terminie",1,"Nie, po terminie",True,,3303.3,0.00123825,269
Gemini 3.8 Flash (thinking medium),ADM04,administracja,noul,True,False,True,0,"Tak, tryb uproszczony",0,"Tak, tryb uproszczony",True,,4441.3,0.00098925,201
Gemini 3.8 Flash (thinking medium),ADM05,administracja,noul,False,True,True,1,"Nie, to sprawa własna wnioskodawcy",1,"Nie, to sprawa własna wnioskodawcy",True,,2867.2,0.000684,134
Gemini 3.8 Flash (thinking medium),ADM06,administracja,noul,False,False,True,0,"Tak, przekazać dyżurnemu",0,"Tak, przekazać dyżurnemu",True,,2810.9,0.0008745,188
Gemini 3.8 Flash (thinking medium),ADM07,administracja,noul,False,True,True,1,"Nie, sprawa toczy się dalej",1,"Nie, sprawa toczy się dalej",True,,1913.1,0.000438,71
Gemini 3.8 Flash (thinking medium),ADM08,administracja,noul,False,False,True,1,"Nie, brakuje załącznika",1,"Nie, brakuje załącznika",True,,4681.9,0.00058875,118
Gemini 3.8 Flash (thinking medium),ADM09,administracja,choice,False,False,True,2,"Wydział Komunikacji - rejestracja pojazdów, prawa jazdy",2,"Wydział Komunikacji - rejestracja pojazdów, prawa jazdy",True,,1957.7,0.0004185,60
Gemini 3.8 Flash (thinking medium),ADM10,administracja,choice,False,True,True,0,"Skarga - zarzut wobec działania urzędu lub pracownika (przewlekłość, zaniedbanie, niewłaściwe zachowanie)",0,"Skarga - zarzut wobec działania urzędu lub pracownika (przewlekłość, zaniedbanie, niewłaściwe zachowanie)",True,,2432.9,0.000705,119
Gemini 3.8 Flash (thinking medium),ADM11,administracja,choice,False,False,True,1,Wniosek - propozycja usprawnienia pracy urzędu lub lepszego zaspokajania potrzeb mieszkańców,1,Wniosek - propozycja usprawnienia pracy urzędu lub lepszego zaspokajania potrzeb mieszkańców,True,,2667.8,0.00116325,255
Gemini 3.8 Flash (thinking medium),ADM12,administracja,choice,True,False,True,2,Zgłoszenie uproszczone,2,Zgłoszenie uproszczone,True,,3545.2,0.00122925,263
Gemini 3.8 Flash (thinking medium),ADM13,administracja,choice,False,True,True,3,"Zarząd Dróg Miejskich - nawierzchnia ulic i chodników, oznakowanie, sygnalizacja",3,"Zarząd Dróg Miejskich - nawierzchnia ulic i chodników, oznakowanie, sygnalizacja",True,,2229.0,0.00077475,157
Gemini 3.8 Flash (thinking medium),ADM14,administracja,choice,False,False,True,4,Przygotowanie zawarcia małżeństwa (ślub cywilny),4,Przygotowanie zawarcia małżeństwa (ślub cywilny),True,,11631.0,0.00077625,163
Gemini 3.8 Flash (thinking medium),ADM15,administracja,score,False,False,True,1,2 - zwykły tryb,1,2 - zwykły tryb,True,,2367.4,0.000867,163
Gemini 3.8 Flash (thinking medium),ADM16,administracja,score,False,False,True,2,3 - termin w ciągu 7 dni,2,3 - termin w ciągu 7 dni,True,,3016.4,0.00078675,142
Gemini 3.8 Flash (thinking medium),ADM17,administracja,score,False,False,True,3,"4 - zagrożenie, reakcja dziś",3,"4 - zagrożenie, reakcja dziś",True,,2288.7,0.000861,162
Gemini 3.8 Flash (thinking medium),LAW01,kancelaria,noul,True,True,True,0,"Tak, w terminie",0,"Tak, w terminie",True,,2584.3,0.00124125,277
Gemini 3.8 Flash (thinking medium),LAW02,kancelaria,noul,True,True,True,1,"Nie, roszczenie nie jest jeszcze przedawnione",1,"Nie, roszczenie nie jest jeszcze przedawnione",True,,3087.1,0.001119,237
Gemini 3.8 Flash (thinking medium),LAW03,kancelaria,noul,True,False,True,1,"Nie, nie może przyjąć",1,"Nie, nie może przyjąć",True,,2738.2,0.001152,243
Gemini 3.8 Flash (thinking medium),LAW04,kancelaria,noul,True,False,True,1,"Nie, poza pakietem",1,"Nie, poza pakietem",True,,3721.7,0.00143025,317
Gemini 3.8 Flash (thinking medium),LAW05,kancelaria,noul,False,False,True,0,"Tak, kontakt jeszcze dziś",0,"Tak, kontakt jeszcze dziś",True,,2992.2,0.0007905,171
Gemini 3.8 Flash (thinking medium),LAW06,kancelaria,noul,False,True,True,1,"Nie, porada lub opinia",1,"Nie, porada lub opinia",True,,2694.6,0.0006165,126
Gemini 3.8 Flash (thinking medium),LAW07,kancelaria,noul,False,False,True,0,"Tak, dane są kompletne",0,"Tak, dane są kompletne",True,,1769.9,0.0006345,127
Gemini 3.8 Flash (thinking medium),LAW08,kancelaria,noul,False,True,True,0,"Tak, sprawa pracownicza",0,"Tak, sprawa pracownicza",True,,2922.9,0.00095025,213
Gemini 3.8 Flash (thinking medium),LAW09,kancelaria,choice,False,False,True,5,"Spadkowa - nabycie spadku, testament, zachowek, dział spadku",5,"Spadkowa - nabycie spadku, testament, zachowek, dział spadku",True,,2781.7,0.00087675,171
Gemini 3.8 Flash (thinking medium),LAW10,kancelaria,choice,False,False,True,2,Gospodarcza - spór między przedsiębiorcami związany z ich działalnością,2,Gospodarcza - spór między przedsiębiorcami związany z ich działalnością,True,,2581.2,0.00071325,120
Gemini 3.8 Flash (thinking medium),LAW11,kancelaria,choice,False,False,True,0,"Rodzinna - rozwód, separacja, alimenty, kontakty z dzieckiem, władza rodzicielska",0,"Rodzinna - rozwód, separacja, alimenty, kontakty z dzieckiem, władza rodzicielska",True,,2175.9,0.00044925,57
Gemini 3.8 Flash (thinking medium),LAW12,kancelaria,choice,False,False,True,3,"Karna - postępowanie karne lub wykroczeniowe (klient podejrzany, oskarżony lub pokrzywdzony)",3,"Karna - postępowanie karne lub wykroczeniowe (klient podejrzany, oskarżony lub pokrzywdzony)",True,,2942.8,0.000975,198
Gemini 3.8 Flash (thinking medium),LAW13,kancelaria,choice,False,False,True,4,"Nieruchomości - własność, granice działek, służebności, zasiedzenie, obrót nieruchomościami",4,"Nieruchomości - własność, granice działek, służebności, zasiedzenie, obrót nieruchomościami",True,,1836.3,0.0004905,67
Gemini 3.8 Flash (thinking medium),LAW14,kancelaria,choice,True,True,True,2,Pro bono,2,Pro bono,True,,4095.2,0.00118875,256
Gemini 3.8 Flash (thinking medium),LAW15,kancelaria,score,False,False,True,0,1 - brak terminu,0,1 - brak terminu,True,,1973.5,0.00049725,71
Gemini 3.8 Flash (thinking medium),LAW16,kancelaria,score,False,False,True,2,3 - termin za 3-14 dni,2,3 - termin za 3-14 dni,True,,2573.8,0.00071775,126
Gemini 3.8 Flash (thinking medium),LAW17,kancelaria,score,False,False,True,1,2 - termin za ponad 14 dni,1,2 - termin za ponad 14 dni,True,,3585.0,0.00103875,213
Gemini 3.8 Flash (thinking medium),HR01,hr,noul,True,True,True,0,"Tak, spełnia wymagania",0,"Tak, spełnia wymagania",True,,3884.6,0.00147675,334
Gemini 3.8 Flash (thinking medium),HR02,hr,noul,True,True,True,1,"Nie, nie spełnia wymogu",1,"Nie, nie spełnia wymogu",True,,2977.9,0.0010395,228
Gemini 3.8 Flash (thinking medium),HR03,hr,noul,True,False,True,0,"Tak, spełnia zasady",0,"Tak, spełnia zasady",True,,3707.7,0.0011115,242
Gemini 3.8 Flash (thinking medium),HR04,hr,noul,True,True,True,0,"Tak, eskalować",0,"Tak, eskalować",True,,2454.1,0.00094125,194
Gemini 3.8 Flash (thinking medium),HR05,hr,noul,False,True,True,1,"Nie, to nie jest rezygnacja",1,"Nie, to nie jest rezygnacja",True,,2115.5,0.0008085,177
Gemini 3.8 Flash (thinking medium),HR06,hr,noul,False,False,True,1,"Nie, tylko obecna rekrutacja",1,"Nie, tylko obecna rekrutacja",True,,2874.1,0.00083175,182
Gemini 3.8 Flash (thinking medium),HR07,hr,noul,False,False,True,0,"Tak, problem ze sprzętem",0,"Tak, problem ze sprzętem",True,,2309.9,0.0004575,84
Gemini 3.8 Flash (thinking medium),HR08,hr,noul,False,True,True,1,"Nie, to nie jest zgłoszenie mobbingu",1,"Nie, to nie jest zgłoszenie mobbingu",True,,2792.8,0.00088575,195
Gemini 3.8 Flash (thinking medium),HR09,hr,choice,False,False,True,1,"Wynagrodzenie - wypłata, dodatki, premie, potrącenia, PIT",1,"Wynagrodzenie - wypłata, dodatki, premie, potrącenia, PIT",True,,2878.2,0.0009,184
Gemini 3.8 Flash (thinking medium),HR10,hr,choice,False,False,True,2,"BHP - warunki bezpieczeństwa i higieny pracy, środki ochrony, wypadki",2,"BHP - warunki bezpieczeństwa i higieny pracy, środki ochrony, wypadki",True,,2553.8,0.000849,170
Gemini 3.8 Flash (thinking medium),HR11,hr,choice,False,False,True,0,"Urlop - wnioski i pytania o urlop wypoczynkowy, okolicznościowy lub na żądanie",0,"Urlop - wnioski i pytania o urlop wypoczynkowy, okolicznościowy lub na żądanie",True,,1893.0,0.000549,93
Gemini 3.8 Flash (thinking medium),HR12,hr,choice,False,False,True,4,"Sprzęt i dostępy - laptop, telefon, konta w systemach, karta wejściowa",4,"Sprzęt i dostępy - laptop, telefon, konta w systemach, karta wejściowa",True,,2780.6,0.000876,178
Gemini 3.8 Flash (thinking medium),HR13,hr,choice,False,False,True,5,"Benefity - karta sportowa, pakiet medyczny, świadczenia socjalne",5,"Benefity - karta sportowa, pakiet medyczny, świadczenia socjalne",True,,1709.6,0.00051975,83
Gemini 3.8 Flash (thinking medium),HR14,hr,choice,True,False,True,1,Rozmowa z dyrektorem,1,Rozmowa z dyrektorem,True,,4193.7,0.0015525,346
Gemini 3.8 Flash (thinking medium),HR15,hr,score,False,False,True,1,2 - standardowy,1,2 - standardowy,True,,2936.6,0.00104475,216
Gemini 3.8 Flash (thinking medium),HR16,hr,score,False,False,True,3,4 - krytyczny (przemoc lub zagrożenie),3,4 - krytyczny (przemoc lub zagrożenie),True,,2907.0,0.00095025,188
Gemini 3.8 Flash (thinking medium),HR17,hr,score,False,False,True,2,3 - wysoki (wypłata lub termin do 3 dni),2,3 - wysoki (wypłata lub termin do 3 dni),True,,3814.2,0.0011355,241
Gemini 3.8 Flash (thinking medium),MED01,przychodnia,noul,True,True,True,0,"Tak, skierowanie jest ważne",0,"Tak, skierowanie jest ważne",True,,3886.0,0.00168075,371
Gemini 3.8 Flash (thinking medium),MED02,przychodnia,noul,True,False,True,1,"Nie, nie można przyjąć",1,"Nie, nie można przyjąć",True,,4162.2,0.00203025,473
Gemini 3.8 Flash (thinking medium),MED03,przychodnia,noul,True,True,True,1,"Nie, nie można wydać",1,"Nie, nie można wydać",True,,2567.5,0.000999,211
Gemini 3.8 Flash (thinking medium),MED04,przychodnia,noul,True,False,True,0,"Tak, można zarejestrować na teleporadę",0,"Tak, można zarejestrować na teleporadę",True,,2991.6,0.00105,220
Gemini 3.8 Flash (thinking medium),MED05,przychodnia,noul,False,False,True,0,"Tak, zmiana terminu",0,"Tak, zmiana terminu",True,,2365.0,0.00074775,160
Gemini 3.8 Flash (thinking medium),MED06,przychodnia,noul,False,True,True,1,"Nie, zgłoszenie niealarmowe",1,"Nie, zgłoszenie niealarmowe",True,,2018.6,0.00045075,72
Gemini 3.8 Flash (thinking medium),MED07,przychodnia,noul,False,True,True,0,"Tak, wydanie dokumentu",0,"Tak, wydanie dokumentu",True,,6500.4,0.00082575,182
Gemini 3.8 Flash (thinking medium),MED08,przychodnia,noul,False,False,True,1,"Nie, brakuje dokumentu",1,"Nie, brakuje dokumentu",True,,3645.9,0.001089,249
Gemini 3.8 Flash (thinking medium),MED09,przychodnia,choice,False,False,True,2,"Gabinet zabiegowy - zastrzyki, pobrania krwi, opatrunki na zlecenie lekarza",2,"Gabinet zabiegowy - zastrzyki, pobrania krwi, opatrunki na zlecenie lekarza",True,,3747.1,0.000732,145
Gemini 3.8 Flash (thinking medium),MED10,przychodnia,choice,False,True,True,3,Punkt szczepień - zapisy na szczepienia,3,Punkt szczepień - zapisy na szczepienia,True,,2072.9,0.0005595,96
Gemini 3.8 Flash (thinking medium),MED11,przychodnia,choice,False,False,True,1,Poradnia specjalistyczna - wizyta u specjalisty na skierowanie,1,Poradnia specjalistyczna - wizyta u specjalisty na skierowanie,True,,1962.5,0.000393,55
Gemini 3.8 Flash (thinking medium),MED12,przychodnia,choice,False,False,True,4,"Dział dokumentacji medycznej - kopie dokumentacji, zaświadczenia, wydruki wyników",4,"Dział dokumentacji medycznej - kopie dokumentacji, zaświadczenia, wydruki wyników",True,,3239.0,0.00055425,97
Gemini 3.8 Flash (thinking medium),MED13,przychodnia,choice,True,False,True,1,Przyjęcie poza kolejnością,1,Przyjęcie poza kolejnością,True,,2916.6,0.001023,226
Gemini 3.8 Flash (thinking medium),MED14,przychodnia,choice,False,False,True,0,"Rejestracja POZ - wizyta u lekarza rodzinnego, bez skierowania",0,"Rejestracja POZ - wizyta u lekarza rodzinnego, bez skierowania",True,,1888.6,0.00043425,64
Gemini 3.8 Flash (thinking medium),MED15,przychodnia,score,False,False,True,1,2 - planowy (termin do 14 dni),1,2 - planowy (termin do 14 dni),True,,2737.1,0.0010305,195
Gemini 3.8 Flash (thinking medium),MED16,przychodnia,score,False,False,True,2,3 - pilny (wizyta dziś),2,3 - pilny (wizyta dziś),True,,3454.4,0.00080025,133
Gemini 3.8 Flash (thinking medium),MED17,przychodnia,score,False,False,True,3,4 - alarmowy (zadzwonić na 112),3,4 - alarmowy (zadzwonić na 112),True,,3733.9,0.00064575,87
Gemini 3.8 Flash (thinking medium),INS01,ubezpieczenia,noul,True,True,True,1,"Nie, zdarzenie nastąpiło w okresie karencji",1,"Nie, zdarzenie nastąpiło w okresie karencji",True,,4686.4,0.00146475,321
Gemini 3.8 Flash (thinking medium),INS02,ubezpieczenia,noul,True,False,True,0,"Tak, odszkodowanie zostanie wypłacone",0,"Tak, odszkodowanie zostanie wypłacone",True,,2918.6,0.00126075,276
Gemini 3.8 Flash (thinking medium),INS03,ubezpieczenia,noul,True,True,True,0,"Tak, koszty zostaną pokryte",0,"Tak, koszty zostaną pokryte",True,,4781.2,0.002157,493
Gemini 3.8 Flash (thinking medium),INS04,ubezpieczenia,noul,True,False,True,1,"Nie, potrzebne oględziny",1,"Nie, potrzebne oględziny",True,,3172.0,0.00095175,184
Gemini 3.8 Flash (thinking medium),INS05,ubezpieczenia,noul,False,True,True,0,"Tak, to odwołanie od decyzji",0,"Tak, to odwołanie od decyzji",True,,3412.6,0.0010665,232
Gemini 3.8 Flash (thinking medium),INS06,ubezpieczenia,noul,True,False,True,1,"Nie, nie kierować do weryfikacji",1,"Nie, nie kierować do weryfikacji",True,,4227.6,0.00183675,415
Gemini 3.8 Flash (thinking medium),INS07,ubezpieczenia,noul,False,False,True,1,"Nie, to pytanie o szkodę już zgłoszoną",1,"Nie, to pytanie o szkodę już zgłoszoną",True,,3796.4,0.0009975,222
Gemini 3.8 Flash (thinking medium),INS08,ubezpieczenia,noul,False,False,True,0,"Tak, wypowiadają umowę",0,"Tak, wypowiadają umowę",True,,2721.8,0.00111,249
Gemini 3.8 Flash (thinking medium),INS09,ubezpieczenia,choice,False,True,True,3,OC w życiu prywatnym - szkoda wyrządzona osobie trzeciej przez ubezpieczonego lub jego domownika poza ruchem pojazdów,3,OC w życiu prywatnym - szkoda wyrządzona osobie trzeciej przez ubezpieczonego lub jego domownika poza ruchem pojazdów,True,,2425.1,0.00081975,156
Gemini 3.8 Flash (thinking medium),INS10,ubezpieczenia,choice,False,False,True,4,"Turystyczna - zdarzenie w podróży zagranicznej (koszty leczenia, bagaż, opóźnienie lotu)",4,"Turystyczna - zdarzenie w podróży zagranicznej (koszty leczenia, bagaż, opóźnienie lotu)",True,,1966.8,0.000657,111
Gemini 3.8 Flash (thinking medium),INS11,ubezpieczenia,choice,False,False,True,2,Uzupełnienie dokumentów do szkody już prowadzonej,2,Uzupełnienie dokumentów do szkody już prowadzonej,True,,2813.5,0.00080475,172
Gemini 3.8 Flash (thinking medium),INS12,ubezpieczenia,choice,False,False,True,1,"Serwisowy - naprawa w warsztacie, który rozlicza się bezpośrednio z ubezpieczycielem na podstawie faktury",1,"Serwisowy - naprawa w warsztacie, który rozlicza się bezpośrednio z ubezpieczycielem na podstawie faktury",True,,2185.1,0.000759,155
Gemini 3.8 Flash (thinking medium),INS13,ubezpieczenia,choice,False,False,True,0,"Przepięcie - uszkodzenie urządzeń elektrycznych przez nagły wzrost napięcia, np. po wyładowaniu atmosferycznym",0,"Przepięcie - uszkodzenie urządzeń elektrycznych przez nagły wzrost napięcia, np. po wyładowaniu atmosferycznym",True,,2183.0,0.00060525,101
Gemini 3.8 Flash (thinking medium),INS14,ubezpieczenia,score,False,True,True,0,1 - rutynowa,0,1 - rutynowa,True,,1755.5,0.0005745,80
Gemini 3.8 Flash (thinking medium),INS15,ubezpieczenia,score,False,False,True,2,3 - pilna,2,3 - pilna,True,,2367.6,0.00075,128
Gemini 3.8 Flash (thinking medium),INS16,ubezpieczenia,score,False,False,True,1,2 - standardowa,1,2 - standardowa,True,,2392.6,0.000843,159
Gemini 3.8 Flash (thinking medium),INS17,ubezpieczenia,score,False,False,True,3,4 - natychmiastowa,3,4 - natychmiastowa,True,,3140.7,0.000555,76
Gemini 3.8 Flash (thinking medium),BNK01,bank_aml,noul,True,False,True,1,"Nie, nie wymaga weryfikacji",1,"Nie, nie wymaga weryfikacji",True,,4143.3,0.00167175,355
Gemini 3.8 Flash (thinking medium),BNK02,bank_aml,noul,True,True,True,0,"Tak, wymaga weryfikacji",0,"Tak, wymaga weryfikacji",True,,5054.7,0.00285225,666
Gemini 3.8 Flash (thinking medium),BNK03,bank_aml,noul,True,True,True,0,"Tak, spełnia kryteria",0,"Tak, spełnia kryteria",True,,3285.4,0.001557,345
Gemini 3.8 Flash (thinking medium),BNK04,bank_aml,noul,True,False,True,1,"Nie, nie spełnia kryteriów",1,"Nie, nie spełnia kryteriów",True,,3552.0,0.0013335,284
Gemini 3.8 Flash (thinking medium),BNK05,bank_aml,noul,True,False,True,1,"Nie, jeszcze nie można przyjąć reklamacji",1,"Nie, jeszcze nie można przyjąć reklamacji",True,,2886.1,0.00096825,198
Gemini 3.8 Flash (thinking medium),BNK06,bank_aml,noul,False,False,True,0,"Tak, zgłasza transakcję nieautoryzowaną",0,"Tak, zgłasza transakcję nieautoryzowaną",True,,4060.3,0.00146925,348
Gemini 3.8 Flash (thinking medium),BNK07,bank_aml,noul,False,True,True,0,"Tak, występuje taki sygnał",0,"Tak, występuje taki sygnał",True,,4620.5,0.001182,261
Gemini 3.8 Flash (thinking medium),BNK08,bank_aml,noul,False,True,True,1,"Nie, nie prosi o zastrzeżenie",1,"Nie, nie prosi o zastrzeżenie",True,,3492.3,0.0006795,140
Gemini 3.8 Flash (thinking medium),BNK09,bank_aml,choice,False,True,True,4,"Bankowość elektroniczna - logowanie, aplikacja mobilna, hasła, autoryzacja w aplikacji, powiadomienia",4,"Bankowość elektroniczna - logowanie, aplikacja mobilna, hasła, autoryzacja w aplikacji, powiadomienia",True,,1955.4,0.000585,91
Gemini 3.8 Flash (thinking medium),BNK10,bank_aml,choice,False,False,True,2,"Reklamacje transakcji - kwestionowanie konkretnej transakcji (podwójne obciążenie, zła kwota, nieautoryzowana, niezrealizowana usługa)",2,"Reklamacje transakcji - kwestionowanie konkretnej transakcji (podwójne obciążenie, zła kwota, nieautoryzowana, niezrealizowana usługa)",True,,6543.8,0.00127725,279
Gemini 3.8 Flash (thinking medium),BNK11,bank_aml,choice,False,False,True,1,"Kredyty - wnioski kredytowe, raty, harmonogram, wcześniejsza spłata",1,"Kredyty - wnioski kredytowe, raty, harmonogram, wcześniejsza spłata",True,,3189.4,0.00078675,148
Gemini 3.8 Flash (thinking medium),BNK12,bank_aml,choice,False,False,True,3,"Konto - otwarcie i zamknięcie rachunku, opłaty za prowadzenie, wyciągi, pełnomocnictwa",3,"Konto - otwarcie i zamknięcie rachunku, opłaty za prowadzenie, wyciągi, pełnomocnictwa",True,,2283.3,0.0004725,65
Gemini 3.8 Flash (thinking medium),BNK13,bank_aml,choice,False,False,True,0,"Karty - wydanie, blokada, zastrzeżenie, limity, PIN, wznowienie karty",0,"Karty - wydanie, blokada, zastrzeżenie, limity, PIN, wznowienie karty",True,,2534.3,0.0006915,126
Gemini 3.8 Flash (thinking medium),BNK14,bank_aml,score,False,False,True,0,1 - niski,0,1 - niski,True,,3038.7,0.0010155,194
Gemini 3.8 Flash (thinking medium),BNK15,bank_aml,score,False,False,True,1,2 - średni,1,2 - średni,True,,2902.0,0.00075525,123
Gemini 3.8 Flash (thinking medium),BNK16,bank_aml,score,False,False,True,2,3 - podwyższony,2,3 - podwyższony,True,,2632.1,0.001293,264
Gemini 3.8 Flash (thinking medium),BNK17,bank_aml,score,False,False,True,3,4 - wysoki,3,4 - wysoki,True,,2742.5,0.00087825,158
Gemini 3.8 Flash (thinking medium),LOG01,logistyka,noul,True,True,True,1,"Nie, odszkodowanie nie przysługuje",1,"Nie, odszkodowanie nie przysługuje",True,,3495.8,0.0014505,323
Gemini 3.8 Flash (thinking medium),LOG02,logistyka,noul,True,True,True,0,"Tak, bezpłatne ponowne doręczenie przysługuje",0,"Tak, bezpłatne ponowne doręczenie przysługuje",True,,4807.7,0.00225825,528
Gemini 3.8 Flash (thinking medium),LOG03,logistyka,noul,True,False,True,1,"Nie, dokumentacja nie jest kompletna",1,"Nie, dokumentacja nie jest kompletna",True,,2326.0,0.0009465,191
Gemini 3.8 Flash (thinking medium),LOG04,logistyka,noul,True,False,True,0,"Tak, odszkodowanie przysługuje",0,"Tak, odszkodowanie przysługuje",True,,3755.9,0.00195825,454
Gemini 3.8 Flash (thinking medium),LOG05,logistyka,noul,True,False,True,1,"Nie, jeszcze nie uruchamiać",1,"Nie, jeszcze nie uruchamiać",True,,4388.2,0.002163,514
Gemini 3.8 Flash (thinking medium),LOG06,logistyka,noul,False,False,True,0,"Tak, odmówił przyjęcia",0,"Tak, odmówił przyjęcia",True,,6097.9,0.0008535,190
Gemini 3.8 Flash (thinking medium),LOG07,logistyka,noul,False,True,True,0,"Tak, prosi o zmianę adresu",0,"Tak, prosi o zmianę adresu",True,,3151.7,0.001263,290
Gemini 3.8 Flash (thinking medium),LOG08,logistyka,noul,False,True,True,1,"Nie, zawartość nie jest uszkodzona",1,"Nie, zawartość nie jest uszkodzona",True,,2698.8,0.0009705,217
Gemini 3.8 Flash (thinking medium),LOG09,logistyka,choice,False,False,True,2,"Błędny adres - przesyłki nie da się doręczyć lub trafiła gdzie indziej, bo adres na etykiecie jest błędny lub niepełny",2,"Błędny adres - przesyłki nie da się doręczyć lub trafiła gdzie indziej, bo adres na etykiecie jest błędny lub niepełny",True,,2964.4,0.000708,123
Gemini 3.8 Flash (thinking medium),LOG10,logistyka,choice,False,False,True,1,"Opóźnienie - przesyłka jest w drodze lub dotarła, ale po obiecanym terminie; jej położenie jest znane",1,"Opóźnienie - przesyłka jest w drodze lub dotarła, ale po obiecanym terminie; jej położenie jest znane",True,,6530.2,0.000576,93
Gemini 3.8 Flash (thinking medium),LOG11,logistyka,choice,False,True,True,3,"Zaginięcie - przewoźnik nie wie, gdzie jest przesyłka (brak skanów, nie odnaleziono jej w magazynie)",3,"Zaginięcie - przewoźnik nie wie, gdzie jest przesyłka (brak skanów, nie odnaleziono jej w magazynie)",True,,3411.8,0.00131775,286
Gemini 3.8 Flash (thinking medium),LOG12,logistyka,choice,False,False,True,0,"Uszkodzenie - przesyłka dotarła, ale zawartość lub opakowanie są uszkodzone",0,"Uszkodzenie - przesyłka dotarła, ale zawartość lub opakowanie są uszkodzone",True,,2123.5,0.000582,91
Gemini 3.8 Flash (thinking medium),LOG13,logistyka,choice,False,False,True,4,Odmowa przyjęcia - odbiorca nie przyjął przesyłki od kuriera,4,Odmowa przyjęcia - odbiorca nie przyjął przesyłki od kuriera,True,,8642.4,0.00090075,176
Gemini 3.8 Flash (thinking medium),LOG14,logistyka,score,False,False,True,0,1 - niski,0,1 - niski,True,,2084.8,0.00084375,160
Gemini 3.8 Flash (thinking medium),LOG15,logistyka,score,False,False,True,2,3 - wysoki,2,3 - wysoki,True,,2753.0,0.00095175,186
Gemini 3.8 Flash (thinking medium),LOG16,logistyka,score,False,False,True,1,2 - normalny,1,2 - normalny,True,,8191.7,0.001218,261
Gemini 3.8 Flash (thinking medium),LOG17,logistyka,score,False,False,True,3,4 - krytyczny,3,4 - krytyczny,True,,5193.7,0.0007185,123
Gemini 3.8 Flash (thinking medium),ITS01,it_security,noul,True,True,True,0,"Tak, można zatwierdzić",0,"Tak, można zatwierdzić",True,,3869.4,0.00174375,408
Gemini 3.8 Flash (thinking medium),ITS02,it_security,noul,True,False,True,1,"Nie, nie można nadać",1,"Nie, nie można nadać",True,,3664.7,0.001536,349
Gemini 3.8 Flash (thinking medium),ITS03,it_security,noul,True,False,True,1,"Nie, nie można zatwierdzić",1,"Nie, nie można zatwierdzić",True,,3960.9,0.00198225,473
Gemini 3.8 Flash (thinking medium),ITS04,it_security,noul,True,False,True,0,"Tak, wyłączyć konto",0,"Tak, wyłączyć konto",True,,2715.4,0.00084975,184
Gemini 3.8 Flash (thinking medium),ITS05,it_security,noul,True,False,True,1,"Nie, wymaga przeglądu bezpieczeństwa",1,"Nie, wymaga przeglądu bezpieczeństwa",True,,2815.4,0.0010515,232
Gemini 3.8 Flash (thinking medium),ITS06,it_security,noul,False,True,True,1,"Nie, to nie jest phishing",1,"Nie, to nie jest phishing",True,,13786.9,0.00073725,131
Gemini 3.8 Flash (thinking medium),ITS07,it_security,noul,False,True,True,0,"Tak, to phishing",0,"Tak, to phishing",True,,15334.5,0.00119175,241
Gemini 3.8 Flash (thinking medium),ITS08,it_security,noul,False,False,True,0,"Tak, to phishing",0,"Tak, to phishing",True,,3202.7,0.0012165,270
Gemini 3.8 Flash (thinking medium),ITS09,it_security,choice,False,True,True,4,"Bezpieczeństwo - podejrzenie incydentu: kliknięty podejrzany link, podane hasło oszustowi, złośliwe oprogramowanie, utrata urządzenia, podejrzana aktywność konta",4,"Bezpieczeństwo - podejrzenie incydentu: kliknięty podejrzany link, podane hasło oszustowi, złośliwe oprogramowanie, utrata urządzenia, podejrzana aktywność konta",True,,5747.9,0.00087975,168
Gemini 3.8 Flash (thinking medium),ITS10,it_security,choice,False,False,True,3,"Sieć - brak połączenia z internetem, Wi-Fi, VPN, wolne łącze",3,"Sieć - brak połączenia z internetem, Wi-Fi, VPN, wolne łącze",True,,2142.8,0.000723,130
Gemini 3.8 Flash (thinking medium),ITS11,it_security,choice,False,False,True,2,"Oprogramowanie - instalacja, aktualizacja lub błędy działania aplikacji",2,"Oprogramowanie - instalacja, aktualizacja lub błędy działania aplikacji",True,,3999.9,0.000804,152
Gemini 3.8 Flash (thinking medium),ITS12,it_security,choice,False,False,True,0,"Dostęp - konta, hasła, uprawnienia do systemów i folderów",0,"Dostęp - konta, hasła, uprawnienia do systemów i folderów",True,,4452.3,0.00052875,76
Gemini 3.8 Flash (thinking medium),ITS13,it_security,choice,False,False,True,1,"Sprzęt - fizyczne urządzenia (komputer, monitor, drukarka, telefon): awaria lub wymiana",1,"Sprzęt - fizyczne urządzenia (komputer, monitor, drukarka, telefon): awaria lub wymiana",True,,2243.1,0.00048525,67
Gemini 3.8 Flash (thinking medium),ITS14,it_security,score,False,True,True,0,P4 - niski,0,P4 - niski,True,,3309.5,0.00098475,205
Gemini 3.8 Flash (thinking medium),ITS15,it_security,score,False,False,True,2,P2 - wysoki,2,P2 - wysoki,True,,2446.1,0.00097125,200
Gemini 3.8 Flash (thinking medium),ITS16,it_security,score,False,False,True,1,P3 - średni,1,P3 - średni,True,,4244.4,0.0009795,200
Gemini 3.8 Flash (thinking medium),ITS17,it_security,score,False,False,True,3,P1 - krytyczny,3,P1 - krytyczny,True,,3447.5,0.00114525,246
Gemini 3.8 Flash (thinking medium),MFG01,produkcja,noul,True,True,True,1,"Nie, partię należy zwolnić",1,"Nie, partię należy zwolnić",True,,1790.8,0.00068925,128
Gemini 3.8 Flash (thinking medium),MFG02,produkcja,noul,True,True,True,0,"Tak, partię należy wstrzymać",0,"Tak, partię należy wstrzymać",True,,4406.8,0.0018885,429
Gemini 3.8 Flash (thinking medium),MFG03,produkcja,noul,True,False,True,0,"Tak, należy otworzyć 8D",0,"Tak, należy otworzyć 8D",True,,3056.4,0.00104025,224
Gemini 3.8 Flash (thinking medium),MFG04,produkcja,noul,True,False,True,0,"Tak, w terminie",0,"Tak, w terminie",True,,4796.7,0.0021435,516
Gemini 3.8 Flash (thinking medium),MFG05,produkcja,noul,True,True,True,0,"Tak, partię należy wstrzymać",0,"Tak, partię należy wstrzymać",True,,2673.4,0.0008955,191
Gemini 3.8 Flash (thinking medium),MFG06,produkcja,noul,False,False,True,1,"Nie, to nie jest niezgodność wyrobu",1,"Nie, to nie jest niezgodność wyrobu",True,,4289.6,0.000972,216
Gemini 3.8 Flash (thinking medium),MFG07,produkcja,noul,False,False,True,1,"Nie, to nie jest reklamacja",1,"Nie, to nie jest reklamacja",True,,2972.1,0.00097125,216
Gemini 3.8 Flash (thinking medium),MFG08,produkcja,noul,False,False,True,1,"Nie, jest poza tolerancją",1,"Nie, jest poza tolerancją",True,,1656.4,0.0005535,108
Gemini 3.8 Flash (thinking medium),MFG09,produkcja,choice,False,False,True,1,Powierzchniowa,1,Powierzchniowa,True,,2409.9,0.000726,133
Gemini 3.8 Flash (thinking medium),MFG10,produkcja,choice,False,False,True,4,Dokumentacyjna,4,Dokumentacyjna,True,,1869.7,0.00057225,88
Gemini 3.8 Flash (thinking medium),MFG11,produkcja,choice,False,False,True,3,Montażowa,3,Montażowa,True,,1592.3,0.00069225,125
Gemini 3.8 Flash (thinking medium),MFG12,produkcja,choice,False,True,True,2,Materiałowa,2,Materiałowa,True,,2096.9,0.00082725,152
Gemini 3.8 Flash (thinking medium),MFG13,produkcja,choice,False,False,True,0,Wymiarowa,0,Wymiarowa,True,,3030.9,0.00096,193
Gemini 3.8 Flash (thinking medium),MFG14,produkcja,score,False,False,True,0,1 - kosmetyczna,0,1 - kosmetyczna,True,,2013.6,0.00055425,92
Gemini 3.8 Flash (thinking medium),MFG15,produkcja,score,False,False,True,1,2 - mała,1,2 - mała,True,,3640.4,0.00126,281
Gemini 3.8 Flash (thinking medium),MFG16,produkcja,score,False,False,True,2,3 - poważna,2,3 - poważna,True,,3190.2,0.00109725,234
Gemini 3.8 Flash (thinking medium),MFG17,produkcja,score,False,True,True,3,4 - krytyczna,3,4 - krytyczna,True,,3300.7,0.00084075,166
Gemini 3.8 Flash (thinking medium),EDU01,uczelnia,noul,True,False,True,1,"Nie, po terminie",1,"Nie, po terminie",True,,3401.7,0.00143925,327
Gemini 3.8 Flash (thinking medium),EDU02,uczelnia,noul,True,True,True,0,"Tak, spełnia warunki",0,"Tak, spełnia warunki",True,,2760.9,0.00083925,167
Gemini 3.8 Flash (thinking medium),EDU03,uczelnia,noul,True,False,True,1,"Nie, nie spełnia kryterium",1,"Nie, nie spełnia kryterium",True,,2818.9,0.000717,144
Gemini 3.8 Flash (thinking medium),EDU04,uczelnia,noul,True,False,True,0,"Tak, wniosek jest kompletny",0,"Tak, wniosek jest kompletny",True,,2218.8,0.00099525,209
Gemini 3.8 Flash (thinking medium),EDU05,uczelnia,noul,True,False,True,1,"Nie, wznowienie nie jest możliwe",1,"Nie, wznowienie nie jest możliwe",True,,2586.6,0.0007845,158
Gemini 3.8 Flash (thinking medium),EDU06,uczelnia,noul,False,True,True,0,"Tak, prosi o przedłużenie",0,"Tak, prosi o przedłużenie",True,,2520.0,0.0009615,214
Gemini 3.8 Flash (thinking medium),EDU07,uczelnia,noul,False,False,True,0,"Tak, zgłasza błąd wpisu",0,"Tak, zgłasza błąd wpisu",True,,2586.0,0.00078075,163
Gemini 3.8 Flash (thinking medium),EDU08,uczelnia,noul,False,False,True,1,"Nie, to nie jest skarga",1,"Nie, to nie jest skarga",True,,2755.6,0.00089625,200
Gemini 3.8 Flash (thinking medium),EDU09,uczelnia,choice,False,False,True,1,Wznowienie studiów,1,Wznowienie studiów,True,,1722.4,0.0004575,64
Gemini 3.8 Flash (thinking medium),EDU10,uczelnia,choice,False,True,True,4,Warunkowy wpis,4,Warunkowy wpis,True,,2965.7,0.000894,178
Gemini 3.8 Flash (thinking medium),EDU11,uczelnia,choice,False,False,True,2,Zmiana promotora,2,Zmiana promotora,True,,2333.0,0.00074175,140
Gemini 3.8 Flash (thinking medium),EDU12,uczelnia,choice,False,False,True,3,Przeniesienie,3,Przeniesienie,True,,4181.5,0.0006045,103
Gemini 3.8 Flash (thinking medium),EDU13,uczelnia,choice,False,False,True,0,Urlop dziekański,0,Urlop dziekański,True,,7518.1,0.000621,109
Gemini 3.8 Flash (thinking medium),EDU14,uczelnia,score,False,False,True,0,1 - niska,0,1 - niska,True,,3793.4,0.00080025,160
Gemini 3.8 Flash (thinking medium),EDU15,uczelnia,score,False,False,True,2,3 - wysoka,2,3 - wysoka,True,,3883.4,0.00075375,142
Gemini 3.8 Flash (thinking medium),EDU16,uczelnia,score,False,True,True,1,2 - średnia,1,2 - średnia,True,,2784.6,0.000864,172
Gemini 3.8 Flash (thinking medium),EDU17,uczelnia,score,False,True,True,3,4 - krytyczna,3,4 - krytyczna,True,,3473.7,0.00064275,112
Gemini 3.8 Flash (thinking medium),RE01,wspolnota,noul,True,True,True,1,"Nie, uchwała nieprzyjęta",1,"Nie, uchwała nieprzyjęta",True,,2507.4,0.00046275,73
Gemini 3.8 Flash (thinking medium),RE02,wspolnota,noul,True,False,True,0,"Tak, uchwała przyjęta",0,"Tak, uchwała przyjęta",True,,5700.4,0.0016365,370
Gemini 3.8 Flash (thinking medium),RE03,wspolnota,noul,True,False,True,1,"Nie, pokrywa właściciel lokalu",1,"Nie, pokrywa właściciel lokalu",True,,3053.0,0.00092175,196
Gemini 3.8 Flash (thinking medium),RE04,wspolnota,noul,True,True,True,0,"Tak, pokrywa wspólnota",0,"Tak, pokrywa wspólnota",True,,2908.4,0.00078675,159
Gemini 3.8 Flash (thinking medium),RE05,wspolnota,noul,True,False,True,0,"Tak, w terminie",0,"Tak, w terminie",True,,3578.1,0.001563,365
Gemini 3.8 Flash (thinking medium),RE06,wspolnota,noul,False,False,True,1,"Nie, nie opisuje zapachu ani wycieku gazu",1,"Nie, nie opisuje zapachu ani wycieku gazu",True,,3146.1,0.001269,300
Gemini 3.8 Flash (thinking medium),RE07,wspolnota,noul,False,True,True,0,"Tak, to zgłoszenie usterki",0,"Tak, to zgłoszenie usterki",True,,2429.2,0.000864,191
Gemini 3.8 Flash (thinking medium),RE08,wspolnota,noul,False,False,True,1,"Nie, nie wnosi o zwrot kosztów",1,"Nie, nie wnosi o zwrot kosztów",True,,1871.0,0.00045225,79
Gemini 3.8 Flash (thinking medium),RE09,wspolnota,choice,False,False,True,3,Dach,3,Dach,True,,2013.8,0.00068925,113
Gemini 3.8 Flash (thinking medium),RE10,wspolnota,choice,False,False,True,5,Sprawa sąsiedzka,5,Sprawa sąsiedzka,True,,2010.9,0.000522,72
Gemini 3.8 Flash (thinking medium),RE11,wspolnota,choice,False,False,True,1,Elektryka,1,Elektryka,True,,2042.9,0.00051525,71
Gemini 3.8 Flash (thinking medium),RE12,wspolnota,choice,False,False,True,4,Części wspólne,4,Części wspólne,True,,3328.0,0.0006225,102
Gemini 3.8 Flash (thinking medium),RE13,wspolnota,choice,False,False,True,0,Hydraulika,0,Hydraulika,True,,2578.9,0.000492,66
Gemini 3.8 Flash (thinking medium),RE14,wspolnota,score,False,True,True,3,4 - awaria zagrażająca,3,4 - awaria zagrażająca,True,,3459.0,0.00073425,128
Gemini 3.8 Flash (thinking medium),RE15,wspolnota,score,False,False,True,2,3 - poważna awaria,2,3 - poważna awaria,True,,3011.0,0.00093975,181
Gemini 3.8 Flash (thinking medium),RE16,wspolnota,score,False,False,True,0,1 - kosmetyczne,0,1 - kosmetyczne,True,,1518.5,0.000564,86
Gemini 3.8 Flash (thinking medium),RE17,wspolnota,score,False,True,True,1,2 - zwykła usterka,1,2 - zwykła usterka,True,,3948.6,0.00184275,421
Gemini 3.8 Flash (thinking medium),ECM01,moderacja,noul,True,True,True,0,"Tak, objęty ochroną",0,"Tak, objęty ochroną",True,,4949.5,0.002154,489
Gemini 3.8 Flash (thinking medium),ECM02,moderacja,noul,True,False,True,1,"Nie, nieobjęty ochroną",1,"Nie, nieobjęty ochroną",True,,2674.8,0.00088725,155
Gemini 3.8 Flash (thinking medium),ECM03,moderacja,noul,True,False,True,1,"Nie, nieobjęty ochroną",1,"Nie, nieobjęty ochroną",True,,2990.0,0.0009375,167
Gemini 3.8 Flash (thinking medium),ECM04,moderacja,noul,True,False,True,1,"Nie, nieobjęty ochroną",1,"Nie, nieobjęty ochroną",True,,4555.7,0.00207375,472
Gemini 3.8 Flash (thinking medium),ECM05,moderacja,noul,True,False,True,0,"Tak, objęty ochroną",0,"Tak, objęty ochroną",True,,3699.9,0.001434,299
Gemini 3.8 Flash (thinking medium),ECM06,moderacja,noul,False,True,True,1,"Nie, nie zawiera danych kontaktowych",1,"Nie, nie zawiera danych kontaktowych",True,,3577.7,0.00112425,255
Gemini 3.8 Flash (thinking medium),ECM07,moderacja,noul,False,False,True,0,"Tak, przedmiot zakazany",0,"Tak, przedmiot zakazany",True,,3309.6,0.00063375,129
Gemini 3.8 Flash (thinking medium),ECM08,moderacja,noul,False,True,True,0,"Tak, przynęta cenowa",0,"Tak, przynęta cenowa",True,,3552.1,0.001266,295
Gemini 3.8 Flash (thinking medium),ECM09,moderacja,choice,False,False,True,2,Dane kontaktowe,2,Dane kontaktowe,True,,2862.6,0.000654,101
Gemini 3.8 Flash (thinking medium),ECM10,moderacja,choice,False,False,True,3,Fałszywy stan,3,Fałszywy stan,True,,2771.5,0.00072225,122
Gemini 3.8 Flash (thinking medium),ECM11,moderacja,choice,False,True,True,0,Brak naruszenia,0,Brak naruszenia,True,,3966.7,0.001263,262
Gemini 3.8 Flash (thinking medium),ECM12,moderacja,choice,False,False,True,5,Przynęta cenowa,5,Przynęta cenowa,True,,2841.2,0.000858,156
Gemini 3.8 Flash (thinking medium),ECM13,moderacja,choice,False,False,True,1,Przedmiot zakazany,1,Przedmiot zakazany,True,,1701.6,0.000591,87
Gemini 3.8 Flash (thinking medium),ECM14,moderacja,choice,False,False,True,4,Podróbka,4,Podróbka,True,,2999.2,0.001122,226
Gemini 3.8 Flash (thinking medium),ECM15,moderacja,score,False,True,True,3,4 - krytyczna,3,4 - krytyczna,True,,5856.6,0.00160875,357
Gemini 3.8 Flash (thinking medium),ECM16,moderacja,score,False,False,True,1,2 - średnia,1,2 - średnia,True,,4422.4,0.00132975,296
Gemini 3.8 Flash (thinking medium),ECM17,moderacja,score,False,False,True,0,1 - niska,0,1 - niska,True,,4498.9,0.001515,340
Mistral Medium 3.1 (no reasoning),ADM01,administracja,noul,True,True,True,0,"Tak, w terminie",0,"Tak, w terminie",True,,901.5,0.0001444,2
Mistral Medium 3.1 (no reasoning),ADM02,administracja,noul,True,False,True,0,"Tak, wniosek jest kompletny",0,"Tak, wniosek jest kompletny",True,,360.9,0.0001424,2
Mistral Medium 3.1 (no reasoning),ADM03,administracja,noul,True,False,True,1,"Nie, po terminie",0,"Tak, w terminie",False,,353.5,0.0001408,2
Mistral Medium 3.1 (no reasoning),ADM04,administracja,noul,True,False,True,0,"Tak, tryb uproszczony",0,"Tak, tryb uproszczony",True,,399.6,0.0001468,2
Mistral Medium 3.1 (no reasoning),ADM05,administracja,noul,False,True,True,1,"Nie, to sprawa własna wnioskodawcy",1,"Nie, to sprawa własna wnioskodawcy",True,,343.0,0.0001176,2
Mistral Medium 3.1 (no reasoning),ADM06,administracja,noul,False,False,True,0,"Tak, przekazać dyżurnemu",0,"Tak, przekazać dyżurnemu",True,,396.2,0.000108,2
Mistral Medium 3.1 (no reasoning),ADM07,administracja,noul,False,True,True,1,"Nie, sprawa toczy się dalej",1,"Nie, sprawa toczy się dalej",True,,340.4,0.0001136,2
Mistral Medium 3.1 (no reasoning),ADM08,administracja,noul,False,False,True,1,"Nie, brakuje załącznika",1,"Nie, brakuje załącznika",True,,344.5,9.28e-05,2
Mistral Medium 3.1 (no reasoning),ADM09,administracja,choice,False,False,True,2,"Wydział Komunikacji - rejestracja pojazdów, prawa jazdy",2,"Wydział Komunikacji - rejestracja pojazdów, prawa jazdy",True,,335.4,0.0001212,2
Mistral Medium 3.1 (no reasoning),ADM10,administracja,choice,False,True,True,0,"Skarga - zarzut wobec działania urzędu lub pracownika (przewlekłość, zaniedbanie, niewłaściwe zachowanie)",0,"Skarga - zarzut wobec działania urzędu lub pracownika (przewlekłość, zaniedbanie, niewłaściwe zachowanie)",True,,587.4,0.0001576,2
Mistral Medium 3.1 (no reasoning),ADM11,administracja,choice,False,False,True,1,Wniosek - propozycja usprawnienia pracy urzędu lub lepszego zaspokajania potrzeb mieszkańców,1,Wniosek - propozycja usprawnienia pracy urzędu lub lepszego zaspokajania potrzeb mieszkańców,True,,382.0,0.0001268,2
Mistral Medium 3.1 (no reasoning),ADM12,administracja,choice,True,False,True,2,Zgłoszenie uproszczone,2,Zgłoszenie uproszczone,True,,430.3,0.0001516,2
Mistral Medium 3.1 (no reasoning),ADM13,administracja,choice,False,True,True,3,"Zarząd Dróg Miejskich - nawierzchnia ulic i chodników, oznakowanie, sygnalizacja",3,"Zarząd Dróg Miejskich - nawierzchnia ulic i chodników, oznakowanie, sygnalizacja",True,,363.3,0.0001184,2
Mistral Medium 3.1 (no reasoning),ADM14,administracja,choice,False,False,True,4,Przygotowanie zawarcia małżeństwa (ślub cywilny),4,Przygotowanie zawarcia małżeństwa (ślub cywilny),True,,500.5,0.0001036,2
Mistral Medium 3.1 (no reasoning),ADM15,administracja,score,False,False,True,1,2 - zwykły tryb,1,2 - zwykły tryb,True,,420.8,0.0001584,2
Mistral Medium 3.1 (no reasoning),ADM16,administracja,score,False,False,True,2,3 - termin w ciągu 7 dni,2,3 - termin w ciągu 7 dni,True,,381.0,0.0001576,2
Mistral Medium 3.1 (no reasoning),ADM17,administracja,score,False,False,True,3,"4 - zagrożenie, reakcja dziś",3,"4 - zagrożenie, reakcja dziś",True,,400.3,0.0001576,2
Mistral Medium 3.1 (no reasoning),LAW01,kancelaria,noul,True,True,True,0,"Tak, w terminie",1,"Nie, po terminie",False,,401.0,0.0001288,2
Mistral Medium 3.1 (no reasoning),LAW02,kancelaria,noul,True,True,True,1,"Nie, roszczenie nie jest jeszcze przedawnione",0,"Tak, roszczenie jest przedawnione",False,,548.1,0.0001416,2
Mistral Medium 3.1 (no reasoning),LAW03,kancelaria,noul,True,False,True,1,"Nie, nie może przyjąć",1,"Nie, nie może przyjąć",True,,385.6,0.0001508,2
Mistral Medium 3.1 (no reasoning),LAW04,kancelaria,noul,True,False,True,1,"Nie, poza pakietem",0,"Tak, pakiet ryczałtowy",False,,355.1,0.0001456,2
Mistral Medium 3.1 (no reasoning),LAW05,kancelaria,noul,False,False,True,0,"Tak, kontakt jeszcze dziś",0,"Tak, kontakt jeszcze dziś",True,,304.6,0.0001024,2
Mistral Medium 3.1 (no reasoning),LAW06,kancelaria,noul,False,True,True,1,"Nie, porada lub opinia",1,"Nie, porada lub opinia",True,,409.4,9.76e-05,2
Mistral Medium 3.1 (no reasoning),LAW07,kancelaria,noul,False,False,True,0,"Tak, dane są kompletne",0,"Tak, dane są kompletne",True,,298.3,9.96e-05,2
Mistral Medium 3.1 (no reasoning),LAW08,kancelaria,noul,False,True,True,0,"Tak, sprawa pracownicza",0,"Tak, sprawa pracownicza",True,,611.4,9.72e-05,2
Mistral Medium 3.1 (no reasoning),LAW09,kancelaria,choice,False,False,True,5,"Spadkowa - nabycie spadku, testament, zachowek, dział spadku",5,"Spadkowa - nabycie spadku, testament, zachowek, dział spadku",True,,377.5,0.0001484,2
Mistral Medium 3.1 (no reasoning),LAW10,kancelaria,choice,False,False,True,2,Gospodarcza - spór między przedsiębiorcami związany z ich działalnością,2,Gospodarcza - spór między przedsiębiorcami związany z ich działalnością,True,,412.6,0.0001628,2
Mistral Medium 3.1 (no reasoning),LAW11,kancelaria,choice,False,False,True,0,"Rodzinna - rozwód, separacja, alimenty, kontakty z dzieckiem, władza rodzicielska",0,"Rodzinna - rozwód, separacja, alimenty, kontakty z dzieckiem, władza rodzicielska",True,,527.6,0.0001484,2
Mistral Medium 3.1 (no reasoning),LAW12,kancelaria,choice,False,False,True,3,"Karna - postępowanie karne lub wykroczeniowe (klient podejrzany, oskarżony lub pokrzywdzony)",3,"Karna - postępowanie karne lub wykroczeniowe (klient podejrzany, oskarżony lub pokrzywdzony)",True,,999.8,0.0001476,2
Mistral Medium 3.1 (no reasoning),LAW13,kancelaria,choice,False,False,True,4,"Nieruchomości - własność, granice działek, służebności, zasiedzenie, obrót nieruchomościami",4,"Nieruchomości - własność, granice działek, służebności, zasiedzenie, obrót nieruchomościami",True,,864.3,0.0001492,2
Mistral Medium 3.1 (no reasoning),LAW14,kancelaria,choice,True,True,True,2,Pro bono,1,Stawka obniżona,False,,369.1,0.00014,2
Mistral Medium 3.1 (no reasoning),LAW15,kancelaria,score,False,False,True,0,1 - brak terminu,0,1 - brak terminu,True,,368.9,0.0001488,2
Mistral Medium 3.1 (no reasoning),LAW16,kancelaria,score,False,False,True,2,3 - termin za 3-14 dni,2,3 - termin za 3-14 dni,True,,421.6,0.0001548,2
Mistral Medium 3.1 (no reasoning),LAW17,kancelaria,score,False,False,True,1,2 - termin za ponad 14 dni,1,2 - termin za ponad 14 dni,True,,435.4,0.0001552,2
Mistral Medium 3.1 (no reasoning),HR01,hr,noul,True,True,True,0,"Tak, spełnia wymagania",1,"Nie, nie spełnia wymagań",False,,518.4,0.000138,2
Mistral Medium 3.1 (no reasoning),HR02,hr,noul,True,True,True,1,"Nie, nie spełnia wymogu",1,"Nie, nie spełnia wymogu",True,,396.7,0.0001148,2
Mistral Medium 3.1 (no reasoning),HR03,hr,noul,True,False,True,0,"Tak, spełnia zasady",0,"Tak, spełnia zasady",True,,408.7,0.00013,2
Mistral Medium 3.1 (no reasoning),HR04,hr,noul,True,True,True,0,"Tak, eskalować",0,"Tak, eskalować",True,,351.1,0.0001376,2
Mistral Medium 3.1 (no reasoning),HR05,hr,noul,False,True,True,1,"Nie, to nie jest rezygnacja",1,"Nie, to nie jest rezygnacja",True,,452.8,9.48e-05,2
Mistral Medium 3.1 (no reasoning),HR06,hr,noul,False,False,True,1,"Nie, tylko obecna rekrutacja",1,"Nie, tylko obecna rekrutacja",True,,421.9,9.72e-05,2
Mistral Medium 3.1 (no reasoning),HR07,hr,noul,False,False,True,0,"Tak, problem ze sprzętem",0,"Tak, problem ze sprzętem",True,,312.1,9.52e-05,2
Mistral Medium 3.1 (no reasoning),HR08,hr,noul,False,True,True,1,"Nie, to nie jest zgłoszenie mobbingu",1,"Nie, to nie jest zgłoszenie mobbingu",True,,429.5,0.0001012,2
Mistral Medium 3.1 (no reasoning),HR09,hr,choice,False,False,True,1,"Wynagrodzenie - wypłata, dodatki, premie, potrącenia, PIT",1,"Wynagrodzenie - wypłata, dodatki, premie, potrącenia, PIT",True,,357.1,0.0001328,2
Mistral Medium 3.1 (no reasoning),HR10,hr,choice,False,False,True,2,"BHP - warunki bezpieczeństwa i higieny pracy, środki ochrony, wypadki",2,"BHP - warunki bezpieczeństwa i higieny pracy, środki ochrony, wypadki",True,,411.5,0.0001324,2
Mistral Medium 3.1 (no reasoning),HR11,hr,choice,False,False,True,0,"Urlop - wnioski i pytania o urlop wypoczynkowy, okolicznościowy lub na żądanie",0,"Urlop - wnioski i pytania o urlop wypoczynkowy, okolicznościowy lub na żądanie",True,,418.7,0.000126,2
Mistral Medium 3.1 (no reasoning),HR12,hr,choice,False,False,True,4,"Sprzęt i dostępy - laptop, telefon, konta w systemach, karta wejściowa",4,"Sprzęt i dostępy - laptop, telefon, konta w systemach, karta wejściowa",True,,462.0,0.0001324,2
Mistral Medium 3.1 (no reasoning),HR13,hr,choice,False,False,True,5,"Benefity - karta sportowa, pakiet medyczny, świadczenia socjalne",5,"Benefity - karta sportowa, pakiet medyczny, świadczenia socjalne",True,,386.3,0.0001328,2
Mistral Medium 3.1 (no reasoning),HR14,hr,choice,True,False,True,1,Rozmowa z dyrektorem,0,Rozmowa z rekruterem,False,,376.2,0.0001592,2
Mistral Medium 3.1 (no reasoning),HR15,hr,score,False,False,True,1,2 - standardowy,1,2 - standardowy,True,,393.8,0.0001464,2
Mistral Medium 3.1 (no reasoning),HR16,hr,score,False,False,True,3,4 - krytyczny (przemoc lub zagrożenie),3,4 - krytyczny (przemoc lub zagrożenie),True,,370.9,0.0001512,2
Mistral Medium 3.1 (no reasoning),HR17,hr,score,False,False,True,2,3 - wysoki (wypłata lub termin do 3 dni),2,3 - wysoki (wypłata lub termin do 3 dni),True,,542.1,0.0001464,2
Mistral Medium 3.1 (no reasoning),MED01,przychodnia,noul,True,True,True,0,"Tak, skierowanie jest ważne",0,"Tak, skierowanie jest ważne",True,,506.6,0.0001788,2
Mistral Medium 3.1 (no reasoning),MED02,przychodnia,noul,True,False,True,1,"Nie, nie można przyjąć",1,"Nie, nie można przyjąć",True,,522.6,0.0001592,2
Mistral Medium 3.1 (no reasoning),MED03,przychodnia,noul,True,True,True,1,"Nie, nie można wydać",1,"Nie, nie można wydać",True,,379.1,0.0001312,2
Mistral Medium 3.1 (no reasoning),MED04,przychodnia,noul,True,False,True,0,"Tak, można zarejestrować na teleporadę",0,"Tak, można zarejestrować na teleporadę",True,,401.4,0.0001452,2
Mistral Medium 3.1 (no reasoning),MED05,przychodnia,noul,False,False,True,0,"Tak, zmiana terminu",0,"Tak, zmiana terminu",True,,366.2,0.0001004,2
Mistral Medium 3.1 (no reasoning),MED06,przychodnia,noul,False,True,True,1,"Nie, zgłoszenie niealarmowe",1,"Nie, zgłoszenie niealarmowe",True,,412.3,0.0001176,2
Mistral Medium 3.1 (no reasoning),MED07,przychodnia,noul,False,True,True,0,"Tak, wydanie dokumentu",0,"Tak, wydanie dokumentu",True,,349.2,9.48e-05,2
Mistral Medium 3.1 (no reasoning),MED08,przychodnia,noul,False,False,True,1,"Nie, brakuje dokumentu",1,"Nie, brakuje dokumentu",True,,367.1,9.8e-05,2
Mistral Medium 3.1 (no reasoning),MED09,przychodnia,choice,False,False,True,2,"Gabinet zabiegowy - zastrzyki, pobrania krwi, opatrunki na zlecenie lekarza",2,"Gabinet zabiegowy - zastrzyki, pobrania krwi, opatrunki na zlecenie lekarza",True,,337.6,0.0001224,2
Mistral Medium 3.1 (no reasoning),MED10,przychodnia,choice,False,True,True,3,Punkt szczepień - zapisy na szczepienia,3,Punkt szczepień - zapisy na szczepienia,True,,472.6,0.0001264,2
Mistral Medium 3.1 (no reasoning),MED11,przychodnia,choice,False,False,True,1,Poradnia specjalistyczna - wizyta u specjalisty na skierowanie,1,Poradnia specjalistyczna - wizyta u specjalisty na skierowanie,True,,362.3,0.0001192,2
Mistral Medium 3.1 (no reasoning),MED12,przychodnia,choice,False,False,True,4,"Dział dokumentacji medycznej - kopie dokumentacji, zaświadczenia, wydruki wyników",4,"Dział dokumentacji medycznej - kopie dokumentacji, zaświadczenia, wydruki wyników",True,,384.2,0.0001208,2
Mistral Medium 3.1 (no reasoning),MED13,przychodnia,choice,True,False,True,1,Przyjęcie poza kolejnością,1,Przyjęcie poza kolejnością,True,,354.6,0.000112,2
Mistral Medium 3.1 (no reasoning),MED14,przychodnia,choice,False,False,True,0,"Rejestracja POZ - wizyta u lekarza rodzinnego, bez skierowania",0,"Rejestracja POZ - wizyta u lekarza rodzinnego, bez skierowania",True,,509.6,0.0001256,2
Mistral Medium 3.1 (no reasoning),MED15,przychodnia,score,False,False,True,1,2 - planowy (termin do 14 dni),1,2 - planowy (termin do 14 dni),True,,427.1,0.000184,2
Mistral Medium 3.1 (no reasoning),MED16,przychodnia,score,False,False,True,2,3 - pilny (wizyta dziś),2,3 - pilny (wizyta dziś),True,,369.8,0.0001832,2
Mistral Medium 3.1 (no reasoning),MED17,przychodnia,score,False,False,True,3,4 - alarmowy (zadzwonić na 112),3,4 - alarmowy (zadzwonić na 112),True,,410.9,0.0001956,2
Mistral Medium 3.1 (no reasoning),INS01,ubezpieczenia,noul,True,True,True,1,"Nie, zdarzenie nastąpiło w okresie karencji",1,"Nie, zdarzenie nastąpiło w okresie karencji",True,,320.5,0.000158,2
Mistral Medium 3.1 (no reasoning),INS02,ubezpieczenia,noul,True,False,True,0,"Tak, odszkodowanie zostanie wypłacone",0,"Tak, odszkodowanie zostanie wypłacone",True,,353.6,0.0001416,2
Mistral Medium 3.1 (no reasoning),INS03,ubezpieczenia,noul,True,True,True,0,"Tak, koszty zostaną pokryte",0,"Tak, koszty zostaną pokryte",True,,408.6,0.0001876,2
Mistral Medium 3.1 (no reasoning),INS04,ubezpieczenia,noul,True,False,True,1,"Nie, potrzebne oględziny",1,"Nie, potrzebne oględziny",True,,349.7,0.000158,2
Mistral Medium 3.1 (no reasoning),INS05,ubezpieczenia,noul,False,True,True,0,"Tak, to odwołanie od decyzji",0,"Tak, to odwołanie od decyzji",True,,496.1,0.0001228,2
Mistral Medium 3.1 (no reasoning),INS06,ubezpieczenia,noul,True,False,True,1,"Nie, nie kierować do weryfikacji",0,"Tak, skierować do weryfikacji",False,,455.7,0.0001696,2
Mistral Medium 3.1 (no reasoning),INS07,ubezpieczenia,noul,False,False,True,1,"Nie, to pytanie o szkodę już zgłoszoną",1,"Nie, to pytanie o szkodę już zgłoszoną",True,,441.6,0.0001076,2
Mistral Medium 3.1 (no reasoning),INS08,ubezpieczenia,noul,False,False,True,0,"Tak, wypowiadają umowę",0,"Tak, wypowiadają umowę",True,,331.1,0.0001112,2
Mistral Medium 3.1 (no reasoning),INS09,ubezpieczenia,choice,False,True,True,3,OC w życiu prywatnym - szkoda wyrządzona osobie trzeciej przez ubezpieczonego lub jego domownika poza ruchem pojazdów,3,OC w życiu prywatnym - szkoda wyrządzona osobie trzeciej przez ubezpieczonego lub jego domownika poza ruchem pojazdów,True,,318.3,0.0001468,2
Mistral Medium 3.1 (no reasoning),INS10,ubezpieczenia,choice,False,False,True,4,"Turystyczna - zdarzenie w podróży zagranicznej (koszty leczenia, bagaż, opóźnienie lotu)",4,"Turystyczna - zdarzenie w podróży zagranicznej (koszty leczenia, bagaż, opóźnienie lotu)",True,,411.3,0.0001484,2
Mistral Medium 3.1 (no reasoning),INS11,ubezpieczenia,choice,False,False,True,2,Uzupełnienie dokumentów do szkody już prowadzonej,2,Uzupełnienie dokumentów do szkody już prowadzonej,True,,372.7,0.0001056,2
Mistral Medium 3.1 (no reasoning),INS12,ubezpieczenia,choice,False,False,True,1,"Serwisowy - naprawa w warsztacie, który rozlicza się bezpośrednio z ubezpieczycielem na podstawie faktury",1,"Serwisowy - naprawa w warsztacie, który rozlicza się bezpośrednio z ubezpieczycielem na podstawie faktury",True,,616.5,0.000114,2
Mistral Medium 3.1 (no reasoning),INS13,ubezpieczenia,choice,False,False,True,0,"Przepięcie - uszkodzenie urządzeń elektrycznych przez nagły wzrost napięcia, np. po wyładowaniu atmosferycznym",0,"Przepięcie - uszkodzenie urządzeń elektrycznych przez nagły wzrost napięcia, np. po wyładowaniu atmosferycznym",True,,394.2,0.0001384,2
Mistral Medium 3.1 (no reasoning),INS14,ubezpieczenia,score,False,True,True,0,1 - rutynowa,0,1 - rutynowa,True,,398.8,0.0001688,2
Mistral Medium 3.1 (no reasoning),INS15,ubezpieczenia,score,False,False,True,2,3 - pilna,2,3 - pilna,True,,366.2,0.0001672,2
Mistral Medium 3.1 (no reasoning),INS16,ubezpieczenia,score,False,False,True,1,2 - standardowa,1,2 - standardowa,True,,377.1,0.0001548,2
Mistral Medium 3.1 (no reasoning),INS17,ubezpieczenia,score,False,False,True,3,4 - natychmiastowa,3,4 - natychmiastowa,True,,407.8,0.000166,2
Mistral Medium 3.1 (no reasoning),BNK01,bank_aml,noul,True,False,True,1,"Nie, nie wymaga weryfikacji",1,"Nie, nie wymaga weryfikacji",True,,486.7,0.0002036,2
Mistral Medium 3.1 (no reasoning),BNK02,bank_aml,noul,True,True,True,0,"Tak, wymaga weryfikacji",0,"Tak, wymaga weryfikacji",True,,377.9,0.0002112,2
Mistral Medium 3.1 (no reasoning),BNK03,bank_aml,noul,True,True,True,0,"Tak, spełnia kryteria",0,"Tak, spełnia kryteria",True,,368.4,0.0001648,2
Mistral Medium 3.1 (no reasoning),BNK04,bank_aml,noul,True,False,True,1,"Nie, nie spełnia kryteriów",1,"Nie, nie spełnia kryteriów",True,,343.4,0.0001676,2
Mistral Medium 3.1 (no reasoning),BNK05,bank_aml,noul,True,False,True,1,"Nie, jeszcze nie można przyjąć reklamacji",0,"Tak, można przyjąć reklamację",False,,340.0,0.0001408,2
Mistral Medium 3.1 (no reasoning),BNK06,bank_aml,noul,False,False,True,0,"Tak, zgłasza transakcję nieautoryzowaną",0,"Tak, zgłasza transakcję nieautoryzowaną",True,,701.7,0.0001056,2
Mistral Medium 3.1 (no reasoning),BNK07,bank_aml,noul,False,True,True,0,"Tak, występuje taki sygnał",0,"Tak, występuje taki sygnał",True,,414.6,0.0001312,2
Mistral Medium 3.1 (no reasoning),BNK08,bank_aml,noul,False,True,True,1,"Nie, nie prosi o zastrzeżenie",1,"Nie, nie prosi o zastrzeżenie",True,,485.4,0.0001028,2
Mistral Medium 3.1 (no reasoning),BNK09,bank_aml,choice,False,True,True,4,"Bankowość elektroniczna - logowanie, aplikacja mobilna, hasła, autoryzacja w aplikacji, powiadomienia",4,"Bankowość elektroniczna - logowanie, aplikacja mobilna, hasła, autoryzacja w aplikacji, powiadomienia",True,,312.6,0.0001532,2
Mistral Medium 3.1 (no reasoning),BNK10,bank_aml,choice,False,False,True,2,"Reklamacje transakcji - kwestionowanie konkretnej transakcji (podwójne obciążenie, zła kwota, nieautoryzowana, niezrealizowana usługa)",2,"Reklamacje transakcji - kwestionowanie konkretnej transakcji (podwójne obciążenie, zła kwota, nieautoryzowana, niezrealizowana usługa)",True,,459.6,0.0001436,2
Mistral Medium 3.1 (no reasoning),BNK11,bank_aml,choice,False,False,True,1,"Kredyty - wnioski kredytowe, raty, harmonogram, wcześniejsza spłata",1,"Kredyty - wnioski kredytowe, raty, harmonogram, wcześniejsza spłata",True,,318.5,0.0001452,2
Mistral Medium 3.1 (no reasoning),BNK12,bank_aml,choice,False,False,True,3,"Konto - otwarcie i zamknięcie rachunku, opłaty za prowadzenie, wyciągi, pełnomocnictwa",3,"Konto - otwarcie i zamknięcie rachunku, opłaty za prowadzenie, wyciągi, pełnomocnictwa",True,,575.0,0.0001428,2
Mistral Medium 3.1 (no reasoning),BNK13,bank_aml,choice,False,False,True,0,"Karty - wydanie, blokada, zastrzeżenie, limity, PIN, wznowienie karty",0,"Karty - wydanie, blokada, zastrzeżenie, limity, PIN, wznowienie karty",True,,337.3,0.0001368,2
Mistral Medium 3.1 (no reasoning),BNK14,bank_aml,score,False,False,True,0,1 - niski,0,1 - niski,True,,346.2,0.0001804,2
Mistral Medium 3.1 (no reasoning),BNK15,bank_aml,score,False,False,True,1,2 - średni,1,2 - średni,True,,359.5,0.0001832,2
Mistral Medium 3.1 (no reasoning),BNK16,bank_aml,score,False,False,True,2,3 - podwyższony,2,3 - podwyższony,True,,361.1,0.0001868,2
Mistral Medium 3.1 (no reasoning),BNK17,bank_aml,score,False,False,True,3,4 - wysoki,3,4 - wysoki,True,,336.2,0.000176,2
Mistral Medium 3.1 (no reasoning),LOG01,logistyka,noul,True,True,True,1,"Nie, odszkodowanie nie przysługuje",1,"Nie, odszkodowanie nie przysługuje",True,,509.0,0.000148,2
Mistral Medium 3.1 (no reasoning),LOG02,logistyka,noul,True,True,True,0,"Tak, bezpłatne ponowne doręczenie przysługuje",1,"Nie, nie przysługuje",False,,356.7,0.0001708,2
Mistral Medium 3.1 (no reasoning),LOG03,logistyka,noul,True,False,True,1,"Nie, dokumentacja nie jest kompletna",1,"Nie, dokumentacja nie jest kompletna",True,,410.0,0.0001408,2
Mistral Medium 3.1 (no reasoning),LOG04,logistyka,noul,True,False,True,0,"Tak, odszkodowanie przysługuje",0,"Tak, odszkodowanie przysługuje",True,,401.4,0.0001576,2
Mistral Medium 3.1 (no reasoning),LOG05,logistyka,noul,True,False,True,1,"Nie, jeszcze nie uruchamiać",0,"Tak, uruchomić procedurę",False,,384.4,0.0001464,2
Mistral Medium 3.1 (no reasoning),LOG06,logistyka,noul,False,False,True,0,"Tak, odmówił przyjęcia",0,"Tak, odmówił przyjęcia",True,,1173.4,8.92e-05,2
Mistral Medium 3.1 (no reasoning),LOG07,logistyka,noul,False,True,True,0,"Tak, prosi o zmianę adresu",0,"Tak, prosi o zmianę adresu",True,,568.6,0.0001164,2
Mistral Medium 3.1 (no reasoning),LOG08,logistyka,noul,False,True,True,1,"Nie, zawartość nie jest uszkodzona",1,"Nie, zawartość nie jest uszkodzona",True,,611.3,0.0001044,2
Mistral Medium 3.1 (no reasoning),LOG09,logistyka,choice,False,False,True,2,"Błędny adres - przesyłki nie da się doręczyć lub trafiła gdzie indziej, bo adres na etykiecie jest błędny lub niepełny",2,"Błędny adres - przesyłki nie da się doręczyć lub trafiła gdzie indziej, bo adres na etykiecie jest błędny lub niepełny",True,,393.4,0.00015,2
Mistral Medium 3.1 (no reasoning),LOG10,logistyka,choice,False,False,True,1,"Opóźnienie - przesyłka jest w drodze lub dotarła, ale po obiecanym terminie; jej położenie jest znane",1,"Opóźnienie - przesyłka jest w drodze lub dotarła, ale po obiecanym terminie; jej położenie jest znane",True,,439.8,0.0001392,2
Mistral Medium 3.1 (no reasoning),LOG11,logistyka,choice,False,True,True,3,"Zaginięcie - przewoźnik nie wie, gdzie jest przesyłka (brak skanów, nie odnaleziono jej w magazynie)",3,"Zaginięcie - przewoźnik nie wie, gdzie jest przesyłka (brak skanów, nie odnaleziono jej w magazynie)",True,,963.6,0.0001456,2
Mistral Medium 3.1 (no reasoning),LOG12,logistyka,choice,False,False,True,0,"Uszkodzenie - przesyłka dotarła, ale zawartość lub opakowanie są uszkodzone",0,"Uszkodzenie - przesyłka dotarła, ale zawartość lub opakowanie są uszkodzone",True,,379.1,0.000144,2
Mistral Medium 3.1 (no reasoning),LOG13,logistyka,choice,False,False,True,4,Odmowa przyjęcia - odbiorca nie przyjął przesyłki od kuriera,4,Odmowa przyjęcia - odbiorca nie przyjął przesyłki od kuriera,True,,460.7,0.0001456,2
Mistral Medium 3.1 (no reasoning),LOG14,logistyka,score,False,False,True,0,1 - niski,0,1 - niski,True,,540.4,0.0001516,2
Mistral Medium 3.1 (no reasoning),LOG15,logistyka,score,False,False,True,2,3 - wysoki,2,3 - wysoki,True,,554.2,0.0001568,2
Mistral Medium 3.1 (no reasoning),LOG16,logistyka,score,False,False,True,1,2 - normalny,1,2 - normalny,True,,347.5,0.0001464,2
Mistral Medium 3.1 (no reasoning),LOG17,logistyka,score,False,False,True,3,4 - krytyczny,3,4 - krytyczny,True,,865.3,0.0001576,2
Mistral Medium 3.1 (no reasoning),ITS01,it_security,noul,True,True,True,0,"Tak, można zatwierdzić",0,"Tak, można zatwierdzić",True,,317.5,0.0001308,2
Mistral Medium 3.1 (no reasoning),ITS02,it_security,noul,True,False,True,1,"Nie, nie można nadać",0,"Tak, można nadać",False,,399.4,0.0001404,2
Mistral Medium 3.1 (no reasoning),ITS03,it_security,noul,True,False,True,1,"Nie, nie można zatwierdzić",0,"Tak, można zatwierdzić",False,,572.6,0.0001276,2
Mistral Medium 3.1 (no reasoning),ITS04,it_security,noul,True,False,True,0,"Tak, wyłączyć konto",0,"Tak, wyłączyć konto",True,,609.6,0.0001024,2
Mistral Medium 3.1 (no reasoning),ITS05,it_security,noul,True,False,True,1,"Nie, wymaga przeglądu bezpieczeństwa",1,"Nie, wymaga przeglądu bezpieczeństwa",True,,488.5,0.0001168,2
Mistral Medium 3.1 (no reasoning),ITS06,it_security,noul,False,True,True,1,"Nie, to nie jest phishing",1,"Nie, to nie jest phishing",True,,763.4,0.0001524,2
Mistral Medium 3.1 (no reasoning),ITS07,it_security,noul,False,True,True,0,"Tak, to phishing",0,"Tak, to phishing",True,,351.4,0.000176,2
Mistral Medium 3.1 (no reasoning),ITS08,it_security,noul,False,False,True,0,"Tak, to phishing",0,"Tak, to phishing",True,,348.5,0.0001252,2
Mistral Medium 3.1 (no reasoning),ITS09,it_security,choice,False,True,True,4,"Bezpieczeństwo - podejrzenie incydentu: kliknięty podejrzany link, podane hasło oszustowi, złośliwe oprogramowanie, utrata urządzenia, podejrzana aktywność konta",4,"Bezpieczeństwo - podejrzenie incydentu: kliknięty podejrzany link, podane hasło oszustowi, złośliwe oprogramowanie, utrata urządzenia, podejrzana aktywność konta",True,,730.2,0.0001556,2
Mistral Medium 3.1 (no reasoning),ITS10,it_security,choice,False,False,True,3,"Sieć - brak połączenia z internetem, Wi-Fi, VPN, wolne łącze",3,"Sieć - brak połączenia z internetem, Wi-Fi, VPN, wolne łącze",True,,390.2,0.0001436,2
Mistral Medium 3.1 (no reasoning),ITS11,it_security,choice,False,False,True,2,"Oprogramowanie - instalacja, aktualizacja lub błędy działania aplikacji",2,"Oprogramowanie - instalacja, aktualizacja lub błędy działania aplikacji",True,,694.4,0.0001436,2
Mistral Medium 3.1 (no reasoning),ITS12,it_security,choice,False,False,True,0,"Dostęp - konta, hasła, uprawnienia do systemów i folderów",0,"Dostęp - konta, hasła, uprawnienia do systemów i folderów",True,,417.1,0.0001492,2
Mistral Medium 3.1 (no reasoning),ITS13,it_security,choice,False,False,True,1,"Sprzęt - fizyczne urządzenia (komputer, monitor, drukarka, telefon): awaria lub wymiana",1,"Sprzęt - fizyczne urządzenia (komputer, monitor, drukarka, telefon): awaria lub wymiana",True,,547.4,0.000144,2
Mistral Medium 3.1 (no reasoning),ITS14,it_security,score,False,True,True,0,P4 - niski,1,P3 - średni,False,,485.1,0.000136,2
Mistral Medium 3.1 (no reasoning),ITS15,it_security,score,False,False,True,2,P2 - wysoki,2,P2 - wysoki,True,,412.6,0.0001376,2
Mistral Medium 3.1 (no reasoning),ITS16,it_security,score,False,False,True,1,P3 - średni,1,P3 - średni,True,,410.8,0.0001416,2
Mistral Medium 3.1 (no reasoning),ITS17,it_security,score,False,False,True,3,P1 - krytyczny,3,P1 - krytyczny,True,,424.3,0.0001372,2
Mistral Medium 3.1 (no reasoning),MFG01,produkcja,noul,True,True,True,1,"Nie, partię należy zwolnić",1,"Nie, partię należy zwolnić",True,,385.5,0.0001248,2
Mistral Medium 3.1 (no reasoning),MFG02,produkcja,noul,True,True,True,0,"Tak, partię należy wstrzymać",1,"Nie, partię można zwolnić",False,,431.6,0.0001676,2
Mistral Medium 3.1 (no reasoning),MFG03,produkcja,noul,True,False,True,0,"Tak, należy otworzyć 8D",0,"Tak, należy otworzyć 8D",True,,479.6,0.000126,2
Mistral Medium 3.1 (no reasoning),MFG04,produkcja,noul,True,False,True,0,"Tak, w terminie",0,"Tak, w terminie",True,,379.3,0.0001284,2
Mistral Medium 3.1 (no reasoning),MFG05,produkcja,noul,True,True,True,0,"Tak, partię należy wstrzymać",0,"Tak, partię należy wstrzymać",True,,371.2,0.0001108,2
Mistral Medium 3.1 (no reasoning),MFG06,produkcja,noul,False,False,True,1,"Nie, to nie jest niezgodność wyrobu",1,"Nie, to nie jest niezgodność wyrobu",True,,305.0,0.0001064,2
Mistral Medium 3.1 (no reasoning),MFG07,produkcja,noul,False,False,True,1,"Nie, to nie jest reklamacja",1,"Nie, to nie jest reklamacja",True,,350.3,0.000104,2
Mistral Medium 3.1 (no reasoning),MFG08,produkcja,noul,False,False,True,1,"Nie, jest poza tolerancją",1,"Nie, jest poza tolerancją",True,,451.7,9.32e-05,2
Mistral Medium 3.1 (no reasoning),MFG09,produkcja,choice,False,False,True,1,Powierzchniowa,1,Powierzchniowa,True,,357.1,0.0001392,2
Mistral Medium 3.1 (no reasoning),MFG10,produkcja,choice,False,False,True,4,Dokumentacyjna,4,Dokumentacyjna,True,,322.7,0.0001488,2
Mistral Medium 3.1 (no reasoning),MFG11,produkcja,choice,False,False,True,3,Montażowa,3,Montażowa,True,,453.0,0.0001388,2
Mistral Medium 3.1 (no reasoning),MFG12,produkcja,choice,False,True,True,2,Materiałowa,2,Materiałowa,True,,497.2,0.0001572,2
Mistral Medium 3.1 (no reasoning),MFG13,produkcja,choice,False,False,True,0,Wymiarowa,0,Wymiarowa,True,,306.5,0.0001464,2
Mistral Medium 3.1 (no reasoning),MFG14,produkcja,score,False,False,True,0,1 - kosmetyczna,0,1 - kosmetyczna,True,,473.7,0.0001296,2
Mistral Medium 3.1 (no reasoning),MFG15,produkcja,score,False,False,True,1,2 - mała,1,2 - mała,True,,593.1,0.000128,2
Mistral Medium 3.1 (no reasoning),MFG16,produkcja,score,False,False,True,2,3 - poważna,2,3 - poważna,True,,352.7,0.0001348,2
Mistral Medium 3.1 (no reasoning),MFG17,produkcja,score,False,True,True,3,4 - krytyczna,3,4 - krytyczna,True,,366.6,0.000136,2
Mistral Medium 3.1 (no reasoning),EDU01,uczelnia,noul,True,False,True,1,"Nie, po terminie",1,"Nie, po terminie",True,,341.4,0.0001324,2
Mistral Medium 3.1 (no reasoning),EDU02,uczelnia,noul,True,True,True,0,"Tak, spełnia warunki",0,"Tak, spełnia warunki",True,,712.3,0.0001312,2
Mistral Medium 3.1 (no reasoning),EDU03,uczelnia,noul,True,False,True,1,"Nie, nie spełnia kryterium",1,"Nie, nie spełnia kryterium",True,,575.8,0.0001108,2
Mistral Medium 3.1 (no reasoning),EDU04,uczelnia,noul,True,False,True,0,"Tak, wniosek jest kompletny",0,"Tak, wniosek jest kompletny",True,,383.1,0.00013,2
Mistral Medium 3.1 (no reasoning),EDU05,uczelnia,noul,True,False,True,1,"Nie, wznowienie nie jest możliwe",1,"Nie, wznowienie nie jest możliwe",True,,500.6,0.000118,2
Mistral Medium 3.1 (no reasoning),EDU06,uczelnia,noul,False,True,True,0,"Tak, prosi o przedłużenie",0,"Tak, prosi o przedłużenie",True,,376.6,0.0001,2
Mistral Medium 3.1 (no reasoning),EDU07,uczelnia,noul,False,False,True,0,"Tak, zgłasza błąd wpisu",0,"Tak, zgłasza błąd wpisu",True,,358.0,0.0001064,2
Mistral Medium 3.1 (no reasoning),EDU08,uczelnia,noul,False,False,True,1,"Nie, to nie jest skarga",1,"Nie, to nie jest skarga",True,,369.8,9.72e-05,2
Mistral Medium 3.1 (no reasoning),EDU09,uczelnia,choice,False,False,True,1,Wznowienie studiów,1,Wznowienie studiów,True,,415.6,0.0001352,2
Mistral Medium 3.1 (no reasoning),EDU10,uczelnia,choice,False,True,True,4,Warunkowy wpis,4,Warunkowy wpis,True,,362.8,0.0001388,2
Mistral Medium 3.1 (no reasoning),EDU11,uczelnia,choice,False,False,True,2,Zmiana promotora,2,Zmiana promotora,True,,455.6,0.0001324,2
Mistral Medium 3.1 (no reasoning),EDU12,uczelnia,choice,False,False,True,3,Przeniesienie,3,Przeniesienie,True,,722.9,0.0001348,2
Mistral Medium 3.1 (no reasoning),EDU13,uczelnia,choice,False,False,True,0,Urlop dziekański,0,Urlop dziekański,True,,439.5,0.00013,2
Mistral Medium 3.1 (no reasoning),EDU14,uczelnia,score,False,False,True,0,1 - niska,0,1 - niska,True,,386.6,0.0001264,2
Mistral Medium 3.1 (no reasoning),EDU15,uczelnia,score,False,False,True,2,3 - wysoka,2,3 - wysoka,True,,452.8,0.0001364,2
Mistral Medium 3.1 (no reasoning),EDU16,uczelnia,score,False,True,True,1,2 - średnia,1,2 - średnia,True,,360.8,0.0001356,2
Mistral Medium 3.1 (no reasoning),EDU17,uczelnia,score,False,True,True,3,4 - krytyczna,3,4 - krytyczna,True,,363.9,0.0001376,2
Mistral Medium 3.1 (no reasoning),RE01,wspolnota,noul,True,True,True,1,"Nie, uchwała nieprzyjęta",1,"Nie, uchwała nieprzyjęta",True,,367.8,0.0001188,2
Mistral Medium 3.1 (no reasoning),RE02,wspolnota,noul,True,False,True,0,"Tak, uchwała przyjęta",1,"Nie, uchwała nieprzyjęta",False,,373.7,0.0001476,2
Mistral Medium 3.1 (no reasoning),RE03,wspolnota,noul,True,False,True,1,"Nie, pokrywa właściciel lokalu",1,"Nie, pokrywa właściciel lokalu",True,,390.5,0.0001232,2
Mistral Medium 3.1 (no reasoning),RE04,wspolnota,noul,True,True,True,0,"Tak, pokrywa wspólnota",0,"Tak, pokrywa wspólnota",True,,412.7,0.0001284,2
Mistral Medium 3.1 (no reasoning),RE05,wspolnota,noul,True,False,True,0,"Tak, w terminie",0,"Tak, w terminie",True,,470.2,0.0001236,2
Mistral Medium 3.1 (no reasoning),RE06,wspolnota,noul,False,False,True,1,"Nie, nie opisuje zapachu ani wycieku gazu",1,"Nie, nie opisuje zapachu ani wycieku gazu",True,,411.7,9.2e-05,2
Mistral Medium 3.1 (no reasoning),RE07,wspolnota,noul,False,True,True,0,"Tak, to zgłoszenie usterki",0,"Tak, to zgłoszenie usterki",True,,429.2,9.68e-05,2
Mistral Medium 3.1 (no reasoning),RE08,wspolnota,noul,False,False,True,1,"Nie, nie wnosi o zwrot kosztów",1,"Nie, nie wnosi o zwrot kosztów",True,,326.8,0.000102,2
Mistral Medium 3.1 (no reasoning),RE09,wspolnota,choice,False,False,True,3,Dach,3,Dach,True,,492.7,0.0001648,2
Mistral Medium 3.1 (no reasoning),RE10,wspolnota,choice,False,False,True,5,Sprawa sąsiedzka,5,Sprawa sąsiedzka,True,,480.0,0.000156,2
Mistral Medium 3.1 (no reasoning),RE11,wspolnota,choice,False,False,True,1,Elektryka,1,Elektryka,True,,445.1,0.0001544,2
Mistral Medium 3.1 (no reasoning),RE12,wspolnota,choice,False,False,True,4,Części wspólne,4,Części wspólne,True,,467.6,0.0001496,2
Mistral Medium 3.1 (no reasoning),RE13,wspolnota,choice,False,False,True,0,Hydraulika,0,Hydraulika,True,,397.2,0.0001516,2
Mistral Medium 3.1 (no reasoning),RE14,wspolnota,score,False,True,True,3,4 - awaria zagrażająca,3,4 - awaria zagrażająca,True,,373.0,0.000162,2
Mistral Medium 3.1 (no reasoning),RE15,wspolnota,score,False,False,True,2,3 - poważna awaria,2,3 - poważna awaria,True,,417.6,0.0001636,2
Mistral Medium 3.1 (no reasoning),RE16,wspolnota,score,False,False,True,0,1 - kosmetyczne,0,1 - kosmetyczne,True,,416.4,0.0001524,2
Mistral Medium 3.1 (no reasoning),RE17,wspolnota,score,False,True,True,1,2 - zwykła usterka,1,2 - zwykła usterka,True,,447.1,0.0001632,2
Mistral Medium 3.1 (no reasoning),ECM01,moderacja,noul,True,True,True,0,"Tak, objęty ochroną",0,"Tak, objęty ochroną",True,,680.3,0.0001956,2
Mistral Medium 3.1 (no reasoning),ECM02,moderacja,noul,True,False,True,1,"Nie, nieobjęty ochroną",1,"Nie, nieobjęty ochroną",True,,336.4,0.0001888,2
Mistral Medium 3.1 (no reasoning),ECM03,moderacja,noul,True,False,True,1,"Nie, nieobjęty ochroną",1,"Nie, nieobjęty ochroną",True,,596.4,0.0001896,2
Mistral Medium 3.1 (no reasoning),ECM04,moderacja,noul,True,False,True,1,"Nie, nieobjęty ochroną",0,"Tak, objęty ochroną",False,,644.1,0.000184,2
Mistral Medium 3.1 (no reasoning),ECM05,moderacja,noul,True,False,True,0,"Tak, objęty ochroną",0,"Tak, objęty ochroną",True,,347.5,0.0001896,2
Mistral Medium 3.1 (no reasoning),ECM06,moderacja,noul,False,True,True,1,"Nie, nie zawiera danych kontaktowych",1,"Nie, nie zawiera danych kontaktowych",True,,371.9,0.0001072,2
Mistral Medium 3.1 (no reasoning),ECM07,moderacja,noul,False,False,True,0,"Tak, przedmiot zakazany",0,"Tak, przedmiot zakazany",True,,551.0,9.76e-05,2
Mistral Medium 3.1 (no reasoning),ECM08,moderacja,noul,False,True,True,0,"Tak, przynęta cenowa",0,"Tak, przynęta cenowa",True,,381.3,0.0001024,2
Mistral Medium 3.1 (no reasoning),ECM09,moderacja,choice,False,False,True,2,Dane kontaktowe,2,Dane kontaktowe,True,,400.2,0.0001656,2
Mistral Medium 3.1 (no reasoning),ECM10,moderacja,choice,False,False,True,3,Fałszywy stan,3,Fałszywy stan,True,,353.4,0.0001636,2
Mistral Medium 3.1 (no reasoning),ECM11,moderacja,choice,False,True,True,0,Brak naruszenia,0,Brak naruszenia,True,,719.7,0.000172,2
Mistral Medium 3.1 (no reasoning),ECM12,moderacja,choice,False,False,True,5,Przynęta cenowa,5,Przynęta cenowa,True,,546.4,0.000168,2
Mistral Medium 3.1 (no reasoning),ECM13,moderacja,choice,False,False,True,1,Przedmiot zakazany,1,Przedmiot zakazany,True,,412.6,0.0001624,2
Mistral Medium 3.1 (no reasoning),ECM14,moderacja,choice,False,False,True,4,Podróbka,4,Podróbka,True,,396.1,0.0001672,2
Mistral Medium 3.1 (no reasoning),ECM15,moderacja,score,False,True,True,3,4 - krytyczna,3,4 - krytyczna,True,,411.8,0.0001636,2
Mistral Medium 3.1 (no reasoning),ECM16,moderacja,score,False,False,True,1,2 - średnia,1,2 - średnia,True,,360.9,0.0001352,2
Mistral Medium 3.1 (no reasoning),ECM17,moderacja,score,False,False,True,0,1 - niska,3,4 - krytyczna,False,,367.6,0.0001456,2
Qwen3-14B thinking (local MLX 4-bit),ADM01,administracja,noul,True,True,True,0,"Tak, w terminie",1,"Nie, po terminie",False,,4299.0,0.0,244
Qwen3-14B thinking (local MLX 4-bit),ADM02,administracja,noul,True,False,True,0,"Tak, wniosek jest kompletny",0,"Tak, wniosek jest kompletny",True,,4410.5,0.0,250
Qwen3-14B thinking (local MLX 4-bit),ADM03,administracja,noul,True,False,True,1,"Nie, po terminie",0,"Tak, w terminie",False,,12510.0,0.0,720
Qwen3-14B thinking (local MLX 4-bit),ADM04,administracja,noul,True,False,True,0,"Tak, tryb uproszczony",0,"Tak, tryb uproszczony",True,,5989.5,0.0,337
Qwen3-14B thinking (local MLX 4-bit),ADM05,administracja,noul,False,True,True,1,"Nie, to sprawa własna wnioskodawcy",1,"Nie, to sprawa własna wnioskodawcy",True,,3978.3,0.0,222
Qwen3-14B thinking (local MLX 4-bit),ADM06,administracja,noul,False,False,True,0,"Tak, przekazać dyżurnemu",0,"Tak, przekazać dyżurnemu",True,,4526.7,0.0,255
Qwen3-14B thinking (local MLX 4-bit),ADM07,administracja,noul,False,True,True,1,"Nie, sprawa toczy się dalej",1,"Nie, sprawa toczy się dalej",True,,2719.6,0.0,148
Qwen3-14B thinking (local MLX 4-bit),ADM08,administracja,noul,False,False,True,1,"Nie, brakuje załącznika",1,"Nie, brakuje załącznika",True,,4940.3,0.0,284
Qwen3-14B thinking (local MLX 4-bit),ADM09,administracja,choice,False,False,True,2,"Wydział Komunikacji - rejestracja pojazdów, prawa jazdy",2,"Wydział Komunikacji - rejestracja pojazdów, prawa jazdy",True,,3099.9,0.0,173
Qwen3-14B thinking (local MLX 4-bit),ADM10,administracja,choice,False,True,True,0,"Skarga - zarzut wobec działania urzędu lub pracownika (przewlekłość, zaniedbanie, niewłaściwe zachowanie)",0,"Skarga - zarzut wobec działania urzędu lub pracownika (przewlekłość, zaniedbanie, niewłaściwe zachowanie)",True,,4685.6,0.0,264
Qwen3-14B thinking (local MLX 4-bit),ADM11,administracja,choice,False,False,True,1,Wniosek - propozycja usprawnienia pracy urzędu lub lepszego zaspokajania potrzeb mieszkańców,1,Wniosek - propozycja usprawnienia pracy urzędu lub lepszego zaspokajania potrzeb mieszkańców,True,,6195.1,0.0,359
Qwen3-14B thinking (local MLX 4-bit),ADM12,administracja,choice,True,False,True,2,Zgłoszenie uproszczone,2,Zgłoszenie uproszczone,True,,7033.3,0.0,410
Qwen3-14B thinking (local MLX 4-bit),ADM13,administracja,choice,False,True,True,3,"Zarząd Dróg Miejskich - nawierzchnia ulic i chodników, oznakowanie, sygnalizacja",3,"Zarząd Dróg Miejskich - nawierzchnia ulic i chodników, oznakowanie, sygnalizacja",True,,4096.9,0.0,235
Qwen3-14B thinking (local MLX 4-bit),ADM14,administracja,choice,False,False,True,4,Przygotowanie zawarcia małżeństwa (ślub cywilny),4,Przygotowanie zawarcia małżeństwa (ślub cywilny),True,,3566.3,0.0,204
Qwen3-14B thinking (local MLX 4-bit),ADM15,administracja,score,False,False,True,1,2 - zwykły tryb,1,2 - zwykły tryb,True,,6990.3,0.0,408
Qwen3-14B thinking (local MLX 4-bit),ADM16,administracja,score,False,False,True,2,3 - termin w ciągu 7 dni,2,3 - termin w ciągu 7 dni,True,,3552.5,0.0,199
Qwen3-14B thinking (local MLX 4-bit),ADM17,administracja,score,False,False,True,3,"4 - zagrożenie, reakcja dziś",3,"4 - zagrożenie, reakcja dziś",True,,4587.5,0.0,262
Qwen3-14B thinking (local MLX 4-bit),LAW01,kancelaria,noul,True,True,True,0,"Tak, w terminie",1,"Nie, po terminie",False,,11620.5,0.0,690
Qwen3-14B thinking (local MLX 4-bit),LAW02,kancelaria,noul,True,True,True,1,"Nie, roszczenie nie jest jeszcze przedawnione",1,"Nie, roszczenie nie jest jeszcze przedawnione",True,,8314.0,0.0,489
Qwen3-14B thinking (local MLX 4-bit),LAW03,kancelaria,noul,True,False,True,1,"Nie, nie może przyjąć",1,"Nie, nie może przyjąć",True,,6672.5,0.0,388
Qwen3-14B thinking (local MLX 4-bit),LAW04,kancelaria,noul,True,False,True,1,"Nie, poza pakietem",1,"Nie, poza pakietem",True,,4650.8,0.0,265
Qwen3-14B thinking (local MLX 4-bit),LAW05,kancelaria,noul,False,False,True,0,"Tak, kontakt jeszcze dziś",0,"Tak, kontakt jeszcze dziś",True,,3513.6,0.0,200
Qwen3-14B thinking (local MLX 4-bit),LAW06,kancelaria,noul,False,True,True,1,"Nie, porada lub opinia",1,"Nie, porada lub opinia",True,,3046.3,0.0,172
Qwen3-14B thinking (local MLX 4-bit),LAW07,kancelaria,noul,False,False,True,0,"Tak, dane są kompletne",0,"Tak, dane są kompletne",True,,4211.0,0.0,243
Qwen3-14B thinking (local MLX 4-bit),LAW08,kancelaria,noul,False,True,True,0,"Tak, sprawa pracownicza",0,"Tak, sprawa pracownicza",True,,6670.7,0.0,393
Qwen3-14B thinking (local MLX 4-bit),LAW09,kancelaria,choice,False,False,True,5,"Spadkowa - nabycie spadku, testament, zachowek, dział spadku",5,"Spadkowa - nabycie spadku, testament, zachowek, dział spadku",True,,3128.2,0.0,173
Qwen3-14B thinking (local MLX 4-bit),LAW10,kancelaria,choice,False,False,True,2,Gospodarcza - spór między przedsiębiorcami związany z ich działalnością,2,Gospodarcza - spór między przedsiębiorcami związany z ich działalnością,True,,5210.1,0.0,297
Qwen3-14B thinking (local MLX 4-bit),LAW11,kancelaria,choice,False,False,True,0,"Rodzinna - rozwód, separacja, alimenty, kontakty z dzieckiem, władza rodzicielska",0,"Rodzinna - rozwód, separacja, alimenty, kontakty z dzieckiem, władza rodzicielska",True,,3371.0,0.0,187
Qwen3-14B thinking (local MLX 4-bit),LAW12,kancelaria,choice,False,False,True,3,"Karna - postępowanie karne lub wykroczeniowe (klient podejrzany, oskarżony lub pokrzywdzony)",3,"Karna - postępowanie karne lub wykroczeniowe (klient podejrzany, oskarżony lub pokrzywdzony)",True,,2839.6,0.0,155
Qwen3-14B thinking (local MLX 4-bit),LAW13,kancelaria,choice,False,False,True,4,"Nieruchomości - własność, granice działek, służebności, zasiedzenie, obrót nieruchomościami",4,"Nieruchomości - własność, granice działek, służebności, zasiedzenie, obrót nieruchomościami",True,,3136.9,0.0,173
Qwen3-14B thinking (local MLX 4-bit),LAW14,kancelaria,choice,True,True,True,2,Pro bono,2,Pro bono,True,,7375.9,0.0,430
Qwen3-14B thinking (local MLX 4-bit),LAW15,kancelaria,score,False,False,True,0,1 - brak terminu,0,1 - brak terminu,True,,3702.3,0.0,207
Qwen3-14B thinking (local MLX 4-bit),LAW16,kancelaria,score,False,False,True,2,3 - termin za 3-14 dni,2,3 - termin za 3-14 dni,True,,8317.9,0.0,488
Qwen3-14B thinking (local MLX 4-bit),LAW17,kancelaria,score,False,False,True,1,2 - termin za ponad 14 dni,1,2 - termin za ponad 14 dni,True,,6278.5,0.0,364
Qwen3-14B thinking (local MLX 4-bit),HR01,hr,noul,True,True,True,0,"Tak, spełnia wymagania",0,"Tak, spełnia wymagania",True,,4549.5,0.0,259
Qwen3-14B thinking (local MLX 4-bit),HR02,hr,noul,True,True,True,1,"Nie, nie spełnia wymogu",1,"Nie, nie spełnia wymogu",True,,3587.0,0.0,203
Qwen3-14B thinking (local MLX 4-bit),HR03,hr,noul,True,False,True,0,"Tak, spełnia zasady",0,"Tak, spełnia zasady",True,,4173.4,0.0,239
Qwen3-14B thinking (local MLX 4-bit),HR04,hr,noul,True,True,True,0,"Tak, eskalować",0,"Tak, eskalować",True,,8070.7,0.0,473
Qwen3-14B thinking (local MLX 4-bit),HR05,hr,noul,False,True,True,1,"Nie, to nie jest rezygnacja",1,"Nie, to nie jest rezygnacja",True,,3888.3,0.0,223
Qwen3-14B thinking (local MLX 4-bit),HR06,hr,noul,False,False,True,1,"Nie, tylko obecna rekrutacja",1,"Nie, tylko obecna rekrutacja",True,,3949.2,0.0,226
Qwen3-14B thinking (local MLX 4-bit),HR07,hr,noul,False,False,True,0,"Tak, problem ze sprzętem",0,"Tak, problem ze sprzętem",True,,3937.6,0.0,226
Qwen3-14B thinking (local MLX 4-bit),HR08,hr,noul,False,True,True,1,"Nie, to nie jest zgłoszenie mobbingu",1,"Nie, to nie jest zgłoszenie mobbingu",True,,4855.4,0.0,282
Qwen3-14B thinking (local MLX 4-bit),HR09,hr,choice,False,False,True,1,"Wynagrodzenie - wypłata, dodatki, premie, potrącenia, PIT",1,"Wynagrodzenie - wypłata, dodatki, premie, potrącenia, PIT",True,,5642.5,0.0,326
Qwen3-14B thinking (local MLX 4-bit),HR10,hr,choice,False,False,True,2,"BHP - warunki bezpieczeństwa i higieny pracy, środki ochrony, wypadki",2,"BHP - warunki bezpieczeństwa i higieny pracy, środki ochrony, wypadki",True,,4719.4,0.0,270
Qwen3-14B thinking (local MLX 4-bit),HR11,hr,choice,False,False,True,0,"Urlop - wnioski i pytania o urlop wypoczynkowy, okolicznościowy lub na żądanie",0,"Urlop - wnioski i pytania o urlop wypoczynkowy, okolicznościowy lub na żądanie",True,,2583.3,0.0,142
Qwen3-14B thinking (local MLX 4-bit),HR12,hr,choice,False,False,True,4,"Sprzęt i dostępy - laptop, telefon, konta w systemach, karta wejściowa",4,"Sprzęt i dostępy - laptop, telefon, konta w systemach, karta wejściowa",True,,4269.6,0.0,245
Qwen3-14B thinking (local MLX 4-bit),HR13,hr,choice,False,False,True,5,"Benefity - karta sportowa, pakiet medyczny, świadczenia socjalne",5,"Benefity - karta sportowa, pakiet medyczny, świadczenia socjalne",True,,3032.2,0.0,166
Qwen3-14B thinking (local MLX 4-bit),HR14,hr,choice,True,False,True,1,Rozmowa z dyrektorem,1,Rozmowa z dyrektorem,True,,4730.3,0.0,267
Qwen3-14B thinking (local MLX 4-bit),HR15,hr,score,False,False,True,1,2 - standardowy,1,2 - standardowy,True,,4483.7,0.0,255
Qwen3-14B thinking (local MLX 4-bit),HR16,hr,score,False,False,True,3,4 - krytyczny (przemoc lub zagrożenie),3,4 - krytyczny (przemoc lub zagrożenie),True,,5500.3,0.0,317
Qwen3-14B thinking (local MLX 4-bit),HR17,hr,score,False,False,True,2,3 - wysoki (wypłata lub termin do 3 dni),2,3 - wysoki (wypłata lub termin do 3 dni),True,,5839.2,0.0,337
Qwen3-14B thinking (local MLX 4-bit),MED01,przychodnia,noul,True,True,True,0,"Tak, skierowanie jest ważne",0,"Tak, skierowanie jest ważne",True,,9686.9,0.0,563
Qwen3-14B thinking (local MLX 4-bit),MED02,przychodnia,noul,True,False,True,1,"Nie, nie można przyjąć",1,"Nie, nie można przyjąć",True,,9658.1,0.0,563
Qwen3-14B thinking (local MLX 4-bit),MED03,przychodnia,noul,True,True,True,1,"Nie, nie można wydać",1,"Nie, nie można wydać",True,,5997.6,0.0,346
Qwen3-14B thinking (local MLX 4-bit),MED04,przychodnia,noul,True,False,True,0,"Tak, można zarejestrować na teleporadę",0,"Tak, można zarejestrować na teleporadę",True,,6010.8,0.0,347
Qwen3-14B thinking (local MLX 4-bit),MED05,przychodnia,noul,False,False,True,0,"Tak, zmiana terminu",0,"Tak, zmiana terminu",True,,2594.6,0.0,144
Qwen3-14B thinking (local MLX 4-bit),MED06,przychodnia,noul,False,True,True,1,"Nie, zgłoszenie niealarmowe",1,"Nie, zgłoszenie niealarmowe",True,,4307.2,0.0,244
Qwen3-14B thinking (local MLX 4-bit),MED07,przychodnia,noul,False,True,True,0,"Tak, wydanie dokumentu",0,"Tak, wydanie dokumentu",True,,3449.7,0.0,196
Qwen3-14B thinking (local MLX 4-bit),MED08,przychodnia,noul,False,False,True,1,"Nie, brakuje dokumentu",1,"Nie, brakuje dokumentu",True,,4492.7,0.0,260
Qwen3-14B thinking (local MLX 4-bit),MED09,przychodnia,choice,False,False,True,2,"Gabinet zabiegowy - zastrzyki, pobrania krwi, opatrunki na zlecenie lekarza",2,"Gabinet zabiegowy - zastrzyki, pobrania krwi, opatrunki na zlecenie lekarza",True,,5298.5,0.0,305
Qwen3-14B thinking (local MLX 4-bit),MED10,przychodnia,choice,False,True,True,3,Punkt szczepień - zapisy na szczepienia,3,Punkt szczepień - zapisy na szczepienia,True,,5544.5,0.0,320
Qwen3-14B thinking (local MLX 4-bit),MED11,przychodnia,choice,False,False,True,1,Poradnia specjalistyczna - wizyta u specjalisty na skierowanie,1,Poradnia specjalistyczna - wizyta u specjalisty na skierowanie,True,,4059.0,0.0,229
Qwen3-14B thinking (local MLX 4-bit),MED12,przychodnia,choice,False,False,True,4,"Dział dokumentacji medycznej - kopie dokumentacji, zaświadczenia, wydruki wyników",4,"Dział dokumentacji medycznej - kopie dokumentacji, zaświadczenia, wydruki wyników",True,,2702.7,0.0,147
Qwen3-14B thinking (local MLX 4-bit),MED13,przychodnia,choice,True,False,True,1,Przyjęcie poza kolejnością,1,Przyjęcie poza kolejnością,True,,4098.5,0.0,231
Qwen3-14B thinking (local MLX 4-bit),MED14,przychodnia,choice,False,False,True,0,"Rejestracja POZ - wizyta u lekarza rodzinnego, bez skierowania",0,"Rejestracja POZ - wizyta u lekarza rodzinnego, bez skierowania",True,,3399.5,0.0,189
Qwen3-14B thinking (local MLX 4-bit),MED15,przychodnia,score,False,False,True,1,2 - planowy (termin do 14 dni),0,1 - administracyjny,False,,13443.6,0.0,780
Qwen3-14B thinking (local MLX 4-bit),MED16,przychodnia,score,False,False,True,2,3 - pilny (wizyta dziś),2,3 - pilny (wizyta dziś),True,,6575.0,0.0,371
Qwen3-14B thinking (local MLX 4-bit),MED17,przychodnia,score,False,False,True,3,4 - alarmowy (zadzwonić na 112),3,4 - alarmowy (zadzwonić na 112),True,,4294.9,0.0,233
Qwen3-14B thinking (local MLX 4-bit),INS01,ubezpieczenia,noul,True,True,True,1,"Nie, zdarzenie nastąpiło w okresie karencji",1,"Nie, zdarzenie nastąpiło w okresie karencji",True,,7926.8,0.0,459
Qwen3-14B thinking (local MLX 4-bit),INS02,ubezpieczenia,noul,True,False,True,0,"Tak, odszkodowanie zostanie wypłacone",0,"Tak, odszkodowanie zostanie wypłacone",True,,4176.2,0.0,231
Qwen3-14B thinking (local MLX 4-bit),INS03,ubezpieczenia,noul,True,True,True,0,"Tak, koszty zostaną pokryte",0,"Tak, koszty zostaną pokryte",True,,5332.0,0.0,298
Qwen3-14B thinking (local MLX 4-bit),INS04,ubezpieczenia,noul,True,False,True,1,"Nie, potrzebne oględziny",1,"Nie, potrzebne oględziny",True,,9914.1,0.0,575
Qwen3-14B thinking (local MLX 4-bit),INS05,ubezpieczenia,noul,False,True,True,0,"Tak, to odwołanie od decyzji",0,"Tak, to odwołanie od decyzji",True,,7312.4,0.0,424
Qwen3-14B thinking (local MLX 4-bit),INS06,ubezpieczenia,noul,True,False,True,1,"Nie, nie kierować do weryfikacji",1,"Nie, nie kierować do weryfikacji",True,,8120.7,0.0,465
Qwen3-14B thinking (local MLX 4-bit),INS07,ubezpieczenia,noul,False,False,True,1,"Nie, to pytanie o szkodę już zgłoszoną",1,"Nie, to pytanie o szkodę już zgłoszoną",True,,3228.7,0.0,173
Qwen3-14B thinking (local MLX 4-bit),INS08,ubezpieczenia,noul,False,False,True,0,"Tak, wypowiadają umowę",0,"Tak, wypowiadają umowę",True,,5218.3,0.0,298
Qwen3-14B thinking (local MLX 4-bit),INS09,ubezpieczenia,choice,False,True,True,3,OC w życiu prywatnym - szkoda wyrządzona osobie trzeciej przez ubezpieczonego lub jego domownika poza ruchem pojazdów,3,OC w życiu prywatnym - szkoda wyrządzona osobie trzeciej przez ubezpieczonego lub jego domownika poza ruchem pojazdów,True,,5852.2,0.0,332
Qwen3-14B thinking (local MLX 4-bit),INS10,ubezpieczenia,choice,False,False,True,4,"Turystyczna - zdarzenie w podróży zagranicznej (koszty leczenia, bagaż, opóźnienie lotu)",4,"Turystyczna - zdarzenie w podróży zagranicznej (koszty leczenia, bagaż, opóźnienie lotu)",True,,5082.5,0.0,284
Qwen3-14B thinking (local MLX 4-bit),INS11,ubezpieczenia,choice,False,False,True,2,Uzupełnienie dokumentów do szkody już prowadzonej,2,Uzupełnienie dokumentów do szkody już prowadzonej,True,,4179.6,0.0,236
Qwen3-14B thinking (local MLX 4-bit),INS12,ubezpieczenia,choice,False,False,True,1,"Serwisowy - naprawa w warsztacie, który rozlicza się bezpośrednio z ubezpieczycielem na podstawie faktury",1,"Serwisowy - naprawa w warsztacie, który rozlicza się bezpośrednio z ubezpieczycielem na podstawie faktury",True,,2400.7,0.0,128
Qwen3-14B thinking (local MLX 4-bit),INS13,ubezpieczenia,choice,False,False,True,0,"Przepięcie - uszkodzenie urządzeń elektrycznych przez nagły wzrost napięcia, np. po wyładowaniu atmosferycznym",0,"Przepięcie - uszkodzenie urządzeń elektrycznych przez nagły wzrost napięcia, np. po wyładowaniu atmosferycznym",True,,3961.6,0.0,220
Qwen3-14B thinking (local MLX 4-bit),INS14,ubezpieczenia,score,False,True,True,0,1 - rutynowa,0,1 - rutynowa,True,,5650.0,0.0,319
Qwen3-14B thinking (local MLX 4-bit),INS15,ubezpieczenia,score,False,False,True,2,3 - pilna,2,3 - pilna,True,,5745.7,0.0,324
Qwen3-14B thinking (local MLX 4-bit),INS16,ubezpieczenia,score,False,False,True,1,2 - standardowa,1,2 - standardowa,True,,4634.3,0.0,259
Qwen3-14B thinking (local MLX 4-bit),INS17,ubezpieczenia,score,False,False,True,3,4 - natychmiastowa,3,4 - natychmiastowa,True,,6901.9,0.0,392
Qwen3-14B thinking (local MLX 4-bit),BNK01,bank_aml,noul,True,False,True,1,"Nie, nie wymaga weryfikacji",1,"Nie, nie wymaga weryfikacji",True,,9340.5,0.0,531
Qwen3-14B thinking (local MLX 4-bit),BNK02,bank_aml,noul,True,True,True,0,"Tak, wymaga weryfikacji",0,"Tak, wymaga weryfikacji",True,,10054.8,0.0,572
Qwen3-14B thinking (local MLX 4-bit),BNK03,bank_aml,noul,True,True,True,0,"Tak, spełnia kryteria",0,"Tak, spełnia kryteria",True,,6762.1,0.0,384
Qwen3-14B thinking (local MLX 4-bit),BNK04,bank_aml,noul,True,False,True,1,"Nie, nie spełnia kryteriów",1,"Nie, nie spełnia kryteriów",True,,7116.9,0.0,404
Qwen3-14B thinking (local MLX 4-bit),BNK05,bank_aml,noul,True,False,True,1,"Nie, jeszcze nie można przyjąć reklamacji",1,"Nie, jeszcze nie można przyjąć reklamacji",True,,6057.5,0.0,344
Qwen3-14B thinking (local MLX 4-bit),BNK06,bank_aml,noul,False,False,True,0,"Tak, zgłasza transakcję nieautoryzowaną",0,"Tak, zgłasza transakcję nieautoryzowaną",True,,4019.8,0.0,228
Qwen3-14B thinking (local MLX 4-bit),BNK07,bank_aml,noul,False,True,True,0,"Tak, występuje taki sygnał",0,"Tak, występuje taki sygnał",True,,5719.7,0.0,325
Qwen3-14B thinking (local MLX 4-bit),BNK08,bank_aml,noul,False,True,True,1,"Nie, nie prosi o zastrzeżenie",1,"Nie, nie prosi o zastrzeżenie",True,,3601.1,0.0,203
Qwen3-14B thinking (local MLX 4-bit),BNK09,bank_aml,choice,False,True,True,4,"Bankowość elektroniczna - logowanie, aplikacja mobilna, hasła, autoryzacja w aplikacji, powiadomienia",4,"Bankowość elektroniczna - logowanie, aplikacja mobilna, hasła, autoryzacja w aplikacji, powiadomienia",True,,5762.3,0.0,326
Qwen3-14B thinking (local MLX 4-bit),BNK10,bank_aml,choice,False,False,True,2,"Reklamacje transakcji - kwestionowanie konkretnej transakcji (podwójne obciążenie, zła kwota, nieautoryzowana, niezrealizowana usługa)",2,"Reklamacje transakcji - kwestionowanie konkretnej transakcji (podwójne obciążenie, zła kwota, nieautoryzowana, niezrealizowana usługa)",True,,5398.0,0.0,297
Qwen3-14B thinking (local MLX 4-bit),BNK11,bank_aml,choice,False,False,True,1,"Kredyty - wnioski kredytowe, raty, harmonogram, wcześniejsza spłata",1,"Kredyty - wnioski kredytowe, raty, harmonogram, wcześniejsza spłata",True,,3014.2,0.0,160
Qwen3-14B thinking (local MLX 4-bit),BNK12,bank_aml,choice,False,False,True,3,"Konto - otwarcie i zamknięcie rachunku, opłaty za prowadzenie, wyciągi, pełnomocnictwa",3,"Konto - otwarcie i zamknięcie rachunku, opłaty za prowadzenie, wyciągi, pełnomocnictwa",True,,5013.5,0.0,282
Qwen3-14B thinking (local MLX 4-bit),BNK13,bank_aml,choice,False,False,True,0,"Karty - wydanie, blokada, zastrzeżenie, limity, PIN, wznowienie karty",0,"Karty - wydanie, blokada, zastrzeżenie, limity, PIN, wznowienie karty",True,,3284.7,0.0,177
Qwen3-14B thinking (local MLX 4-bit),BNK14,bank_aml,score,False,False,True,0,1 - niski,0,1 - niski,True,,7203.5,0.0,409
Qwen3-14B thinking (local MLX 4-bit),BNK15,bank_aml,score,False,False,True,1,2 - średni,1,2 - średni,True,,4197.6,0.0,227
Qwen3-14B thinking (local MLX 4-bit),BNK16,bank_aml,score,False,False,True,2,3 - podwyższony,2,3 - podwyższony,True,,5558.0,0.0,308
Qwen3-14B thinking (local MLX 4-bit),BNK17,bank_aml,score,False,False,True,3,4 - wysoki,3,4 - wysoki,True,,6575.4,0.0,371
Qwen3-14B thinking (local MLX 4-bit),LOG01,logistyka,noul,True,True,True,1,"Nie, odszkodowanie nie przysługuje",1,"Nie, odszkodowanie nie przysługuje",True,,8633.8,0.0,497
Qwen3-14B thinking (local MLX 4-bit),LOG02,logistyka,noul,True,True,True,0,"Tak, bezpłatne ponowne doręczenie przysługuje",0,"Tak, bezpłatne ponowne doręczenie przysługuje",True,,7074.1,0.0,400
Qwen3-14B thinking (local MLX 4-bit),LOG03,logistyka,noul,True,False,True,1,"Nie, dokumentacja nie jest kompletna",1,"Nie, dokumentacja nie jest kompletna",True,,6621.9,0.0,376
Qwen3-14B thinking (local MLX 4-bit),LOG04,logistyka,noul,True,False,True,0,"Tak, odszkodowanie przysługuje",0,"Tak, odszkodowanie przysługuje",True,,6774.5,0.0,384
Qwen3-14B thinking (local MLX 4-bit),LOG05,logistyka,noul,True,False,True,1,"Nie, jeszcze nie uruchamiać",1,"Nie, jeszcze nie uruchamiać",True,,12186.2,0.0,708
Qwen3-14B thinking (local MLX 4-bit),LOG06,logistyka,noul,False,False,True,0,"Tak, odmówił przyjęcia",0,"Tak, odmówił przyjęcia",True,,3340.9,0.0,187
Qwen3-14B thinking (local MLX 4-bit),LOG07,logistyka,noul,False,True,True,0,"Tak, prosi o zmianę adresu",0,"Tak, prosi o zmianę adresu",True,,5056.3,0.0,286
Qwen3-14B thinking (local MLX 4-bit),LOG08,logistyka,noul,False,True,True,1,"Nie, zawartość nie jest uszkodzona",1,"Nie, zawartość nie jest uszkodzona",True,,3174.0,0.0,176
Qwen3-14B thinking (local MLX 4-bit),LOG09,logistyka,choice,False,False,True,2,"Błędny adres - przesyłki nie da się doręczyć lub trafiła gdzie indziej, bo adres na etykiecie jest błędny lub niepełny",2,"Błędny adres - przesyłki nie da się doręczyć lub trafiła gdzie indziej, bo adres na etykiecie jest błędny lub niepełny",True,,6259.1,0.0,355
Qwen3-14B thinking (local MLX 4-bit),LOG10,logistyka,choice,False,False,True,1,"Opóźnienie - przesyłka jest w drodze lub dotarła, ale po obiecanym terminie; jej położenie jest znane",1,"Opóźnienie - przesyłka jest w drodze lub dotarła, ale po obiecanym terminie; jej położenie jest znane",True,,5951.7,0.0,338
Qwen3-14B thinking (local MLX 4-bit),LOG11,logistyka,choice,False,True,True,3,"Zaginięcie - przewoźnik nie wie, gdzie jest przesyłka (brak skanów, nie odnaleziono jej w magazynie)",3,"Zaginięcie - przewoźnik nie wie, gdzie jest przesyłka (brak skanów, nie odnaleziono jej w magazynie)",True,,8085.9,0.0,461
Qwen3-14B thinking (local MLX 4-bit),LOG12,logistyka,choice,False,False,True,0,"Uszkodzenie - przesyłka dotarła, ale zawartość lub opakowanie są uszkodzone",0,"Uszkodzenie - przesyłka dotarła, ale zawartość lub opakowanie są uszkodzone",True,,4740.2,0.0,266
Qwen3-14B thinking (local MLX 4-bit),LOG13,logistyka,choice,False,False,True,4,Odmowa przyjęcia - odbiorca nie przyjął przesyłki od kuriera,4,Odmowa przyjęcia - odbiorca nie przyjął przesyłki od kuriera,True,,5458.5,0.0,304
Qwen3-14B thinking (local MLX 4-bit),LOG14,logistyka,score,False,False,True,0,1 - niski,0,1 - niski,True,,3697.2,0.0,203
Qwen3-14B thinking (local MLX 4-bit),LOG15,logistyka,score,False,False,True,2,3 - wysoki,1,2 - normalny,False,,28038.0,0.0,1621
Qwen3-14B thinking (local MLX 4-bit),LOG16,logistyka,score,False,False,True,1,2 - normalny,1,2 - normalny,True,,3946.0,0.0,218
Qwen3-14B thinking (local MLX 4-bit),LOG17,logistyka,score,False,False,True,3,4 - krytyczny,3,4 - krytyczny,True,,4862.7,0.0,268
Qwen3-14B thinking (local MLX 4-bit),ITS01,it_security,noul,True,True,True,0,"Tak, można zatwierdzić",0,"Tak, można zatwierdzić",True,,5226.3,0.0,296
Qwen3-14B thinking (local MLX 4-bit),ITS02,it_security,noul,True,False,True,1,"Nie, nie można nadać",1,"Nie, nie można nadać",True,,6408.3,0.0,359
Qwen3-14B thinking (local MLX 4-bit),ITS03,it_security,noul,True,False,True,1,"Nie, nie można zatwierdzić",1,"Nie, nie można zatwierdzić",True,,19174.1,0.0,1118
Qwen3-14B thinking (local MLX 4-bit),ITS04,it_security,noul,True,False,True,0,"Tak, wyłączyć konto",0,"Tak, wyłączyć konto",True,,15926.6,0.0,933
Qwen3-14B thinking (local MLX 4-bit),ITS05,it_security,noul,True,False,True,1,"Nie, wymaga przeglądu bezpieczeństwa",1,"Nie, wymaga przeglądu bezpieczeństwa",True,,5189.1,0.0,294
Qwen3-14B thinking (local MLX 4-bit),ITS06,it_security,noul,False,True,True,1,"Nie, to nie jest phishing",1,"Nie, to nie jest phishing",True,,6358.1,0.0,360
Qwen3-14B thinking (local MLX 4-bit),ITS07,it_security,noul,False,True,True,0,"Tak, to phishing",0,"Tak, to phishing",True,,6161.6,0.0,345
Qwen3-14B thinking (local MLX 4-bit),ITS08,it_security,noul,False,False,True,0,"Tak, to phishing",0,"Tak, to phishing",True,,7836.3,0.0,451
Qwen3-14B thinking (local MLX 4-bit),ITS09,it_security,choice,False,True,True,4,"Bezpieczeństwo - podejrzenie incydentu: kliknięty podejrzany link, podane hasło oszustowi, złośliwe oprogramowanie, utrata urządzenia, podejrzana aktywność konta",4,"Bezpieczeństwo - podejrzenie incydentu: kliknięty podejrzany link, podane hasło oszustowi, złośliwe oprogramowanie, utrata urządzenia, podejrzana aktywność konta",True,,5444.1,0.0,306
Qwen3-14B thinking (local MLX 4-bit),ITS10,it_security,choice,False,False,True,3,"Sieć - brak połączenia z internetem, Wi-Fi, VPN, wolne łącze",3,"Sieć - brak połączenia z internetem, Wi-Fi, VPN, wolne łącze",True,,3492.1,0.0,188
Qwen3-14B thinking (local MLX 4-bit),ITS11,it_security,choice,False,False,True,2,"Oprogramowanie - instalacja, aktualizacja lub błędy działania aplikacji",2,"Oprogramowanie - instalacja, aktualizacja lub błędy działania aplikacji",True,,5134.3,0.0,288
Qwen3-14B thinking (local MLX 4-bit),ITS12,it_security,choice,False,False,True,0,"Dostęp - konta, hasła, uprawnienia do systemów i folderów",0,"Dostęp - konta, hasła, uprawnienia do systemów i folderów",True,,5303.8,0.0,297
Qwen3-14B thinking (local MLX 4-bit),ITS13,it_security,choice,False,False,True,1,"Sprzęt - fizyczne urządzenia (komputer, monitor, drukarka, telefon): awaria lub wymiana",1,"Sprzęt - fizyczne urządzenia (komputer, monitor, drukarka, telefon): awaria lub wymiana",True,,4815.9,0.0,267
Qwen3-14B thinking (local MLX 4-bit),ITS14,it_security,score,False,True,True,0,P4 - niski,0,P4 - niski,True,,4031.9,0.0,222
Qwen3-14B thinking (local MLX 4-bit),ITS15,it_security,score,False,False,True,2,P2 - wysoki,2,P2 - wysoki,True,,6200.4,0.0,350
Qwen3-14B thinking (local MLX 4-bit),ITS16,it_security,score,False,False,True,1,P3 - średni,1,P3 - średni,True,,7615.9,0.0,435
Qwen3-14B thinking (local MLX 4-bit),ITS17,it_security,score,False,False,True,3,P1 - krytyczny,3,P1 - krytyczny,True,,11768.4,0.0,683
Qwen3-14B thinking (local MLX 4-bit),MFG01,produkcja,noul,True,True,True,1,"Nie, partię należy zwolnić",1,"Nie, partię należy zwolnić",True,,4670.6,0.0,262
Qwen3-14B thinking (local MLX 4-bit),MFG02,produkcja,noul,True,True,True,0,"Tak, partię należy wstrzymać",0,"Tak, partię należy wstrzymać",True,,31397.4,0.0,1807
Qwen3-14B thinking (local MLX 4-bit),MFG03,produkcja,noul,True,False,True,0,"Tak, należy otworzyć 8D",0,"Tak, należy otworzyć 8D",True,,4892.6,0.0,277
Qwen3-14B thinking (local MLX 4-bit),MFG04,produkcja,noul,True,False,True,0,"Tak, w terminie",1,"Nie, po terminie",False,,22597.7,0.0,1312
Qwen3-14B thinking (local MLX 4-bit),MFG05,produkcja,noul,True,True,True,0,"Tak, partię należy wstrzymać",0,"Tak, partię należy wstrzymać",True,,3970.6,0.0,221
Qwen3-14B thinking (local MLX 4-bit),MFG06,produkcja,noul,False,False,True,1,"Nie, to nie jest niezgodność wyrobu",1,"Nie, to nie jest niezgodność wyrobu",True,,4404.5,0.0,245
Qwen3-14B thinking (local MLX 4-bit),MFG07,produkcja,noul,False,False,True,1,"Nie, to nie jest reklamacja",1,"Nie, to nie jest reklamacja",True,,4263.9,0.0,240
Qwen3-14B thinking (local MLX 4-bit),MFG08,produkcja,noul,False,False,True,1,"Nie, jest poza tolerancją",1,"Nie, jest poza tolerancją",True,,4577.4,0.0,258
Qwen3-14B thinking (local MLX 4-bit),MFG09,produkcja,choice,False,False,True,1,Powierzchniowa,1,Powierzchniowa,True,,5941.9,0.0,335
Qwen3-14B thinking (local MLX 4-bit),MFG10,produkcja,choice,False,False,True,4,Dokumentacyjna,4,Dokumentacyjna,True,,4533.7,0.0,252
Qwen3-14B thinking (local MLX 4-bit),MFG11,produkcja,choice,False,False,True,3,Montażowa,3,Montażowa,True,,4958.8,0.0,274
Qwen3-14B thinking (local MLX 4-bit),MFG12,produkcja,choice,False,True,True,2,Materiałowa,2,Materiałowa,True,,5440.4,0.0,302
Qwen3-14B thinking (local MLX 4-bit),MFG13,produkcja,choice,False,False,True,0,Wymiarowa,0,Wymiarowa,True,,4610.7,0.0,252
Qwen3-14B thinking (local MLX 4-bit),MFG14,produkcja,score,False,False,True,0,1 - kosmetyczna,0,1 - kosmetyczna,True,,5131.5,0.0,289
Qwen3-14B thinking (local MLX 4-bit),MFG15,produkcja,score,False,False,True,1,2 - mała,1,2 - mała,True,,5409.2,0.0,306
Qwen3-14B thinking (local MLX 4-bit),MFG16,produkcja,score,False,False,True,2,3 - poważna,2,3 - poważna,True,,5643.0,0.0,318
Qwen3-14B thinking (local MLX 4-bit),MFG17,produkcja,score,False,True,True,3,4 - krytyczna,3,4 - krytyczna,True,,8411.1,0.0,481
Qwen3-14B thinking (local MLX 4-bit),EDU01,uczelnia,noul,True,False,True,1,"Nie, po terminie",1,"Nie, po terminie",True,,12488.6,0.0,726
Qwen3-14B thinking (local MLX 4-bit),EDU02,uczelnia,noul,True,True,True,0,"Tak, spełnia warunki",0,"Tak, spełnia warunki",True,,3325.5,0.0,180
Qwen3-14B thinking (local MLX 4-bit),EDU03,uczelnia,noul,True,False,True,1,"Nie, nie spełnia kryterium",1,"Nie, nie spełnia kryterium",True,,5136.2,0.0,290
Qwen3-14B thinking (local MLX 4-bit),EDU04,uczelnia,noul,True,False,True,0,"Tak, wniosek jest kompletny",0,"Tak, wniosek jest kompletny",True,,4454.1,0.0,248
Qwen3-14B thinking (local MLX 4-bit),EDU05,uczelnia,noul,True,False,True,1,"Nie, wznowienie nie jest możliwe",1,"Nie, wznowienie nie jest możliwe",True,,5856.2,0.0,332
Qwen3-14B thinking (local MLX 4-bit),EDU06,uczelnia,noul,False,True,True,0,"Tak, prosi o przedłużenie",0,"Tak, prosi o przedłużenie",True,,3050.2,0.0,168
Qwen3-14B thinking (local MLX 4-bit),EDU07,uczelnia,noul,False,False,True,0,"Tak, zgłasza błąd wpisu",0,"Tak, zgłasza błąd wpisu",True,,3709.0,0.0,206
Qwen3-14B thinking (local MLX 4-bit),EDU08,uczelnia,noul,False,False,True,1,"Nie, to nie jest skarga",1,"Nie, to nie jest skarga",True,,3300.9,0.0,184
Qwen3-14B thinking (local MLX 4-bit),EDU09,uczelnia,choice,False,False,True,1,Wznowienie studiów,1,Wznowienie studiów,True,,4958.5,0.0,277
Qwen3-14B thinking (local MLX 4-bit),EDU10,uczelnia,choice,False,True,True,4,Warunkowy wpis,4,Warunkowy wpis,True,,3907.7,0.0,215
Qwen3-14B thinking (local MLX 4-bit),EDU11,uczelnia,choice,False,False,True,2,Zmiana promotora,2,Zmiana promotora,True,,4261.9,0.0,233
Qwen3-14B thinking (local MLX 4-bit),EDU12,uczelnia,choice,False,False,True,3,Przeniesienie,3,Przeniesienie,True,,4805.9,0.0,268
Qwen3-14B thinking (local MLX 4-bit),EDU13,uczelnia,choice,False,False,True,0,Urlop dziekański,0,Urlop dziekański,True,,5420.5,0.0,302
Qwen3-14B thinking (local MLX 4-bit),EDU14,uczelnia,score,False,False,True,0,1 - niska,0,1 - niska,True,,4242.3,0.0,232
Qwen3-14B thinking (local MLX 4-bit),EDU15,uczelnia,score,False,False,True,2,3 - wysoka,2,3 - wysoka,True,,9515.8,0.0,545
Qwen3-14B thinking (local MLX 4-bit),EDU16,uczelnia,score,False,True,True,1,2 - średnia,1,2 - średnia,True,,15111.6,0.0,877
Qwen3-14B thinking (local MLX 4-bit),EDU17,uczelnia,score,False,True,True,3,4 - krytyczna,3,4 - krytyczna,True,,3608.9,0.0,197
Qwen3-14B thinking (local MLX 4-bit),RE01,wspolnota,noul,True,True,True,1,"Nie, uchwała nieprzyjęta",1,"Nie, uchwała nieprzyjęta",True,,2985.5,0.0,161
Qwen3-14B thinking (local MLX 4-bit),RE02,wspolnota,noul,True,False,True,0,"Tak, uchwała przyjęta",0,"Tak, uchwała przyjęta",True,,12472.6,0.0,721
Qwen3-14B thinking (local MLX 4-bit),RE03,wspolnota,noul,True,False,True,1,"Nie, pokrywa właściciel lokalu",1,"Nie, pokrywa właściciel lokalu",True,,5078.5,0.0,286
Qwen3-14B thinking (local MLX 4-bit),RE04,wspolnota,noul,True,True,True,0,"Tak, pokrywa wspólnota",0,"Tak, pokrywa wspólnota",True,,5647.0,0.0,320
Qwen3-14B thinking (local MLX 4-bit),RE05,wspolnota,noul,True,False,True,0,"Tak, w terminie",0,"Tak, w terminie",True,,8128.3,0.0,468
Qwen3-14B thinking (local MLX 4-bit),RE06,wspolnota,noul,False,False,True,1,"Nie, nie opisuje zapachu ani wycieku gazu",1,"Nie, nie opisuje zapachu ani wycieku gazu",True,,4134.3,0.0,234
Qwen3-14B thinking (local MLX 4-bit),RE07,wspolnota,noul,False,True,True,0,"Tak, to zgłoszenie usterki",1,"Nie, to nie jest zgłoszenie usterki",False,,8137.7,0.0,469
Qwen3-14B thinking (local MLX 4-bit),RE08,wspolnota,noul,False,False,True,1,"Nie, nie wnosi o zwrot kosztów",1,"Nie, nie wnosi o zwrot kosztów",True,,3573.0,0.0,198
Qwen3-14B thinking (local MLX 4-bit),RE09,wspolnota,choice,False,False,True,3,Dach,3,Dach,True,,4267.8,0.0,230
Qwen3-14B thinking (local MLX 4-bit),RE10,wspolnota,choice,False,False,True,5,Sprawa sąsiedzka,5,Sprawa sąsiedzka,True,,4204.5,0.0,225
Qwen3-14B thinking (local MLX 4-bit),RE11,wspolnota,choice,False,False,True,1,Elektryka,1,Elektryka,True,,4139.4,0.0,226
Qwen3-14B thinking (local MLX 4-bit),RE12,wspolnota,choice,False,False,True,4,Części wspólne,4,Części wspólne,True,,4822.6,0.0,267
Qwen3-14B thinking (local MLX 4-bit),RE13,wspolnota,choice,False,False,True,0,Hydraulika,0,Hydraulika,True,,6066.0,0.0,341
Qwen3-14B thinking (local MLX 4-bit),RE14,wspolnota,score,False,True,True,3,4 - awaria zagrażająca,3,4 - awaria zagrażająca,True,,7431.5,0.0,418
Qwen3-14B thinking (local MLX 4-bit),RE15,wspolnota,score,False,False,True,2,3 - poważna awaria,2,3 - poważna awaria,True,,6242.9,0.0,349
Qwen3-14B thinking (local MLX 4-bit),RE16,wspolnota,score,False,False,True,0,1 - kosmetyczne,0,1 - kosmetyczne,True,,4442.3,0.0,247
Qwen3-14B thinking (local MLX 4-bit),RE17,wspolnota,score,False,True,True,1,2 - zwykła usterka,1,2 - zwykła usterka,True,,6658.2,0.0,371
Qwen3-14B thinking (local MLX 4-bit),ECM01,moderacja,noul,True,True,True,0,"Tak, objęty ochroną",0,"Tak, objęty ochroną",True,,8258.0,0.0,466
Qwen3-14B thinking (local MLX 4-bit),ECM02,moderacja,noul,True,False,True,1,"Nie, nieobjęty ochroną",1,"Nie, nieobjęty ochroną",True,,5182.4,0.0,284
Qwen3-14B thinking (local MLX 4-bit),ECM03,moderacja,noul,True,False,True,1,"Nie, nieobjęty ochroną",1,"Nie, nieobjęty ochroną",True,,6374.6,0.0,350
Qwen3-14B thinking (local MLX 4-bit),ECM04,moderacja,noul,True,False,True,1,"Nie, nieobjęty ochroną",1,"Nie, nieobjęty ochroną",True,,10389.1,0.0,591
Qwen3-14B thinking (local MLX 4-bit),ECM05,moderacja,noul,True,False,True,0,"Tak, objęty ochroną",0,"Tak, objęty ochroną",True,,6545.3,0.0,363
Qwen3-14B thinking (local MLX 4-bit),ECM06,moderacja,noul,False,True,True,1,"Nie, nie zawiera danych kontaktowych",1,"Nie, nie zawiera danych kontaktowych",True,,3006.1,0.0,164
Qwen3-14B thinking (local MLX 4-bit),ECM07,moderacja,noul,False,False,True,0,"Tak, przedmiot zakazany",0,"Tak, przedmiot zakazany",True,,7972.2,0.0,460
Qwen3-14B thinking (local MLX 4-bit),ECM08,moderacja,noul,False,True,True,0,"Tak, przynęta cenowa",0,"Tak, przynęta cenowa",True,,4562.1,0.0,258
Qwen3-14B thinking (local MLX 4-bit),ECM09,moderacja,choice,False,False,True,2,Dane kontaktowe,2,Dane kontaktowe,True,,6975.3,0.0,392
Qwen3-14B thinking (local MLX 4-bit),ECM10,moderacja,choice,False,False,True,3,Fałszywy stan,3,Fałszywy stan,True,,5285.0,0.0,295
Qwen3-14B thinking (local MLX 4-bit),ECM11,moderacja,choice,False,True,True,0,Brak naruszenia,0,Brak naruszenia,True,,6163.3,0.0,339
Qwen3-14B thinking (local MLX 4-bit),ECM12,moderacja,choice,False,False,True,5,Przynęta cenowa,5,Przynęta cenowa,True,,4736.6,0.0,259
Qwen3-14B thinking (local MLX 4-bit),ECM13,moderacja,choice,False,False,True,1,Przedmiot zakazany,1,Przedmiot zakazany,True,,4697.9,0.0,259
Qwen3-14B thinking (local MLX 4-bit),ECM14,moderacja,choice,False,False,True,4,Podróbka,0,Brak naruszenia,False,,11761.2,0.0,672
Qwen3-14B thinking (local MLX 4-bit),ECM15,moderacja,score,False,True,True,3,4 - krytyczna,3,4 - krytyczna,True,,6126.7,0.0,342
Qwen3-14B thinking (local MLX 4-bit),ECM16,moderacja,score,False,False,True,1,2 - średnia,1,2 - średnia,True,,14972.3,0.0,867
Qwen3-14B thinking (local MLX 4-bit),ECM17,moderacja,score,False,False,True,0,1 - niska,0,1 - niska,True,,13227.8,0.0,766
annotator: Claude Opus 5.5,ADM01,administracja,noul,True,True,True,0,"Tak, w terminie",0,"Tak, w terminie",True,,8084.9,0.006688,217
annotator: Claude Opus 5.5,ADM02,administracja,noul,True,False,True,0,"Tak, wniosek jest kompletny",0,"Tak, wniosek jest kompletny",True,,3537.8,0.005024,125
annotator: Claude Opus 5.5,ADM03,administracja,noul,True,False,True,1,"Nie, po terminie",1,"Nie, po terminie",True,,8577.2,0.007472,259
annotator: Claude Opus 5.5,ADM04,administracja,noul,True,False,True,0,"Tak, tryb uproszczony",0,"Tak, tryb uproszczony",True,,7207.8,0.0062,189
annotator: Claude Opus 5.5,ADM05,administracja,noul,False,True,True,1,"Nie, to sprawa własna wnioskodawcy",1,"Nie, to sprawa własna wnioskodawcy",True,,4560.7,0.005208,153
annotator: Claude Opus 5.5,ADM06,administracja,noul,False,False,True,0,"Tak, przekazać dyżurnemu",0,"Tak, przekazać dyżurnemu",True,,3297.1,0.004264,114
annotator: Claude Opus 5.5,ADM07,administracja,noul,False,True,True,1,"Nie, sprawa toczy się dalej",1,"Nie, sprawa toczy się dalej",True,,5234.3,0.00356,78
annotator: Claude Opus 5.5,ADM08,administracja,noul,False,False,True,1,"Nie, brakuje załącznika",1,"Nie, brakuje załącznika",True,,3847.4,0.00352,90
annotator: Claude Opus 5.5,ADM09,administracja,choice,False,False,True,2,"Wydział Komunikacji - rejestracja pojazdów, prawa jazdy",2,"Wydział Komunikacji - rejestracja pojazdów, prawa jazdy",True,,4104.4,0.003828,82
annotator: Claude Opus 5.5,ADM10,administracja,choice,False,True,True,0,"Skarga - zarzut wobec działania urzędu lub pracownika (przewlekłość, zaniedbanie, niewłaściwe zachowanie)",0,"Skarga - zarzut wobec działania urzędu lub pracownika (przewlekłość, zaniedbanie, niewłaściwe zachowanie)",True,,4633.9,0.006304,175
annotator: Claude Opus 5.5,ADM11,administracja,choice,False,False,True,1,Wniosek - propozycja usprawnienia pracy urzędu lub lepszego zaspokajania potrzeb mieszkańców,1,Wniosek - propozycja usprawnienia pracy urzędu lub lepszego zaspokajania potrzeb mieszkańców,True,,3234.1,0.00428,100
annotator: Claude Opus 5.5,ADM12,administracja,choice,True,False,True,2,Zgłoszenie uproszczone,2,Zgłoszenie uproszczone,True,,3769.7,0.005412,141
annotator: Claude Opus 5.5,ADM13,administracja,choice,False,True,True,3,"Zarząd Dróg Miejskich - nawierzchnia ulic i chodników, oznakowanie, sygnalizacja",3,"Zarząd Dróg Miejskich - nawierzchnia ulic i chodników, oznakowanie, sygnalizacja",True,,3503.2,0.00388,88
annotator: Claude Opus 5.5,ADM14,administracja,choice,False,False,True,4,Przygotowanie zawarcia małżeństwa (ślub cywilny),4,Przygotowanie zawarcia małżeństwa (ślub cywilny),True,,2934.5,0.003776,91
annotator: Claude Opus 5.5,ADM15,administracja,score,False,False,True,1,2 - zwykły tryb,1,2 - zwykły tryb,True,,4076.1,0.005196,126
annotator: Claude Opus 5.5,ADM16,administracja,score,False,False,True,2,3 - termin w ciągu 7 dni,2,3 - termin w ciągu 7 dni,True,,4788.8,0.00438,86
annotator: Claude Opus 5.5,ADM17,administracja,score,False,False,True,3,"4 - zagrożenie, reakcja dziś",3,"4 - zagrożenie, reakcja dziś",True,,3459.0,0.00474,102
annotator: Claude Opus 5.5,LAW01,kancelaria,noul,True,True,True,0,"Tak, w terminie",0,"Tak, w terminie",True,,8443.1,0.007352,256
annotator: Claude Opus 5.5,LAW02,kancelaria,noul,True,True,True,1,"Nie, roszczenie nie jest jeszcze przedawnione",1,"Nie, roszczenie nie jest jeszcze przedawnione",True,,6800.9,0.005624,164
annotator: Claude Opus 5.5,LAW03,kancelaria,noul,True,False,True,1,"Nie, nie może przyjąć",1,"Nie, nie może przyjąć",True,,4527.5,0.005932,164
annotator: Claude Opus 5.5,LAW04,kancelaria,noul,True,False,True,1,"Nie, poza pakietem",1,"Nie, poza pakietem",True,,4039.6,0.004916,128
annotator: Claude Opus 5.5,LAW05,kancelaria,noul,False,False,True,0,"Tak, kontakt jeszcze dziś",0,"Tak, kontakt jeszcze dziś",True,,5044.6,0.003828,97
annotator: Claude Opus 5.5,LAW06,kancelaria,noul,False,True,True,1,"Nie, porada lub opinia",1,"Nie, porada lub opinia",True,,3177.8,0.003536,85
annotator: Claude Opus 5.5,LAW07,kancelaria,noul,False,False,True,0,"Tak, dane są kompletne",0,"Tak, dane są kompletne",True,,3503.0,0.003896,99
annotator: Claude Opus 5.5,LAW08,kancelaria,noul,False,True,True,0,"Tak, sprawa pracownicza",0,"Tak, sprawa pracownicza",True,,3355.8,0.003644,90
annotator: Claude Opus 5.5,LAW09,kancelaria,choice,False,False,True,5,"Spadkowa - nabycie spadku, testament, zachowek, dział spadku",5,"Spadkowa - nabycie spadku, testament, zachowek, dział spadku",True,,2930.7,0.004068,77
annotator: Claude Opus 5.5,LAW10,kancelaria,choice,False,False,True,2,Gospodarcza - spór między przedsiębiorcami związany z ich działalnością,2,Gospodarcza - spór między przedsiębiorcami związany z ich działalnością,True,,3487.7,0.004228,73
annotator: Claude Opus 5.5,LAW11,kancelaria,choice,False,False,True,0,"Rodzinna - rozwód, separacja, alimenty, kontakty z dzieckiem, władza rodzicielska",0,"Rodzinna - rozwód, separacja, alimenty, kontakty z dzieckiem, władza rodzicielska",True,,3266.1,0.004124,77
annotator: Claude Opus 5.5,LAW12,kancelaria,choice,False,False,True,3,"Karna - postępowanie karne lub wykroczeniowe (klient podejrzany, oskarżony lub pokrzywdzony)",3,"Karna - postępowanie karne lub wykroczeniowe (klient podejrzany, oskarżony lub pokrzywdzony)",True,,3822.2,0.004512,98
annotator: Claude Opus 5.5,LAW13,kancelaria,choice,False,False,True,4,"Nieruchomości - własność, granice działek, służebności, zasiedzenie, obrót nieruchomościami",4,"Nieruchomości - własność, granice działek, służebności, zasiedzenie, obrót nieruchomościami",True,,3188.5,0.003972,72
annotator: Claude Opus 5.5,LAW14,kancelaria,choice,True,True,True,2,Pro bono,2,Pro bono,True,,3945.2,0.005468,149
annotator: Claude Opus 5.5,LAW15,kancelaria,score,False,False,True,0,1 - brak terminu,0,1 - brak terminu,True,,4715.9,0.004004,77
annotator: Claude Opus 5.5,LAW16,kancelaria,score,False,False,True,2,3 - termin za 3-14 dni,2,3 - termin za 3-14 dni,True,,6816.2,0.008652,306
annotator: Claude Opus 5.5,LAW17,kancelaria,score,False,False,True,1,2 - termin za ponad 14 dni,1,2 - termin za ponad 14 dni,True,,4099.3,0.005352,141
annotator: Claude Opus 5.5,HR01,hr,noul,True,True,True,0,"Tak, spełnia wymagania",0,"Tak, spełnia wymagania",True,,6866.7,0.00738,255
annotator: Claude Opus 5.5,HR02,hr,noul,True,True,True,1,"Nie, nie spełnia wymogu",1,"Nie, nie spełnia wymogu",True,,4411.6,0.005072,154
annotator: Claude Opus 5.5,HR03,hr,noul,True,False,True,0,"Tak, spełnia zasady",0,"Tak, spełnia zasady",True,,4892.4,0.005156,147
annotator: Claude Opus 5.5,HR04,hr,noul,True,True,True,0,"Tak, eskalować",0,"Tak, eskalować",True,,6726.3,0.005632,162
annotator: Claude Opus 5.5,HR05,hr,noul,False,True,True,1,"Nie, to nie jest rezygnacja",1,"Nie, to nie jest rezygnacja",True,,3237.1,0.003496,85
annotator: Claude Opus 5.5,HR06,hr,noul,False,False,True,1,"Nie, tylko obecna rekrutacja",1,"Nie, tylko obecna rekrutacja",True,,2967.5,0.00356,84
annotator: Claude Opus 5.5,HR07,hr,noul,False,False,True,0,"Tak, problem ze sprzętem",0,"Tak, problem ze sprzętem",True,,6260.3,0.004552,136
annotator: Claude Opus 5.5,HR08,hr,noul,False,True,True,1,"Nie, to nie jest zgłoszenie mobbingu",1,"Nie, to nie jest zgłoszenie mobbingu",True,,4057.4,0.00418,114
annotator: Claude Opus 5.5,HR09,hr,choice,False,False,True,1,"Wynagrodzenie - wypłata, dodatki, premie, potrącenia, PIT",1,"Wynagrodzenie - wypłata, dodatki, premie, potrącenia, PIT",True,,3047.5,0.003868,75
annotator: Claude Opus 5.5,HR10,hr,choice,False,False,True,2,"BHP - warunki bezpieczeństwa i higieny pracy, środki ochrony, wypadki",2,"BHP - warunki bezpieczeństwa i higieny pracy, środki ochrony, wypadki",True,,3856.8,0.004272,95
annotator: Claude Opus 5.5,HR11,hr,choice,False,False,True,0,"Urlop - wnioski i pytania o urlop wypoczynkowy, okolicznościowy lub na żądanie",0,"Urlop - wnioski i pytania o urlop wypoczynkowy, okolicznościowy lub na żądanie",True,,3144.0,0.003896,82
annotator: Claude Opus 5.5,HR12,hr,choice,False,False,True,4,"Sprzęt i dostępy - laptop, telefon, konta w systemach, karta wejściowa",4,"Sprzęt i dostępy - laptop, telefon, konta w systemach, karta wejściowa",True,,3250.4,0.003728,70
annotator: Claude Opus 5.5,HR13,hr,choice,False,False,True,5,"Benefity - karta sportowa, pakiet medyczny, świadczenia socjalne",5,"Benefity - karta sportowa, pakiet medyczny, świadczenia socjalne",True,,3660.6,0.003772,72
annotator: Claude Opus 5.5,HR14,hr,choice,True,False,True,1,Rozmowa z dyrektorem,1,Rozmowa z dyrektorem,True,,4864.3,0.006012,165
annotator: Claude Opus 5.5,HR15,hr,score,False,False,True,1,2 - standardowy,1,2 - standardowy,True,,3151.1,0.004528,96
annotator: Claude Opus 5.5,HR16,hr,score,False,False,True,3,4 - krytyczny (przemoc lub zagrożenie),3,4 - krytyczny (przemoc lub zagrożenie),True,,3407.6,0.004344,83
annotator: Claude Opus 5.5,HR17,hr,score,False,False,True,2,3 - wysoki (wypłata lub termin do 3 dni),2,3 - wysoki (wypłata lub termin do 3 dni),True,,3464.6,0.004088,75
annotator: Claude Opus 5.5,MED01,przychodnia,noul,True,True,True,0,"Tak, skierowanie jest ważne",0,"Tak, skierowanie jest ważne",True,,6805.1,0.008132,265
annotator: Claude Opus 5.5,MED02,przychodnia,noul,True,False,True,1,"Nie, nie można przyjąć",1,"Nie, nie można przyjąć",True,,6600.6,0.00814,279
annotator: Claude Opus 5.5,MED03,przychodnia,noul,True,True,True,1,"Nie, nie można wydać",1,"Nie, nie można wydać",True,,4181.5,0.005012,140
annotator: Claude Opus 5.5,MED04,przychodnia,noul,True,False,True,0,"Tak, można zarejestrować na teleporadę",0,"Tak, można zarejestrować na teleporadę",True,,4408.5,0.005888,177
annotator: Claude Opus 5.5,MED05,przychodnia,noul,False,False,True,0,"Tak, zmiana terminu",0,"Tak, zmiana terminu",True,,3139.0,0.003472,83
annotator: Claude Opus 5.5,MED06,przychodnia,noul,False,True,True,1,"Nie, zgłoszenie niealarmowe",1,"Nie, zgłoszenie niealarmowe",True,,3284.1,0.004024,94
annotator: Claude Opus 5.5,MED07,przychodnia,noul,False,True,True,0,"Tak, wydanie dokumentu",0,"Tak, wydanie dokumentu",True,,2841.7,0.003308,75
annotator: Claude Opus 5.5,MED08,przychodnia,noul,False,False,True,1,"Nie, brakuje dokumentu",1,"Nie, brakuje dokumentu",True,,3053.5,0.0036,84
annotator: Claude Opus 5.5,MED09,przychodnia,choice,False,False,True,2,"Gabinet zabiegowy - zastrzyki, pobrania krwi, opatrunki na zlecenie lekarza",2,"Gabinet zabiegowy - zastrzyki, pobrania krwi, opatrunki na zlecenie lekarza",True,,3325.3,0.003532,66
annotator: Claude Opus 5.5,MED10,przychodnia,choice,False,True,True,3,Punkt szczepień - zapisy na szczepienia,3,Punkt szczepień - zapisy na szczepienia,True,,3300.8,0.004024,88
annotator: Claude Opus 5.5,MED11,przychodnia,choice,False,False,True,1,Poradnia specjalistyczna - wizyta u specjalisty na skierowanie,1,Poradnia specjalistyczna - wizyta u specjalisty na skierowanie,True,,4506.0,0.004436,112
annotator: Claude Opus 5.5,MED12,przychodnia,choice,False,False,True,4,"Dział dokumentacji medycznej - kopie dokumentacji, zaświadczenia, wydruki wyników",4,"Dział dokumentacji medycznej - kopie dokumentacji, zaświadczenia, wydruki wyników",True,,3439.4,0.00378,77
annotator: Claude Opus 5.5,MED13,przychodnia,choice,True,False,True,1,Przyjęcie poza kolejnością,1,Przyjęcie poza kolejnością,True,,8883.9,0.005068,144
annotator: Claude Opus 5.5,MED14,przychodnia,choice,False,False,True,0,"Rejestracja POZ - wizyta u lekarza rodzinnego, bez skierowania",0,"Rejestracja POZ - wizyta u lekarza rodzinnego, bez skierowania",True,,3267.5,0.0039,82
annotator: Claude Opus 5.5,MED15,przychodnia,score,False,False,True,1,2 - planowy (termin do 14 dni),1,2 - planowy (termin do 14 dni),True,,3113.7,0.004596,79
annotator: Claude Opus 5.5,MED16,przychodnia,score,False,False,True,2,3 - pilny (wizyta dziś),2,3 - pilny (wizyta dziś),True,,5249.1,0.006784,190
annotator: Claude Opus 5.5,MED17,przychodnia,score,False,False,True,3,4 - alarmowy (zadzwonić na 112),3,4 - alarmowy (zadzwonić na 112),True,,6398.1,0.008156,250
annotator: Claude Opus 5.5,INS01,ubezpieczenia,noul,True,True,True,1,"Nie, zdarzenie nastąpiło w okresie karencji",1,"Nie, zdarzenie nastąpiło w okresie karencji",True,,9140.3,0.006616,201
annotator: Claude Opus 5.5,INS02,ubezpieczenia,noul,True,False,True,0,"Tak, odszkodowanie zostanie wypłacone",0,"Tak, odszkodowanie zostanie wypłacone",True,,3293.0,0.004528,106
annotator: Claude Opus 5.5,INS03,ubezpieczenia,noul,True,True,True,0,"Tak, koszty zostaną pokryte",0,"Tak, koszty zostaną pokryte",True,,5416.2,0.007396,226
annotator: Claude Opus 5.5,INS04,ubezpieczenia,noul,True,False,True,1,"Nie, potrzebne oględziny",1,"Nie, potrzebne oględziny",True,,5226.8,0.006332,194
annotator: Claude Opus 5.5,INS05,ubezpieczenia,noul,False,True,True,0,"Tak, to odwołanie od decyzji",0,"Tak, to odwołanie od decyzji",True,,3912.7,0.00528,155
annotator: Claude Opus 5.5,INS06,ubezpieczenia,noul,True,False,True,1,"Nie, nie kierować do weryfikacji",1,"Nie, nie kierować do weryfikacji",True,,7216.6,0.007268,226
annotator: Claude Opus 5.5,INS07,ubezpieczenia,noul,False,False,True,1,"Nie, to pytanie o szkodę już zgłoszoną",1,"Nie, to pytanie o szkodę już zgłoszoną",True,,4134.3,0.0036,81
annotator: Claude Opus 5.5,INS08,ubezpieczenia,noul,False,False,True,0,"Tak, wypowiadają umowę",0,"Tak, wypowiadają umowę",True,,3531.4,0.003356,73
annotator: Claude Opus 5.5,INS09,ubezpieczenia,choice,False,True,True,3,OC w życiu prywatnym - szkoda wyrządzona osobie trzeciej przez ubezpieczonego lub jego domownika poza ruchem pojazdów,3,OC w życiu prywatnym - szkoda wyrządzona osobie trzeciej przez ubezpieczonego lub jego domownika poza ruchem pojazdów,True,,4386.5,0.00526,134
annotator: Claude Opus 5.5,INS10,ubezpieczenia,choice,False,False,True,4,"Turystyczna - zdarzenie w podróży zagranicznej (koszty leczenia, bagaż, opóźnienie lotu)",4,"Turystyczna - zdarzenie w podróży zagranicznej (koszty leczenia, bagaż, opóźnienie lotu)",True,,3182.6,0.004656,104
annotator: Claude Opus 5.5,INS11,ubezpieczenia,choice,False,False,True,2,Uzupełnienie dokumentów do szkody już prowadzonej,2,Uzupełnienie dokumentów do szkody już prowadzonej,True,,3131.6,0.003788,92
annotator: Claude Opus 5.5,INS12,ubezpieczenia,choice,False,False,True,1,"Serwisowy - naprawa w warsztacie, który rozlicza się bezpośrednio z ubezpieczycielem na podstawie faktury",1,"Serwisowy - naprawa w warsztacie, który rozlicza się bezpośrednio z ubezpieczycielem na podstawie faktury",True,,4615.4,0.003788,88
annotator: Claude Opus 5.5,INS13,ubezpieczenia,choice,False,False,True,0,"Przepięcie - uszkodzenie urządzeń elektrycznych przez nagły wzrost napięcia, np. po wyładowaniu atmosferycznym",0,"Przepięcie - uszkodzenie urządzeń elektrycznych przez nagły wzrost napięcia, np. po wyładowaniu atmosferycznym",True,,3295.7,0.003816,73
annotator: Claude Opus 5.5,INS14,ubezpieczenia,score,False,True,True,0,1 - rutynowa,0,1 - rutynowa,True,,3481.2,0.004688,96
annotator: Claude Opus 5.5,INS15,ubezpieczenia,score,False,False,True,2,3 - pilna,2,3 - pilna,True,,4536.0,0.004456,87
annotator: Claude Opus 5.5,INS16,ubezpieczenia,score,False,False,True,1,2 - standardowa,1,2 - standardowa,True,,3791.6,0.004084,73
annotator: Claude Opus 5.5,INS17,ubezpieczenia,score,False,False,True,3,4 - natychmiastowa,3,4 - natychmiastowa,True,,4939.4,0.00464,95
annotator: Claude Opus 5.5,BNK01,bank_aml,noul,True,False,True,1,"Nie, nie wymaga weryfikacji",1,"Nie, nie wymaga weryfikacji",True,,5255.7,0.007388,212
annotator: Claude Opus 5.5,BNK02,bank_aml,noul,True,True,True,0,"Tak, wymaga weryfikacji",0,"Tak, wymaga weryfikacji",True,,6018.1,0.007428,214
annotator: Claude Opus 5.5,BNK03,bank_aml,noul,True,True,True,0,"Tak, spełnia kryteria",0,"Tak, spełnia kryteria",True,,5831.3,0.007488,238
annotator: Claude Opus 5.5,BNK04,bank_aml,noul,True,False,True,1,"Nie, nie spełnia kryteriów",1,"Nie, nie spełnia kryteriów",True,,6340.2,0.006888,206
annotator: Claude Opus 5.5,BNK05,bank_aml,noul,True,False,True,1,"Nie, jeszcze nie można przyjąć reklamacji",1,"Nie, jeszcze nie można przyjąć reklamacji",True,,5608.8,0.005548,159
annotator: Claude Opus 5.5,BNK06,bank_aml,noul,False,False,True,0,"Tak, zgłasza transakcję nieautoryzowaną",0,"Tak, zgłasza transakcję nieautoryzowaną",True,,3317.4,0.00368,90
annotator: Claude Opus 5.5,BNK07,bank_aml,noul,False,True,True,0,"Tak, występuje taki sygnał",0,"Tak, występuje taki sygnał",True,,3499.9,0.004616,121
annotator: Claude Opus 5.5,BNK08,bank_aml,noul,False,True,True,1,"Nie, nie prosi o zastrzeżenie",1,"Nie, nie prosi o zastrzeżenie",True,,4156.7,0.003968,105
annotator: Claude Opus 5.5,BNK09,bank_aml,choice,False,True,True,4,"Bankowość elektroniczna - logowanie, aplikacja mobilna, hasła, autoryzacja w aplikacji, powiadomienia",4,"Bankowość elektroniczna - logowanie, aplikacja mobilna, hasła, autoryzacja w aplikacji, powiadomienia",True,,3293.6,0.00438,88
annotator: Claude Opus 5.5,BNK10,bank_aml,choice,False,False,True,2,"Reklamacje transakcji - kwestionowanie konkretnej transakcji (podwójne obciążenie, zła kwota, nieautoryzowana, niezrealizowana usługa)",2,"Reklamacje transakcji - kwestionowanie konkretnej transakcji (podwójne obciążenie, zła kwota, nieautoryzowana, niezrealizowana usługa)",True,,3120.2,0.004092,83
annotator: Claude Opus 5.5,BNK11,bank_aml,choice,False,False,True,1,"Kredyty - wnioski kredytowe, raty, harmonogram, wcześniejsza spłata",1,"Kredyty - wnioski kredytowe, raty, harmonogram, wcześniejsza spłata",True,,3008.9,0.004016,78
annotator: Claude Opus 5.5,BNK12,bank_aml,choice,False,False,True,3,"Konto - otwarcie i zamknięcie rachunku, opłaty za prowadzenie, wyciągi, pełnomocnictwa",3,"Konto - otwarcie i zamknięcie rachunku, opłaty za prowadzenie, wyciągi, pełnomocnictwa",True,,4451.4,0.003724,62
annotator: Claude Opus 5.5,BNK13,bank_aml,choice,False,False,True,0,"Karty - wydanie, blokada, zastrzeżenie, limity, PIN, wznowienie karty",0,"Karty - wydanie, blokada, zastrzeżenie, limity, PIN, wznowienie karty",True,,4850.7,0.005172,139
annotator: Claude Opus 5.5,BNK14,bank_aml,score,False,False,True,0,1 - niski,0,1 - niski,True,,4171.5,0.00502,103
annotator: Claude Opus 5.5,BNK15,bank_aml,score,False,False,True,1,2 - średni,1,2 - średni,True,,3337.9,0.00496,102
annotator: Claude Opus 5.5,BNK16,bank_aml,score,False,False,True,2,3 - podwyższony,2,3 - podwyższony,True,,5636.6,0.007656,229
annotator: Claude Opus 5.5,BNK17,bank_aml,score,False,False,True,3,4 - wysoki,3,4 - wysoki,True,,4589.2,0.006084,157
annotator: Claude Opus 5.5,LOG01,logistyka,noul,True,True,True,1,"Nie, odszkodowanie nie przysługuje",1,"Nie, odszkodowanie nie przysługuje",True,,7842.3,0.008968,331
annotator: Claude Opus 5.5,LOG02,logistyka,noul,True,True,True,0,"Tak, bezpłatne ponowne doręczenie przysługuje",0,"Tak, bezpłatne ponowne doręczenie przysługuje",True,,5943.2,0.006832,208
annotator: Claude Opus 5.5,LOG03,logistyka,noul,True,False,True,1,"Nie, dokumentacja nie jest kompletna",1,"Nie, dokumentacja nie jest kompletna",True,,5216.8,0.005364,144
annotator: Claude Opus 5.5,LOG04,logistyka,noul,True,False,True,0,"Tak, odszkodowanie przysługuje",0,"Tak, odszkodowanie przysługuje",True,,6565.6,0.007172,230
annotator: Claude Opus 5.5,LOG05,logistyka,noul,True,False,True,1,"Nie, jeszcze nie uruchamiać",1,"Nie, jeszcze nie uruchamiać",True,,8605.1,0.008376,298
annotator: Claude Opus 5.5,LOG06,logistyka,noul,False,False,True,0,"Tak, odmówił przyjęcia",0,"Tak, odmówił przyjęcia",True,,3259.3,0.003104,69
annotator: Claude Opus 5.5,LOG07,logistyka,noul,False,True,True,0,"Tak, prosi o zmianę adresu",0,"Tak, prosi o zmianę adresu",True,,3293.3,0.00408,103
annotator: Claude Opus 5.5,LOG08,logistyka,noul,False,True,True,1,"Nie, zawartość nie jest uszkodzona",1,"Nie, zawartość nie jest uszkodzona",True,,4209.6,0.003244,67
annotator: Claude Opus 5.5,LOG09,logistyka,choice,False,False,True,2,"Błędny adres - przesyłki nie da się doręczyć lub trafiła gdzie indziej, bo adres na etykiecie jest błędny lub niepełny",2,"Błędny adres - przesyłki nie da się doręczyć lub trafiła gdzie indziej, bo adres na etykiecie jest błędny lub niepełny",True,,3927.5,0.004028,74
annotator: Claude Opus 5.5,LOG10,logistyka,choice,False,False,True,1,"Opóźnienie - przesyłka jest w drodze lub dotarła, ale po obiecanym terminie; jej położenie jest znane",1,"Opóźnienie - przesyłka jest w drodze lub dotarła, ale po obiecanym terminie; jej położenie jest znane",True,,5723.9,0.005588,158
annotator: Claude Opus 5.5,LOG11,logistyka,choice,False,True,True,3,"Zaginięcie - przewoźnik nie wie, gdzie jest przesyłka (brak skanów, nie odnaleziono jej w magazynie)",3,"Zaginięcie - przewoźnik nie wie, gdzie jest przesyłka (brak skanów, nie odnaleziono jej w magazynie)",True,,3770.0,0.005264,137
annotator: Claude Opus 5.5,LOG12,logistyka,choice,False,False,True,0,"Uszkodzenie - przesyłka dotarła, ale zawartość lub opakowanie są uszkodzone",0,"Uszkodzenie - przesyłka dotarła, ale zawartość lub opakowanie są uszkodzone",True,,3027.8,0.004032,77
annotator: Claude Opus 5.5,LOG13,logistyka,choice,False,False,True,4,Odmowa przyjęcia - odbiorca nie przyjął przesyłki od kuriera,4,Odmowa przyjęcia - odbiorca nie przyjął przesyłki od kuriera,True,,3149.2,0.004376,93
annotator: Claude Opus 5.5,LOG14,logistyka,score,False,False,True,0,1 - niski,0,1 - niski,True,,3915.7,0.00396,70
annotator: Claude Opus 5.5,LOG15,logistyka,score,False,False,True,2,3 - wysoki,2,3 - wysoki,True,,3346.5,0.004696,105
annotator: Claude Opus 5.5,LOG16,logistyka,score,False,False,True,1,2 - normalny,1,2 - normalny,True,,5231.8,0.00676,215
annotator: Claude Opus 5.5,LOG17,logistyka,score,False,False,True,3,4 - krytyczny,3,4 - krytyczny,True,,6256.7,0.007748,258
annotator: Claude Opus 5.5,ITS01,it_security,noul,True,True,True,0,"Tak, można zatwierdzić",0,"Tak, można zatwierdzić",True,,5980.7,0.007648,269
annotator: Claude Opus 5.5,ITS02,it_security,noul,True,False,True,1,"Nie, nie można nadać",1,"Nie, nie można nadać",True,,7585.1,0.005712,167
annotator: Claude Opus 5.5,ITS03,it_security,noul,True,False,True,1,"Nie, nie można zatwierdzić",1,"Nie, nie można zatwierdzić",True,,5549.5,0.007724,276
annotator: Claude Opus 5.5,ITS04,it_security,noul,True,False,True,0,"Tak, wyłączyć konto",0,"Tak, wyłączyć konto",True,,7149.8,0.005236,172
annotator: Claude Opus 5.5,ITS05,it_security,noul,True,False,True,1,"Nie, wymaga przeglądu bezpieczeństwa",1,"Nie, wymaga przeglądu bezpieczeństwa",True,,3279.4,0.004396,110
annotator: Claude Opus 5.5,ITS06,it_security,noul,False,True,True,1,"Nie, to nie jest phishing",1,"Nie, to nie jest phishing",True,,3403.9,0.004832,115
annotator: Claude Opus 5.5,ITS07,it_security,noul,False,True,True,0,"Tak, to phishing",0,"Tak, to phishing",True,,4184.4,0.005548,136
annotator: Claude Opus 5.5,ITS08,it_security,noul,False,False,True,0,"Tak, to phishing",0,"Tak, to phishing",True,,3912.3,0.004736,127
annotator: Claude Opus 5.5,ITS09,it_security,choice,False,True,True,4,"Bezpieczeństwo - podejrzenie incydentu: kliknięty podejrzany link, podane hasło oszustowi, złośliwe oprogramowanie, utrata urządzenia, podejrzana aktywność konta",4,"Bezpieczeństwo - podejrzenie incydentu: kliknięty podejrzany link, podane hasło oszustowi, złośliwe oprogramowanie, utrata urządzenia, podejrzana aktywność konta",True,,3657.5,0.004984,110
annotator: Claude Opus 5.5,ITS10,it_security,choice,False,False,True,3,"Sieć - brak połączenia z internetem, Wi-Fi, VPN, wolne łącze",3,"Sieć - brak połączenia z internetem, Wi-Fi, VPN, wolne łącze",True,,3762.0,0.004488,90
annotator: Claude Opus 5.5,ITS11,it_security,choice,False,False,True,2,"Oprogramowanie - instalacja, aktualizacja lub błędy działania aplikacji",2,"Oprogramowanie - instalacja, aktualizacja lub błędy działania aplikacji",True,,3317.6,0.004784,106
annotator: Claude Opus 5.5,ITS12,it_security,choice,False,False,True,0,"Dostęp - konta, hasła, uprawnienia do systemów i folderów",0,"Dostęp - konta, hasła, uprawnienia do systemów i folderów",True,,4521.3,0.004696,99
annotator: Claude Opus 5.5,ITS13,it_security,choice,False,False,True,1,"Sprzęt - fizyczne urządzenia (komputer, monitor, drukarka, telefon): awaria lub wymiana",1,"Sprzęt - fizyczne urządzenia (komputer, monitor, drukarka, telefon): awaria lub wymiana",True,,3962.3,0.004272,81
annotator: Claude Opus 5.5,ITS14,it_security,score,False,True,True,0,P4 - niski,0,P4 - niski,True,,3002.1,0.004024,80
annotator: Claude Opus 5.5,ITS15,it_security,score,False,False,True,2,P2 - wysoki,2,P2 - wysoki,True,,3217.6,0.004108,85
annotator: Claude Opus 5.5,ITS16,it_security,score,False,False,True,1,P3 - średni,1,P3 - średni,True,,3086.3,0.00426,90
annotator: Claude Opus 5.5,ITS17,it_security,score,False,False,True,3,P1 - krytyczny,3,P1 - krytyczny,True,,3280.9,0.004592,108
annotator: Claude Opus 5.5,MFG01,produkcja,noul,True,True,True,1,"Nie, partię należy zwolnić",1,"Nie, partię należy zwolnić",True,,5826.0,0.003668,76
annotator: Claude Opus 5.5,MFG02,produkcja,noul,True,True,True,0,"Tak, partię należy wstrzymać",0,"Tak, partię należy wstrzymać",True,,5524.7,0.007364,236
annotator: Claude Opus 5.5,MFG03,produkcja,noul,True,False,True,0,"Tak, należy otworzyć 8D",0,"Tak, należy otworzyć 8D",True,,4542.5,0.004992,139
annotator: Claude Opus 5.5,MFG04,produkcja,noul,True,False,True,0,"Tak, w terminie",0,"Tak, w terminie",True,,7811.7,0.008712,329
annotator: Claude Opus 5.5,MFG05,produkcja,noul,True,True,True,0,"Tak, partię należy wstrzymać",0,"Tak, partię należy wstrzymać",True,,5516.2,0.004088,107
annotator: Claude Opus 5.5,MFG06,produkcja,noul,False,False,True,1,"Nie, to nie jest niezgodność wyrobu",1,"Nie, to nie jest niezgodność wyrobu",True,,3253.1,0.004016,100
annotator: Claude Opus 5.5,MFG07,produkcja,noul,False,False,True,1,"Nie, to nie jest reklamacja",1,"Nie, to nie jest reklamacja",True,,3690.2,0.004032,105
annotator: Claude Opus 5.5,MFG08,produkcja,noul,False,False,True,1,"Nie, jest poza tolerancją",1,"Nie, jest poza tolerancją",True,,3588.5,0.003776,106
annotator: Claude Opus 5.5,MFG09,produkcja,choice,False,False,True,1,Powierzchniowa,1,Powierzchniowa,True,,3318.9,0.003904,74
annotator: Claude Opus 5.5,MFG10,produkcja,choice,False,False,True,4,Dokumentacyjna,4,Dokumentacyjna,True,,3029.5,0.004472,96
annotator: Claude Opus 5.5,MFG11,produkcja,choice,False,False,True,3,Montażowa,3,Montażowa,True,,3125.7,0.004336,95
annotator: Claude Opus 5.5,MFG12,produkcja,choice,False,True,True,2,Materiałowa,2,Materiałowa,True,,3172.4,0.004748,106
annotator: Claude Opus 5.5,MFG13,produkcja,choice,False,False,True,0,Wymiarowa,0,Wymiarowa,True,,6177.0,0.004228,86
annotator: Claude Opus 5.5,MFG14,produkcja,score,False,False,True,0,1 - kosmetyczna,0,1 - kosmetyczna,True,,4150.2,0.00424,99
annotator: Claude Opus 5.5,MFG15,produkcja,score,False,False,True,1,2 - mała,1,2 - mała,True,,3354.1,0.004088,94
annotator: Claude Opus 5.5,MFG16,produkcja,score,False,False,True,2,3 - poważna,2,3 - poważna,True,,3658.4,0.004232,95
annotator: Claude Opus 5.5,MFG17,produkcja,score,False,True,True,3,4 - krytyczna,3,4 - krytyczna,True,,3375.5,0.004816,122
annotator: Claude Opus 5.5,EDU01,uczelnia,noul,True,False,True,1,"Nie, po terminie",1,"Nie, po terminie",True,,7506.4,0.009148,349
annotator: Claude Opus 5.5,EDU02,uczelnia,noul,True,True,True,0,"Tak, spełnia warunki",0,"Tak, spełnia warunki",True,,5441.2,0.005728,179
annotator: Claude Opus 5.5,EDU03,uczelnia,noul,True,False,True,1,"Nie, nie spełnia kryterium",1,"Nie, nie spełnia kryterium",True,,3988.1,0.003988,102
annotator: Claude Opus 5.5,EDU04,uczelnia,noul,True,False,True,0,"Tak, wniosek jest kompletny",0,"Tak, wniosek jest kompletny",True,,3400.4,0.004436,108
annotator: Claude Opus 5.5,EDU05,uczelnia,noul,True,False,True,1,"Nie, wznowienie nie jest możliwe",1,"Nie, wznowienie nie jest możliwe",True,,5761.3,0.004896,143
annotator: Claude Opus 5.5,EDU06,uczelnia,noul,False,True,True,0,"Tak, prosi o przedłużenie",0,"Tak, prosi o przedłużenie",True,,3965.2,0.003804,93
annotator: Claude Opus 5.5,EDU07,uczelnia,noul,False,False,True,0,"Tak, zgłasza błąd wpisu",0,"Tak, zgłasza błąd wpisu",True,,3834.1,0.004032,107
annotator: Claude Opus 5.5,EDU08,uczelnia,noul,False,False,True,1,"Nie, to nie jest skarga",1,"Nie, to nie jest skarga",True,,3991.9,0.003936,102
annotator: Claude Opus 5.5,EDU09,uczelnia,choice,False,False,True,1,Wznowienie studiów,1,Wznowienie studiów,True,,4439.8,0.003756,69
annotator: Claude Opus 5.5,EDU10,uczelnia,choice,False,True,True,4,Warunkowy wpis,4,Warunkowy wpis,True,,3505.6,0.004076,81
annotator: Claude Opus 5.5,EDU11,uczelnia,choice,False,False,True,2,Zmiana promotora,2,Zmiana promotora,True,,2733.7,0.00396,78
annotator: Claude Opus 5.5,EDU12,uczelnia,choice,False,False,True,3,Przeniesienie,3,Przeniesienie,True,,3134.2,0.003928,76
annotator: Claude Opus 5.5,EDU13,uczelnia,choice,False,False,True,0,Urlop dziekański,0,Urlop dziekański,True,,3296.3,0.003792,75
annotator: Claude Opus 5.5,EDU14,uczelnia,score,False,False,True,0,1 - niska,0,1 - niska,True,,3938.7,0.003484,66
annotator: Claude Opus 5.5,EDU15,uczelnia,score,False,False,True,2,3 - wysoka,2,3 - wysoka,True,,10025.9,0.008088,292
annotator: Claude Opus 5.5,EDU16,uczelnia,score,False,True,True,1,2 - średnia,1,2 - średnia,True,,6388.6,0.005584,164
annotator: Claude Opus 5.5,EDU17,uczelnia,score,False,True,True,3,4 - krytyczna,3,4 - krytyczna,True,,3150.3,0.003852,77
annotator: Claude Opus 5.5,RE01,wspolnota,noul,True,True,True,1,"Nie, uchwała nieprzyjęta",1,"Nie, uchwała nieprzyjęta",True,,5889.5,0.004304,110
annotator: Claude Opus 5.5,RE02,wspolnota,noul,True,False,True,0,"Tak, uchwała przyjęta",0,"Tak, uchwała przyjęta",True,,5973.6,0.006728,211
annotator: Claude Opus 5.5,RE03,wspolnota,noul,True,False,True,1,"Nie, pokrywa właściciel lokalu",1,"Nie, pokrywa właściciel lokalu",True,,6022.6,0.005976,192
annotator: Claude Opus 5.5,RE04,wspolnota,noul,True,True,True,0,"Tak, pokrywa wspólnota",0,"Tak, pokrywa wspólnota",True,,3531.8,0.00428,103
annotator: Claude Opus 5.5,RE05,wspolnota,noul,True,False,True,0,"Tak, w terminie",0,"Tak, w terminie",True,,9100.0,0.007236,258
annotator: Claude Opus 5.5,RE06,wspolnota,noul,False,False,True,1,"Nie, nie opisuje zapachu ani wycieku gazu",1,"Nie, nie opisuje zapachu ani wycieku gazu",True,,5017.2,0.005516,188
annotator: Claude Opus 5.5,RE07,wspolnota,noul,False,True,True,0,"Tak, to zgłoszenie usterki",0,"Tak, to zgłoszenie usterki",True,,5860.6,0.004672,143
annotator: Claude Opus 5.5,RE08,wspolnota,noul,False,False,True,1,"Nie, nie wnosi o zwrot kosztów",1,"Nie, nie wnosi o zwrot kosztów",True,,4379.3,0.003828,99
annotator: Claude Opus 5.5,RE09,wspolnota,choice,False,False,True,3,Dach,3,Dach,True,,3264.5,0.004508,90
annotator: Claude Opus 5.5,RE10,wspolnota,choice,False,False,True,5,Sprawa sąsiedzka,5,Sprawa sąsiedzka,True,,3389.7,0.004244,84
annotator: Claude Opus 5.5,RE11,wspolnota,choice,False,False,True,1,Elektryka,1,Elektryka,True,,3024.6,0.004056,75
annotator: Claude Opus 5.5,RE12,wspolnota,choice,False,False,True,4,Części wspólne,4,Części wspólne,True,,3554.5,0.003816,66
annotator: Claude Opus 5.5,RE13,wspolnota,choice,False,False,True,0,Hydraulika,0,Hydraulika,True,,3091.1,0.003908,68
annotator: Claude Opus 5.5,RE14,wspolnota,score,False,True,True,3,4 - awaria zagrażająca,3,4 - awaria zagrażająca,True,,3394.2,0.004464,90
annotator: Claude Opus 5.5,RE15,wspolnota,score,False,False,True,2,3 - poważna awaria,2,3 - poważna awaria,True,,2939.5,0.00474,102
annotator: Claude Opus 5.5,RE16,wspolnota,score,False,False,True,0,1 - kosmetyczne,0,1 - kosmetyczne,True,,3252.5,0.003956,71
annotator: Claude Opus 5.5,RE17,wspolnota,score,False,True,True,1,2 - zwykła usterka,1,2 - zwykła usterka,True,,4575.3,0.005836,155
annotator: Claude Opus 5.5,ECM01,moderacja,noul,True,True,True,0,"Tak, objęty ochroną",0,"Tak, objęty ochroną",True,,5086.5,0.00834,266
annotator: Claude Opus 5.5,ECM02,moderacja,noul,True,False,True,1,"Nie, nieobjęty ochroną",1,"Nie, nieobjęty ochroną",True,,4040.3,0.005684,137
annotator: Claude Opus 5.5,ECM03,moderacja,noul,True,False,True,1,"Nie, nieobjęty ochroną",1,"Nie, nieobjęty ochroną",True,,4340.8,0.005296,115
annotator: Claude Opus 5.5,ECM04,moderacja,noul,True,False,True,1,"Nie, nieobjęty ochroną",1,"Nie, nieobjęty ochroną",True,,7290.2,0.0105,382
annotator: Claude Opus 5.5,ECM05,moderacja,noul,True,False,True,0,"Tak, objęty ochroną",0,"Tak, objęty ochroną",True,,11057.1,0.007012,202
annotator: Claude Opus 5.5,ECM06,moderacja,noul,False,True,True,1,"Nie, nie zawiera danych kontaktowych",1,"Nie, nie zawiera danych kontaktowych",True,,5000.9,0.005896,194
annotator: Claude Opus 5.5,ECM07,moderacja,noul,False,False,True,0,"Tak, przedmiot zakazany",0,"Tak, przedmiot zakazany",True,,8035.9,0.004648,143
annotator: Claude Opus 5.5,ECM08,moderacja,noul,False,True,True,0,"Tak, przynęta cenowa",0,"Tak, przynęta cenowa",True,,6198.3,0.005448,178
annotator: Claude Opus 5.5,ECM09,moderacja,choice,False,False,True,2,Dane kontaktowe,2,Dane kontaktowe,True,,5601.4,0.005656,140
annotator: Claude Opus 5.5,ECM10,moderacja,choice,False,False,True,3,Fałszywy stan,3,Fałszywy stan,True,,4700.1,0.004244,73
annotator: Claude Opus 5.5,ECM11,moderacja,choice,False,True,True,0,Brak naruszenia,0,Brak naruszenia,True,,6436.5,0.006188,163
annotator: Claude Opus 5.5,ECM12,moderacja,choice,False,False,True,5,Przynęta cenowa,5,Przynęta cenowa,True,,3356.9,0.004432,77
annotator: Claude Opus 5.5,ECM13,moderacja,choice,False,False,True,1,Przedmiot zakazany,1,Przedmiot zakazany,True,,3383.4,0.004164,69
annotator: Claude Opus 5.5,ECM14,moderacja,choice,False,False,True,4,Podróbka,4,Podróbka,True,,4703.4,0.004632,88
annotator: Claude Opus 5.5,ECM15,moderacja,score,False,True,True,3,4 - krytyczna,3,4 - krytyczna,True,,3384.9,0.004416,89
annotator: Claude Opus 5.5,ECM16,moderacja,score,False,False,True,1,2 - średnia,1,2 - średnia,True,,3961.4,0.004596,114
annotator: Claude Opus 5.5,ECM17,moderacja,score,False,False,True,0,1 - niska,0,1 - niska,True,,5861.9,0.00474,116
annotator: GPT-6.1 Sol,ADM01,administracja,noul,True,True,True,0,"Tak, w terminie",0,"Tak, w terminie",True,,3033.9,0.001636,83
annotator: GPT-6.1 Sol,ADM02,administracja,noul,True,False,True,0,"Tak, wniosek jest kompletny",0,"Tak, wniosek jest kompletny",True,,2799.8,0.001566,75
annotator: GPT-6.1 Sol,ADM03,administracja,noul,True,False,True,1,"Nie, po terminie",1,"Nie, po terminie",True,,3071.6,0.001856,106
annotator: GPT-6.1 Sol,ADM04,administracja,noul,True,False,True,0,"Tak, tryb uproszczony",0,"Tak, tryb uproszczony",True,,4751.5,0.002036,122
annotator: GPT-6.1 Sol,ADM05,administracja,noul,False,True,True,1,"Nie, to sprawa własna wnioskodawcy",1,"Nie, to sprawa własna wnioskodawcy",True,,1929.6,0.001184,48
annotator: GPT-6.1 Sol,ADM06,administracja,noul,False,False,True,0,"Tak, przekazać dyżurnemu",0,"Tak, przekazać dyżurnemu",True,,2534.5,0.001274,63
annotator: GPT-6.1 Sol,ADM07,administracja,noul,False,True,True,1,"Nie, sprawa toczy się dalej",1,"Nie, sprawa toczy się dalej",True,,1901.7,0.001156,48
annotator: GPT-6.1 Sol,ADM08,administracja,noul,False,False,True,1,"Nie, brakuje załącznika",1,"Nie, brakuje załącznika",True,,2100.4,0.001022,45
annotator: GPT-6.1 Sol,ADM09,administracja,choice,False,False,True,2,"Wydział Komunikacji - rejestracja pojazdów, prawa jazdy",2,"Wydział Komunikacji - rejestracja pojazdów, prawa jazdy",True,,2618.7,0.001206,48
annotator: GPT-6.1 Sol,ADM10,administracja,choice,False,True,True,0,"Skarga - zarzut wobec działania urzędu lub pracownika (przewlekłość, zaniedbanie, niewłaściwe zachowanie)",0,"Skarga - zarzut wobec działania urzędu lub pracownika (przewlekłość, zaniedbanie, niewłaściwe zachowanie)",True,,3017.0,0.001594,71
annotator: GPT-6.1 Sol,ADM11,administracja,choice,False,False,True,1,Wniosek - propozycja usprawnienia pracy urzędu lub lepszego zaspokajania potrzeb mieszkańców,1,Wniosek - propozycja usprawnienia pracy urzędu lub lepszego zaspokajania potrzeb mieszkańców,True,,3015.8,0.001434,70
annotator: GPT-6.1 Sol,ADM12,administracja,choice,True,False,True,2,Zgłoszenie uproszczone,2,Zgłoszenie uproszczone,True,,3335.0,0.001542,70
annotator: GPT-6.1 Sol,ADM13,administracja,choice,False,True,True,3,"Zarząd Dróg Miejskich - nawierzchnia ulic i chodników, oznakowanie, sygnalizacja",3,"Zarząd Dróg Miejskich - nawierzchnia ulic i chodników, oznakowanie, sygnalizacja",True,,2564.6,0.001154,46
annotator: GPT-6.1 Sol,ADM14,administracja,choice,False,False,True,4,Przygotowanie zawarcia małżeństwa (ślub cywilny),4,Przygotowanie zawarcia małżeństwa (ślub cywilny),True,,2240.3,0.000992,36
annotator: GPT-6.1 Sol,ADM15,administracja,score,False,False,True,1,2 - zwykły tryb,1,2 - zwykły tryb,True,,2781.9,0.001562,69
annotator: GPT-6.1 Sol,ADM16,administracja,score,False,False,True,2,3 - termin w ciągu 7 dni,2,3 - termin w ciągu 7 dni,True,,3855.1,0.00193,106
annotator: GPT-6.1 Sol,ADM17,administracja,score,False,False,True,3,"4 - zagrożenie, reakcja dziś",3,"4 - zagrożenie, reakcja dziś",True,,2439.5,0.001464,58
annotator: GPT-6.1 Sol,LAW01,kancelaria,noul,True,True,True,0,"Tak, w terminie",0,"Tak, w terminie",True,,3556.0,0.001592,87
annotator: GPT-6.1 Sol,LAW02,kancelaria,noul,True,True,True,1,"Nie, roszczenie nie jest jeszcze przedawnione",1,"Nie, roszczenie nie jest jeszcze przedawnione",True,,3674.7,0.00168,89
annotator: GPT-6.1 Sol,LAW03,kancelaria,noul,True,False,True,1,"Nie, nie może przyjąć",1,"Nie, nie może przyjąć",True,,3816.9,0.001728,89
annotator: GPT-6.1 Sol,LAW04,kancelaria,noul,True,False,True,1,"Nie, poza pakietem",1,"Nie, poza pakietem",True,,2991.0,0.001564,76
annotator: GPT-6.1 Sol,LAW05,kancelaria,noul,False,False,True,0,"Tak, kontakt jeszcze dziś",0,"Tak, kontakt jeszcze dziś",True,,2465.2,0.000972,38
annotator: GPT-6.1 Sol,LAW06,kancelaria,noul,False,True,True,1,"Nie, porada lub opinia",1,"Nie, porada lub opinia",True,,2295.0,0.001062,48
annotator: GPT-6.1 Sol,LAW07,kancelaria,noul,False,False,True,0,"Tak, dane są kompletne",0,"Tak, dane są kompletne",True,,2033.6,0.001,40
annotator: GPT-6.1 Sol,LAW08,kancelaria,noul,False,True,True,0,"Tak, sprawa pracownicza",0,"Tak, sprawa pracownicza",True,,2166.2,0.00113,53
annotator: GPT-6.1 Sol,LAW09,kancelaria,choice,False,False,True,5,"Spadkowa - nabycie spadku, testament, zachowek, dział spadku",5,"Spadkowa - nabycie spadku, testament, zachowek, dział spadku",True,,1942.5,0.001226,37
annotator: GPT-6.1 Sol,LAW10,kancelaria,choice,False,False,True,2,Gospodarcza - spór między przedsiębiorcami związany z ich działalnością,2,Gospodarcza - spór między przedsiębiorcami związany z ich działalnością,True,,1826.7,0.00132,40
annotator: GPT-6.1 Sol,LAW11,kancelaria,choice,False,False,True,0,"Rodzinna - rozwód, separacja, alimenty, kontakty z dzieckiem, władza rodzicielska",0,"Rodzinna - rozwód, separacja, alimenty, kontakty z dzieckiem, władza rodzicielska",True,,2279.7,0.001254,40
annotator: GPT-6.1 Sol,LAW12,kancelaria,choice,False,False,True,3,"Karna - postępowanie karne lub wykroczeniowe (klient podejrzany, oskarżony lub pokrzywdzony)",3,"Karna - postępowanie karne lub wykroczeniowe (klient podejrzany, oskarżony lub pokrzywdzony)",True,,2124.5,0.001344,49
annotator: GPT-6.1 Sol,LAW13,kancelaria,choice,False,False,True,4,"Nieruchomości - własność, granice działek, służebności, zasiedzenie, obrót nieruchomościami",4,"Nieruchomości - własność, granice działek, służebności, zasiedzenie, obrót nieruchomościami",True,,3028.7,0.001288,42
annotator: GPT-6.1 Sol,LAW14,kancelaria,choice,True,True,True,2,Pro bono,2,Pro bono,True,,3553.7,0.00165,86
annotator: GPT-6.1 Sol,LAW15,kancelaria,score,False,False,True,0,1 - brak terminu,0,1 - brak terminu,True,,2748.6,0.001216,41
annotator: GPT-6.1 Sol,LAW16,kancelaria,score,False,False,True,2,3 - termin za 3-14 dni,2,3 - termin za 3-14 dni,True,,3948.0,0.001432,60
annotator: GPT-6.1 Sol,LAW17,kancelaria,score,False,False,True,1,2 - termin za ponad 14 dni,1,2 - termin za ponad 14 dni,True,,4287.1,0.001484,66
annotator: GPT-6.1 Sol,HR01,hr,noul,True,True,True,0,"Tak, spełnia wymagania",0,"Tak, spełnia wymagania",True,,4922.3,0.002486,171
annotator: GPT-6.1 Sol,HR02,hr,noul,True,True,True,1,"Nie, nie spełnia wymogu",1,"Nie, nie spełnia wymogu",True,,4067.3,0.001606,95
annotator: GPT-6.1 Sol,HR03,hr,noul,True,False,True,0,"Tak, spełnia zasady",0,"Tak, spełnia zasady",True,,3833.3,0.001648,92
annotator: GPT-6.1 Sol,HR04,hr,noul,True,True,True,0,"Tak, eskalować",0,"Tak, eskalować",True,,3163.9,0.001406,63
annotator: GPT-6.1 Sol,HR05,hr,noul,False,True,True,1,"Nie, to nie jest rezygnacja",1,"Nie, to nie jest rezygnacja",True,,2217.2,0.001064,48
annotator: GPT-6.1 Sol,HR06,hr,noul,False,False,True,1,"Nie, tylko obecna rekrutacja",1,"Nie, tylko obecna rekrutacja",True,,2622.4,0.001048,46
annotator: GPT-6.1 Sol,HR07,hr,noul,False,False,True,0,"Tak, problem ze sprzętem",0,"Tak, problem ze sprzętem",True,,2758.6,0.001148,57
annotator: GPT-6.1 Sol,HR08,hr,noul,False,True,True,1,"Nie, to nie jest zgłoszenie mobbingu",1,"Nie, to nie jest zgłoszenie mobbingu",True,,5192.7,0.00206,146
annotator: GPT-6.1 Sol,HR09,hr,choice,False,False,True,1,"Wynagrodzenie - wypłata, dodatki, premie, potrącenia, PIT",1,"Wynagrodzenie - wypłata, dodatki, premie, potrącenia, PIT",True,,2661.9,0.001132,36
annotator: GPT-6.1 Sol,HR10,hr,choice,False,False,True,2,"BHP - warunki bezpieczeństwa i higieny pracy, środki ochrony, wypadki",2,"BHP - warunki bezpieczeństwa i higieny pracy, środki ochrony, wypadki",True,,2326.9,0.001234,46
annotator: GPT-6.1 Sol,HR11,hr,choice,False,False,True,0,"Urlop - wnioski i pytania o urlop wypoczynkowy, okolicznościowy lub na żądanie",0,"Urlop - wnioski i pytania o urlop wypoczynkowy, okolicznościowy lub na żądanie",True,,2247.1,0.00118,44
annotator: GPT-6.1 Sol,HR12,hr,choice,False,False,True,4,"Sprzęt i dostępy - laptop, telefon, konta w systemach, karta wejściowa",4,"Sprzęt i dostępy - laptop, telefon, konta w systemach, karta wejściowa",True,,2826.2,0.001158,40
annotator: GPT-6.1 Sol,HR13,hr,choice,False,False,True,5,"Benefity - karta sportowa, pakiet medyczny, świadczenia socjalne",5,"Benefity - karta sportowa, pakiet medyczny, świadczenia socjalne",True,,2724.0,0.0012,43
annotator: GPT-6.1 Sol,HR14,hr,choice,True,False,True,1,Rozmowa z dyrektorem,1,Rozmowa z dyrektorem,True,,3526.0,0.002112,124
annotator: GPT-6.1 Sol,HR15,hr,score,False,False,True,1,2 - standardowy,1,2 - standardowy,True,,2751.5,0.001286,46
annotator: GPT-6.1 Sol,HR16,hr,score,False,False,True,3,4 - krytyczny (przemoc lub zagrożenie),3,4 - krytyczny (przemoc lub zagrożenie),True,,2107.4,0.001244,39
annotator: GPT-6.1 Sol,HR17,hr,score,False,False,True,2,3 - wysoki (wypłata lub termin do 3 dni),2,3 - wysoki (wypłata lub termin do 3 dni),True,,3247.3,0.001226,40
annotator: GPT-6.1 Sol,MED01,przychodnia,noul,True,True,True,0,"Tak, skierowanie jest ważne",0,"Tak, skierowanie jest ważne",True,,3508.6,0.001902,99
annotator: GPT-6.1 Sol,MED02,przychodnia,noul,True,False,True,1,"Nie, nie można przyjąć",1,"Nie, nie można przyjąć",True,,5385.5,0.001818,99
annotator: GPT-6.1 Sol,MED03,przychodnia,noul,True,True,True,1,"Nie, nie można wydać",1,"Nie, nie można wydać",True,,3609.2,0.001534,79
annotator: GPT-6.1 Sol,MED04,przychodnia,noul,True,False,True,0,"Tak, można zarejestrować na teleporadę",0,"Tak, można zarejestrować na teleporadę",True,,3047.1,0.00178,99
annotator: GPT-6.1 Sol,MED05,przychodnia,noul,False,False,True,0,"Tak, zmiana terminu",0,"Tak, zmiana terminu",True,,2540.4,0.00104,45
annotator: GPT-6.1 Sol,MED06,przychodnia,noul,False,True,True,1,"Nie, zgłoszenie niealarmowe",1,"Nie, zgłoszenie niealarmowe",True,,2484.6,0.001162,48
annotator: GPT-6.1 Sol,MED07,przychodnia,noul,False,True,True,0,"Tak, wydanie dokumentu",0,"Tak, wydanie dokumentu",True,,2302.4,0.001034,46
annotator: GPT-6.1 Sol,MED08,przychodnia,noul,False,False,True,1,"Nie, brakuje dokumentu",1,"Nie, brakuje dokumentu",True,,3565.4,0.001228,63
annotator: GPT-6.1 Sol,MED09,przychodnia,choice,False,False,True,2,"Gabinet zabiegowy - zastrzyki, pobrania krwi, opatrunki na zlecenie lekarza",2,"Gabinet zabiegowy - zastrzyki, pobrania krwi, opatrunki na zlecenie lekarza",True,,1674.8,0.001078,36
annotator: GPT-6.1 Sol,MED10,przychodnia,choice,False,True,True,3,Punkt szczepień - zapisy na szczepienia,3,Punkt szczepień - zapisy na szczepienia,True,,2399.1,0.00116,42
annotator: GPT-6.1 Sol,MED11,przychodnia,choice,False,False,True,1,Poradnia specjalistyczna - wizyta u specjalisty na skierowanie,1,Poradnia specjalistyczna - wizyta u specjalisty na skierowanie,True,,3245.8,0.001072,37
annotator: GPT-6.1 Sol,MED12,przychodnia,choice,False,False,True,4,"Dział dokumentacji medycznej - kopie dokumentacji, zaświadczenia, wydruki wyników",4,"Dział dokumentacji medycznej - kopie dokumentacji, zaświadczenia, wydruki wyników",True,,1732.4,0.001128,41
annotator: GPT-6.1 Sol,MED13,przychodnia,choice,True,False,True,1,Przyjęcie poza kolejnością,1,Przyjęcie poza kolejnością,True,,2705.5,0.001154,48
annotator: GPT-6.1 Sol,MED14,przychodnia,choice,False,False,True,0,"Rejestracja POZ - wizyta u lekarza rodzinnego, bez skierowania",0,"Rejestracja POZ - wizyta u lekarza rodzinnego, bez skierowania",True,,2560.6,0.001122,39
annotator: GPT-6.1 Sol,MED15,przychodnia,score,False,False,True,1,2 - planowy (termin do 14 dni),1,2 - planowy (termin do 14 dni),True,,2046.7,0.001414,41
annotator: GPT-6.1 Sol,MED16,przychodnia,score,False,False,True,2,3 - pilny (wizyta dziś),2,3 - pilny (wizyta dziś),True,,2533.7,0.00148,48
annotator: GPT-6.1 Sol,MED17,przychodnia,score,False,False,True,3,4 - alarmowy (zadzwonić na 112),3,4 - alarmowy (zadzwonić na 112),True,,2021.8,0.001562,50
annotator: GPT-6.1 Sol,INS01,ubezpieczenia,noul,True,True,True,1,"Nie, zdarzenie nastąpiło w okresie karencji",1,"Nie, zdarzenie nastąpiło w okresie karencji",True,,3554.1,0.001758,90
annotator: GPT-6.1 Sol,INS02,ubezpieczenia,noul,True,False,True,0,"Tak, odszkodowanie zostanie wypłacone",0,"Tak, odszkodowanie zostanie wypłacone",True,,2895.3,0.001348,55
annotator: GPT-6.1 Sol,INS03,ubezpieczenia,noul,True,True,True,0,"Tak, koszty zostaną pokryte",0,"Tak, koszty zostaną pokryte",True,,6322.9,0.002186,120
annotator: GPT-6.1 Sol,INS04,ubezpieczenia,noul,True,False,True,1,"Nie, potrzebne oględziny",1,"Nie, potrzebne oględziny",True,,4750.1,0.001768,93
annotator: GPT-6.1 Sol,INS05,ubezpieczenia,noul,False,True,True,0,"Tak, to odwołanie od decyzji",0,"Tak, to odwołanie od decyzji",True,,2082.9,0.001164,46
annotator: GPT-6.1 Sol,INS06,ubezpieczenia,noul,True,False,True,1,"Nie, nie kierować do weryfikacji",1,"Nie, nie kierować do weryfikacji",True,,4455.4,0.001884,97
annotator: GPT-6.1 Sol,INS07,ubezpieczenia,noul,False,False,True,1,"Nie, to pytanie o szkodę już zgłoszoną",1,"Nie, to pytanie o szkodę już zgłoszoną",True,,1991.8,0.00099,36
annotator: GPT-6.1 Sol,INS08,ubezpieczenia,noul,False,False,True,0,"Tak, wypowiadają umowę",0,"Tak, wypowiadają umowę",True,,2263.2,0.001056,42
annotator: GPT-6.1 Sol,INS09,ubezpieczenia,choice,False,True,True,3,OC w życiu prywatnym - szkoda wyrządzona osobie trzeciej przez ubezpieczonego lub jego domownika poza ruchem pojazdów,3,OC w życiu prywatnym - szkoda wyrządzona osobie trzeciej przez ubezpieczonego lub jego domownika poza ruchem pojazdów,True,,3218.7,0.001484,64
annotator: GPT-6.1 Sol,INS10,ubezpieczenia,choice,False,False,True,4,"Turystyczna - zdarzenie w podróży zagranicznej (koszty leczenia, bagaż, opóźnienie lotu)",4,"Turystyczna - zdarzenie w podróży zagranicznej (koszty leczenia, bagaż, opóźnienie lotu)",True,,2163.9,0.001306,45
annotator: GPT-6.1 Sol,INS11,ubezpieczenia,choice,False,False,True,2,Uzupełnienie dokumentów do szkody już prowadzonej,2,Uzupełnienie dokumentów do szkody już prowadzonej,True,,2708.6,0.001028,40
annotator: GPT-6.1 Sol,INS12,ubezpieczenia,choice,False,False,True,1,"Serwisowy - naprawa w warsztacie, który rozlicza się bezpośrednio z ubezpieczycielem na podstawie faktury",1,"Serwisowy - naprawa w warsztacie, który rozlicza się bezpośrednio z ubezpieczycielem na podstawie faktury",True,,1892.8,0.00115,48
annotator: GPT-6.1 Sol,INS13,ubezpieczenia,choice,False,False,True,0,"Przepięcie - uszkodzenie urządzeń elektrycznych przez nagły wzrost napięcia, np. po wyładowaniu atmosferycznym",0,"Przepięcie - uszkodzenie urządzeń elektrycznych przez nagły wzrost napięcia, np. po wyładowaniu atmosferycznym",True,,2351.3,0.001212,41
annotator: GPT-6.1 Sol,INS14,ubezpieczenia,score,False,True,True,0,1 - rutynowa,0,1 - rutynowa,True,,2574.0,0.001444,51
annotator: GPT-6.1 Sol,INS15,ubezpieczenia,score,False,False,True,2,3 - pilna,2,3 - pilna,True,,2329.1,0.001438,52
annotator: GPT-6.1 Sol,INS16,ubezpieczenia,score,False,False,True,1,2 - standardowa,1,2 - standardowa,True,,2052.0,0.00128,42
annotator: GPT-6.1 Sol,INS17,ubezpieczenia,score,False,False,True,3,4 - natychmiastowa,3,4 - natychmiastowa,True,,3751.6,0.001422,51
annotator: GPT-6.1 Sol,BNK01,bank_aml,noul,True,False,True,1,"Nie, nie wymaga weryfikacji",1,"Nie, nie wymaga weryfikacji",True,,4158.9,0.00203,97
annotator: GPT-6.1 Sol,BNK02,bank_aml,noul,True,True,True,0,"Tak, wymaga weryfikacji",0,"Tak, wymaga weryfikacji",True,,3787.3,0.002174,110
annotator: GPT-6.1 Sol,BNK03,bank_aml,noul,True,True,True,0,"Tak, spełnia kryteria",0,"Tak, spełnia kryteria",True,,3349.7,0.001862,97
annotator: GPT-6.1 Sol,BNK04,bank_aml,noul,True,False,True,1,"Nie, nie spełnia kryteriów",1,"Nie, nie spełnia kryteriów",True,,4197.2,0.002314,140
annotator: GPT-6.1 Sol,BNK05,bank_aml,noul,True,False,True,1,"Nie, jeszcze nie można przyjąć reklamacji",1,"Nie, jeszcze nie można przyjąć reklamacji",True,,3494.3,0.001902,113
annotator: GPT-6.1 Sol,BNK06,bank_aml,noul,False,False,True,0,"Tak, zgłasza transakcję nieautoryzowaną",0,"Tak, zgłasza transakcję nieautoryzowaną",True,,4410.5,0.001078,47
annotator: GPT-6.1 Sol,BNK07,bank_aml,noul,False,True,True,0,"Tak, występuje taki sygnał",0,"Tak, występuje taki sygnał",True,,3139.6,0.001304,57
annotator: GPT-6.1 Sol,BNK08,bank_aml,noul,False,True,True,1,"Nie, nie prosi o zastrzeżenie",1,"Nie, nie prosi o zastrzeżenie",True,,2357.8,0.00103,42
annotator: GPT-6.1 Sol,BNK09,bank_aml,choice,False,True,True,4,"Bankowość elektroniczna - logowanie, aplikacja mobilna, hasła, autoryzacja w aplikacji, powiadomienia",4,"Bankowość elektroniczna - logowanie, aplikacja mobilna, hasła, autoryzacja w aplikacji, powiadomienia",True,,2290.5,0.00122,37
annotator: GPT-6.1 Sol,BNK10,bank_aml,choice,False,False,True,2,"Reklamacje transakcji - kwestionowanie konkretnej transakcji (podwójne obciążenie, zła kwota, nieautoryzowana, niezrealizowana usługa)",2,"Reklamacje transakcji - kwestionowanie konkretnej transakcji (podwójne obciążenie, zła kwota, nieautoryzowana, niezrealizowana usługa)",True,,2179.3,0.001286,48
annotator: GPT-6.1 Sol,BNK11,bank_aml,choice,False,False,True,1,"Kredyty - wnioski kredytowe, raty, harmonogram, wcześniejsza spłata",1,"Kredyty - wnioski kredytowe, raty, harmonogram, wcześniejsza spłata",True,,2812.9,0.001262,44
annotator: GPT-6.1 Sol,BNK12,bank_aml,choice,False,False,True,3,"Konto - otwarcie i zamknięcie rachunku, opłaty za prowadzenie, wyciągi, pełnomocnictwa",3,"Konto - otwarcie i zamknięcie rachunku, opłaty za prowadzenie, wyciągi, pełnomocnictwa",True,,2819.8,0.001232,42
annotator: GPT-6.1 Sol,BNK13,bank_aml,choice,False,False,True,0,"Karty - wydanie, blokada, zastrzeżenie, limity, PIN, wznowienie karty",0,"Karty - wydanie, blokada, zastrzeżenie, limity, PIN, wznowienie karty",True,,2448.5,0.00113,35
annotator: GPT-6.1 Sol,BNK14,bank_aml,score,False,False,True,0,1 - niski,0,1 - niski,True,,2488.7,0.001418,43
annotator: GPT-6.1 Sol,BNK15,bank_aml,score,False,False,True,1,2 - średni,1,2 - średni,True,,3350.3,0.0015,52
annotator: GPT-6.1 Sol,BNK16,bank_aml,score,False,False,True,2,3 - podwyższony,2,3 - podwyższony,True,,2912.0,0.001588,57
annotator: GPT-6.1 Sol,BNK17,bank_aml,score,False,False,True,3,4 - wysoki,3,4 - wysoki,True,,2323.9,0.001512,54
annotator: GPT-6.1 Sol,LOG01,logistyka,noul,True,True,True,1,"Nie, odszkodowanie nie przysługuje",1,"Nie, odszkodowanie nie przysługuje",True,,3440.2,0.00159,79
annotator: GPT-6.1 Sol,LOG02,logistyka,noul,True,True,True,0,"Tak, bezpłatne ponowne doręczenie przysługuje",0,"Tak, bezpłatne ponowne doręczenie przysługuje",True,,4549.3,0.002064,113
annotator: GPT-6.1 Sol,LOG03,logistyka,noul,True,False,True,1,"Nie, dokumentacja nie jest kompletna",1,"Nie, dokumentacja nie jest kompletna",True,,2763.6,0.001494,70
annotator: GPT-6.1 Sol,LOG04,logistyka,noul,True,False,True,0,"Tak, odszkodowanie przysługuje",0,"Tak, odszkodowanie przysługuje",True,,3612.2,0.002234,135
annotator: GPT-6.1 Sol,LOG05,logistyka,noul,True,False,True,1,"Nie, jeszcze nie uruchamiać",1,"Nie, jeszcze nie uruchamiać",True,,3686.6,0.00173,91
annotator: GPT-6.1 Sol,LOG06,logistyka,noul,False,False,True,0,"Tak, odmówił przyjęcia",0,"Tak, odmówił przyjęcia",True,,2434.7,0.001034,46
annotator: GPT-6.1 Sol,LOG07,logistyka,noul,False,True,True,0,"Tak, prosi o zmianę adresu",0,"Tak, prosi o zmianę adresu",True,,2334.3,0.00104,38
annotator: GPT-6.1 Sol,LOG08,logistyka,noul,False,True,True,1,"Nie, zawartość nie jest uszkodzona",1,"Nie, zawartość nie jest uszkodzona",True,,2057.0,0.00107,45
annotator: GPT-6.1 Sol,LOG09,logistyka,choice,False,False,True,2,"Błędny adres - przesyłki nie da się doręczyć lub trafiła gdzie indziej, bo adres na etykiecie jest błędny lub niepełny",2,"Błędny adres - przesyłki nie da się doręczyć lub trafiła gdzie indziej, bo adres na etykiecie jest błędny lub niepełny",True,,2778.5,0.001208,35
annotator: GPT-6.1 Sol,LOG10,logistyka,choice,False,False,True,1,"Opóźnienie - przesyłka jest w drodze lub dotarła, ale po obiecanym terminie; jej położenie jest znane",1,"Opóźnienie - przesyłka jest w drodze lub dotarła, ale po obiecanym terminie; jej położenie jest znane",True,,2687.6,0.001286,47
annotator: GPT-6.1 Sol,LOG11,logistyka,choice,False,True,True,3,"Zaginięcie - przewoźnik nie wie, gdzie jest przesyłka (brak skanów, nie odnaleziono jej w magazynie)",3,"Zaginięcie - przewoźnik nie wie, gdzie jest przesyłka (brak skanów, nie odnaleziono jej w magazynie)",True,,2554.1,0.001354,50
annotator: GPT-6.1 Sol,LOG12,logistyka,choice,False,False,True,0,"Uszkodzenie - przesyłka dotarła, ale zawartość lub opakowanie są uszkodzone",0,"Uszkodzenie - przesyłka dotarła, ale zawartość lub opakowanie są uszkodzone",True,,2803.8,0.001306,46
annotator: GPT-6.1 Sol,LOG13,logistyka,choice,False,False,True,4,Odmowa przyjęcia - odbiorca nie przyjął przesyłki od kuriera,4,Odmowa przyjęcia - odbiorca nie przyjął przesyłki od kuriera,True,,2196.0,0.001224,38
annotator: GPT-6.1 Sol,LOG14,logistyka,score,False,False,True,0,1 - niski,0,1 - niski,True,,4236.4,0.001706,86
annotator: GPT-6.1 Sol,LOG15,logistyka,score,False,False,True,2,3 - wysoki,2,3 - wysoki,True,,2779.9,0.0015,64
annotator: GPT-6.1 Sol,LOG16,logistyka,score,False,False,True,1,2 - normalny,1,2 - normalny,True,,2814.1,0.001556,73
annotator: GPT-6.1 Sol,LOG17,logistyka,score,False,False,True,3,4 - krytyczny,3,4 - krytyczny,True,,3087.9,0.001366,49
annotator: GPT-6.1 Sol,ITS01,it_security,noul,True,True,True,0,"Tak, można zatwierdzić",0,"Tak, można zatwierdzić",True,,4392.7,0.001706,96
annotator: GPT-6.1 Sol,ITS02,it_security,noul,True,False,True,1,"Nie, nie można nadać",1,"Nie, nie można nadać",True,,5345.0,0.001728,95
annotator: GPT-6.1 Sol,ITS03,it_security,noul,True,False,True,1,"Nie, nie można zatwierdzić",1,"Nie, nie można zatwierdzić",True,,4942.8,0.001936,122
annotator: GPT-6.1 Sol,ITS04,it_security,noul,True,False,True,0,"Tak, wyłączyć konto",0,"Tak, wyłączyć konto",True,,3835.9,0.00155,96
annotator: GPT-6.1 Sol,ITS05,it_security,noul,True,False,True,1,"Nie, wymaga przeglądu bezpieczeństwa",1,"Nie, wymaga przeglądu bezpieczeństwa",True,,2701.7,0.001376,68
annotator: GPT-6.1 Sol,ITS06,it_security,noul,False,True,True,1,"Nie, to nie jest phishing",1,"Nie, to nie jest phishing",True,,2452.2,0.001384,55
annotator: GPT-6.1 Sol,ITS07,it_security,noul,False,True,True,0,"Tak, to phishing",0,"Tak, to phishing",True,,6410.3,0.002776,186
annotator: GPT-6.1 Sol,ITS08,it_security,noul,False,False,True,0,"Tak, to phishing",0,"Tak, to phishing",True,,4701.6,0.001648,93
annotator: GPT-6.1 Sol,ITS09,it_security,choice,False,True,True,4,"Bezpieczeństwo - podejrzenie incydentu: kliknięty podejrzany link, podane hasło oszustowi, złośliwe oprogramowanie, utrata urządzenia, podejrzana aktywność konta",4,"Bezpieczeństwo - podejrzenie incydentu: kliknięty podejrzany link, podane hasło oszustowi, złośliwe oprogramowanie, utrata urządzenia, podejrzana aktywność konta",True,,2406.5,0.0014,52
annotator: GPT-6.1 Sol,ITS10,it_security,choice,False,False,True,3,"Sieć - brak połączenia z internetem, Wi-Fi, VPN, wolne łącze",3,"Sieć - brak połączenia z internetem, Wi-Fi, VPN, wolne łącze",True,,2255.9,0.00121,38
annotator: GPT-6.1 Sol,ITS11,it_security,choice,False,False,True,2,"Oprogramowanie - instalacja, aktualizacja lub błędy działania aplikacji",2,"Oprogramowanie - instalacja, aktualizacja lub błędy działania aplikacji",True,,2343.4,0.001212,39
annotator: GPT-6.1 Sol,ITS12,it_security,choice,False,False,True,0,"Dostęp - konta, hasła, uprawnienia do systemów i folderów",0,"Dostęp - konta, hasła, uprawnienia do systemów i folderów",True,,3195.7,0.001302,45
annotator: GPT-6.1 Sol,ITS13,it_security,choice,False,False,True,1,"Sprzęt - fizyczne urządzenia (komputer, monitor, drukarka, telefon): awaria lub wymiana",1,"Sprzęt - fizyczne urządzenia (komputer, monitor, drukarka, telefon): awaria lub wymiana",True,,2382.5,0.001232,41
annotator: GPT-6.1 Sol,ITS14,it_security,score,False,True,True,0,P4 - niski,0,P4 - niski,True,,1957.1,0.001148,37
annotator: GPT-6.1 Sol,ITS15,it_security,score,False,False,True,2,P2 - wysoki,2,P2 - wysoki,True,,2075.4,0.00126,48
annotator: GPT-6.1 Sol,ITS16,it_security,score,False,False,True,1,P3 - średni,1,P3 - średni,True,,2426.3,0.00125,45
annotator: GPT-6.1 Sol,ITS17,it_security,score,False,False,True,3,P1 - krytyczny,3,P1 - krytyczny,True,,2142.6,0.001244,46
annotator: GPT-6.1 Sol,MFG01,produkcja,noul,True,True,True,1,"Nie, partię należy zwolnić",1,"Nie, partię należy zwolnić",True,,3630.8,0.001176,46
annotator: GPT-6.1 Sol,MFG02,produkcja,noul,True,True,True,0,"Tak, partię należy wstrzymać",0,"Tak, partię należy wstrzymać",True,,3835.2,0.001846,97
annotator: GPT-6.1 Sol,MFG03,produkcja,noul,True,False,True,0,"Tak, należy otworzyć 8D",0,"Tak, należy otworzyć 8D",True,,4308.1,0.001672,96
annotator: GPT-6.1 Sol,MFG04,produkcja,noul,True,False,True,0,"Tak, w terminie",0,"Tak, w terminie",True,,3969.2,0.00197,125
annotator: GPT-6.1 Sol,MFG05,produkcja,noul,True,True,True,0,"Tak, partię należy wstrzymać",0,"Tak, partię należy wstrzymać",True,,2576.6,0.001156,51
annotator: GPT-6.1 Sol,MFG06,produkcja,noul,False,False,True,1,"Nie, to nie jest niezgodność wyrobu",1,"Nie, to nie jest niezgodność wyrobu",True,,3164.4,0.001328,68
annotator: GPT-6.1 Sol,MFG07,produkcja,noul,False,False,True,1,"Nie, to nie jest reklamacja",1,"Nie, to nie jest reklamacja",True,,2393.8,0.00108,46
annotator: GPT-6.1 Sol,MFG08,produkcja,noul,False,False,True,1,"Nie, jest poza tolerancją",1,"Nie, jest poza tolerancją",True,,2894.9,0.000976,42
annotator: GPT-6.1 Sol,MFG09,produkcja,choice,False,False,True,1,Powierzchniowa,1,Powierzchniowa,True,,2692.3,0.001236,43
annotator: GPT-6.1 Sol,MFG10,produkcja,choice,False,False,True,4,Dokumentacyjna,4,Dokumentacyjna,True,,2450.8,0.001392,54
annotator: GPT-6.1 Sol,MFG11,produkcja,choice,False,False,True,3,Montażowa,3,Montażowa,True,,2653.5,0.001232,43
annotator: GPT-6.1 Sol,MFG12,produkcja,choice,False,True,True,2,Materiałowa,2,Materiałowa,True,,5745.0,0.0014,51
annotator: GPT-6.1 Sol,MFG13,produkcja,choice,False,False,True,0,Wymiarowa,0,Wymiarowa,True,,2234.8,0.001272,43
annotator: GPT-6.1 Sol,MFG14,produkcja,score,False,False,True,0,1 - kosmetyczna,0,1 - kosmetyczna,True,,2985.3,0.001134,38
annotator: GPT-6.1 Sol,MFG15,produkcja,score,False,False,True,1,2 - mała,1,2 - mała,True,,2486.6,0.001144,41
annotator: GPT-6.1 Sol,MFG16,produkcja,score,False,False,True,2,3 - poważna,2,3 - poważna,True,,2604.1,0.001228,45
annotator: GPT-6.1 Sol,MFG17,produkcja,score,False,True,True,3,4 - krytyczna,3,4 - krytyczna,True,,2879.5,0.001258,48
annotator: GPT-6.1 Sol,EDU01,uczelnia,noul,True,False,True,1,"Nie, po terminie",1,"Nie, po terminie",True,,3779.9,0.001734,100
annotator: GPT-6.1 Sol,EDU02,uczelnia,noul,True,True,True,0,"Tak, spełnia warunki",0,"Tak, spełnia warunki",True,,3080.5,0.00151,78
annotator: GPT-6.1 Sol,EDU03,uczelnia,noul,True,False,True,1,"Nie, nie spełnia kryterium",1,"Nie, nie spełnia kryterium",True,,3522.6,0.001378,72
annotator: GPT-6.1 Sol,EDU04,uczelnia,noul,True,False,True,0,"Tak, wniosek jest kompletny",0,"Tak, wniosek jest kompletny",True,,2904.1,0.001294,54
annotator: GPT-6.1 Sol,EDU05,uczelnia,noul,True,False,True,1,"Nie, wznowienie nie jest możliwe",1,"Nie, wznowienie nie jest możliwe",True,,4319.9,0.00165,96
annotator: GPT-6.1 Sol,EDU06,uczelnia,noul,False,True,True,0,"Tak, prosi o przedłużenie",0,"Tak, prosi o przedłużenie",True,,3134.9,0.000978,35
annotator: GPT-6.1 Sol,EDU07,uczelnia,noul,False,False,True,0,"Tak, zgłasza błąd wpisu",0,"Tak, zgłasza błąd wpisu",True,,2648.5,0.00113,50
annotator: GPT-6.1 Sol,EDU08,uczelnia,noul,False,False,True,1,"Nie, to nie jest skarga",1,"Nie, to nie jest skarga",True,,2453.8,0.0011,51
annotator: GPT-6.1 Sol,EDU09,uczelnia,choice,False,False,True,1,Wznowienie studiów,1,Wznowienie studiów,True,,2097.8,0.001182,39
annotator: GPT-6.1 Sol,EDU10,uczelnia,choice,False,True,True,4,Warunkowy wpis,4,Warunkowy wpis,True,,2931.0,0.001224,42
annotator: GPT-6.1 Sol,EDU11,uczelnia,choice,False,False,True,2,Zmiana promotora,2,Zmiana promotora,True,,3256.4,0.00111,32
annotator: GPT-6.1 Sol,EDU12,uczelnia,choice,False,False,True,3,Przeniesienie,3,Przeniesienie,True,,2047.6,0.001196,40
annotator: GPT-6.1 Sol,EDU13,uczelnia,choice,False,False,True,0,Urlop dziekański,0,Urlop dziekański,True,,3304.6,0.001198,44
annotator: GPT-6.1 Sol,EDU14,uczelnia,score,False,False,True,0,1 - niska,0,1 - niska,True,,4340.9,0.00131,59
annotator: GPT-6.1 Sol,EDU15,uczelnia,score,False,False,True,2,3 - wysoka,2,3 - wysoka,True,,3994.5,0.00137,60
annotator: GPT-6.1 Sol,EDU16,uczelnia,score,False,True,True,1,2 - średnia,1,2 - średnia,True,,2836.7,0.00135,58
annotator: GPT-6.1 Sol,EDU17,uczelnia,score,False,True,True,3,4 - krytyczna,3,4 - krytyczna,True,,3052.8,0.001388,61
annotator: GPT-6.1 Sol,RE01,wspolnota,noul,True,True,True,1,"Nie, uchwała nieprzyjęta",1,"Nie, uchwała nieprzyjęta",True,,2044.2,0.001102,40
annotator: GPT-6.1 Sol,RE02,wspolnota,noul,True,False,True,0,"Tak, uchwała przyjęta",0,"Tak, uchwała przyjęta",True,,4167.3,0.001936,109
annotator: GPT-6.1 Sol,RE03,wspolnota,noul,True,False,True,1,"Nie, pokrywa właściciel lokalu",1,"Nie, pokrywa właściciel lokalu",True,,2606.7,0.001224,51
annotator: GPT-6.1 Sol,RE04,wspolnota,noul,True,True,True,0,"Tak, pokrywa wspólnota",0,"Tak, pokrywa wspólnota",True,,3049.2,0.001214,48
annotator: GPT-6.1 Sol,RE05,wspolnota,noul,True,False,True,0,"Tak, w terminie",0,"Tak, w terminie",True,,3481.8,0.001684,98
annotator: GPT-6.1 Sol,RE06,wspolnota,noul,False,False,True,1,"Nie, nie opisuje zapachu ani wycieku gazu",1,"Nie, nie opisuje zapachu ani wycieku gazu",True,,2966.3,0.00132,75
annotator: GPT-6.1 Sol,RE07,wspolnota,noul,False,True,True,0,"Tak, to zgłoszenie usterki",0,"Tak, to zgłoszenie usterki",True,,2788.0,0.001054,47
annotator: GPT-6.1 Sol,RE08,wspolnota,noul,False,False,True,1,"Nie, nie wnosi o zwrot kosztów",1,"Nie, nie wnosi o zwrot kosztów",True,,8115.5,0.000978,37
annotator: GPT-6.1 Sol,RE09,wspolnota,choice,False,False,True,3,Dach,3,Dach,True,,2338.2,0.001364,44
annotator: GPT-6.1 Sol,RE10,wspolnota,choice,False,False,True,5,Sprawa sąsiedzka,5,Sprawa sąsiedzka,True,,2483.1,0.0013,42
annotator: GPT-6.1 Sol,RE11,wspolnota,choice,False,False,True,1,Elektryka,1,Elektryka,True,,2718.5,0.001312,43
annotator: GPT-6.1 Sol,RE12,wspolnota,choice,False,False,True,4,Części wspólne,4,Części wspólne,True,,1948.2,0.001224,37
annotator: GPT-6.1 Sol,RE13,wspolnota,choice,False,False,True,0,Hydraulika,0,Hydraulika,True,,2808.7,0.00126,39
annotator: GPT-6.1 Sol,RE14,wspolnota,score,False,True,True,3,4 - awaria zagrażająca,3,4 - awaria zagrażająca,True,,2979.2,0.00142,51
annotator: GPT-6.1 Sol,RE15,wspolnota,score,False,False,True,2,3 - poważna awaria,2,3 - poważna awaria,True,,3353.6,0.001458,54
annotator: GPT-6.1 Sol,RE16,wspolnota,score,False,False,True,0,1 - kosmetyczne,0,1 - kosmetyczne,True,,2330.5,0.001284,41
annotator: GPT-6.1 Sol,RE17,wspolnota,score,False,True,True,1,2 - zwykła usterka,1,2 - zwykła usterka,True,,2634.3,0.001366,44
annotator: GPT-6.1 Sol,ECM01,moderacja,noul,True,True,True,0,"Tak, objęty ochroną",0,"Tak, objęty ochroną",True,,4138.6,0.00261,157
annotator: GPT-6.1 Sol,ECM02,moderacja,noul,True,False,True,1,"Nie, nieobjęty ochroną",1,"Nie, nieobjęty ochroną",True,,2527.0,0.001524,52
annotator: GPT-6.1 Sol,ECM03,moderacja,noul,True,False,True,1,"Nie, nieobjęty ochroną",1,"Nie, nieobjęty ochroną",True,,2774.1,0.00163,61
annotator: GPT-6.1 Sol,ECM04,moderacja,noul,True,False,True,1,"Nie, nieobjęty ochroną",1,"Nie, nieobjęty ochroną",True,,3928.4,0.001876,89
annotator: GPT-6.1 Sol,ECM05,moderacja,noul,True,False,True,0,"Tak, objęty ochroną",0,"Tak, objęty ochroną",True,,4394.5,0.002244,122
annotator: GPT-6.1 Sol,ECM06,moderacja,noul,False,True,True,1,"Nie, nie zawiera danych kontaktowych",1,"Nie, nie zawiera danych kontaktowych",True,,3268.2,0.001336,71
annotator: GPT-6.1 Sol,ECM07,moderacja,noul,False,False,True,0,"Tak, przedmiot zakazany",0,"Tak, przedmiot zakazany",True,,2205.9,0.000962,38
annotator: GPT-6.1 Sol,ECM08,moderacja,noul,False,True,True,0,"Tak, przynęta cenowa",0,"Tak, przynęta cenowa",True,,3872.5,0.001328,73
annotator: GPT-6.1 Sol,ECM09,moderacja,choice,False,False,True,2,Dane kontaktowe,2,Dane kontaktowe,True,,2440.7,0.001296,38
annotator: GPT-6.1 Sol,ECM10,moderacja,choice,False,False,True,3,Fałszywy stan,3,Fałszywy stan,True,,2206.1,0.001288,38
annotator: GPT-6.1 Sol,ECM11,moderacja,choice,False,True,True,0,Brak naruszenia,0,Brak naruszenia,True,,3623.1,0.00164,68
annotator: GPT-6.1 Sol,ECM12,moderacja,choice,False,False,True,5,Przynęta cenowa,5,Przynęta cenowa,True,,2216.5,0.001354,43
annotator: GPT-6.1 Sol,ECM13,moderacja,choice,False,False,True,1,Przedmiot zakazany,1,Przedmiot zakazany,True,,1919.0,0.001238,33
annotator: GPT-6.1 Sol,ECM14,moderacja,choice,False,False,True,4,Podróbka,4,Podróbka,True,,2970.6,0.001664,73
annotator: GPT-6.1 Sol,ECM15,moderacja,score,False,True,True,3,4 - krytyczna,3,4 - krytyczna,True,,2318.1,0.001354,47
annotator: GPT-6.1 Sol,ECM16,moderacja,score,False,False,True,1,2 - średnia,1,2 - średnia,True,,4286.8,0.001176,40
annotator: GPT-6.1 Sol,ECM17,moderacja,score,False,False,True,0,1 - niska,0,1 - niska,True,,3248.7,0.001496,68
