system,id,category,subset,tricky,clean,gold,gold_option,pred,pred_option,correct,confidence,latency_ms,cost_usd,output_tokens
"basal-1.0-4.5B (local, 2 orders)",R01,reklamacja,exp01,False,True,0,"Tak, to reklamacja",0,"Tak, to reklamacja",True,0.9897,111.2,0.0,0
"basal-1.0-4.5B (local, 2 orders)",R02,reklamacja,exp01,False,True,1,"Nie, to nie jest reklamacja",1,"Nie, to nie jest reklamacja",True,0.996,104.0,0.0,0
"basal-1.0-4.5B (local, 2 orders)",R03,reklamacja,exp01,True,True,0,"Tak, to reklamacja",0,"Tak, to reklamacja",True,0.9721,118.8,0.0,0
"basal-1.0-4.5B (local, 2 orders)",R04,reklamacja,exp01,True,True,0,"Tak, to reklamacja",0,"Tak, to reklamacja",True,0.9701,116.9,0.0,0
"basal-1.0-4.5B (local, 2 orders)",R05,reklamacja,exp01,False,True,1,"Nie, to nie jest reklamacja",1,"Nie, to nie jest reklamacja",True,0.9968,114.8,0.0,0
"basal-1.0-4.5B (local, 2 orders)",R06,reklamacja,exp01,False,True,0,"Tak, to reklamacja",0,"Tak, to reklamacja",True,0.9673,115.2,0.0,0
"basal-1.0-4.5B (local, 2 orders)",R07,reklamacja,exp01,True,True,1,"Nie, to nie jest reklamacja",1,"Nie, to nie jest reklamacja",True,0.9965,113.4,0.0,0
"basal-1.0-4.5B (local, 2 orders)",R08,reklamacja,exp01,False,True,0,"Tak, to reklamacja",0,"Tak, to reklamacja",True,0.9375,113.3,0.0,0
"basal-1.0-4.5B (local, 2 orders)",R09,reklamacja,exp01,True,True,1,"Nie, to nie jest reklamacja",1,"Nie, to nie jest reklamacja",True,0.9853,119.5,0.0,0
"basal-1.0-4.5B (local, 2 orders)",R10,reklamacja,exp01,False,True,1,"Nie, to nie jest reklamacja",1,"Nie, to nie jest reklamacja",True,0.9965,115.4,0.0,0
"basal-1.0-4.5B (local, 2 orders)",R11,reklamacja,new,False,True,0,"Tak, to reklamacja",0,"Tak, to reklamacja",True,0.992,115.2,0.0,0
"basal-1.0-4.5B (local, 2 orders)",R12,reklamacja,new,False,True,1,"Nie, to nie jest reklamacja",1,"Nie, to nie jest reklamacja",True,0.9931,107.0,0.0,0
"basal-1.0-4.5B (local, 2 orders)",R13,reklamacja,new,True,True,0,"Tak, to reklamacja",0,"Tak, to reklamacja",True,0.9671,114.7,0.0,0
"basal-1.0-4.5B (local, 2 orders)",R14,reklamacja,new,True,True,1,"Nie, to nie jest reklamacja",1,"Nie, to nie jest reklamacja",True,0.906,107.2,0.0,0
"basal-1.0-4.5B (local, 2 orders)",R15,reklamacja,new,False,True,0,"Tak, to reklamacja",0,"Tak, to reklamacja",True,0.9393,105.3,0.0,0
"basal-1.0-4.5B (local, 2 orders)",R16,reklamacja,new,False,True,1,"Nie, to nie jest reklamacja",1,"Nie, to nie jest reklamacja",True,0.988,106.8,0.0,0
"basal-1.0-4.5B (local, 2 orders)",R17,reklamacja,new,False,True,0,"Tak, to reklamacja",0,"Tak, to reklamacja",True,0.958,115.7,0.0,0
"basal-1.0-4.5B (local, 2 orders)",R18,reklamacja,new,False,True,1,"Nie, to nie jest reklamacja",1,"Nie, to nie jest reklamacja",True,0.996,104.4,0.0,0
"basal-1.0-4.5B (local, 2 orders)",R19,reklamacja,new,True,True,0,"Tak, to reklamacja",0,"Tak, to reklamacja",True,0.8795,113.2,0.0,0
"basal-1.0-4.5B (local, 2 orders)",R20,reklamacja,new,False,True,1,"Nie, to nie jest reklamacja",1,"Nie, to nie jest reklamacja",True,0.9944,105.6,0.0,0
"basal-1.0-4.5B (local, 2 orders)",R21,reklamacja,new,False,True,0,"Tak, to reklamacja",0,"Tak, to reklamacja",True,0.8655,111.0,0.0,0
"basal-1.0-4.5B (local, 2 orders)",R22,reklamacja,new,True,True,1,"Nie, to nie jest reklamacja",1,"Nie, to nie jest reklamacja",True,0.9772,110.1,0.0,0
"basal-1.0-4.5B (local, 2 orders)",R23,reklamacja,new,False,True,0,"Tak, to reklamacja",0,"Tak, to reklamacja",True,0.9782,113.0,0.0,0
"basal-1.0-4.5B (local, 2 orders)",R24,reklamacja,new,False,True,1,"Nie, to nie jest reklamacja",1,"Nie, to nie jest reklamacja",True,0.9943,103.2,0.0,0
"basal-1.0-4.5B (local, 2 orders)",R25,reklamacja,new,False,True,0,"Tak, to reklamacja",0,"Tak, to reklamacja",True,0.9673,112.1,0.0,0
"basal-1.0-4.5B (local, 2 orders)",R26,reklamacja,new,True,True,1,"Nie, to nie jest reklamacja",1,"Nie, to nie jest reklamacja",True,0.9904,119.9,0.0,0
"basal-1.0-4.5B (local, 2 orders)",R27,reklamacja,new,False,True,0,"Tak, to reklamacja",0,"Tak, to reklamacja",True,0.9231,110.4,0.0,0
"basal-1.0-4.5B (local, 2 orders)",R28,reklamacja,new,False,True,1,"Nie, to nie jest reklamacja",1,"Nie, to nie jest reklamacja",True,0.9914,105.3,0.0,0
"basal-1.0-4.5B (local, 2 orders)",R29,reklamacja,new,False,True,0,"Tak, to reklamacja",0,"Tak, to reklamacja",True,0.9465,103.1,0.0,0
"basal-1.0-4.5B (local, 2 orders)",R30,reklamacja,new,False,True,1,"Nie, to nie jest reklamacja",1,"Nie, to nie jest reklamacja",True,0.997,110.9,0.0,0
"basal-1.0-4.5B (local, 2 orders)",R31,reklamacja,new,True,True,0,"Tak, to reklamacja",1,"Nie, to nie jest reklamacja",False,0.5826,113.7,0.0,0
"basal-1.0-4.5B (local, 2 orders)",R32,reklamacja,new,False,True,1,"Nie, to nie jest reklamacja",1,"Nie, to nie jest reklamacja",True,0.9734,104.2,0.0,0
"basal-1.0-4.5B (local, 2 orders)",R33,reklamacja,new,False,True,0,"Tak, to reklamacja",0,"Tak, to reklamacja",True,0.9876,113.0,0.0,0
"basal-1.0-4.5B (local, 2 orders)",R34,reklamacja,new,True,True,1,"Nie, to nie jest reklamacja",1,"Nie, to nie jest reklamacja",True,0.9939,110.5,0.0,0
"basal-1.0-4.5B (local, 2 orders)",R35,reklamacja,new,False,True,0,"Tak, to reklamacja",0,"Tak, to reklamacja",True,0.9349,122.7,0.0,0
"basal-1.0-4.5B (local, 2 orders)",R36,reklamacja,new,False,True,1,"Nie, to nie jest reklamacja",1,"Nie, to nie jest reklamacja",True,0.9959,105.5,0.0,0
"basal-1.0-4.5B (local, 2 orders)",R37,reklamacja,new,False,True,0,"Tak, to reklamacja",0,"Tak, to reklamacja",True,0.9488,115.1,0.0,0
"basal-1.0-4.5B (local, 2 orders)",R38,reklamacja,new,False,True,1,"Nie, to nie jest reklamacja",1,"Nie, to nie jest reklamacja",True,0.9917,106.9,0.0,0
"basal-1.0-4.5B (local, 2 orders)",R39,reklamacja,new,True,True,0,"Tak, to reklamacja",0,"Tak, to reklamacja",True,0.9499,117.2,0.0,0
"basal-1.0-4.5B (local, 2 orders)",R40,reklamacja,new,True,True,1,"Nie, to nie jest reklamacja",1,"Nie, to nie jest reklamacja",True,0.966,106.3,0.0,0
"basal-1.0-4.5B (local, 2 orders)",D01,routing,exp01,False,True,2,Dostawa i logistyka,2,Dostawa i logistyka,True,0.9974,117.5,0.0,0
"basal-1.0-4.5B (local, 2 orders)",D02,routing,exp01,False,True,1,Faktury i płatności,1,Faktury i płatności,True,0.9959,114.2,0.0,0
"basal-1.0-4.5B (local, 2 orders)",D03,routing,exp01,False,True,3,Wsparcie techniczne,3,Wsparcie techniczne,True,0.9993,113.9,0.0,0
"basal-1.0-4.5B (local, 2 orders)",D04,routing,exp01,True,True,4,"Sprzedaż (oferty, ceny, nowe zamówienia)",4,"Sprzedaż (oferty, ceny, nowe zamówienia)",True,0.9974,111.2,0.0,0
"basal-1.0-4.5B (local, 2 orders)",D05,routing,exp01,False,True,0,"Reklamacje (wady, uszkodzenia, niezgodność towaru z zamówieniem)",0,"Reklamacje (wady, uszkodzenia, niezgodność towaru z zamówieniem)",True,0.962,104.5,0.0,0
"basal-1.0-4.5B (local, 2 orders)",D06,routing,exp01,False,True,1,Faktury i płatności,1,Faktury i płatności,True,0.9809,113.1,0.0,0
"basal-1.0-4.5B (local, 2 orders)",D07,routing,exp01,False,True,4,"Sprzedaż (oferty, ceny, nowe zamówienia)",3,Wsparcie techniczne,False,0.5468,110.1,0.0,0
"basal-1.0-4.5B (local, 2 orders)",D08,routing,exp01,True,True,2,Dostawa i logistyka,2,Dostawa i logistyka,True,0.9984,110.6,0.0,0
"basal-1.0-4.5B (local, 2 orders)",D09,routing,exp01,False,True,3,Wsparcie techniczne,3,Wsparcie techniczne,True,0.9846,110.3,0.0,0
"basal-1.0-4.5B (local, 2 orders)",D10,routing,exp01,False,True,0,"Reklamacje (wady, uszkodzenia, niezgodność towaru z zamówieniem)",0,"Reklamacje (wady, uszkodzenia, niezgodność towaru z zamówieniem)",True,0.9972,111.2,0.0,0
"basal-1.0-4.5B (local, 2 orders)",D11,routing,new,False,True,0,"Reklamacje (wady, uszkodzenia, niezgodność towaru z zamówieniem)",0,"Reklamacje (wady, uszkodzenia, niezgodność towaru z zamówieniem)",True,0.8743,104.7,0.0,0
"basal-1.0-4.5B (local, 2 orders)",D12,routing,new,True,True,0,"Reklamacje (wady, uszkodzenia, niezgodność towaru z zamówieniem)",0,"Reklamacje (wady, uszkodzenia, niezgodność towaru z zamówieniem)",True,0.987,109.9,0.0,0
"basal-1.0-4.5B (local, 2 orders)",D13,routing,new,False,True,0,"Reklamacje (wady, uszkodzenia, niezgodność towaru z zamówieniem)",0,"Reklamacje (wady, uszkodzenia, niezgodność towaru z zamówieniem)",True,0.9873,111.1,0.0,0
"basal-1.0-4.5B (local, 2 orders)",D14,routing,new,True,True,0,"Reklamacje (wady, uszkodzenia, niezgodność towaru z zamówieniem)",3,Wsparcie techniczne,False,0.8654,106.3,0.0,0
"basal-1.0-4.5B (local, 2 orders)",D15,routing,new,False,True,0,"Reklamacje (wady, uszkodzenia, niezgodność towaru z zamówieniem)",0,"Reklamacje (wady, uszkodzenia, niezgodność towaru z zamówieniem)",True,0.946,109.6,0.0,0
"basal-1.0-4.5B (local, 2 orders)",D16,routing,new,True,True,0,"Reklamacje (wady, uszkodzenia, niezgodność towaru z zamówieniem)",0,"Reklamacje (wady, uszkodzenia, niezgodność towaru z zamówieniem)",True,0.9559,112.4,0.0,0
"basal-1.0-4.5B (local, 2 orders)",D17,routing,new,False,True,1,Faktury i płatności,1,Faktury i płatności,True,0.9987,104.7,0.0,0
"basal-1.0-4.5B (local, 2 orders)",D18,routing,new,False,True,1,Faktury i płatności,1,Faktury i płatności,True,0.9498,104.3,0.0,0
"basal-1.0-4.5B (local, 2 orders)",D19,routing,new,True,True,1,Faktury i płatności,1,Faktury i płatności,True,0.9276,107.5,0.0,0
"basal-1.0-4.5B (local, 2 orders)",D20,routing,new,False,True,1,Faktury i płatności,1,Faktury i płatności,True,0.9926,105.7,0.0,0
"basal-1.0-4.5B (local, 2 orders)",D21,routing,new,False,True,1,Faktury i płatności,1,Faktury i płatności,True,0.9937,111.3,0.0,0
"basal-1.0-4.5B (local, 2 orders)",D22,routing,new,True,True,1,Faktury i płatności,3,Wsparcie techniczne,False,0.5802,109.4,0.0,0
"basal-1.0-4.5B (local, 2 orders)",D23,routing,new,False,True,2,Dostawa i logistyka,2,Dostawa i logistyka,True,0.9202,104.7,0.0,0
"basal-1.0-4.5B (local, 2 orders)",D24,routing,new,False,True,2,Dostawa i logistyka,2,Dostawa i logistyka,True,0.9983,103.8,0.0,0
"basal-1.0-4.5B (local, 2 orders)",D25,routing,new,True,True,2,Dostawa i logistyka,2,Dostawa i logistyka,True,0.9957,109.9,0.0,0
"basal-1.0-4.5B (local, 2 orders)",D26,routing,new,False,True,2,Dostawa i logistyka,2,Dostawa i logistyka,True,0.9992,101.8,0.0,0
"basal-1.0-4.5B (local, 2 orders)",D27,routing,new,False,True,2,Dostawa i logistyka,2,Dostawa i logistyka,True,0.9984,109.0,0.0,0
"basal-1.0-4.5B (local, 2 orders)",D28,routing,new,True,True,2,Dostawa i logistyka,2,Dostawa i logistyka,True,0.8064,110.2,0.0,0
"basal-1.0-4.5B (local, 2 orders)",D29,routing,new,False,True,3,Wsparcie techniczne,3,Wsparcie techniczne,True,0.9987,105.9,0.0,0
"basal-1.0-4.5B (local, 2 orders)",D30,routing,new,False,True,3,Wsparcie techniczne,3,Wsparcie techniczne,True,0.9984,105.4,0.0,0
"basal-1.0-4.5B (local, 2 orders)",D31,routing,new,False,True,3,Wsparcie techniczne,3,Wsparcie techniczne,True,0.9989,106.8,0.0,0
"basal-1.0-4.5B (local, 2 orders)",D32,routing,new,False,True,3,Wsparcie techniczne,3,Wsparcie techniczne,True,0.9989,111.5,0.0,0
"basal-1.0-4.5B (local, 2 orders)",D33,routing,new,False,True,3,Wsparcie techniczne,3,Wsparcie techniczne,True,0.9974,105.9,0.0,0
"basal-1.0-4.5B (local, 2 orders)",D34,routing,new,False,True,3,Wsparcie techniczne,3,Wsparcie techniczne,True,0.9994,112.3,0.0,0
"basal-1.0-4.5B (local, 2 orders)",D35,routing,new,False,True,4,"Sprzedaż (oferty, ceny, nowe zamówienia)",4,"Sprzedaż (oferty, ceny, nowe zamówienia)",True,0.9422,106.2,0.0,0
"basal-1.0-4.5B (local, 2 orders)",D36,routing,new,False,True,4,"Sprzedaż (oferty, ceny, nowe zamówienia)",4,"Sprzedaż (oferty, ceny, nowe zamówienia)",True,0.9777,105.4,0.0,0
"basal-1.0-4.5B (local, 2 orders)",D37,routing,new,True,True,4,"Sprzedaż (oferty, ceny, nowe zamówienia)",4,"Sprzedaż (oferty, ceny, nowe zamówienia)",True,0.9814,115.1,0.0,0
"basal-1.0-4.5B (local, 2 orders)",D38,routing,new,False,True,4,"Sprzedaż (oferty, ceny, nowe zamówienia)",4,"Sprzedaż (oferty, ceny, nowe zamówienia)",True,0.9875,102.7,0.0,0
"basal-1.0-4.5B (local, 2 orders)",D39,routing,new,True,True,4,"Sprzedaż (oferty, ceny, nowe zamówienia)",1,Faktury i płatności,False,0.8234,104.6,0.0,0
"basal-1.0-4.5B (local, 2 orders)",D40,routing,new,False,True,4,"Sprzedaż (oferty, ceny, nowe zamówienia)",4,"Sprzedaż (oferty, ceny, nowe zamówienia)",True,0.983,107.7,0.0,0
"basal-1.0-4.5B (local, 2 orders)",E01,eskalacja,exp01,False,True,0,"Tak, eskalować do człowieka",0,"Tak, eskalować do człowieka",True,0.8325,117.5,0.0,0
"basal-1.0-4.5B (local, 2 orders)",E02,eskalacja,exp01,False,True,1,"Nie, można obsłużyć automatycznie",1,"Nie, można obsłużyć automatycznie",True,0.9879,113.3,0.0,0
"basal-1.0-4.5B (local, 2 orders)",E03,eskalacja,exp01,False,True,0,"Tak, eskalować do człowieka",0,"Tak, eskalować do człowieka",True,0.9935,116.5,0.0,0
"basal-1.0-4.5B (local, 2 orders)",E04,eskalacja,exp01,True,True,1,"Nie, można obsłużyć automatycznie",1,"Nie, można obsłużyć automatycznie",True,0.9031,122.2,0.0,0
"basal-1.0-4.5B (local, 2 orders)",E05,eskalacja,exp01,False,True,0,"Tak, eskalować do człowieka",0,"Tak, eskalować do człowieka",True,0.9893,124.5,0.0,0
"basal-1.0-4.5B (local, 2 orders)",E06,eskalacja,new,False,True,0,"Tak, eskalować do człowieka",0,"Tak, eskalować do człowieka",True,0.8986,120.1,0.0,0
"basal-1.0-4.5B (local, 2 orders)",E07,eskalacja,new,False,True,0,"Tak, eskalować do człowieka",0,"Tak, eskalować do człowieka",True,0.9072,127.1,0.0,0
"basal-1.0-4.5B (local, 2 orders)",E08,eskalacja,new,False,True,0,"Tak, eskalować do człowieka",0,"Tak, eskalować do człowieka",True,0.9717,127.4,0.0,0
"basal-1.0-4.5B (local, 2 orders)",E09,eskalacja,new,False,True,0,"Tak, eskalować do człowieka",0,"Tak, eskalować do człowieka",True,0.9904,124.1,0.0,0
"basal-1.0-4.5B (local, 2 orders)",E10,eskalacja,new,True,True,0,"Tak, eskalować do człowieka",0,"Tak, eskalować do człowieka",True,0.5422,127.6,0.0,0
"basal-1.0-4.5B (local, 2 orders)",E11,eskalacja,new,True,True,0,"Tak, eskalować do człowieka",0,"Tak, eskalować do człowieka",True,0.8376,117.1,0.0,0
"basal-1.0-4.5B (local, 2 orders)",E12,eskalacja,new,False,True,0,"Tak, eskalować do człowieka",0,"Tak, eskalować do człowieka",True,0.9931,124.0,0.0,0
"basal-1.0-4.5B (local, 2 orders)",E13,eskalacja,new,False,True,0,"Tak, eskalować do człowieka",0,"Tak, eskalować do człowieka",True,0.9698,127.6,0.0,0
"basal-1.0-4.5B (local, 2 orders)",E14,eskalacja,new,True,True,0,"Tak, eskalować do człowieka",0,"Tak, eskalować do człowieka",True,0.8765,118.5,0.0,0
"basal-1.0-4.5B (local, 2 orders)",E15,eskalacja,new,False,True,0,"Tak, eskalować do człowieka",0,"Tak, eskalować do człowieka",True,0.9851,115.4,0.0,0
"basal-1.0-4.5B (local, 2 orders)",E16,eskalacja,new,False,True,0,"Tak, eskalować do człowieka",0,"Tak, eskalować do człowieka",True,0.9861,120.3,0.0,0
"basal-1.0-4.5B (local, 2 orders)",E17,eskalacja,new,False,True,0,"Tak, eskalować do człowieka",0,"Tak, eskalować do człowieka",True,0.9465,116.7,0.0,0
"basal-1.0-4.5B (local, 2 orders)",E18,eskalacja,new,False,True,0,"Tak, eskalować do człowieka",0,"Tak, eskalować do człowieka",True,0.9399,115.7,0.0,0
"basal-1.0-4.5B (local, 2 orders)",E19,eskalacja,new,False,True,0,"Tak, eskalować do człowieka",0,"Tak, eskalować do człowieka",True,0.992,118.1,0.0,0
"basal-1.0-4.5B (local, 2 orders)",E20,eskalacja,new,True,True,0,"Tak, eskalować do człowieka",1,"Nie, można obsłużyć automatycznie",False,0.8763,126.2,0.0,0
"basal-1.0-4.5B (local, 2 orders)",E21,eskalacja,new,False,True,0,"Tak, eskalować do człowieka",0,"Tak, eskalować do człowieka",True,0.9399,117.0,0.0,0
"basal-1.0-4.5B (local, 2 orders)",E22,eskalacja,new,True,True,0,"Tak, eskalować do człowieka",1,"Nie, można obsłużyć automatycznie",False,0.8914,117.7,0.0,0
"basal-1.0-4.5B (local, 2 orders)",E23,eskalacja,new,False,True,1,"Nie, można obsłużyć automatycznie",1,"Nie, można obsłużyć automatycznie",True,0.9785,117.0,0.0,0
"basal-1.0-4.5B (local, 2 orders)",E24,eskalacja,new,False,True,1,"Nie, można obsłużyć automatycznie",1,"Nie, można obsłużyć automatycznie",True,0.9497,118.3,0.0,0
"basal-1.0-4.5B (local, 2 orders)",E25,eskalacja,new,False,True,1,"Nie, można obsłużyć automatycznie",1,"Nie, można obsłużyć automatycznie",True,0.9835,114.6,0.0,0
"basal-1.0-4.5B (local, 2 orders)",E26,eskalacja,new,True,True,1,"Nie, można obsłużyć automatycznie",1,"Nie, można obsłużyć automatycznie",True,0.8388,126.8,0.0,0
"basal-1.0-4.5B (local, 2 orders)",E27,eskalacja,new,False,True,1,"Nie, można obsłużyć automatycznie",1,"Nie, można obsłużyć automatycznie",True,0.9873,123.6,0.0,0
"basal-1.0-4.5B (local, 2 orders)",E28,eskalacja,new,True,True,1,"Nie, można obsłużyć automatycznie",1,"Nie, można obsłużyć automatycznie",True,0.9544,118.6,0.0,0
"basal-1.0-4.5B (local, 2 orders)",E29,eskalacja,new,False,True,1,"Nie, można obsłużyć automatycznie",1,"Nie, można obsłużyć automatycznie",True,0.9288,117.7,0.0,0
"basal-1.0-4.5B (local, 2 orders)",E30,eskalacja,new,False,True,1,"Nie, można obsłużyć automatycznie",1,"Nie, można obsłużyć automatycznie",True,0.9666,122.3,0.0,0
"basal-1.0-4.5B (local, 2 orders)",E31,eskalacja,new,True,True,1,"Nie, można obsłużyć automatycznie",1,"Nie, można obsłużyć automatycznie",True,0.9231,118.7,0.0,0
"basal-1.0-4.5B (local, 2 orders)",E32,eskalacja,new,False,True,1,"Nie, można obsłużyć automatycznie",1,"Nie, można obsłużyć automatycznie",True,0.9613,116.9,0.0,0
"basal-1.0-4.5B (local, 2 orders)",E33,eskalacja,new,False,True,1,"Nie, można obsłużyć automatycznie",1,"Nie, można obsłużyć automatycznie",True,0.9265,118.8,0.0,0
"basal-1.0-4.5B (local, 2 orders)",E34,eskalacja,new,True,True,1,"Nie, można obsłużyć automatycznie",0,"Tak, eskalować do człowieka",False,0.8735,113.3,0.0,0
"basal-1.0-4.5B (local, 2 orders)",E35,eskalacja,new,False,True,1,"Nie, można obsłużyć automatycznie",1,"Nie, można obsłużyć automatycznie",True,0.9398,113.6,0.0,0
"basal-1.0-4.5B (local, 2 orders)",E36,eskalacja,new,False,True,1,"Nie, można obsłużyć automatycznie",1,"Nie, można obsłużyć automatycznie",True,0.8503,113.8,0.0,0
"basal-1.0-4.5B (local, 2 orders)",E37,eskalacja,new,False,True,1,"Nie, można obsłużyć automatycznie",1,"Nie, można obsłużyć automatycznie",True,0.9256,118.5,0.0,0
"basal-1.0-4.5B (local, 2 orders)",E38,eskalacja,new,False,True,1,"Nie, można obsłużyć automatycznie",1,"Nie, można obsłużyć automatycznie",True,0.9214,113.7,0.0,0
"basal-1.0-4.5B (local, 2 orders)",E39,eskalacja,new,False,True,1,"Nie, można obsłużyć automatycznie",1,"Nie, można obsłużyć automatycznie",True,0.9846,116.7,0.0,0
"basal-1.0-4.5B (local, 2 orders)",E40,eskalacja,new,False,True,1,"Nie, można obsłużyć automatycznie",1,"Nie, można obsłużyć automatycznie",True,0.9445,115.7,0.0,0
"basal-1.0-4.5B (local, 2 orders)",K01,kompletnosc,exp01,False,True,0,"Tak, zgłoszenie jest kompletne",0,"Tak, zgłoszenie jest kompletne",True,0.7243,125.6,0.0,0
"basal-1.0-4.5B (local, 2 orders)",K02,kompletnosc,exp01,False,True,1,"Nie, zgłoszeniu czegoś brakuje",0,"Tak, zgłoszenie jest kompletne",False,0.8393,130.9,0.0,0
"basal-1.0-4.5B (local, 2 orders)",K03,kompletnosc,exp01,True,True,1,"Nie, zgłoszeniu czegoś brakuje",0,"Tak, zgłoszenie jest kompletne",False,0.7567,119.7,0.0,0
"basal-1.0-4.5B (local, 2 orders)",K04,kompletnosc,exp01,False,True,0,"Tak, zgłoszenie jest kompletne",0,"Tak, zgłoszenie jest kompletne",True,0.8986,137.6,0.0,0
"basal-1.0-4.5B (local, 2 orders)",K05,kompletnosc,exp01,False,True,1,"Nie, zgłoszeniu czegoś brakuje",1,"Nie, zgłoszeniu czegoś brakuje",True,0.9473,120.6,0.0,0
"basal-1.0-4.5B (local, 2 orders)",K06,kompletnosc,new,False,True,0,"Tak, zgłoszenie jest kompletne",0,"Tak, zgłoszenie jest kompletne",True,0.7497,122.0,0.0,0
"basal-1.0-4.5B (local, 2 orders)",K07,kompletnosc,new,True,True,1,"Nie, zgłoszeniu czegoś brakuje",0,"Tak, zgłoszenie jest kompletne",False,0.6313,121.5,0.0,0
"basal-1.0-4.5B (local, 2 orders)",K08,kompletnosc,new,True,True,0,"Tak, zgłoszenie jest kompletne",0,"Tak, zgłoszenie jest kompletne",True,0.78,123.4,0.0,0
"basal-1.0-4.5B (local, 2 orders)",K09,kompletnosc,new,False,True,1,"Nie, zgłoszeniu czegoś brakuje",1,"Nie, zgłoszeniu czegoś brakuje",True,0.9457,121.2,0.0,0
"basal-1.0-4.5B (local, 2 orders)",K10,kompletnosc,new,False,True,0,"Tak, zgłoszenie jest kompletne",0,"Tak, zgłoszenie jest kompletne",True,0.9039,134.5,0.0,0
"basal-1.0-4.5B (local, 2 orders)",K11,kompletnosc,new,True,True,1,"Nie, zgłoszeniu czegoś brakuje",1,"Nie, zgłoszeniu czegoś brakuje",True,0.9072,120.4,0.0,0
"basal-1.0-4.5B (local, 2 orders)",K12,kompletnosc,new,False,True,0,"Tak, zgłoszenie jest kompletne",0,"Tak, zgłoszenie jest kompletne",True,0.9584,120.5,0.0,0
"basal-1.0-4.5B (local, 2 orders)",K13,kompletnosc,new,False,True,1,"Nie, zgłoszeniu czegoś brakuje",1,"Nie, zgłoszeniu czegoś brakuje",True,0.8599,116.5,0.0,0
"basal-1.0-4.5B (local, 2 orders)",K14,kompletnosc,new,False,True,1,"Nie, zgłoszeniu czegoś brakuje",1,"Nie, zgłoszeniu czegoś brakuje",True,0.7845,122.5,0.0,0
"basal-1.0-4.5B (local, 2 orders)",K15,kompletnosc,new,False,True,0,"Tak, zgłoszenie jest kompletne",0,"Tak, zgłoszenie jest kompletne",True,0.9256,126.5,0.0,0
"basal-1.0-4.5B (local, 2 orders)",K16,kompletnosc,new,True,True,1,"Nie, zgłoszeniu czegoś brakuje",1,"Nie, zgłoszeniu czegoś brakuje",True,0.8864,119.6,0.0,0
"basal-1.0-4.5B (local, 2 orders)",K17,kompletnosc,new,False,True,0,"Tak, zgłoszenie jest kompletne",0,"Tak, zgłoszenie jest kompletne",True,0.95,119.4,0.0,0
"basal-1.0-4.5B (local, 2 orders)",K18,kompletnosc,new,True,True,1,"Nie, zgłoszeniu czegoś brakuje",0,"Tak, zgłoszenie jest kompletne",False,0.5735,110.5,0.0,0
"basal-1.0-4.5B (local, 2 orders)",K19,kompletnosc,new,False,True,1,"Nie, zgłoszeniu czegoś brakuje",1,"Nie, zgłoszeniu czegoś brakuje",True,0.983,115.7,0.0,0
"basal-1.0-4.5B (local, 2 orders)",K20,kompletnosc,new,True,True,0,"Tak, zgłoszenie jest kompletne",0,"Tak, zgłoszenie jest kompletne",True,0.8352,118.9,0.0,0
"basal-1.0-4.5B (local, 2 orders)",K21,kompletnosc,new,False,True,0,"Tak, zgłoszenie jest kompletne",0,"Tak, zgłoszenie jest kompletne",True,0.9214,140.3,0.0,0
"basal-1.0-4.5B (local, 2 orders)",K22,kompletnosc,new,True,True,0,"Tak, zgłoszenie jest kompletne",1,"Nie, zgłoszeniu czegoś brakuje",False,0.6434,142.3,0.0,0
"basal-1.0-4.5B (local, 2 orders)",K23,kompletnosc,new,True,True,1,"Nie, zgłoszeniu czegoś brakuje",1,"Nie, zgłoszeniu czegoś brakuje",True,0.5397,132.5,0.0,0
"basal-1.0-4.5B (local, 2 orders)",K24,kompletnosc,new,False,True,1,"Nie, zgłoszeniu czegoś brakuje",1,"Nie, zgłoszeniu czegoś brakuje",True,0.7948,129.8,0.0,0
"basal-1.0-4.5B (local, 2 orders)",K25,kompletnosc,new,False,True,0,"Tak, zgłoszenie jest kompletne",0,"Tak, zgłoszenie jest kompletne",True,0.9312,144.2,0.0,0
"basal-1.0-4.5B (local, 2 orders)",K26,kompletnosc,new,False,True,1,"Nie, zgłoszeniu czegoś brakuje",1,"Nie, zgłoszeniu czegoś brakuje",True,0.8795,132.3,0.0,0
"basal-1.0-4.5B (local, 2 orders)",K27,kompletnosc,new,False,True,0,"Tak, zgłoszenie jest kompletne",0,"Tak, zgłoszenie jest kompletne",True,0.812,133.0,0.0,0
"basal-1.0-4.5B (local, 2 orders)",K28,kompletnosc,new,True,True,1,"Nie, zgłoszeniu czegoś brakuje",1,"Nie, zgłoszeniu czegoś brakuje",True,0.872,134.8,0.0,0
"basal-1.0-4.5B (local, 2 orders)",K29,kompletnosc,new,True,True,0,"Tak, zgłoszenie jest kompletne",0,"Tak, zgłoszenie jest kompletne",True,0.9767,132.2,0.0,0
"basal-1.0-4.5B (local, 2 orders)",K30,kompletnosc,new,False,True,1,"Nie, zgłoszeniu czegoś brakuje",1,"Nie, zgłoszeniu czegoś brakuje",True,0.9465,130.0,0.0,0
"basal-1.0-4.5B (local, 2 orders)",K31,kompletnosc,new,False,True,1,"Nie, zgłoszeniu czegoś brakuje",1,"Nie, zgłoszeniu czegoś brakuje",True,0.9733,130.3,0.0,0
"basal-1.0-4.5B (local, 2 orders)",K32,kompletnosc,new,False,True,0,"Tak, zgłoszenie jest kompletne",0,"Tak, zgłoszenie jest kompletne",True,0.6434,142.4,0.0,0
"basal-1.0-4.5B (local, 2 orders)",K33,kompletnosc,new,True,True,0,"Tak, zgłoszenie jest kompletne",0,"Tak, zgłoszenie jest kompletne",True,0.6609,128.8,0.0,0
"basal-1.0-4.5B (local, 2 orders)",K34,kompletnosc,new,True,True,1,"Nie, zgłoszeniu czegoś brakuje",1,"Nie, zgłoszeniu czegoś brakuje",True,0.9375,123.2,0.0,0
"basal-1.0-4.5B (local, 2 orders)",K35,kompletnosc,new,False,True,0,"Tak, zgłoszenie jest kompletne",0,"Tak, zgłoszenie jest kompletne",True,0.5,130.7,0.0,0
"basal-1.0-4.5B (local, 2 orders)",K36,kompletnosc,new,False,True,1,"Nie, zgłoszeniu czegoś brakuje",1,"Nie, zgłoszeniu czegoś brakuje",True,0.8092,135.5,0.0,0
"basal-1.0-4.5B (local, 2 orders)",K37,kompletnosc,new,True,True,0,"Tak, zgłoszenie jest kompletne",1,"Nie, zgłoszeniu czegoś brakuje",False,0.7477,132.0,0.0,0
"basal-1.0-4.5B (local, 2 orders)",K38,kompletnosc,new,True,True,1,"Nie, zgłoszeniu czegoś brakuje",1,"Nie, zgłoszeniu czegoś brakuje",True,0.9645,121.4,0.0,0
"basal-1.0-4.5B (local, 2 orders)",K39,kompletnosc,new,False,False,0,"Tak, zgłoszenie jest kompletne",0,"Tak, zgłoszenie jest kompletne",True,0.9039,128.1,0.0,0
"basal-1.0-4.5B (local, 2 orders)",K40,kompletnosc,new,False,True,1,"Nie, zgłoszeniu czegoś brakuje",1,"Nie, zgłoszeniu czegoś brakuje",True,0.9775,118.1,0.0,0
"basal-1.0-4.5B (local, 2 orders)",S01,irytacja,new,False,True,0,Spokojny (brak irytacji),0,Spokojny (brak irytacji),True,0.9922,116.3,0.0,0
"basal-1.0-4.5B (local, 2 orders)",S02,irytacja,new,False,True,0,Spokojny (brak irytacji),0,Spokojny (brak irytacji),True,0.6956,106.3,0.0,0
"basal-1.0-4.5B (local, 2 orders)",S03,irytacja,new,True,True,0,Spokojny (brak irytacji),0,Spokojny (brak irytacji),True,0.9492,106.8,0.0,0
"basal-1.0-4.5B (local, 2 orders)",S04,irytacja,new,False,True,0,Spokojny (brak irytacji),0,Spokojny (brak irytacji),True,0.9024,92.2,0.0,0
"basal-1.0-4.5B (local, 2 orders)",S05,irytacja,new,True,True,0,Spokojny (brak irytacji),1,Lekko zirytowany,False,0.6361,102.6,0.0,0
"basal-1.0-4.5B (local, 2 orders)",S06,irytacja,new,False,True,0,Spokojny (brak irytacji),0,Spokojny (brak irytacji),True,0.9974,89.7,0.0,0
"basal-1.0-4.5B (local, 2 orders)",S07,irytacja,new,False,True,0,Spokojny (brak irytacji),0,Spokojny (brak irytacji),True,0.6576,92.7,0.0,0
"basal-1.0-4.5B (local, 2 orders)",S08,irytacja,new,False,True,1,Lekko zirytowany,2,Bardzo zirytowany,False,0.8315,107.3,0.0,0
"basal-1.0-4.5B (local, 2 orders)",S09,irytacja,new,False,True,1,Lekko zirytowany,2,Bardzo zirytowany,False,0.8674,101.0,0.0,0
"basal-1.0-4.5B (local, 2 orders)",S10,irytacja,new,True,True,1,Lekko zirytowany,1,Lekko zirytowany,True,0.7292,106.2,0.0,0
"basal-1.0-4.5B (local, 2 orders)",S11,irytacja,new,False,True,1,Lekko zirytowany,2,Bardzo zirytowany,False,0.7513,104.1,0.0,0
"basal-1.0-4.5B (local, 2 orders)",S12,irytacja,new,False,True,1,Lekko zirytowany,2,Bardzo zirytowany,False,0.91,106.4,0.0,0
"basal-1.0-4.5B (local, 2 orders)",S13,irytacja,new,True,True,1,Lekko zirytowany,2,Bardzo zirytowany,False,0.9295,107.4,0.0,0
"basal-1.0-4.5B (local, 2 orders)",S14,irytacja,new,False,False,1,Lekko zirytowany,2,Bardzo zirytowany,False,0.9597,93.9,0.0,0
"basal-1.0-4.5B (local, 2 orders)",S15,irytacja,new,False,True,2,Bardzo zirytowany,2,Bardzo zirytowany,True,0.9968,106.0,0.0,0
"basal-1.0-4.5B (local, 2 orders)",S16,irytacja,new,True,True,2,Bardzo zirytowany,2,Bardzo zirytowany,True,0.992,114.5,0.0,0
"basal-1.0-4.5B (local, 2 orders)",S17,irytacja,new,False,True,2,Bardzo zirytowany,2,Bardzo zirytowany,True,0.9947,109.6,0.0,0
"basal-1.0-4.5B (local, 2 orders)",S18,irytacja,new,False,True,2,Bardzo zirytowany,2,Bardzo zirytowany,True,0.9955,108.6,0.0,0
"basal-1.0-4.5B (local, 2 orders)",S19,irytacja,new,True,True,2,Bardzo zirytowany,2,Bardzo zirytowany,True,0.9927,107.2,0.0,0
"basal-1.0-4.5B (local, 2 orders)",S20,irytacja,new,False,True,2,Bardzo zirytowany,2,Bardzo zirytowany,True,0.9956,106.6,0.0,0
"basal-1.0-4.5B (local, 2 orders)",P01,phishing,new,False,True,0,"Tak, to próba oszustwa lub phishingu",0,"Tak, to próba oszustwa lub phishingu",True,0.975,135.8,0.0,0
"basal-1.0-4.5B (local, 2 orders)",P02,phishing,new,False,True,0,"Tak, to próba oszustwa lub phishingu",0,"Tak, to próba oszustwa lub phishingu",True,0.754,122.0,0.0,0
"basal-1.0-4.5B (local, 2 orders)",P03,phishing,new,False,True,0,"Tak, to próba oszustwa lub phishingu",0,"Tak, to próba oszustwa lub phishingu",True,0.9624,138.8,0.0,0
"basal-1.0-4.5B (local, 2 orders)",P04,phishing,new,True,True,0,"Tak, to próba oszustwa lub phishingu",0,"Tak, to próba oszustwa lub phishingu",True,0.8465,151.7,0.0,0
"basal-1.0-4.5B (local, 2 orders)",P05,phishing,new,False,True,0,"Tak, to próba oszustwa lub phishingu",0,"Tak, to próba oszustwa lub phishingu",True,0.9878,127.7,0.0,0
"basal-1.0-4.5B (local, 2 orders)",P06,phishing,new,False,True,0,"Tak, to próba oszustwa lub phishingu",0,"Tak, to próba oszustwa lub phishingu",True,0.9945,130.6,0.0,0
"basal-1.0-4.5B (local, 2 orders)",P07,phishing,new,False,True,0,"Tak, to próba oszustwa lub phishingu",0,"Tak, to próba oszustwa lub phishingu",True,0.9844,127.7,0.0,0
"basal-1.0-4.5B (local, 2 orders)",P08,phishing,new,False,True,0,"Tak, to próba oszustwa lub phishingu",0,"Tak, to próba oszustwa lub phishingu",True,0.9775,126.8,0.0,0
"basal-1.0-4.5B (local, 2 orders)",P09,phishing,new,True,True,0,"Tak, to próba oszustwa lub phishingu",1,"Nie, to zwykła, uczciwa wiadomość",False,0.6434,126.6,0.0,0
"basal-1.0-4.5B (local, 2 orders)",P10,phishing,new,False,True,0,"Tak, to próba oszustwa lub phishingu",0,"Tak, to próba oszustwa lub phishingu",True,0.988,128.8,0.0,0
"basal-1.0-4.5B (local, 2 orders)",P11,phishing,new,True,True,1,"Nie, to zwykła, uczciwa wiadomość",0,"Tak, to próba oszustwa lub phishingu",False,0.7653,136.4,0.0,0
"basal-1.0-4.5B (local, 2 orders)",P12,phishing,new,True,True,1,"Nie, to zwykła, uczciwa wiadomość",0,"Tak, to próba oszustwa lub phishingu",False,0.5314,121.9,0.0,0
"basal-1.0-4.5B (local, 2 orders)",P13,phishing,new,True,True,1,"Nie, to zwykła, uczciwa wiadomość",1,"Nie, to zwykła, uczciwa wiadomość",True,0.6208,135.3,0.0,0
"basal-1.0-4.5B (local, 2 orders)",P14,phishing,new,False,True,1,"Nie, to zwykła, uczciwa wiadomość",1,"Nie, to zwykła, uczciwa wiadomość",True,0.917,131.0,0.0,0
"basal-1.0-4.5B (local, 2 orders)",P15,phishing,new,True,True,1,"Nie, to zwykła, uczciwa wiadomość",0,"Tak, to próba oszustwa lub phishingu",False,0.8057,133.5,0.0,0
"basal-1.0-4.5B (local, 2 orders)",P16,phishing,new,False,True,1,"Nie, to zwykła, uczciwa wiadomość",1,"Nie, to zwykła, uczciwa wiadomość",True,0.977,120.0,0.0,0
"basal-1.0-4.5B (local, 2 orders)",P17,phishing,new,False,True,1,"Nie, to zwykła, uczciwa wiadomość",1,"Nie, to zwykła, uczciwa wiadomość",True,0.9154,123.4,0.0,0
"basal-1.0-4.5B (local, 2 orders)",P18,phishing,new,True,True,1,"Nie, to zwykła, uczciwa wiadomość",0,"Tak, to próba oszustwa lub phishingu",False,0.9384,123.2,0.0,0
"basal-1.0-4.5B (local, 2 orders)",P19,phishing,new,True,True,1,"Nie, to zwykła, uczciwa wiadomość",1,"Nie, to zwykła, uczciwa wiadomość",True,0.6712,125.3,0.0,0
"basal-1.0-4.5B (local, 2 orders)",P20,phishing,new,False,True,1,"Nie, to zwykła, uczciwa wiadomość",0,"Tak, to próba oszustwa lub phishingu",False,0.6727,124.8,0.0,0
"basal-1.0-1.5B (local, 2 orders)",R01,reklamacja,exp01,False,True,0,"Tak, to reklamacja",0,"Tak, to reklamacja",True,0.8412,46.4,0.0,0
"basal-1.0-1.5B (local, 2 orders)",R02,reklamacja,exp01,False,True,1,"Nie, to nie jest reklamacja",1,"Nie, to nie jest reklamacja",True,0.9667,42.0,0.0,0
"basal-1.0-1.5B (local, 2 orders)",R03,reklamacja,exp01,True,True,0,"Tak, to reklamacja",1,"Nie, to nie jest reklamacja",False,0.5404,50.5,0.0,0
"basal-1.0-1.5B (local, 2 orders)",R04,reklamacja,exp01,True,True,0,"Tak, to reklamacja",0,"Tak, to reklamacja",True,0.6822,45.9,0.0,0
"basal-1.0-1.5B (local, 2 orders)",R05,reklamacja,exp01,False,True,1,"Nie, to nie jest reklamacja",1,"Nie, to nie jest reklamacja",True,0.9607,49.5,0.0,0
"basal-1.0-1.5B (local, 2 orders)",R06,reklamacja,exp01,False,True,0,"Tak, to reklamacja",0,"Tak, to reklamacja",True,0.5515,49.2,0.0,0
"basal-1.0-1.5B (local, 2 orders)",R07,reklamacja,exp01,True,True,1,"Nie, to nie jest reklamacja",1,"Nie, to nie jest reklamacja",True,0.9607,46.7,0.0,0
"basal-1.0-1.5B (local, 2 orders)",R08,reklamacja,exp01,False,True,0,"Tak, to reklamacja",0,"Tak, to reklamacja",True,0.6696,46.3,0.0,0
"basal-1.0-1.5B (local, 2 orders)",R09,reklamacja,exp01,True,True,1,"Nie, to nie jest reklamacja",1,"Nie, to nie jest reklamacja",True,0.9093,49.3,0.0,0
"basal-1.0-1.5B (local, 2 orders)",R10,reklamacja,exp01,False,True,1,"Nie, to nie jest reklamacja",1,"Nie, to nie jest reklamacja",True,0.984,49.7,0.0,0
"basal-1.0-1.5B (local, 2 orders)",R11,reklamacja,new,False,True,0,"Tak, to reklamacja",0,"Tak, to reklamacja",True,0.9026,45.1,0.0,0
"basal-1.0-1.5B (local, 2 orders)",R12,reklamacja,new,False,True,1,"Nie, to nie jest reklamacja",1,"Nie, to nie jest reklamacja",True,0.9839,42.5,0.0,0
"basal-1.0-1.5B (local, 2 orders)",R13,reklamacja,new,True,True,0,"Tak, to reklamacja",1,"Nie, to nie jest reklamacja",False,0.6124,45.5,0.0,0
"basal-1.0-1.5B (local, 2 orders)",R14,reklamacja,new,True,True,1,"Nie, to nie jest reklamacja",1,"Nie, to nie jest reklamacja",True,0.8836,45.2,0.0,0
"basal-1.0-1.5B (local, 2 orders)",R15,reklamacja,new,False,True,0,"Tak, to reklamacja",0,"Tak, to reklamacja",True,0.6503,43.0,0.0,0
"basal-1.0-1.5B (local, 2 orders)",R16,reklamacja,new,False,True,1,"Nie, to nie jest reklamacja",1,"Nie, to nie jest reklamacja",True,0.9331,42.6,0.0,0
"basal-1.0-1.5B (local, 2 orders)",R17,reklamacja,new,False,True,0,"Tak, to reklamacja",1,"Nie, to nie jest reklamacja",False,0.517,48.7,0.0,0
"basal-1.0-1.5B (local, 2 orders)",R18,reklamacja,new,False,True,1,"Nie, to nie jest reklamacja",1,"Nie, to nie jest reklamacja",True,0.9687,41.9,0.0,0
"basal-1.0-1.5B (local, 2 orders)",R19,reklamacja,new,True,True,0,"Tak, to reklamacja",1,"Nie, to nie jest reklamacja",False,0.7364,44.9,0.0,0
"basal-1.0-1.5B (local, 2 orders)",R20,reklamacja,new,False,True,1,"Nie, to nie jest reklamacja",1,"Nie, to nie jest reklamacja",True,0.9522,46.3,0.0,0
"basal-1.0-1.5B (local, 2 orders)",R21,reklamacja,new,False,True,0,"Tak, to reklamacja",0,"Tak, to reklamacja",True,0.7116,44.4,0.0,0
"basal-1.0-1.5B (local, 2 orders)",R22,reklamacja,new,True,True,1,"Nie, to nie jest reklamacja",1,"Nie, to nie jest reklamacja",True,0.9332,43.0,0.0,0
"basal-1.0-1.5B (local, 2 orders)",R23,reklamacja,new,False,True,0,"Tak, to reklamacja",0,"Tak, to reklamacja",True,0.7881,45.7,0.0,0
"basal-1.0-1.5B (local, 2 orders)",R24,reklamacja,new,False,True,1,"Nie, to nie jest reklamacja",1,"Nie, to nie jest reklamacja",True,0.9395,42.1,0.0,0
"basal-1.0-1.5B (local, 2 orders)",R25,reklamacja,new,False,True,0,"Tak, to reklamacja",0,"Tak, to reklamacja",True,0.7342,46.3,0.0,0
"basal-1.0-1.5B (local, 2 orders)",R26,reklamacja,new,True,True,1,"Nie, to nie jest reklamacja",1,"Nie, to nie jest reklamacja",True,0.9432,49.2,0.0,0
"basal-1.0-1.5B (local, 2 orders)",R27,reklamacja,new,False,True,0,"Tak, to reklamacja",1,"Nie, to nie jest reklamacja",False,0.523,43.9,0.0,0
"basal-1.0-1.5B (local, 2 orders)",R28,reklamacja,new,False,True,1,"Nie, to nie jest reklamacja",1,"Nie, to nie jest reklamacja",True,0.9746,42.4,0.0,0
"basal-1.0-1.5B (local, 2 orders)",R29,reklamacja,new,False,True,0,"Tak, to reklamacja",0,"Tak, to reklamacja",True,0.7342,42.1,0.0,0
"basal-1.0-1.5B (local, 2 orders)",R30,reklamacja,new,False,True,1,"Nie, to nie jest reklamacja",1,"Nie, to nie jest reklamacja",True,0.9811,46.4,0.0,0
"basal-1.0-1.5B (local, 2 orders)",R31,reklamacja,new,True,True,0,"Tak, to reklamacja",1,"Nie, to nie jest reklamacja",False,0.9319,45.5,0.0,0
"basal-1.0-1.5B (local, 2 orders)",R32,reklamacja,new,False,True,1,"Nie, to nie jest reklamacja",1,"Nie, to nie jest reklamacja",True,0.9464,42.3,0.0,0
"basal-1.0-1.5B (local, 2 orders)",R33,reklamacja,new,False,True,0,"Tak, to reklamacja",1,"Nie, to nie jest reklamacja",False,0.5628,45.7,0.0,0
"basal-1.0-1.5B (local, 2 orders)",R34,reklamacja,new,True,True,1,"Nie, to nie jest reklamacja",1,"Nie, to nie jest reklamacja",True,0.9589,44.6,0.0,0
"basal-1.0-1.5B (local, 2 orders)",R35,reklamacja,new,False,True,0,"Tak, to reklamacja",1,"Nie, to nie jest reklamacja",False,0.5173,49.4,0.0,0
"basal-1.0-1.5B (local, 2 orders)",R36,reklamacja,new,False,True,1,"Nie, to nie jest reklamacja",1,"Nie, to nie jest reklamacja",True,0.9626,43.1,0.0,0
"basal-1.0-1.5B (local, 2 orders)",R37,reklamacja,new,False,True,0,"Tak, to reklamacja",0,"Tak, to reklamacja",True,0.8045,48.9,0.0,0
"basal-1.0-1.5B (local, 2 orders)",R38,reklamacja,new,False,True,1,"Nie, to nie jest reklamacja",1,"Nie, to nie jest reklamacja",True,0.9838,41.4,0.0,0
"basal-1.0-1.5B (local, 2 orders)",R39,reklamacja,new,True,True,0,"Tak, to reklamacja",0,"Tak, to reklamacja",True,0.6415,45.8,0.0,0
"basal-1.0-1.5B (local, 2 orders)",R40,reklamacja,new,True,True,1,"Nie, to nie jest reklamacja",1,"Nie, to nie jest reklamacja",True,0.9141,43.0,0.0,0
"basal-1.0-1.5B (local, 2 orders)",D01,routing,exp01,False,True,2,Dostawa i logistyka,2,Dostawa i logistyka,True,0.9897,48.1,0.0,0
"basal-1.0-1.5B (local, 2 orders)",D02,routing,exp01,False,True,1,Faktury i płatności,1,Faktury i płatności,True,0.993,48.1,0.0,0
"basal-1.0-1.5B (local, 2 orders)",D03,routing,exp01,False,True,3,Wsparcie techniczne,3,Wsparcie techniczne,True,0.9947,50.3,0.0,0
"basal-1.0-1.5B (local, 2 orders)",D04,routing,exp01,True,True,4,"Sprzedaż (oferty, ceny, nowe zamówienia)",4,"Sprzedaż (oferty, ceny, nowe zamówienia)",True,0.9968,45.3,0.0,0
"basal-1.0-1.5B (local, 2 orders)",D05,routing,exp01,False,True,0,"Reklamacje (wady, uszkodzenia, niezgodność towaru z zamówieniem)",0,"Reklamacje (wady, uszkodzenia, niezgodność towaru z zamówieniem)",True,0.9602,49.0,0.0,0
"basal-1.0-1.5B (local, 2 orders)",D06,routing,exp01,False,True,1,Faktury i płatności,1,Faktury i płatności,True,0.9352,49.7,0.0,0
"basal-1.0-1.5B (local, 2 orders)",D07,routing,exp01,False,True,4,"Sprzedaż (oferty, ceny, nowe zamówienia)",4,"Sprzedaż (oferty, ceny, nowe zamówienia)",True,0.9572,44.3,0.0,0
"basal-1.0-1.5B (local, 2 orders)",D08,routing,exp01,True,True,2,Dostawa i logistyka,2,Dostawa i logistyka,True,0.9929,44.5,0.0,0
"basal-1.0-1.5B (local, 2 orders)",D09,routing,exp01,False,True,3,Wsparcie techniczne,3,Wsparcie techniczne,True,0.9895,44.2,0.0,0
"basal-1.0-1.5B (local, 2 orders)",D10,routing,exp01,False,True,0,"Reklamacje (wady, uszkodzenia, niezgodność towaru z zamówieniem)",0,"Reklamacje (wady, uszkodzenia, niezgodność towaru z zamówieniem)",True,0.8607,44.0,0.0,0
"basal-1.0-1.5B (local, 2 orders)",D11,routing,new,False,True,0,"Reklamacje (wady, uszkodzenia, niezgodność towaru z zamówieniem)",0,"Reklamacje (wady, uszkodzenia, niezgodność towaru z zamówieniem)",True,0.9368,41.3,0.0,0
"basal-1.0-1.5B (local, 2 orders)",D12,routing,new,True,True,0,"Reklamacje (wady, uszkodzenia, niezgodność towaru z zamówieniem)",0,"Reklamacje (wady, uszkodzenia, niezgodność towaru z zamówieniem)",True,0.7757,44.2,0.0,0
"basal-1.0-1.5B (local, 2 orders)",D13,routing,new,False,True,0,"Reklamacje (wady, uszkodzenia, niezgodność towaru z zamówieniem)",0,"Reklamacje (wady, uszkodzenia, niezgodność towaru z zamówieniem)",True,0.9944,44.1,0.0,0
"basal-1.0-1.5B (local, 2 orders)",D14,routing,new,True,True,0,"Reklamacje (wady, uszkodzenia, niezgodność towaru z zamówieniem)",3,Wsparcie techniczne,False,0.4485,43.8,0.0,0
"basal-1.0-1.5B (local, 2 orders)",D15,routing,new,False,True,0,"Reklamacje (wady, uszkodzenia, niezgodność towaru z zamówieniem)",0,"Reklamacje (wady, uszkodzenia, niezgodność towaru z zamówieniem)",True,0.9723,43.1,0.0,0
"basal-1.0-1.5B (local, 2 orders)",D16,routing,new,True,True,0,"Reklamacje (wady, uszkodzenia, niezgodność towaru z zamówieniem)",0,"Reklamacje (wady, uszkodzenia, niezgodność towaru z zamówieniem)",True,0.9839,48.5,0.0,0
"basal-1.0-1.5B (local, 2 orders)",D17,routing,new,False,True,1,Faktury i płatności,1,Faktury i płatności,True,0.9968,42.0,0.0,0
"basal-1.0-1.5B (local, 2 orders)",D18,routing,new,False,True,1,Faktury i płatności,1,Faktury i płatności,True,0.8677,41.9,0.0,0
"basal-1.0-1.5B (local, 2 orders)",D19,routing,new,True,True,1,Faktury i płatności,1,Faktury i płatności,True,0.9787,43.1,0.0,0
"basal-1.0-1.5B (local, 2 orders)",D20,routing,new,False,True,1,Faktury i płatności,1,Faktury i płatności,True,0.9828,41.5,0.0,0
"basal-1.0-1.5B (local, 2 orders)",D21,routing,new,False,True,1,Faktury i płatności,1,Faktury i płatności,True,0.988,44.9,0.0,0
"basal-1.0-1.5B (local, 2 orders)",D22,routing,new,True,True,1,Faktury i płatności,3,Wsparcie techniczne,False,0.5839,45.5,0.0,0
"basal-1.0-1.5B (local, 2 orders)",D23,routing,new,False,True,2,Dostawa i logistyka,2,Dostawa i logistyka,True,0.9725,41.8,0.0,0
"basal-1.0-1.5B (local, 2 orders)",D24,routing,new,False,True,2,Dostawa i logistyka,2,Dostawa i logistyka,True,0.9726,42.1,0.0,0
"basal-1.0-1.5B (local, 2 orders)",D25,routing,new,True,True,2,Dostawa i logistyka,2,Dostawa i logistyka,True,0.9916,44.2,0.0,0
"basal-1.0-1.5B (local, 2 orders)",D26,routing,new,False,True,2,Dostawa i logistyka,2,Dostawa i logistyka,True,0.9957,46.0,0.0,0
"basal-1.0-1.5B (local, 2 orders)",D27,routing,new,False,True,2,Dostawa i logistyka,2,Dostawa i logistyka,True,0.9818,47.6,0.0,0
"basal-1.0-1.5B (local, 2 orders)",D28,routing,new,True,True,2,Dostawa i logistyka,2,Dostawa i logistyka,True,0.8461,45.0,0.0,0
"basal-1.0-1.5B (local, 2 orders)",D29,routing,new,False,True,3,Wsparcie techniczne,3,Wsparcie techniczne,True,0.9843,43.3,0.0,0
"basal-1.0-1.5B (local, 2 orders)",D30,routing,new,False,True,3,Wsparcie techniczne,3,Wsparcie techniczne,True,0.997,42.8,0.0,0
"basal-1.0-1.5B (local, 2 orders)",D31,routing,new,False,True,3,Wsparcie techniczne,3,Wsparcie techniczne,True,0.9505,43.6,0.0,0
"basal-1.0-1.5B (local, 2 orders)",D32,routing,new,False,True,3,Wsparcie techniczne,3,Wsparcie techniczne,True,0.9897,43.9,0.0,0
"basal-1.0-1.5B (local, 2 orders)",D33,routing,new,False,True,3,Wsparcie techniczne,3,Wsparcie techniczne,True,0.9919,42.1,0.0,0
"basal-1.0-1.5B (local, 2 orders)",D34,routing,new,False,True,3,Wsparcie techniczne,3,Wsparcie techniczne,True,0.9893,50.0,0.0,0
"basal-1.0-1.5B (local, 2 orders)",D35,routing,new,False,True,4,"Sprzedaż (oferty, ceny, nowe zamówienia)",4,"Sprzedaż (oferty, ceny, nowe zamówienia)",True,0.939,42.0,0.0,0
"basal-1.0-1.5B (local, 2 orders)",D36,routing,new,False,True,4,"Sprzedaż (oferty, ceny, nowe zamówienia)",4,"Sprzedaż (oferty, ceny, nowe zamówienia)",True,0.9915,42.4,0.0,0
"basal-1.0-1.5B (local, 2 orders)",D37,routing,new,True,True,4,"Sprzedaż (oferty, ceny, nowe zamówienia)",4,"Sprzedaż (oferty, ceny, nowe zamówienia)",True,0.9896,45.1,0.0,0
"basal-1.0-1.5B (local, 2 orders)",D38,routing,new,False,True,4,"Sprzedaż (oferty, ceny, nowe zamówienia)",4,"Sprzedaż (oferty, ceny, nowe zamówienia)",True,0.9918,40.5,0.0,0
"basal-1.0-1.5B (local, 2 orders)",D39,routing,new,True,True,4,"Sprzedaż (oferty, ceny, nowe zamówienia)",4,"Sprzedaż (oferty, ceny, nowe zamówienia)",True,0.5437,42.4,0.0,0
"basal-1.0-1.5B (local, 2 orders)",D40,routing,new,False,True,4,"Sprzedaż (oferty, ceny, nowe zamówienia)",4,"Sprzedaż (oferty, ceny, nowe zamówienia)",True,0.9782,44.0,0.0,0
"basal-1.0-1.5B (local, 2 orders)",E01,eskalacja,exp01,False,True,0,"Tak, eskalować do człowieka",0,"Tak, eskalować do człowieka",True,0.8032,50.3,0.0,0
"basal-1.0-1.5B (local, 2 orders)",E02,eskalacja,exp01,False,True,1,"Nie, można obsłużyć automatycznie",1,"Nie, można obsłużyć automatycznie",True,0.9337,46.1,0.0,0
"basal-1.0-1.5B (local, 2 orders)",E03,eskalacja,exp01,False,True,0,"Tak, eskalować do człowieka",0,"Tak, eskalować do człowieka",True,0.8204,49.7,0.0,0
"basal-1.0-1.5B (local, 2 orders)",E04,eskalacja,exp01,True,True,1,"Nie, można obsłużyć automatycznie",1,"Nie, można obsłużyć automatycznie",True,0.7394,48.9,0.0,0
"basal-1.0-1.5B (local, 2 orders)",E05,eskalacja,exp01,False,True,0,"Tak, eskalować do człowieka",0,"Tak, eskalować do człowieka",True,0.882,49.5,0.0,0
"basal-1.0-1.5B (local, 2 orders)",E06,eskalacja,new,False,True,0,"Tak, eskalować do człowieka",0,"Tak, eskalować do człowieka",True,0.883,48.7,0.0,0
"basal-1.0-1.5B (local, 2 orders)",E07,eskalacja,new,False,True,0,"Tak, eskalować do człowieka",0,"Tak, eskalować do człowieka",True,0.8705,55.1,0.0,0
"basal-1.0-1.5B (local, 2 orders)",E08,eskalacja,new,False,True,0,"Tak, eskalować do człowieka",0,"Tak, eskalować do człowieka",True,0.5291,49.5,0.0,0
"basal-1.0-1.5B (local, 2 orders)",E09,eskalacja,new,False,True,0,"Tak, eskalować do człowieka",0,"Tak, eskalować do człowieka",True,0.6594,49.8,0.0,0
"basal-1.0-1.5B (local, 2 orders)",E10,eskalacja,new,True,True,0,"Tak, eskalować do człowieka",1,"Nie, można obsłużyć automatycznie",False,0.6339,54.9,0.0,0
"basal-1.0-1.5B (local, 2 orders)",E11,eskalacja,new,True,True,0,"Tak, eskalować do człowieka",0,"Tak, eskalować do człowieka",True,0.6759,44.7,0.0,0
"basal-1.0-1.5B (local, 2 orders)",E12,eskalacja,new,False,True,0,"Tak, eskalować do człowieka",0,"Tak, eskalować do człowieka",True,0.882,49.5,0.0,0
"basal-1.0-1.5B (local, 2 orders)",E13,eskalacja,new,False,True,0,"Tak, eskalować do człowieka",0,"Tak, eskalować do człowieka",True,0.901,51.9,0.0,0
"basal-1.0-1.5B (local, 2 orders)",E14,eskalacja,new,True,True,0,"Tak, eskalować do człowieka",0,"Tak, eskalować do człowieka",True,0.5115,48.3,0.0,0
"basal-1.0-1.5B (local, 2 orders)",E15,eskalacja,new,False,True,0,"Tak, eskalować do człowieka",0,"Tak, eskalować do człowieka",True,0.7912,47.4,0.0,0
"basal-1.0-1.5B (local, 2 orders)",E16,eskalacja,new,False,True,0,"Tak, eskalować do człowieka",0,"Tak, eskalować do człowieka",True,0.764,49.4,0.0,0
"basal-1.0-1.5B (local, 2 orders)",E17,eskalacja,new,False,True,0,"Tak, eskalować do człowieka",0,"Tak, eskalować do człowieka",True,0.7555,48.5,0.0,0
"basal-1.0-1.5B (local, 2 orders)",E18,eskalacja,new,False,True,0,"Tak, eskalować do człowieka",0,"Tak, eskalować do człowieka",True,0.8398,48.2,0.0,0
"basal-1.0-1.5B (local, 2 orders)",E19,eskalacja,new,False,True,0,"Tak, eskalować do człowieka",0,"Tak, eskalować do człowieka",True,0.8855,49.7,0.0,0
"basal-1.0-1.5B (local, 2 orders)",E20,eskalacja,new,True,True,0,"Tak, eskalować do człowieka",0,"Tak, eskalować do człowieka",True,0.6966,51.0,0.0,0
"basal-1.0-1.5B (local, 2 orders)",E21,eskalacja,new,False,True,0,"Tak, eskalować do człowieka",0,"Tak, eskalować do człowieka",True,0.8334,48.2,0.0,0
"basal-1.0-1.5B (local, 2 orders)",E22,eskalacja,new,True,True,0,"Tak, eskalować do człowieka",0,"Tak, eskalować do człowieka",True,0.7251,45.0,0.0,0
"basal-1.0-1.5B (local, 2 orders)",E23,eskalacja,new,False,True,1,"Nie, można obsłużyć automatycznie",1,"Nie, można obsłużyć automatycznie",True,0.8338,45.4,0.0,0
"basal-1.0-1.5B (local, 2 orders)",E24,eskalacja,new,False,True,1,"Nie, można obsłużyć automatycznie",1,"Nie, można obsłużyć automatycznie",True,0.8868,45.5,0.0,0
"basal-1.0-1.5B (local, 2 orders)",E25,eskalacja,new,False,True,1,"Nie, można obsłużyć automatycznie",1,"Nie, można obsłużyć automatycznie",True,0.8464,44.1,0.0,0
"basal-1.0-1.5B (local, 2 orders)",E26,eskalacja,new,True,True,1,"Nie, można obsłużyć automatycznie",0,"Tak, eskalować do człowieka",False,0.6471,52.0,0.0,0
"basal-1.0-1.5B (local, 2 orders)",E27,eskalacja,new,False,True,1,"Nie, można obsłużyć automatycznie",1,"Nie, można obsłużyć automatycznie",True,0.8464,47.6,0.0,0
"basal-1.0-1.5B (local, 2 orders)",E28,eskalacja,new,True,True,1,"Nie, można obsłużyć automatycznie",1,"Nie, można obsłużyć automatycznie",True,0.8032,48.7,0.0,0
"basal-1.0-1.5B (local, 2 orders)",E29,eskalacja,new,False,True,1,"Nie, można obsłużyć automatycznie",1,"Nie, można obsłużyć automatycznie",True,0.7486,44.7,0.0,0
"basal-1.0-1.5B (local, 2 orders)",E30,eskalacja,new,False,True,1,"Nie, można obsłużyć automatycznie",1,"Nie, można obsłużyć automatycznie",True,0.8959,50.2,0.0,0
"basal-1.0-1.5B (local, 2 orders)",E31,eskalacja,new,True,True,1,"Nie, można obsłużyć automatycznie",1,"Nie, można obsłużyć automatycznie",True,0.8338,45.8,0.0,0
"basal-1.0-1.5B (local, 2 orders)",E32,eskalacja,new,False,True,1,"Nie, można obsłużyć automatycznie",1,"Nie, można obsłużyć automatycznie",True,0.8632,46.1,0.0,0
"basal-1.0-1.5B (local, 2 orders)",E33,eskalacja,new,False,True,1,"Nie, można obsłużyć automatycznie",1,"Nie, można obsłużyć automatycznie",True,0.8158,45.1,0.0,0
"basal-1.0-1.5B (local, 2 orders)",E34,eskalacja,new,True,True,1,"Nie, można obsłużyć automatycznie",1,"Nie, można obsłużyć automatycznie",True,0.6456,44.7,0.0,0
"basal-1.0-1.5B (local, 2 orders)",E35,eskalacja,new,False,True,1,"Nie, można obsłużyć automatycznie",1,"Nie, można obsłużyć automatycznie",True,0.8719,44.7,0.0,0
"basal-1.0-1.5B (local, 2 orders)",E36,eskalacja,new,False,True,1,"Nie, można obsłużyć automatycznie",1,"Nie, można obsłużyć automatycznie",True,0.6974,44.6,0.0,0
"basal-1.0-1.5B (local, 2 orders)",E37,eskalacja,new,False,True,1,"Nie, można obsłużyć automatycznie",1,"Nie, można obsłużyć automatycznie",True,0.8138,46.0,0.0,0
"basal-1.0-1.5B (local, 2 orders)",E38,eskalacja,new,False,True,1,"Nie, można obsłużyć automatycznie",1,"Nie, można obsłużyć automatycznie",True,0.8014,44.6,0.0,0
"basal-1.0-1.5B (local, 2 orders)",E39,eskalacja,new,False,True,1,"Nie, można obsłużyć automatycznie",1,"Nie, można obsłużyć automatycznie",True,0.8913,48.1,0.0,0
"basal-1.0-1.5B (local, 2 orders)",E40,eskalacja,new,False,True,1,"Nie, można obsłużyć automatycznie",1,"Nie, można obsłużyć automatycznie",True,0.8236,43.6,0.0,0
"basal-1.0-1.5B (local, 2 orders)",K01,kompletnosc,exp01,False,True,0,"Tak, zgłoszenie jest kompletne",0,"Tak, zgłoszenie jest kompletne",True,0.5809,53.4,0.0,0
"basal-1.0-1.5B (local, 2 orders)",K02,kompletnosc,exp01,False,True,1,"Nie, zgłoszeniu czegoś brakuje",0,"Tak, zgłoszenie jest kompletne",False,0.6364,52.7,0.0,0
"basal-1.0-1.5B (local, 2 orders)",K03,kompletnosc,exp01,True,True,1,"Nie, zgłoszeniu czegoś brakuje",0,"Tak, zgłoszenie jest kompletne",False,0.5864,49.2,0.0,0
"basal-1.0-1.5B (local, 2 orders)",K04,kompletnosc,exp01,False,True,0,"Tak, zgłoszenie jest kompletne",0,"Tak, zgłoszenie jest kompletne",True,0.787,52.5,0.0,0
"basal-1.0-1.5B (local, 2 orders)",K05,kompletnosc,exp01,False,True,1,"Nie, zgłoszeniu czegoś brakuje",1,"Nie, zgłoszeniu czegoś brakuje",True,0.5636,48.7,0.0,0
"basal-1.0-1.5B (local, 2 orders)",K06,kompletnosc,new,False,True,0,"Tak, zgłoszenie jest kompletne",0,"Tak, zgłoszenie jest kompletne",True,0.6205,51.8,0.0,0
"basal-1.0-1.5B (local, 2 orders)",K07,kompletnosc,new,True,True,1,"Nie, zgłoszeniu czegoś brakuje",0,"Tak, zgłoszenie jest kompletne",False,0.5697,49.4,0.0,0
"basal-1.0-1.5B (local, 2 orders)",K08,kompletnosc,new,True,True,0,"Tak, zgłoszenie jest kompletne",0,"Tak, zgłoszenie jest kompletne",True,0.6202,48.5,0.0,0
"basal-1.0-1.5B (local, 2 orders)",K09,kompletnosc,new,False,True,1,"Nie, zgłoszeniu czegoś brakuje",0,"Tak, zgłoszenie jest kompletne",False,0.598,44.5,0.0,0
"basal-1.0-1.5B (local, 2 orders)",K10,kompletnosc,new,False,True,0,"Tak, zgłoszenie jest kompletne",0,"Tak, zgłoszenie jest kompletne",True,0.8207,55.3,0.0,0
"basal-1.0-1.5B (local, 2 orders)",K11,kompletnosc,new,True,True,1,"Nie, zgłoszeniu czegoś brakuje",0,"Tak, zgłoszenie jest kompletne",False,0.5463,49.3,0.0,0
"basal-1.0-1.5B (local, 2 orders)",K12,kompletnosc,new,False,True,0,"Tak, zgłoszenie jest kompletne",0,"Tak, zgłoszenie jest kompletne",True,0.8774,56.1,0.0,0
"basal-1.0-1.5B (local, 2 orders)",K13,kompletnosc,new,False,True,1,"Nie, zgłoszeniu czegoś brakuje",0,"Tak, zgłoszenie jest kompletne",False,0.5583,44.1,0.0,0
"basal-1.0-1.5B (local, 2 orders)",K14,kompletnosc,new,False,True,1,"Nie, zgłoszeniu czegoś brakuje",0,"Tak, zgłoszenie jest kompletne",False,0.6364,45.8,0.0,0
"basal-1.0-1.5B (local, 2 orders)",K15,kompletnosc,new,False,True,0,"Tak, zgłoszenie jest kompletne",0,"Tak, zgłoszenie jest kompletne",True,0.8293,50.0,0.0,0
"basal-1.0-1.5B (local, 2 orders)",K16,kompletnosc,new,True,True,1,"Nie, zgłoszeniu czegoś brakuje",0,"Tak, zgłoszenie jest kompletne",False,0.8055,45.6,0.0,0
"basal-1.0-1.5B (local, 2 orders)",K17,kompletnosc,new,False,True,0,"Tak, zgłoszenie jest kompletne",0,"Tak, zgłoszenie jest kompletne",True,0.8905,47.6,0.0,0
"basal-1.0-1.5B (local, 2 orders)",K18,kompletnosc,new,True,True,1,"Nie, zgłoszeniu czegoś brakuje",0,"Tak, zgłoszenie jest kompletne",False,0.7757,42.9,0.0,0
"basal-1.0-1.5B (local, 2 orders)",K19,kompletnosc,new,False,True,1,"Nie, zgłoszeniu czegoś brakuje",0,"Tak, zgłoszenie jest kompletne",False,0.7877,45.4,0.0,0
"basal-1.0-1.5B (local, 2 orders)",K20,kompletnosc,new,True,True,0,"Tak, zgłoszenie jest kompletne",0,"Tak, zgłoszenie jest kompletne",True,0.8457,45.0,0.0,0
"basal-1.0-1.5B (local, 2 orders)",K21,kompletnosc,new,False,True,0,"Tak, zgłoszenie jest kompletne",0,"Tak, zgłoszenie jest kompletne",True,0.8483,54.2,0.0,0
"basal-1.0-1.5B (local, 2 orders)",K22,kompletnosc,new,True,True,0,"Tak, zgłoszenie jest kompletne",0,"Tak, zgłoszenie jest kompletne",True,0.6893,54.2,0.0,0
"basal-1.0-1.5B (local, 2 orders)",K23,kompletnosc,new,True,True,1,"Nie, zgłoszeniu czegoś brakuje",0,"Tak, zgłoszenie jest kompletne",False,0.7342,52.4,0.0,0
"basal-1.0-1.5B (local, 2 orders)",K24,kompletnosc,new,False,True,1,"Nie, zgłoszeniu czegoś brakuje",0,"Tak, zgłoszenie jest kompletne",False,0.5955,51.0,0.0,0
"basal-1.0-1.5B (local, 2 orders)",K25,kompletnosc,new,False,True,0,"Tak, zgłoszenie jest kompletne",0,"Tak, zgłoszenie jest kompletne",True,0.8751,54.7,0.0,0
"basal-1.0-1.5B (local, 2 orders)",K26,kompletnosc,new,False,True,1,"Nie, zgłoszeniu czegoś brakuje",1,"Nie, zgłoszeniu czegoś brakuje",True,0.6489,51.0,0.0,0
"basal-1.0-1.5B (local, 2 orders)",K27,kompletnosc,new,False,True,0,"Tak, zgłoszenie jest kompletne",0,"Tak, zgłoszenie jest kompletne",True,0.6931,53.2,0.0,0
"basal-1.0-1.5B (local, 2 orders)",K28,kompletnosc,new,True,True,1,"Nie, zgłoszeniu czegoś brakuje",0,"Tak, zgłoszenie jest kompletne",False,0.5864,52.3,0.0,0
"basal-1.0-1.5B (local, 2 orders)",K29,kompletnosc,new,True,True,0,"Tak, zgłoszenie jest kompletne",0,"Tak, zgłoszenie jest kompletne",True,0.7082,53.0,0.0,0
"basal-1.0-1.5B (local, 2 orders)",K30,kompletnosc,new,False,True,1,"Nie, zgłoszeniu czegoś brakuje",0,"Tak, zgłoszenie jest kompletne",False,0.6183,51.9,0.0,0
"basal-1.0-1.5B (local, 2 orders)",K31,kompletnosc,new,False,True,1,"Nie, zgłoszeniu czegoś brakuje",0,"Tak, zgłoszenie jest kompletne",False,0.5519,52.3,0.0,0
"basal-1.0-1.5B (local, 2 orders)",K32,kompletnosc,new,False,True,0,"Tak, zgłoszenie jest kompletne",0,"Tak, zgłoszenie jest kompletne",True,0.6092,55.6,0.0,0
"basal-1.0-1.5B (local, 2 orders)",K33,kompletnosc,new,True,True,0,"Tak, zgłoszenie jest kompletne",0,"Tak, zgłoszenie jest kompletne",True,0.5692,50.0,0.0,0
"basal-1.0-1.5B (local, 2 orders)",K34,kompletnosc,new,True,True,1,"Nie, zgłoszeniu czegoś brakuje",1,"Nie, zgłoszeniu czegoś brakuje",True,0.6015,49.4,0.0,0
"basal-1.0-1.5B (local, 2 orders)",K35,kompletnosc,new,False,True,0,"Tak, zgłoszenie jest kompletne",0,"Tak, zgłoszenie jest kompletne",True,0.8204,52.8,0.0,0
"basal-1.0-1.5B (local, 2 orders)",K36,kompletnosc,new,False,True,1,"Nie, zgłoszeniu czegoś brakuje",1,"Nie, zgłoszeniu czegoś brakuje",True,0.5615,51.7,0.0,0
"basal-1.0-1.5B (local, 2 orders)",K37,kompletnosc,new,True,True,0,"Tak, zgłoszenie jest kompletne",0,"Tak, zgłoszenie jest kompletne",True,0.5345,50.8,0.0,0
"basal-1.0-1.5B (local, 2 orders)",K38,kompletnosc,new,True,True,1,"Nie, zgłoszeniu czegoś brakuje",0,"Tak, zgłoszenie jest kompletne",False,0.7184,49.3,0.0,0
"basal-1.0-1.5B (local, 2 orders)",K39,kompletnosc,new,False,False,0,"Tak, zgłoszenie jest kompletne",0,"Tak, zgłoszenie jest kompletne",True,0.5522,50.3,0.0,0
"basal-1.0-1.5B (local, 2 orders)",K40,kompletnosc,new,False,True,1,"Nie, zgłoszeniu czegoś brakuje",1,"Nie, zgłoszeniu czegoś brakuje",True,0.5845,45.7,0.0,0
"basal-1.0-1.5B (local, 2 orders)",S01,irytacja,new,False,True,0,Spokojny (brak irytacji),0,Spokojny (brak irytacji),True,0.9693,46.3,0.0,0
"basal-1.0-1.5B (local, 2 orders)",S02,irytacja,new,False,True,0,Spokojny (brak irytacji),0,Spokojny (brak irytacji),True,0.4926,41.0,0.0,0
"basal-1.0-1.5B (local, 2 orders)",S03,irytacja,new,True,True,0,Spokojny (brak irytacji),0,Spokojny (brak irytacji),True,0.851,41.7,0.0,0
"basal-1.0-1.5B (local, 2 orders)",S04,irytacja,new,False,True,0,Spokojny (brak irytacji),0,Spokojny (brak irytacji),True,0.7516,38.0,0.0,0
"basal-1.0-1.5B (local, 2 orders)",S05,irytacja,new,True,True,0,Spokojny (brak irytacji),1,Lekko zirytowany,False,0.4744,40.5,0.0,0
"basal-1.0-1.5B (local, 2 orders)",S06,irytacja,new,False,True,0,Spokojny (brak irytacji),0,Spokojny (brak irytacji),True,0.9733,37.9,0.0,0
"basal-1.0-1.5B (local, 2 orders)",S07,irytacja,new,False,True,0,Spokojny (brak irytacji),1,Lekko zirytowany,False,0.5122,38.0,0.0,0
"basal-1.0-1.5B (local, 2 orders)",S08,irytacja,new,False,True,1,Lekko zirytowany,2,Bardzo zirytowany,False,0.7561,41.4,0.0,0
"basal-1.0-1.5B (local, 2 orders)",S09,irytacja,new,False,True,1,Lekko zirytowany,2,Bardzo zirytowany,False,0.7293,40.1,0.0,0
"basal-1.0-1.5B (local, 2 orders)",S10,irytacja,new,True,True,1,Lekko zirytowany,1,Lekko zirytowany,True,0.6085,41.9,0.0,0
"basal-1.0-1.5B (local, 2 orders)",S11,irytacja,new,False,True,1,Lekko zirytowany,2,Bardzo zirytowany,False,0.5221,40.5,0.0,0
"basal-1.0-1.5B (local, 2 orders)",S12,irytacja,new,False,True,1,Lekko zirytowany,2,Bardzo zirytowany,False,0.586,41.7,0.0,0
"basal-1.0-1.5B (local, 2 orders)",S13,irytacja,new,True,True,1,Lekko zirytowany,2,Bardzo zirytowany,False,0.6643,41.6,0.0,0
"basal-1.0-1.5B (local, 2 orders)",S14,irytacja,new,False,False,1,Lekko zirytowany,2,Bardzo zirytowany,False,0.9037,41.0,0.0,0
"basal-1.0-1.5B (local, 2 orders)",S15,irytacja,new,False,True,2,Bardzo zirytowany,2,Bardzo zirytowany,True,0.9966,46.1,0.0,0
"basal-1.0-1.5B (local, 2 orders)",S16,irytacja,new,True,True,2,Bardzo zirytowany,2,Bardzo zirytowany,True,0.9912,42.4,0.0,0
"basal-1.0-1.5B (local, 2 orders)",S17,irytacja,new,False,True,2,Bardzo zirytowany,2,Bardzo zirytowany,True,0.995,40.3,0.0,0
"basal-1.0-1.5B (local, 2 orders)",S18,irytacja,new,False,True,2,Bardzo zirytowany,2,Bardzo zirytowany,True,0.9963,42.0,0.0,0
"basal-1.0-1.5B (local, 2 orders)",S19,irytacja,new,True,True,2,Bardzo zirytowany,2,Bardzo zirytowany,True,0.9922,41.5,0.0,0
"basal-1.0-1.5B (local, 2 orders)",S20,irytacja,new,False,True,2,Bardzo zirytowany,2,Bardzo zirytowany,True,0.972,42.4,0.0,0
"basal-1.0-1.5B (local, 2 orders)",P01,phishing,new,False,True,0,"Tak, to próba oszustwa lub phishingu",1,"Nie, to zwykła, uczciwa wiadomość",False,0.903,51.8,0.0,0
"basal-1.0-1.5B (local, 2 orders)",P02,phishing,new,False,True,0,"Tak, to próba oszustwa lub phishingu",1,"Nie, to zwykła, uczciwa wiadomość",False,0.5706,51.2,0.0,0
"basal-1.0-1.5B (local, 2 orders)",P03,phishing,new,False,True,0,"Tak, to próba oszustwa lub phishingu",0,"Tak, to próba oszustwa lub phishingu",True,0.6868,55.4,0.0,0
"basal-1.0-1.5B (local, 2 orders)",P04,phishing,new,True,True,0,"Tak, to próba oszustwa lub phishingu",1,"Nie, to zwykła, uczciwa wiadomość",False,0.9271,57.4,0.0,0
"basal-1.0-1.5B (local, 2 orders)",P05,phishing,new,False,True,0,"Tak, to próba oszustwa lub phishingu",0,"Tak, to próba oszustwa lub phishingu",True,0.943,50.5,0.0,0
"basal-1.0-1.5B (local, 2 orders)",P06,phishing,new,False,True,0,"Tak, to próba oszustwa lub phishingu",0,"Tak, to próba oszustwa lub phishingu",True,0.9864,51.7,0.0,0
"basal-1.0-1.5B (local, 2 orders)",P07,phishing,new,False,True,0,"Tak, to próba oszustwa lub phishingu",0,"Tak, to próba oszustwa lub phishingu",True,0.9848,50.0,0.0,0
"basal-1.0-1.5B (local, 2 orders)",P08,phishing,new,False,True,0,"Tak, to próba oszustwa lub phishingu",0,"Tak, to próba oszustwa lub phishingu",True,0.7105,50.2,0.0,0
"basal-1.0-1.5B (local, 2 orders)",P09,phishing,new,True,True,0,"Tak, to próba oszustwa lub phishingu",1,"Nie, to zwykła, uczciwa wiadomość",False,0.824,50.5,0.0,0
"basal-1.0-1.5B (local, 2 orders)",P10,phishing,new,False,True,0,"Tak, to próba oszustwa lub phishingu",0,"Tak, to próba oszustwa lub phishingu",True,0.7606,50.2,0.0,0
"basal-1.0-1.5B (local, 2 orders)",P11,phishing,new,True,True,1,"Nie, to zwykła, uczciwa wiadomość",1,"Nie, to zwykła, uczciwa wiadomość",True,0.8666,54.0,0.0,0
"basal-1.0-1.5B (local, 2 orders)",P12,phishing,new,True,True,1,"Nie, to zwykła, uczciwa wiadomość",1,"Nie, to zwykła, uczciwa wiadomość",True,0.6124,51.0,0.0,0
"basal-1.0-1.5B (local, 2 orders)",P13,phishing,new,True,True,1,"Nie, to zwykła, uczciwa wiadomość",1,"Nie, to zwykła, uczciwa wiadomość",True,0.8708,60.1,0.0,0
"basal-1.0-1.5B (local, 2 orders)",P14,phishing,new,False,True,1,"Nie, to zwykła, uczciwa wiadomość",1,"Nie, to zwykła, uczciwa wiadomość",True,0.9379,51.5,0.0,0
"basal-1.0-1.5B (local, 2 orders)",P15,phishing,new,True,True,1,"Nie, to zwykła, uczciwa wiadomość",0,"Tak, to próba oszustwa lub phishingu",False,0.5907,52.5,0.0,0
"basal-1.0-1.5B (local, 2 orders)",P16,phishing,new,False,True,1,"Nie, to zwykła, uczciwa wiadomość",1,"Nie, to zwykła, uczciwa wiadomość",True,0.9405,50.0,0.0,0
"basal-1.0-1.5B (local, 2 orders)",P17,phishing,new,False,True,1,"Nie, to zwykła, uczciwa wiadomość",1,"Nie, to zwykła, uczciwa wiadomość",True,0.8915,48.7,0.0,0
"basal-1.0-1.5B (local, 2 orders)",P18,phishing,new,True,True,1,"Nie, to zwykła, uczciwa wiadomość",0,"Tak, to próba oszustwa lub phishingu",False,0.5929,51.9,0.0,0
"basal-1.0-1.5B (local, 2 orders)",P19,phishing,new,True,True,1,"Nie, to zwykła, uczciwa wiadomość",1,"Nie, to zwykła, uczciwa wiadomość",True,0.7027,46.6,0.0,0
"basal-1.0-1.5B (local, 2 orders)",P20,phishing,new,False,True,1,"Nie, to zwykła, uczciwa wiadomość",1,"Nie, to zwykła, uczciwa wiadomość",True,0.883,49.7,0.0,0
Jev 1.13 raw (2 orders avg),R01,reklamacja,exp01,False,True,0,"Tak, to reklamacja",0,"Tak, to reklamacja",True,0.98,650.9,3.822e-05,
Jev 1.13 raw (2 orders avg),R02,reklamacja,exp01,False,True,1,"Nie, to nie jest reklamacja",1,"Nie, to nie jest reklamacja",True,0.98,1661.4,3.528e-05,
Jev 1.13 raw (2 orders avg),R03,reklamacja,exp01,True,True,0,"Tak, to reklamacja",0,"Tak, to reklamacja",True,0.975,571.5,3.9396e-05,
Jev 1.13 raw (2 orders avg),R04,reklamacja,exp01,True,True,0,"Tak, to reklamacja",0,"Tak, to reklamacja",True,0.98,654.1,3.78e-05,
Jev 1.13 raw (2 orders avg),R05,reklamacja,exp01,False,True,1,"Nie, to nie jest reklamacja",1,"Nie, to nie jest reklamacja",True,0.98,524.0,3.7716e-05,
Jev 1.13 raw (2 orders avg),R06,reklamacja,exp01,False,True,0,"Tak, to reklamacja",0,"Tak, to reklamacja",True,0.98,677.8,3.8052e-05,
Jev 1.13 raw (2 orders avg),R07,reklamacja,exp01,True,True,1,"Nie, to nie jest reklamacja",1,"Nie, to nie jest reklamacja",True,0.98,585.6,3.7044e-05,
Jev 1.13 raw (2 orders avg),R08,reklamacja,exp01,False,True,0,"Tak, to reklamacja",0,"Tak, to reklamacja",True,0.95,572.9,3.7296e-05,
Jev 1.13 raw (2 orders avg),R09,reklamacja,exp01,True,True,1,"Nie, to nie jest reklamacja",1,"Nie, to nie jest reklamacja",True,0.945,737.8,3.7716e-05,
Jev 1.13 raw (2 orders avg),R10,reklamacja,exp01,False,True,1,"Nie, to nie jest reklamacja",1,"Nie, to nie jest reklamacja",True,0.98,574.1,3.7884e-05,
Jev 1.13 raw (2 orders avg),R11,reklamacja,new,False,True,0,"Tak, to reklamacja",0,"Tak, to reklamacja",True,0.98,559.4,3.5616e-05,
Jev 1.13 raw (2 orders avg),R12,reklamacja,new,False,True,1,"Nie, to nie jest reklamacja",1,"Nie, to nie jest reklamacja",True,0.98,630.1,3.5028e-05,
Jev 1.13 raw (2 orders avg),R13,reklamacja,new,True,True,0,"Tak, to reklamacja",0,"Tak, to reklamacja",True,0.96,533.7,3.78e-05,
Jev 1.13 raw (2 orders avg),R14,reklamacja,new,True,True,1,"Nie, to nie jest reklamacja",1,"Nie, to nie jest reklamacja",True,0.855,554.0,3.486e-05,
Jev 1.13 raw (2 orders avg),R15,reklamacja,new,False,True,0,"Tak, to reklamacja",0,"Tak, to reklamacja",True,0.895,617.1,3.5112e-05,
Jev 1.13 raw (2 orders avg),R16,reklamacja,new,False,True,1,"Nie, to nie jest reklamacja",1,"Nie, to nie jest reklamacja",True,0.95,559.9,3.4608e-05,
Jev 1.13 raw (2 orders avg),R17,reklamacja,new,False,True,0,"Tak, to reklamacja",0,"Tak, to reklamacja",True,0.98,576.4,3.612e-05,
Jev 1.13 raw (2 orders avg),R18,reklamacja,new,False,True,1,"Nie, to nie jest reklamacja",1,"Nie, to nie jest reklamacja",True,0.975,543.1,3.4776e-05,
Jev 1.13 raw (2 orders avg),R19,reklamacja,new,True,True,0,"Tak, to reklamacja",0,"Tak, to reklamacja",True,0.95,598.4,3.6372e-05,
Jev 1.13 raw (2 orders avg),R20,reklamacja,new,False,True,1,"Nie, to nie jest reklamacja",1,"Nie, to nie jest reklamacja",True,0.96,534.7,3.5028e-05,
Jev 1.13 raw (2 orders avg),R21,reklamacja,new,False,True,0,"Tak, to reklamacja",0,"Tak, to reklamacja",True,0.97,570.4,3.654e-05,
Jev 1.13 raw (2 orders avg),R22,reklamacja,new,True,True,1,"Nie, to nie jest reklamacja",1,"Nie, to nie jest reklamacja",True,0.965,577.7,3.5784e-05,
Jev 1.13 raw (2 orders avg),R23,reklamacja,new,False,True,0,"Tak, to reklamacja",0,"Tak, to reklamacja",True,0.98,589.4,3.5868e-05,
Jev 1.13 raw (2 orders avg),R24,reklamacja,new,False,True,1,"Nie, to nie jest reklamacja",1,"Nie, to nie jest reklamacja",True,0.98,710.5,3.3768e-05,
Jev 1.13 raw (2 orders avg),R25,reklamacja,new,False,True,0,"Tak, to reklamacja",0,"Tak, to reklamacja",True,0.9,707.0,3.7128e-05,
Jev 1.13 raw (2 orders avg),R26,reklamacja,new,True,True,1,"Nie, to nie jest reklamacja",1,"Nie, to nie jest reklamacja",True,0.91,583.7,3.7212e-05,
Jev 1.13 raw (2 orders avg),R27,reklamacja,new,False,True,0,"Tak, to reklamacja",0,"Tak, to reklamacja",True,0.96,595.7,3.6204e-05,
Jev 1.13 raw (2 orders avg),R28,reklamacja,new,False,True,1,"Nie, to nie jest reklamacja",1,"Nie, to nie jest reklamacja",True,0.98,545.0,3.444e-05,
Jev 1.13 raw (2 orders avg),R29,reklamacja,new,False,True,0,"Tak, to reklamacja",0,"Tak, to reklamacja",True,0.98,584.7,3.3852e-05,
Jev 1.13 raw (2 orders avg),R30,reklamacja,new,False,True,1,"Nie, to nie jest reklamacja",1,"Nie, to nie jest reklamacja",True,0.98,574.7,3.5532e-05,
Jev 1.13 raw (2 orders avg),R31,reklamacja,new,True,True,0,"Tak, to reklamacja",0,"Tak, to reklamacja",True,0.93,633.6,3.5784e-05,
Jev 1.13 raw (2 orders avg),R32,reklamacja,new,False,True,1,"Nie, to nie jest reklamacja",1,"Nie, to nie jest reklamacja",True,0.97,599.6,3.5028e-05,
Jev 1.13 raw (2 orders avg),R33,reklamacja,new,False,True,0,"Tak, to reklamacja",0,"Tak, to reklamacja",True,0.98,553.8,3.5784e-05,
Jev 1.13 raw (2 orders avg),R34,reklamacja,new,True,True,1,"Nie, to nie jest reklamacja",1,"Nie, to nie jest reklamacja",True,0.98,730.9,3.5448e-05,
Jev 1.13 raw (2 orders avg),R35,reklamacja,new,False,True,0,"Tak, to reklamacja",0,"Tak, to reklamacja",True,0.92,577.0,3.7884e-05,
Jev 1.13 raw (2 orders avg),R36,reklamacja,new,False,True,1,"Nie, to nie jest reklamacja",1,"Nie, to nie jest reklamacja",True,0.98,544.6,3.4692e-05,
Jev 1.13 raw (2 orders avg),R37,reklamacja,new,False,True,0,"Tak, to reklamacja",0,"Tak, to reklamacja",True,0.97,692.2,3.6288e-05,
Jev 1.13 raw (2 orders avg),R38,reklamacja,new,False,True,1,"Nie, to nie jest reklamacja",1,"Nie, to nie jest reklamacja",True,0.98,572.0,3.3348e-05,
Jev 1.13 raw (2 orders avg),R39,reklamacja,new,True,True,0,"Tak, to reklamacja",0,"Tak, to reklamacja",True,0.9,1112.6,3.6792e-05,
Jev 1.13 raw (2 orders avg),R40,reklamacja,new,True,True,1,"Nie, to nie jest reklamacja",1,"Nie, to nie jest reklamacja",True,0.86,639.7,3.5448e-05,
Jev 1.13 raw (2 orders avg),D01,routing,exp01,False,True,2,Dostawa i logistyka,2,Dostawa i logistyka,True,1.0,550.1,4.0908e-05,
Jev 1.13 raw (2 orders avg),D02,routing,exp01,False,True,1,Faktury i płatności,1,Faktury i płatności,True,1.0,567.4,4.1748e-05,
Jev 1.13 raw (2 orders avg),D03,routing,exp01,False,True,3,Wsparcie techniczne,3,Wsparcie techniczne,True,1.0,644.7,4.158e-05,
Jev 1.13 raw (2 orders avg),D04,routing,exp01,True,True,4,"Sprzedaż (oferty, ceny, nowe zamówienia)",4,"Sprzedaż (oferty, ceny, nowe zamówienia)",True,1.0,617.5,4.242e-05,
Jev 1.13 raw (2 orders avg),D05,routing,exp01,False,True,0,"Reklamacje (wady, uszkodzenia, niezgodność towaru z zamówieniem)",0,"Reklamacje (wady, uszkodzenia, niezgodność towaru z zamówieniem)",True,1.0,529.9,4.074e-05,
Jev 1.13 raw (2 orders avg),D06,routing,exp01,False,True,1,Faktury i płatności,1,Faktury i płatności,True,1.0,569.5,4.0992e-05,
Jev 1.13 raw (2 orders avg),D07,routing,exp01,False,True,4,"Sprzedaż (oferty, ceny, nowe zamówienia)",4,"Sprzedaż (oferty, ceny, nowe zamówienia)",True,0.92,1171.4,4.032e-05,
Jev 1.13 raw (2 orders avg),D08,routing,exp01,True,True,2,Dostawa i logistyka,2,Dostawa i logistyka,True,1.0,540.6,4.1076e-05,
Jev 1.13 raw (2 orders avg),D09,routing,exp01,False,True,3,Wsparcie techniczne,3,Wsparcie techniczne,True,1.0,578.9,4.0572e-05,
Jev 1.13 raw (2 orders avg),D10,routing,exp01,False,True,0,"Reklamacje (wady, uszkodzenia, niezgodność towaru z zamówieniem)",0,"Reklamacje (wady, uszkodzenia, niezgodność towaru z zamówieniem)",True,1.0,543.7,4.1412e-05,
Jev 1.13 raw (2 orders avg),D11,routing,new,False,True,0,"Reklamacje (wady, uszkodzenia, niezgodność towaru z zamówieniem)",0,"Reklamacje (wady, uszkodzenia, niezgodność towaru z zamówieniem)",True,1.0,624.8,3.948e-05,
Jev 1.13 raw (2 orders avg),D12,routing,new,True,True,0,"Reklamacje (wady, uszkodzenia, niezgodność towaru z zamówieniem)",0,"Reklamacje (wady, uszkodzenia, niezgodność towaru z zamówieniem)",True,0.995,649.9,4.032e-05,
Jev 1.13 raw (2 orders avg),D13,routing,new,False,True,0,"Reklamacje (wady, uszkodzenia, niezgodność towaru z zamówieniem)",0,"Reklamacje (wady, uszkodzenia, niezgodność towaru z zamówieniem)",True,1.0,547.4,4.0236e-05,
Jev 1.13 raw (2 orders avg),D14,routing,new,True,True,0,"Reklamacje (wady, uszkodzenia, niezgodność towaru z zamówieniem)",0,"Reklamacje (wady, uszkodzenia, niezgodność towaru z zamówieniem)",True,0.955,580.6,3.8808e-05,
Jev 1.13 raw (2 orders avg),D15,routing,new,False,True,0,"Reklamacje (wady, uszkodzenia, niezgodność towaru z zamówieniem)",0,"Reklamacje (wady, uszkodzenia, niezgodność towaru z zamówieniem)",True,1.0,562.9,3.9564e-05,
Jev 1.13 raw (2 orders avg),D16,routing,new,True,True,0,"Reklamacje (wady, uszkodzenia, niezgodność towaru z zamówieniem)",0,"Reklamacje (wady, uszkodzenia, niezgodność towaru z zamówieniem)",True,0.995,597.0,4.116e-05,
Jev 1.13 raw (2 orders avg),D17,routing,new,False,True,1,Faktury i płatności,1,Faktury i płatności,True,1.0,645.5,3.8808e-05,
Jev 1.13 raw (2 orders avg),D18,routing,new,False,True,1,Faktury i płatności,1,Faktury i płatności,True,1.0,574.7,3.8808e-05,
Jev 1.13 raw (2 orders avg),D19,routing,new,True,True,1,Faktury i płatności,1,Faktury i płatności,True,0.945,596.3,3.9732e-05,
Jev 1.13 raw (2 orders avg),D20,routing,new,False,True,1,Faktury i płatności,1,Faktury i płatności,True,1.0,558.6,3.9144e-05,
Jev 1.13 raw (2 orders avg),D21,routing,new,False,True,1,Faktury i płatności,1,Faktury i płatności,True,1.0,595.3,4.0236e-05,
Jev 1.13 raw (2 orders avg),D22,routing,new,True,True,1,Faktury i płatności,3,Wsparcie techniczne,False,0.545,630.1,3.9648e-05,
Jev 1.13 raw (2 orders avg),D23,routing,new,False,True,2,Dostawa i logistyka,2,Dostawa i logistyka,True,1.0,603.7,3.8976e-05,
Jev 1.13 raw (2 orders avg),D24,routing,new,False,True,2,Dostawa i logistyka,2,Dostawa i logistyka,True,1.0,658.3,3.906e-05,
Jev 1.13 raw (2 orders avg),D25,routing,new,True,True,2,Dostawa i logistyka,2,Dostawa i logistyka,True,1.0,532.8,3.9144e-05,
Jev 1.13 raw (2 orders avg),D26,routing,new,False,True,2,Dostawa i logistyka,2,Dostawa i logistyka,True,1.0,575.7,3.7716e-05,
Jev 1.13 raw (2 orders avg),D27,routing,new,False,True,2,Dostawa i logistyka,2,Dostawa i logistyka,True,1.0,643.4,3.8472e-05,
Jev 1.13 raw (2 orders avg),D28,routing,new,True,True,2,Dostawa i logistyka,2,Dostawa i logistyka,True,1.0,567.7,3.8892e-05,
Jev 1.13 raw (2 orders avg),D29,routing,new,False,True,3,Wsparcie techniczne,3,Wsparcie techniczne,True,1.0,561.5,3.8556e-05,
Jev 1.13 raw (2 orders avg),D30,routing,new,False,True,3,Wsparcie techniczne,3,Wsparcie techniczne,True,1.0,637.1,3.9816e-05,
Jev 1.13 raw (2 orders avg),D31,routing,new,False,True,3,Wsparcie techniczne,3,Wsparcie techniczne,True,1.0,648.8,3.8892e-05,
Jev 1.13 raw (2 orders avg),D32,routing,new,False,True,3,Wsparcie techniczne,3,Wsparcie techniczne,True,1.0,1122.6,3.9312e-05,
Jev 1.13 raw (2 orders avg),D33,routing,new,False,True,3,Wsparcie techniczne,3,Wsparcie techniczne,True,1.0,553.7,3.9564e-05,
Jev 1.13 raw (2 orders avg),D34,routing,new,False,True,3,Wsparcie techniczne,3,Wsparcie techniczne,True,1.0,543.4,4.0824e-05,
Jev 1.13 raw (2 orders avg),D35,routing,new,False,True,4,"Sprzedaż (oferty, ceny, nowe zamówienia)",4,"Sprzedaż (oferty, ceny, nowe zamówienia)",True,1.0,549.4,3.8052e-05,
Jev 1.13 raw (2 orders avg),D36,routing,new,False,True,4,"Sprzedaż (oferty, ceny, nowe zamówienia)",4,"Sprzedaż (oferty, ceny, nowe zamówienia)",True,1.0,566.4,3.9648e-05,
Jev 1.13 raw (2 orders avg),D37,routing,new,True,True,4,"Sprzedaż (oferty, ceny, nowe zamówienia)",4,"Sprzedaż (oferty, ceny, nowe zamówienia)",True,1.0,587.4,4.032e-05,
Jev 1.13 raw (2 orders avg),D38,routing,new,False,True,4,"Sprzedaż (oferty, ceny, nowe zamówienia)",4,"Sprzedaż (oferty, ceny, nowe zamówienia)",True,1.0,551.1,3.864e-05,
Jev 1.13 raw (2 orders avg),D39,routing,new,True,True,4,"Sprzedaż (oferty, ceny, nowe zamówienia)",4,"Sprzedaż (oferty, ceny, nowe zamówienia)",True,0.97,614.3,4.0152e-05,
Jev 1.13 raw (2 orders avg),D40,routing,new,False,True,4,"Sprzedaż (oferty, ceny, nowe zamówienia)",4,"Sprzedaż (oferty, ceny, nowe zamówienia)",True,1.0,809.8,3.9564e-05,
Jev 1.13 raw (2 orders avg),E01,eskalacja,exp01,False,True,0,"Tak, eskalować do człowieka",0,"Tak, eskalować do człowieka",True,0.96,553.4,3.9648e-05,
Jev 1.13 raw (2 orders avg),E02,eskalacja,exp01,False,True,1,"Nie, można obsłużyć automatycznie",1,"Nie, można obsłużyć automatycznie",True,0.96,628.1,3.7548e-05,
Jev 1.13 raw (2 orders avg),E03,eskalacja,exp01,False,True,0,"Tak, eskalować do człowieka",0,"Tak, eskalować do człowieka",True,0.94,581.3,3.99e-05,
Jev 1.13 raw (2 orders avg),E04,eskalacja,exp01,True,True,1,"Nie, można obsłużyć automatycznie",1,"Nie, można obsłużyć automatycznie",True,0.94,608.3,3.8136e-05,
Jev 1.13 raw (2 orders avg),E05,eskalacja,exp01,False,True,0,"Tak, eskalować do człowieka",0,"Tak, eskalować do człowieka",True,0.95,569.4,3.9228e-05,
Jev 1.13 raw (2 orders avg),E06,eskalacja,new,False,True,0,"Tak, eskalować do człowieka",0,"Tak, eskalować do człowieka",True,0.94,592.1,3.864e-05,
Jev 1.13 raw (2 orders avg),E07,eskalacja,new,False,True,0,"Tak, eskalować do człowieka",0,"Tak, eskalować do człowieka",True,0.895,600.7,4.0488e-05,
Jev 1.13 raw (2 orders avg),E08,eskalacja,new,False,True,0,"Tak, eskalować do człowieka",0,"Tak, eskalować do człowieka",True,0.87,581.1,3.9228e-05,
Jev 1.13 raw (2 orders avg),E09,eskalacja,new,False,True,0,"Tak, eskalować do człowieka",0,"Tak, eskalować do człowieka",True,0.94,664.3,3.822e-05,
Jev 1.13 raw (2 orders avg),E10,eskalacja,new,True,True,0,"Tak, eskalować do człowieka",0,"Tak, eskalować do człowieka",True,0.88,551.3,4.0068e-05,
Jev 1.13 raw (2 orders avg),E11,eskalacja,new,True,True,0,"Tak, eskalować do człowieka",0,"Tak, eskalować do człowieka",True,0.71,742.2,3.738e-05,
Jev 1.13 raw (2 orders avg),E12,eskalacja,new,False,True,0,"Tak, eskalować do człowieka",0,"Tak, eskalować do człowieka",True,0.96,590.6,3.8808e-05,
Jev 1.13 raw (2 orders avg),E13,eskalacja,new,False,True,0,"Tak, eskalować do człowieka",0,"Tak, eskalować do człowieka",True,0.97,529.2,3.8304e-05,
Jev 1.13 raw (2 orders avg),E14,eskalacja,new,True,True,0,"Tak, eskalować do człowieka",0,"Tak, eskalować do człowieka",True,0.92,536.0,3.9228e-05,
Jev 1.13 raw (2 orders avg),E15,eskalacja,new,False,True,0,"Tak, eskalować do człowieka",0,"Tak, eskalować do człowieka",True,0.905,652.5,3.8136e-05,
Jev 1.13 raw (2 orders avg),E16,eskalacja,new,False,True,0,"Tak, eskalować do człowieka",0,"Tak, eskalować do człowieka",True,0.885,599.6,3.906e-05,
Jev 1.13 raw (2 orders avg),E17,eskalacja,new,False,True,0,"Tak, eskalować do człowieka",0,"Tak, eskalować do człowieka",True,0.94,594.7,3.9396e-05,
Jev 1.13 raw (2 orders avg),E18,eskalacja,new,False,True,0,"Tak, eskalować do człowieka",0,"Tak, eskalować do człowieka",True,0.9,557.7,3.8892e-05,
Jev 1.13 raw (2 orders avg),E19,eskalacja,new,False,True,0,"Tak, eskalować do człowieka",0,"Tak, eskalować do człowieka",True,0.97,580.2,3.9312e-05,
Jev 1.13 raw (2 orders avg),E20,eskalacja,new,True,True,0,"Tak, eskalować do człowieka",0,"Tak, eskalować do człowieka",True,0.79,550.8,4.1664e-05,
Jev 1.13 raw (2 orders avg),E21,eskalacja,new,False,True,0,"Tak, eskalować do człowieka",0,"Tak, eskalować do człowieka",True,0.92,652.6,3.906e-05,
Jev 1.13 raw (2 orders avg),E22,eskalacja,new,True,True,0,"Tak, eskalować do człowieka",0,"Tak, eskalować do człowieka",True,0.68,566.5,3.696e-05,
Jev 1.13 raw (2 orders avg),E23,eskalacja,new,False,True,1,"Nie, można obsłużyć automatycznie",1,"Nie, można obsłużyć automatycznie",True,0.93,676.0,3.8052e-05,
Jev 1.13 raw (2 orders avg),E24,eskalacja,new,False,True,1,"Nie, można obsłużyć automatycznie",1,"Nie, można obsłużyć automatycznie",True,0.9,593.9,3.7548e-05,
Jev 1.13 raw (2 orders avg),E25,eskalacja,new,False,True,1,"Nie, można obsłużyć automatycznie",1,"Nie, można obsłużyć automatycznie",True,0.95,626.1,3.7296e-05,
Jev 1.13 raw (2 orders avg),E26,eskalacja,new,True,True,1,"Nie, można obsłużyć automatycznie",1,"Nie, można obsłużyć automatycznie",True,0.93,636.0,3.906e-05,
Jev 1.13 raw (2 orders avg),E27,eskalacja,new,False,True,1,"Nie, można obsłużyć automatycznie",1,"Nie, można obsłużyć automatycznie",True,0.92,642.0,3.7548e-05,
Jev 1.13 raw (2 orders avg),E28,eskalacja,new,True,True,1,"Nie, można obsłużyć automatycznie",1,"Nie, można obsłużyć automatycznie",True,0.86,563.1,3.9228e-05,
Jev 1.13 raw (2 orders avg),E29,eskalacja,new,False,True,1,"Nie, można obsłużyć automatycznie",1,"Nie, można obsłużyć automatycznie",True,0.92,612.9,3.7464e-05,
Jev 1.13 raw (2 orders avg),E30,eskalacja,new,False,True,1,"Nie, można obsłużyć automatycznie",1,"Nie, można obsłużyć automatycznie",True,0.93,526.5,3.8136e-05,
Jev 1.13 raw (2 orders avg),E31,eskalacja,new,True,True,1,"Nie, można obsłużyć automatycznie",1,"Nie, można obsłużyć automatycznie",True,0.915,633.6,3.78e-05,
Jev 1.13 raw (2 orders avg),E32,eskalacja,new,False,True,1,"Nie, można obsłużyć automatycznie",1,"Nie, można obsłużyć automatycznie",True,0.94,534.2,3.7632e-05,
Jev 1.13 raw (2 orders avg),E33,eskalacja,new,False,True,1,"Nie, można obsłużyć automatycznie",1,"Nie, można obsłużyć automatycznie",True,0.92,600.9,3.738e-05,
Jev 1.13 raw (2 orders avg),E34,eskalacja,new,True,True,1,"Nie, można obsłużyć automatycznie",1,"Nie, można obsłużyć automatycznie",True,0.68,670.3,3.864e-05,
Jev 1.13 raw (2 orders avg),E35,eskalacja,new,False,True,1,"Nie, można obsłużyć automatycznie",1,"Nie, można obsłużyć automatycznie",True,0.92,595.0,3.7128e-05,
Jev 1.13 raw (2 orders avg),E36,eskalacja,new,False,True,1,"Nie, można obsłużyć automatycznie",1,"Nie, można obsłużyć automatycznie",True,0.585,683.6,3.7296e-05,
Jev 1.13 raw (2 orders avg),E37,eskalacja,new,False,True,1,"Nie, można obsłużyć automatycznie",1,"Nie, można obsłużyć automatycznie",True,0.92,761.5,3.6708e-05,
Jev 1.13 raw (2 orders avg),E38,eskalacja,new,False,True,1,"Nie, można obsłużyć automatycznie",1,"Nie, można obsłużyć automatycznie",True,0.95,596.1,3.7464e-05,
Jev 1.13 raw (2 orders avg),E39,eskalacja,new,False,True,1,"Nie, można obsłużyć automatycznie",1,"Nie, można obsłużyć automatycznie",True,0.935,597.2,3.7128e-05,
Jev 1.13 raw (2 orders avg),E40,eskalacja,new,False,True,1,"Nie, można obsłużyć automatycznie",1,"Nie, można obsłużyć automatycznie",True,0.93,563.5,3.6624e-05,
Jev 1.13 raw (2 orders avg),K01,kompletnosc,exp01,False,True,0,"Tak, zgłoszenie jest kompletne",0,"Tak, zgłoszenie jest kompletne",True,0.945,584.4,3.9648e-05,
Jev 1.13 raw (2 orders avg),K02,kompletnosc,exp01,False,True,1,"Nie, zgłoszeniu czegoś brakuje",1,"Nie, zgłoszeniu czegoś brakuje",True,0.92,559.1,4.1244e-05,
Jev 1.13 raw (2 orders avg),K03,kompletnosc,exp01,True,True,1,"Nie, zgłoszeniu czegoś brakuje",1,"Nie, zgłoszeniu czegoś brakuje",True,0.915,613.2,3.8724e-05,
Jev 1.13 raw (2 orders avg),K04,kompletnosc,exp01,False,True,0,"Tak, zgłoszenie jest kompletne",0,"Tak, zgłoszenie jest kompletne",True,0.975,764.5,4.1916e-05,
Jev 1.13 raw (2 orders avg),K05,kompletnosc,exp01,False,True,1,"Nie, zgłoszeniu czegoś brakuje",1,"Nie, zgłoszeniu czegoś brakuje",True,0.9,654.5,3.8724e-05,
Jev 1.13 raw (2 orders avg),K06,kompletnosc,new,False,True,0,"Tak, zgłoszenie jest kompletne",0,"Tak, zgłoszenie jest kompletne",True,0.935,646.8,3.8724e-05,
Jev 1.13 raw (2 orders avg),K07,kompletnosc,new,True,True,1,"Nie, zgłoszeniu czegoś brakuje",1,"Nie, zgłoszeniu czegoś brakuje",True,0.91,558.0,3.8472e-05,
Jev 1.13 raw (2 orders avg),K08,kompletnosc,new,True,True,0,"Tak, zgłoszenie jest kompletne",0,"Tak, zgłoszenie jest kompletne",True,0.945,584.4,3.9312e-05,
Jev 1.13 raw (2 orders avg),K09,kompletnosc,new,False,True,1,"Nie, zgłoszeniu czegoś brakuje",1,"Nie, zgłoszeniu czegoś brakuje",True,0.885,572.3,3.696e-05,
Jev 1.13 raw (2 orders avg),K10,kompletnosc,new,False,True,0,"Tak, zgłoszenie jest kompletne",0,"Tak, zgłoszenie jest kompletne",True,0.98,624.7,4.1328e-05,
Jev 1.13 raw (2 orders avg),K11,kompletnosc,new,True,True,1,"Nie, zgłoszeniu czegoś brakuje",1,"Nie, zgłoszeniu czegoś brakuje",True,0.94,540.4,3.8472e-05,
Jev 1.13 raw (2 orders avg),K12,kompletnosc,new,False,True,0,"Tak, zgłoszenie jest kompletne",0,"Tak, zgłoszenie jest kompletne",True,0.98,777.8,3.7044e-05,
Jev 1.13 raw (2 orders avg),K13,kompletnosc,new,False,True,1,"Nie, zgłoszeniu czegoś brakuje",1,"Nie, zgłoszeniu czegoś brakuje",True,0.945,572.2,3.5448e-05,
Jev 1.13 raw (2 orders avg),K14,kompletnosc,new,False,True,1,"Nie, zgłoszeniu czegoś brakuje",1,"Nie, zgłoszeniu czegoś brakuje",True,0.95,752.6,3.5196e-05,
Jev 1.13 raw (2 orders avg),K15,kompletnosc,new,False,True,0,"Tak, zgłoszenie jest kompletne",0,"Tak, zgłoszenie jest kompletne",True,0.98,580.0,3.7128e-05,
Jev 1.13 raw (2 orders avg),K16,kompletnosc,new,True,True,1,"Nie, zgłoszeniu czegoś brakuje",1,"Nie, zgłoszeniu czegoś brakuje",True,0.865,545.8,3.5868e-05,
Jev 1.13 raw (2 orders avg),K17,kompletnosc,new,False,True,0,"Tak, zgłoszenie jest kompletne",0,"Tak, zgłoszenie jest kompletne",True,0.97,536.4,3.4692e-05,
Jev 1.13 raw (2 orders avg),K18,kompletnosc,new,True,True,1,"Nie, zgłoszeniu czegoś brakuje",1,"Nie, zgłoszeniu czegoś brakuje",True,0.93,573.9,3.4188e-05,
Jev 1.13 raw (2 orders avg),K19,kompletnosc,new,False,True,1,"Nie, zgłoszeniu czegoś brakuje",1,"Nie, zgłoszeniu czegoś brakuje",True,0.93,549.8,3.4692e-05,
Jev 1.13 raw (2 orders avg),K20,kompletnosc,new,True,True,0,"Tak, zgłoszenie jest kompletne",0,"Tak, zgłoszenie jest kompletne",True,0.97,589.4,3.486e-05,
Jev 1.13 raw (2 orders avg),K21,kompletnosc,new,False,True,0,"Tak, zgłoszenie jest kompletne",0,"Tak, zgłoszenie jest kompletne",True,0.945,544.3,4.3008e-05,
Jev 1.13 raw (2 orders avg),K22,kompletnosc,new,True,True,0,"Tak, zgłoszenie jest kompletne",1,"Nie, zgłoszeniu czegoś brakuje",False,0.62,581.2,4.1832e-05,
Jev 1.13 raw (2 orders avg),K23,kompletnosc,new,True,True,1,"Nie, zgłoszeniu czegoś brakuje",1,"Nie, zgłoszeniu czegoś brakuje",True,0.94,592.4,4.1496e-05,
Jev 1.13 raw (2 orders avg),K24,kompletnosc,new,False,True,1,"Nie, zgłoszeniu czegoś brakuje",1,"Nie, zgłoszeniu czegoś brakuje",True,0.915,538.7,3.948e-05,
Jev 1.13 raw (2 orders avg),K25,kompletnosc,new,False,True,0,"Tak, zgłoszenie jest kompletne",0,"Tak, zgłoszenie jest kompletne",True,0.97,549.3,4.3932e-05,
Jev 1.13 raw (2 orders avg),K26,kompletnosc,new,False,True,1,"Nie, zgłoszeniu czegoś brakuje",1,"Nie, zgłoszeniu czegoś brakuje",True,0.96,555.5,4.0236e-05,
Jev 1.13 raw (2 orders avg),K27,kompletnosc,new,False,True,0,"Tak, zgłoszenie jest kompletne",0,"Tak, zgłoszenie jest kompletne",True,0.96,548.3,4.2e-05,
Jev 1.13 raw (2 orders avg),K28,kompletnosc,new,True,True,1,"Nie, zgłoszeniu czegoś brakuje",1,"Nie, zgłoszeniu czegoś brakuje",True,0.92,611.2,4.0656e-05,
Jev 1.13 raw (2 orders avg),K29,kompletnosc,new,True,True,0,"Tak, zgłoszenie jest kompletne",0,"Tak, zgłoszenie jest kompletne",True,0.97,642.8,4.1664e-05,
Jev 1.13 raw (2 orders avg),K30,kompletnosc,new,False,True,1,"Nie, zgłoszeniu czegoś brakuje",1,"Nie, zgłoszeniu czegoś brakuje",True,0.94,581.6,4.0656e-05,
Jev 1.13 raw (2 orders avg),K31,kompletnosc,new,False,True,1,"Nie, zgłoszeniu czegoś brakuje",1,"Nie, zgłoszeniu czegoś brakuje",True,0.95,543.3,4.0068e-05,
Jev 1.13 raw (2 orders avg),K32,kompletnosc,new,False,True,0,"Tak, zgłoszenie jest kompletne",0,"Tak, zgłoszenie jest kompletne",True,0.94,579.3,4.2084e-05,
Jev 1.13 raw (2 orders avg),K33,kompletnosc,new,True,True,0,"Tak, zgłoszenie jest kompletne",0,"Tak, zgłoszenie jest kompletne",True,0.95,577.7,3.9144e-05,
Jev 1.13 raw (2 orders avg),K34,kompletnosc,new,True,True,1,"Nie, zgłoszeniu czegoś brakuje",1,"Nie, zgłoszeniu czegoś brakuje",True,0.915,608.7,3.8052e-05,
Jev 1.13 raw (2 orders avg),K35,kompletnosc,new,False,True,0,"Tak, zgłoszenie jest kompletne",0,"Tak, zgłoszenie jest kompletne",True,0.905,538.2,4.116e-05,
Jev 1.13 raw (2 orders avg),K36,kompletnosc,new,False,True,1,"Nie, zgłoszeniu czegoś brakuje",1,"Nie, zgłoszeniu czegoś brakuje",True,0.94,583.0,3.9984e-05,
Jev 1.13 raw (2 orders avg),K37,kompletnosc,new,True,True,0,"Tak, zgłoszenie jest kompletne",0,"Tak, zgłoszenie jest kompletne",True,0.9,602.1,3.9228e-05,
Jev 1.13 raw (2 orders avg),K38,kompletnosc,new,True,True,1,"Nie, zgłoszeniu czegoś brakuje",1,"Nie, zgłoszeniu czegoś brakuje",True,0.815,586.9,3.9396e-05,
Jev 1.13 raw (2 orders avg),K39,kompletnosc,new,False,False,0,"Tak, zgłoszenie jest kompletne",0,"Tak, zgłoszenie jest kompletne",True,0.86,649.5,3.99e-05,
Jev 1.13 raw (2 orders avg),K40,kompletnosc,new,False,True,1,"Nie, zgłoszeniu czegoś brakuje",1,"Nie, zgłoszeniu czegoś brakuje",True,0.97,533.7,3.7044e-05,
Jev 1.13 raw (2 orders avg),S01,irytacja,new,False,True,0,Spokojny (brak irytacji),0,Spokojny (brak irytacji),True,1.0,585.2,3.4188e-05,
Jev 1.13 raw (2 orders avg),S02,irytacja,new,False,True,0,Spokojny (brak irytacji),0,Spokojny (brak irytacji),True,1.0,559.0,3.36e-05,
Jev 1.13 raw (2 orders avg),S03,irytacja,new,True,True,0,Spokojny (brak irytacji),0,Spokojny (brak irytacji),True,0.885,595.7,3.4608e-05,
Jev 1.13 raw (2 orders avg),S04,irytacja,new,False,True,0,Spokojny (brak irytacji),0,Spokojny (brak irytacji),True,1.0,566.9,3.36e-05,
Jev 1.13 raw (2 orders avg),S05,irytacja,new,True,True,0,Spokojny (brak irytacji),0,Spokojny (brak irytacji),True,0.825,567.1,3.486e-05,
Jev 1.13 raw (2 orders avg),S06,irytacja,new,False,True,0,Spokojny (brak irytacji),0,Spokojny (brak irytacji),True,1.0,670.1,3.2844e-05,
Jev 1.13 raw (2 orders avg),S07,irytacja,new,False,True,0,Spokojny (brak irytacji),0,Spokojny (brak irytacji),True,1.0,570.1,3.2592e-05,
Jev 1.13 raw (2 orders avg),S08,irytacja,new,False,True,1,Lekko zirytowany,1,Lekko zirytowany,True,1.0,576.7,3.4692e-05,
Jev 1.13 raw (2 orders avg),S09,irytacja,new,False,True,1,Lekko zirytowany,1,Lekko zirytowany,True,0.975,637.8,3.36e-05,
Jev 1.13 raw (2 orders avg),S10,irytacja,new,True,True,1,Lekko zirytowany,1,Lekko zirytowany,True,0.955,596.0,3.36e-05,
Jev 1.13 raw (2 orders avg),S11,irytacja,new,False,True,1,Lekko zirytowany,1,Lekko zirytowany,True,0.96,547.0,3.3432e-05,
Jev 1.13 raw (2 orders avg),S12,irytacja,new,False,True,1,Lekko zirytowany,1,Lekko zirytowany,True,1.0,554.1,3.318e-05,
Jev 1.13 raw (2 orders avg),S13,irytacja,new,True,True,1,Lekko zirytowany,1,Lekko zirytowany,True,0.985,596.9,3.5448e-05,
Jev 1.13 raw (2 orders avg),S14,irytacja,new,False,False,1,Lekko zirytowany,2,Bardzo zirytowany,False,0.955,620.5,3.3264e-05,
Jev 1.13 raw (2 orders avg),S15,irytacja,new,False,True,2,Bardzo zirytowany,2,Bardzo zirytowany,True,1.0,585.3,3.402e-05,
Jev 1.13 raw (2 orders avg),S16,irytacja,new,True,True,2,Bardzo zirytowany,2,Bardzo zirytowany,True,1.0,541.6,3.486e-05,
Jev 1.13 raw (2 orders avg),S17,irytacja,new,False,True,2,Bardzo zirytowany,2,Bardzo zirytowany,True,1.0,588.3,3.4524e-05,
Jev 1.13 raw (2 orders avg),S18,irytacja,new,False,True,2,Bardzo zirytowany,2,Bardzo zirytowany,True,1.0,607.2,3.3852e-05,
Jev 1.13 raw (2 orders avg),S19,irytacja,new,True,True,2,Bardzo zirytowany,2,Bardzo zirytowany,True,1.0,539.3,3.6876e-05,
Jev 1.13 raw (2 orders avg),S20,irytacja,new,False,True,2,Bardzo zirytowany,2,Bardzo zirytowany,True,1.0,588.5,3.4104e-05,
Jev 1.13 raw (2 orders avg),P01,phishing,new,False,True,0,"Tak, to próba oszustwa lub phishingu",0,"Tak, to próba oszustwa lub phishingu",True,0.96,572.5,3.8304e-05,
Jev 1.13 raw (2 orders avg),P02,phishing,new,False,True,0,"Tak, to próba oszustwa lub phishingu",0,"Tak, to próba oszustwa lub phishingu",True,0.98,615.3,3.78e-05,
Jev 1.13 raw (2 orders avg),P03,phishing,new,False,True,0,"Tak, to próba oszustwa lub phishingu",0,"Tak, to próba oszustwa lub phishingu",True,0.98,597.7,4.2168e-05,
Jev 1.13 raw (2 orders avg),P04,phishing,new,True,True,0,"Tak, to próba oszustwa lub phishingu",0,"Tak, to próba oszustwa lub phishingu",True,0.93,571.3,4.3764e-05,
Jev 1.13 raw (2 orders avg),P05,phishing,new,False,True,0,"Tak, to próba oszustwa lub phishingu",0,"Tak, to próba oszustwa lub phishingu",True,0.98,562.5,3.864e-05,
Jev 1.13 raw (2 orders avg),P06,phishing,new,False,True,0,"Tak, to próba oszustwa lub phishingu",0,"Tak, to próba oszustwa lub phishingu",True,0.98,683.2,3.8892e-05,
Jev 1.13 raw (2 orders avg),P07,phishing,new,False,True,0,"Tak, to próba oszustwa lub phishingu",0,"Tak, to próba oszustwa lub phishingu",True,0.98,579.5,3.9144e-05,
Jev 1.13 raw (2 orders avg),P08,phishing,new,False,True,0,"Tak, to próba oszustwa lub phishingu",0,"Tak, to próba oszustwa lub phishingu",True,0.97,565.0,3.6288e-05,
Jev 1.13 raw (2 orders avg),P09,phishing,new,True,True,0,"Tak, to próba oszustwa lub phishingu",0,"Tak, to próba oszustwa lub phishingu",True,0.925,684.1,3.906e-05,
Jev 1.13 raw (2 orders avg),P10,phishing,new,False,True,0,"Tak, to próba oszustwa lub phishingu",0,"Tak, to próba oszustwa lub phishingu",True,0.98,627.6,3.906e-05,
Jev 1.13 raw (2 orders avg),P11,phishing,new,True,True,1,"Nie, to zwykła, uczciwa wiadomość",1,"Nie, to zwykła, uczciwa wiadomość",True,0.75,566.4,4.0488e-05,
Jev 1.13 raw (2 orders avg),P12,phishing,new,True,True,1,"Nie, to zwykła, uczciwa wiadomość",1,"Nie, to zwykła, uczciwa wiadomość",True,0.63,580.7,3.8808e-05,
Jev 1.13 raw (2 orders avg),P13,phishing,new,True,True,1,"Nie, to zwykła, uczciwa wiadomość",0,"Tak, to próba oszustwa lub phishingu",False,0.575,606.5,4.158e-05,
Jev 1.13 raw (2 orders avg),P14,phishing,new,False,True,1,"Nie, to zwykła, uczciwa wiadomość",1,"Nie, to zwykła, uczciwa wiadomość",True,0.865,626.3,3.8724e-05,
Jev 1.13 raw (2 orders avg),P15,phishing,new,True,True,1,"Nie, to zwykła, uczciwa wiadomość",1,"Nie, to zwykła, uczciwa wiadomość",True,0.54,609.7,4.1076e-05,
Jev 1.13 raw (2 orders avg),P16,phishing,new,False,True,1,"Nie, to zwykła, uczciwa wiadomość",1,"Nie, to zwykła, uczciwa wiadomość",True,0.96,561.0,3.5784e-05,
Jev 1.13 raw (2 orders avg),P17,phishing,new,False,True,1,"Nie, to zwykła, uczciwa wiadomość",1,"Nie, to zwykła, uczciwa wiadomość",True,0.785,531.2,3.8892e-05,
Jev 1.13 raw (2 orders avg),P18,phishing,new,True,True,1,"Nie, to zwykła, uczciwa wiadomość",1,"Nie, to zwykła, uczciwa wiadomość",True,0.51,810.0,3.696e-05,
Jev 1.13 raw (2 orders avg),P19,phishing,new,True,True,1,"Nie, to zwykła, uczciwa wiadomość",1,"Nie, to zwykła, uczciwa wiadomość",True,0.605,558.2,3.6456e-05,
Jev 1.13 raw (2 orders avg),P20,phishing,new,False,True,1,"Nie, to zwykła, uczciwa wiadomość",1,"Nie, to zwykła, uczciwa wiadomość",True,0.835,669.0,3.8136e-05,
Jev 1.13 raw (order 1 only),R01,reklamacja,exp01,False,True,0,"Tak, to reklamacja",0,"Tak, to reklamacja",True,0.98,378.3,1.911e-05,
Jev 1.13 raw (order 1 only),R02,reklamacja,exp01,False,True,1,"Nie, to nie jest reklamacja",1,"Nie, to nie jest reklamacja",True,0.98,1340.6,1.764e-05,
Jev 1.13 raw (order 1 only),R03,reklamacja,exp01,True,True,0,"Tak, to reklamacja",0,"Tak, to reklamacja",True,0.98,290.4,1.9698e-05,
Jev 1.13 raw (order 1 only),R04,reklamacja,exp01,True,True,0,"Tak, to reklamacja",0,"Tak, to reklamacja",True,0.98,362.0,1.89e-05,
Jev 1.13 raw (order 1 only),R05,reklamacja,exp01,False,True,1,"Nie, to nie jest reklamacja",1,"Nie, to nie jest reklamacja",True,0.98,265.1,1.8858e-05,
Jev 1.13 raw (order 1 only),R06,reklamacja,exp01,False,True,0,"Tak, to reklamacja",0,"Tak, to reklamacja",True,0.98,295.1,1.9026e-05,
Jev 1.13 raw (order 1 only),R07,reklamacja,exp01,True,True,1,"Nie, to nie jest reklamacja",1,"Nie, to nie jest reklamacja",True,0.98,305.0,1.8522e-05,
Jev 1.13 raw (order 1 only),R08,reklamacja,exp01,False,True,0,"Tak, to reklamacja",0,"Tak, to reklamacja",True,0.95,266.2,1.8648e-05,
Jev 1.13 raw (order 1 only),R09,reklamacja,exp01,True,True,1,"Nie, to nie jest reklamacja",1,"Nie, to nie jest reklamacja",True,0.95,299.4,1.8858e-05,
Jev 1.13 raw (order 1 only),R10,reklamacja,exp01,False,True,1,"Nie, to nie jest reklamacja",1,"Nie, to nie jest reklamacja",True,0.98,296.1,1.8942e-05,
Jev 1.13 raw (order 1 only),R11,reklamacja,new,False,True,0,"Tak, to reklamacja",0,"Tak, to reklamacja",True,0.98,281.9,1.7808e-05,
Jev 1.13 raw (order 1 only),R12,reklamacja,new,False,True,1,"Nie, to nie jest reklamacja",1,"Nie, to nie jest reklamacja",True,0.98,271.8,1.7514e-05,
Jev 1.13 raw (order 1 only),R13,reklamacja,new,True,True,0,"Tak, to reklamacja",0,"Tak, to reklamacja",True,0.96,250.8,1.89e-05,
Jev 1.13 raw (order 1 only),R14,reklamacja,new,True,True,1,"Nie, to nie jest reklamacja",1,"Nie, to nie jest reklamacja",True,0.85,275.8,1.743e-05,
Jev 1.13 raw (order 1 only),R15,reklamacja,new,False,True,0,"Tak, to reklamacja",0,"Tak, to reklamacja",True,0.89,269.4,1.7556e-05,
Jev 1.13 raw (order 1 only),R16,reklamacja,new,False,True,1,"Nie, to nie jest reklamacja",1,"Nie, to nie jest reklamacja",True,0.95,293.1,1.7304e-05,
Jev 1.13 raw (order 1 only),R17,reklamacja,new,False,True,0,"Tak, to reklamacja",0,"Tak, to reklamacja",True,0.98,285.3,1.806e-05,
Jev 1.13 raw (order 1 only),R18,reklamacja,new,False,True,1,"Nie, to nie jest reklamacja",1,"Nie, to nie jest reklamacja",True,0.98,268.1,1.7388e-05,
Jev 1.13 raw (order 1 only),R19,reklamacja,new,True,True,0,"Tak, to reklamacja",0,"Tak, to reklamacja",True,0.95,270.8,1.8186e-05,
Jev 1.13 raw (order 1 only),R20,reklamacja,new,False,True,1,"Nie, to nie jest reklamacja",1,"Nie, to nie jest reklamacja",True,0.96,268.9,1.7514e-05,
Jev 1.13 raw (order 1 only),R21,reklamacja,new,False,True,0,"Tak, to reklamacja",0,"Tak, to reklamacja",True,0.97,287.2,1.827e-05,
Jev 1.13 raw (order 1 only),R22,reklamacja,new,True,True,1,"Nie, to nie jest reklamacja",1,"Nie, to nie jest reklamacja",True,0.96,276.5,1.7892e-05,
Jev 1.13 raw (order 1 only),R23,reklamacja,new,False,True,0,"Tak, to reklamacja",0,"Tak, to reklamacja",True,0.98,312.1,1.7934e-05,
Jev 1.13 raw (order 1 only),R24,reklamacja,new,False,True,1,"Nie, to nie jest reklamacja",1,"Nie, to nie jest reklamacja",True,0.98,433.4,1.6884e-05,
Jev 1.13 raw (order 1 only),R25,reklamacja,new,False,True,0,"Tak, to reklamacja",0,"Tak, to reklamacja",True,0.89,440.7,1.8564e-05,
Jev 1.13 raw (order 1 only),R26,reklamacja,new,True,True,1,"Nie, to nie jest reklamacja",1,"Nie, to nie jest reklamacja",True,0.91,319.1,1.8606e-05,
Jev 1.13 raw (order 1 only),R27,reklamacja,new,False,True,0,"Tak, to reklamacja",0,"Tak, to reklamacja",True,0.96,306.9,1.8102e-05,
Jev 1.13 raw (order 1 only),R28,reklamacja,new,False,True,1,"Nie, to nie jest reklamacja",1,"Nie, to nie jest reklamacja",True,0.98,258.4,1.722e-05,
Jev 1.13 raw (order 1 only),R29,reklamacja,new,False,True,0,"Tak, to reklamacja",0,"Tak, to reklamacja",True,0.98,304.9,1.6926e-05,
Jev 1.13 raw (order 1 only),R30,reklamacja,new,False,True,1,"Nie, to nie jest reklamacja",1,"Nie, to nie jest reklamacja",True,0.98,296.3,1.7766e-05,
Jev 1.13 raw (order 1 only),R31,reklamacja,new,True,True,0,"Tak, to reklamacja",0,"Tak, to reklamacja",True,0.93,337.4,1.7892e-05,
Jev 1.13 raw (order 1 only),R32,reklamacja,new,False,True,1,"Nie, to nie jest reklamacja",1,"Nie, to nie jest reklamacja",True,0.97,280.0,1.7514e-05,
Jev 1.13 raw (order 1 only),R33,reklamacja,new,False,True,0,"Tak, to reklamacja",0,"Tak, to reklamacja",True,0.98,293.2,1.7892e-05,
Jev 1.13 raw (order 1 only),R34,reklamacja,new,True,True,1,"Nie, to nie jest reklamacja",1,"Nie, to nie jest reklamacja",True,0.98,403.0,1.7724e-05,
Jev 1.13 raw (order 1 only),R35,reklamacja,new,False,True,0,"Tak, to reklamacja",0,"Tak, to reklamacja",True,0.92,307.3,1.8942e-05,
Jev 1.13 raw (order 1 only),R36,reklamacja,new,False,True,1,"Nie, to nie jest reklamacja",1,"Nie, to nie jest reklamacja",True,0.98,259.2,1.7346e-05,
Jev 1.13 raw (order 1 only),R37,reklamacja,new,False,True,0,"Tak, to reklamacja",0,"Tak, to reklamacja",True,0.97,334.2,1.8144e-05,
Jev 1.13 raw (order 1 only),R38,reklamacja,new,False,True,1,"Nie, to nie jest reklamacja",1,"Nie, to nie jest reklamacja",True,0.98,274.9,1.6674e-05,
Jev 1.13 raw (order 1 only),R39,reklamacja,new,True,True,0,"Tak, to reklamacja",0,"Tak, to reklamacja",True,0.9,274.8,1.8396e-05,
Jev 1.13 raw (order 1 only),R40,reklamacja,new,True,True,1,"Nie, to nie jest reklamacja",1,"Nie, to nie jest reklamacja",True,0.86,326.2,1.7724e-05,
Jev 1.13 raw (order 1 only),D01,routing,exp01,False,True,2,Dostawa i logistyka,2,Dostawa i logistyka,True,1,291.8,2.0454e-05,
Jev 1.13 raw (order 1 only),D02,routing,exp01,False,True,1,Faktury i płatności,1,Faktury i płatności,True,1,298.0,2.0874e-05,
Jev 1.13 raw (order 1 only),D03,routing,exp01,False,True,3,Wsparcie techniczne,3,Wsparcie techniczne,True,1,363.2,2.079e-05,
Jev 1.13 raw (order 1 only),D04,routing,exp01,True,True,4,"Sprzedaż (oferty, ceny, nowe zamówienia)",4,"Sprzedaż (oferty, ceny, nowe zamówienia)",True,1,286.3,2.121e-05,
Jev 1.13 raw (order 1 only),D05,routing,exp01,False,True,0,"Reklamacje (wady, uszkodzenia, niezgodność towaru z zamówieniem)",0,"Reklamacje (wady, uszkodzenia, niezgodność towaru z zamówieniem)",True,1,268.0,2.037e-05,
Jev 1.13 raw (order 1 only),D06,routing,exp01,False,True,1,Faktury i płatności,1,Faktury i płatności,True,1,287.9,2.0496e-05,
Jev 1.13 raw (order 1 only),D07,routing,exp01,False,True,4,"Sprzedaż (oferty, ceny, nowe zamówienia)",4,"Sprzedaż (oferty, ceny, nowe zamówienia)",True,0.91,872.0,2.016e-05,
Jev 1.13 raw (order 1 only),D08,routing,exp01,True,True,2,Dostawa i logistyka,2,Dostawa i logistyka,True,1,259.7,2.0538e-05,
Jev 1.13 raw (order 1 only),D09,routing,exp01,False,True,3,Wsparcie techniczne,3,Wsparcie techniczne,True,1,287.9,2.0286e-05,
Jev 1.13 raw (order 1 only),D10,routing,exp01,False,True,0,"Reklamacje (wady, uszkodzenia, niezgodność towaru z zamówieniem)",0,"Reklamacje (wady, uszkodzenia, niezgodność towaru z zamówieniem)",True,1,269.1,2.0706e-05,
Jev 1.13 raw (order 1 only),D11,routing,new,False,True,0,"Reklamacje (wady, uszkodzenia, niezgodność towaru z zamówieniem)",0,"Reklamacje (wady, uszkodzenia, niezgodność towaru z zamówieniem)",True,1,274.1,1.974e-05,
Jev 1.13 raw (order 1 only),D12,routing,new,True,True,0,"Reklamacje (wady, uszkodzenia, niezgodność towaru z zamówieniem)",0,"Reklamacje (wady, uszkodzenia, niezgodność towaru z zamówieniem)",True,0.98,328.0,2.016e-05,
Jev 1.13 raw (order 1 only),D13,routing,new,False,True,0,"Reklamacje (wady, uszkodzenia, niezgodność towaru z zamówieniem)",0,"Reklamacje (wady, uszkodzenia, niezgodność towaru z zamówieniem)",True,1,268.8,2.0118e-05,
Jev 1.13 raw (order 1 only),D14,routing,new,True,True,0,"Reklamacje (wady, uszkodzenia, niezgodność towaru z zamówieniem)",0,"Reklamacje (wady, uszkodzenia, niezgodność towaru z zamówieniem)",True,0.93,303.2,1.9404e-05,
Jev 1.13 raw (order 1 only),D15,routing,new,False,True,0,"Reklamacje (wady, uszkodzenia, niezgodność towaru z zamówieniem)",0,"Reklamacje (wady, uszkodzenia, niezgodność towaru z zamówieniem)",True,1,289.4,1.9782e-05,
Jev 1.13 raw (order 1 only),D16,routing,new,True,True,0,"Reklamacje (wady, uszkodzenia, niezgodność towaru z zamówieniem)",0,"Reklamacje (wady, uszkodzenia, niezgodność towaru z zamówieniem)",True,0.99,323.2,2.058e-05,
Jev 1.13 raw (order 1 only),D17,routing,new,False,True,1,Faktury i płatności,1,Faktury i płatności,True,1,342.6,1.9404e-05,
Jev 1.13 raw (order 1 only),D18,routing,new,False,True,1,Faktury i płatności,1,Faktury i płatności,True,1,283.6,1.9404e-05,
Jev 1.13 raw (order 1 only),D19,routing,new,True,True,1,Faktury i płatności,1,Faktury i płatności,True,0.9,295.2,1.9866e-05,
Jev 1.13 raw (order 1 only),D20,routing,new,False,True,1,Faktury i płatności,1,Faktury i płatności,True,1,269.8,1.9572e-05,
Jev 1.13 raw (order 1 only),D21,routing,new,False,True,1,Faktury i płatności,1,Faktury i płatności,True,1,288.2,2.0118e-05,
Jev 1.13 raw (order 1 only),D22,routing,new,True,True,1,Faktury i płatności,3,Wsparcie techniczne,False,0.5,270.3,1.9824e-05,
Jev 1.13 raw (order 1 only),D23,routing,new,False,True,2,Dostawa i logistyka,2,Dostawa i logistyka,True,1,287.6,1.9488e-05,
Jev 1.13 raw (order 1 only),D24,routing,new,False,True,2,Dostawa i logistyka,2,Dostawa i logistyka,True,1,285.4,1.953e-05,
Jev 1.13 raw (order 1 only),D25,routing,new,True,True,2,Dostawa i logistyka,2,Dostawa i logistyka,True,1,266.5,1.9572e-05,
Jev 1.13 raw (order 1 only),D26,routing,new,False,True,2,Dostawa i logistyka,2,Dostawa i logistyka,True,1,285.1,1.8858e-05,
Jev 1.13 raw (order 1 only),D27,routing,new,False,True,2,Dostawa i logistyka,2,Dostawa i logistyka,True,1,367.4,1.9236e-05,
Jev 1.13 raw (order 1 only),D28,routing,new,True,True,2,Dostawa i logistyka,2,Dostawa i logistyka,True,1,260.8,1.9446e-05,
Jev 1.13 raw (order 1 only),D29,routing,new,False,True,3,Wsparcie techniczne,3,Wsparcie techniczne,True,1,286.2,1.9278e-05,
Jev 1.13 raw (order 1 only),D30,routing,new,False,True,3,Wsparcie techniczne,3,Wsparcie techniczne,True,1,332.2,1.9908e-05,
Jev 1.13 raw (order 1 only),D31,routing,new,False,True,3,Wsparcie techniczne,3,Wsparcie techniczne,True,1,355.3,1.9446e-05,
Jev 1.13 raw (order 1 only),D32,routing,new,False,True,3,Wsparcie techniczne,3,Wsparcie techniczne,True,1,834.4,1.9656e-05,
Jev 1.13 raw (order 1 only),D33,routing,new,False,True,3,Wsparcie techniczne,3,Wsparcie techniczne,True,1,264.5,1.9782e-05,
Jev 1.13 raw (order 1 only),D34,routing,new,False,True,3,Wsparcie techniczne,3,Wsparcie techniczne,True,1,283.6,2.0412e-05,
Jev 1.13 raw (order 1 only),D35,routing,new,False,True,4,"Sprzedaż (oferty, ceny, nowe zamówienia)",4,"Sprzedaż (oferty, ceny, nowe zamówienia)",True,1,272.0,1.9026e-05,
Jev 1.13 raw (order 1 only),D36,routing,new,False,True,4,"Sprzedaż (oferty, ceny, nowe zamówienia)",4,"Sprzedaż (oferty, ceny, nowe zamówienia)",True,1,274.8,1.9824e-05,
Jev 1.13 raw (order 1 only),D37,routing,new,True,True,4,"Sprzedaż (oferty, ceny, nowe zamówienia)",4,"Sprzedaż (oferty, ceny, nowe zamówienia)",True,1,292.6,2.016e-05,
Jev 1.13 raw (order 1 only),D38,routing,new,False,True,4,"Sprzedaż (oferty, ceny, nowe zamówienia)",4,"Sprzedaż (oferty, ceny, nowe zamówienia)",True,0.99,279.9,1.932e-05,
Jev 1.13 raw (order 1 only),D39,routing,new,True,True,4,"Sprzedaż (oferty, ceny, nowe zamówienia)",4,"Sprzedaż (oferty, ceny, nowe zamówienia)",True,0.97,351.9,2.0076e-05,
Jev 1.13 raw (order 1 only),D40,routing,new,False,True,4,"Sprzedaż (oferty, ceny, nowe zamówienia)",4,"Sprzedaż (oferty, ceny, nowe zamówienia)",True,1,503.6,1.9782e-05,
Jev 1.13 raw (order 1 only),E01,eskalacja,exp01,False,True,0,"Tak, eskalować do człowieka",0,"Tak, eskalować do człowieka",True,0.96,283.8,1.9824e-05,
Jev 1.13 raw (order 1 only),E02,eskalacja,exp01,False,True,1,"Nie, można obsłużyć automatycznie",1,"Nie, można obsłużyć automatycznie",True,0.96,313.3,1.8774e-05,
Jev 1.13 raw (order 1 only),E03,eskalacja,exp01,False,True,0,"Tak, eskalować do człowieka",0,"Tak, eskalować do człowieka",True,0.94,272.8,1.995e-05,
Jev 1.13 raw (order 1 only),E04,eskalacja,exp01,True,True,1,"Nie, można obsłużyć automatycznie",1,"Nie, można obsłużyć automatycznie",True,0.94,306.9,1.9068e-05,
Jev 1.13 raw (order 1 only),E05,eskalacja,exp01,False,True,0,"Tak, eskalować do człowieka",0,"Tak, eskalować do człowieka",True,0.95,263.5,1.9614e-05,
Jev 1.13 raw (order 1 only),E06,eskalacja,new,False,True,0,"Tak, eskalować do człowieka",0,"Tak, eskalować do człowieka",True,0.94,309.4,1.932e-05,
Jev 1.13 raw (order 1 only),E07,eskalacja,new,False,True,0,"Tak, eskalować do człowieka",0,"Tak, eskalować do człowieka",True,0.89,313.5,2.0244e-05,
Jev 1.13 raw (order 1 only),E08,eskalacja,new,False,True,0,"Tak, eskalować do człowieka",0,"Tak, eskalować do człowieka",True,0.87,288.8,1.9614e-05,
Jev 1.13 raw (order 1 only),E09,eskalacja,new,False,True,0,"Tak, eskalować do człowieka",0,"Tak, eskalować do człowieka",True,0.94,401.9,1.911e-05,
Jev 1.13 raw (order 1 only),E10,eskalacja,new,True,True,0,"Tak, eskalować do człowieka",0,"Tak, eskalować do człowieka",True,0.88,278.2,2.0034e-05,
Jev 1.13 raw (order 1 only),E11,eskalacja,new,True,True,0,"Tak, eskalować do człowieka",0,"Tak, eskalować do człowieka",True,0.71,462.5,1.869e-05,
Jev 1.13 raw (order 1 only),E12,eskalacja,new,False,True,0,"Tak, eskalować do człowieka",0,"Tak, eskalować do człowieka",True,0.96,326.1,1.9404e-05,
Jev 1.13 raw (order 1 only),E13,eskalacja,new,False,True,0,"Tak, eskalować do człowieka",0,"Tak, eskalować do człowieka",True,0.97,259.4,1.9152e-05,
Jev 1.13 raw (order 1 only),E14,eskalacja,new,True,True,0,"Tak, eskalować do człowieka",0,"Tak, eskalować do człowieka",True,0.92,261.9,1.9614e-05,
Jev 1.13 raw (order 1 only),E15,eskalacja,new,False,True,0,"Tak, eskalować do człowieka",0,"Tak, eskalować do człowieka",True,0.91,378.9,1.9068e-05,
Jev 1.13 raw (order 1 only),E16,eskalacja,new,False,True,0,"Tak, eskalować do człowieka",0,"Tak, eskalować do człowieka",True,0.88,268.5,1.953e-05,
Jev 1.13 raw (order 1 only),E17,eskalacja,new,False,True,0,"Tak, eskalować do człowieka",0,"Tak, eskalować do człowieka",True,0.94,285.1,1.9698e-05,
Jev 1.13 raw (order 1 only),E18,eskalacja,new,False,True,0,"Tak, eskalować do człowieka",0,"Tak, eskalować do człowieka",True,0.9,285.2,1.9446e-05,
Jev 1.13 raw (order 1 only),E19,eskalacja,new,False,True,0,"Tak, eskalować do człowieka",0,"Tak, eskalować do człowieka",True,0.97,284.5,1.9656e-05,
Jev 1.13 raw (order 1 only),E20,eskalacja,new,True,True,0,"Tak, eskalować do człowieka",0,"Tak, eskalować do człowieka",True,0.8,291.4,2.0832e-05,
Jev 1.13 raw (order 1 only),E21,eskalacja,new,False,True,0,"Tak, eskalować do człowieka",0,"Tak, eskalować do człowieka",True,0.92,375.4,1.953e-05,
Jev 1.13 raw (order 1 only),E22,eskalacja,new,True,True,0,"Tak, eskalować do człowieka",0,"Tak, eskalować do człowieka",True,0.66,292.4,1.848e-05,
Jev 1.13 raw (order 1 only),E23,eskalacja,new,False,True,1,"Nie, można obsłużyć automatycznie",1,"Nie, można obsłużyć automatycznie",True,0.93,338.7,1.9026e-05,
Jev 1.13 raw (order 1 only),E24,eskalacja,new,False,True,1,"Nie, można obsłużyć automatycznie",1,"Nie, można obsłużyć automatycznie",True,0.9,305.1,1.8774e-05,
Jev 1.13 raw (order 1 only),E25,eskalacja,new,False,True,1,"Nie, można obsłużyć automatycznie",1,"Nie, można obsłużyć automatycznie",True,0.95,349.1,1.8648e-05,
Jev 1.13 raw (order 1 only),E26,eskalacja,new,True,True,1,"Nie, można obsłużyć automatycznie",1,"Nie, można obsłużyć automatycznie",True,0.93,345.3,1.953e-05,
Jev 1.13 raw (order 1 only),E27,eskalacja,new,False,True,1,"Nie, można obsłużyć automatycznie",1,"Nie, można obsłużyć automatycznie",True,0.92,361.7,1.8774e-05,
Jev 1.13 raw (order 1 only),E28,eskalacja,new,True,True,1,"Nie, można obsłużyć automatycznie",1,"Nie, można obsłużyć automatycznie",True,0.86,275.9,1.9614e-05,
Jev 1.13 raw (order 1 only),E29,eskalacja,new,False,True,1,"Nie, można obsłużyć automatycznie",1,"Nie, można obsłużyć automatycznie",True,0.92,350.8,1.8732e-05,
Jev 1.13 raw (order 1 only),E30,eskalacja,new,False,True,1,"Nie, można obsłużyć automatycznie",1,"Nie, można obsłużyć automatycznie",True,0.93,261.1,1.9068e-05,
Jev 1.13 raw (order 1 only),E31,eskalacja,new,True,True,1,"Nie, można obsłużyć automatycznie",1,"Nie, można obsłużyć automatycznie",True,0.91,312.5,1.89e-05,
Jev 1.13 raw (order 1 only),E32,eskalacja,new,False,True,1,"Nie, można obsłużyć automatycznie",1,"Nie, można obsłużyć automatycznie",True,0.94,256.0,1.8816e-05,
Jev 1.13 raw (order 1 only),E33,eskalacja,new,False,True,1,"Nie, można obsłużyć automatycznie",1,"Nie, można obsłużyć automatycznie",True,0.92,278.7,1.869e-05,
Jev 1.13 raw (order 1 only),E34,eskalacja,new,True,True,1,"Nie, można obsłużyć automatycznie",1,"Nie, można obsłużyć automatycznie",True,0.67,370.5,1.932e-05,
Jev 1.13 raw (order 1 only),E35,eskalacja,new,False,True,1,"Nie, można obsłużyć automatycznie",1,"Nie, można obsłużyć automatycznie",True,0.92,319.4,1.8564e-05,
Jev 1.13 raw (order 1 only),E36,eskalacja,new,False,True,1,"Nie, można obsłużyć automatycznie",1,"Nie, można obsłużyć automatycznie",True,0.59,346.3,1.8648e-05,
Jev 1.13 raw (order 1 only),E37,eskalacja,new,False,True,1,"Nie, można obsłużyć automatycznie",1,"Nie, można obsłużyć automatycznie",True,0.92,456.2,1.8354e-05,
Jev 1.13 raw (order 1 only),E38,eskalacja,new,False,True,1,"Nie, można obsłużyć automatycznie",1,"Nie, można obsłużyć automatycznie",True,0.95,281.3,1.8732e-05,
Jev 1.13 raw (order 1 only),E39,eskalacja,new,False,True,1,"Nie, można obsłużyć automatycznie",1,"Nie, można obsłużyć automatycznie",True,0.93,273.5,1.8564e-05,
Jev 1.13 raw (order 1 only),E40,eskalacja,new,False,True,1,"Nie, można obsłużyć automatycznie",1,"Nie, można obsłużyć automatycznie",True,0.93,288.1,1.8312e-05,
Jev 1.13 raw (order 1 only),K01,kompletnosc,exp01,False,True,0,"Tak, zgłoszenie jest kompletne",0,"Tak, zgłoszenie jest kompletne",True,0.95,282.8,1.9824e-05,
Jev 1.13 raw (order 1 only),K02,kompletnosc,exp01,False,True,1,"Nie, zgłoszeniu czegoś brakuje",1,"Nie, zgłoszeniu czegoś brakuje",True,0.92,282.5,2.0622e-05,
Jev 1.13 raw (order 1 only),K03,kompletnosc,exp01,True,True,1,"Nie, zgłoszeniu czegoś brakuje",1,"Nie, zgłoszeniu czegoś brakuje",True,0.92,277.0,1.9362e-05,
Jev 1.13 raw (order 1 only),K04,kompletnosc,exp01,False,True,0,"Tak, zgłoszenie jest kompletne",0,"Tak, zgłoszenie jest kompletne",True,0.98,460.3,2.0958e-05,
Jev 1.13 raw (order 1 only),K05,kompletnosc,exp01,False,True,1,"Nie, zgłoszeniu czegoś brakuje",1,"Nie, zgłoszeniu czegoś brakuje",True,0.9,343.3,1.9362e-05,
Jev 1.13 raw (order 1 only),K06,kompletnosc,new,False,True,0,"Tak, zgłoszenie jest kompletne",0,"Tak, zgłoszenie jest kompletne",True,0.93,351.5,1.9362e-05,
Jev 1.13 raw (order 1 only),K07,kompletnosc,new,True,True,1,"Nie, zgłoszeniu czegoś brakuje",1,"Nie, zgłoszeniu czegoś brakuje",True,0.91,281.9,1.9236e-05,
Jev 1.13 raw (order 1 only),K08,kompletnosc,new,True,True,0,"Tak, zgłoszenie jest kompletne",0,"Tak, zgłoszenie jest kompletne",True,0.95,310.4,1.9656e-05,
Jev 1.13 raw (order 1 only),K09,kompletnosc,new,False,True,1,"Nie, zgłoszeniu czegoś brakuje",1,"Nie, zgłoszeniu czegoś brakuje",True,0.88,266.2,1.848e-05,
Jev 1.13 raw (order 1 only),K10,kompletnosc,new,False,True,0,"Tak, zgłoszenie jest kompletne",0,"Tak, zgłoszenie jest kompletne",True,0.98,273.0,2.0664e-05,
Jev 1.13 raw (order 1 only),K11,kompletnosc,new,True,True,1,"Nie, zgłoszeniu czegoś brakuje",1,"Nie, zgłoszeniu czegoś brakuje",True,0.94,278.6,1.9236e-05,
Jev 1.13 raw (order 1 only),K12,kompletnosc,new,False,True,0,"Tak, zgłoszenie jest kompletne",0,"Tak, zgłoszenie jest kompletne",True,0.98,394.8,1.8522e-05,
Jev 1.13 raw (order 1 only),K13,kompletnosc,new,False,True,1,"Nie, zgłoszeniu czegoś brakuje",1,"Nie, zgłoszeniu czegoś brakuje",True,0.94,302.0,1.7724e-05,
Jev 1.13 raw (order 1 only),K14,kompletnosc,new,False,True,1,"Nie, zgłoszeniu czegoś brakuje",1,"Nie, zgłoszeniu czegoś brakuje",True,0.95,295.7,1.7598e-05,
Jev 1.13 raw (order 1 only),K15,kompletnosc,new,False,True,0,"Tak, zgłoszenie jest kompletne",0,"Tak, zgłoszenie jest kompletne",True,0.98,288.7,1.8564e-05,
Jev 1.13 raw (order 1 only),K16,kompletnosc,new,True,True,1,"Nie, zgłoszeniu czegoś brakuje",1,"Nie, zgłoszeniu czegoś brakuje",True,0.87,242.2,1.7934e-05,
Jev 1.13 raw (order 1 only),K17,kompletnosc,new,False,True,0,"Tak, zgłoszenie jest kompletne",0,"Tak, zgłoszenie jest kompletne",True,0.97,257.6,1.7346e-05,
Jev 1.13 raw (order 1 only),K18,kompletnosc,new,True,True,1,"Nie, zgłoszeniu czegoś brakuje",1,"Nie, zgłoszeniu czegoś brakuje",True,0.93,301.6,1.7094e-05,
Jev 1.13 raw (order 1 only),K19,kompletnosc,new,False,True,1,"Nie, zgłoszeniu czegoś brakuje",1,"Nie, zgłoszeniu czegoś brakuje",True,0.93,255.8,1.7346e-05,
Jev 1.13 raw (order 1 only),K20,kompletnosc,new,True,True,0,"Tak, zgłoszenie jest kompletne",0,"Tak, zgłoszenie jest kompletne",True,0.97,274.2,1.743e-05,
Jev 1.13 raw (order 1 only),K21,kompletnosc,new,False,True,0,"Tak, zgłoszenie jest kompletne",0,"Tak, zgłoszenie jest kompletne",True,0.94,286.2,2.1504e-05,
Jev 1.13 raw (order 1 only),K22,kompletnosc,new,True,True,0,"Tak, zgłoszenie jest kompletne",1,"Nie, zgłoszeniu czegoś brakuje",False,0.63,284.2,2.0916e-05,
Jev 1.13 raw (order 1 only),K23,kompletnosc,new,True,True,1,"Nie, zgłoszeniu czegoś brakuje",1,"Nie, zgłoszeniu czegoś brakuje",True,0.94,280.3,2.0748e-05,
Jev 1.13 raw (order 1 only),K24,kompletnosc,new,False,True,1,"Nie, zgłoszeniu czegoś brakuje",1,"Nie, zgłoszeniu czegoś brakuje",True,0.9,280.3,1.974e-05,
Jev 1.13 raw (order 1 only),K25,kompletnosc,new,False,True,0,"Tak, zgłoszenie jest kompletne",0,"Tak, zgłoszenie jest kompletne",True,0.97,275.6,2.1966e-05,
Jev 1.13 raw (order 1 only),K26,kompletnosc,new,False,True,1,"Nie, zgłoszeniu czegoś brakuje",1,"Nie, zgłoszeniu czegoś brakuje",True,0.96,279.9,2.0118e-05,
Jev 1.13 raw (order 1 only),K27,kompletnosc,new,False,True,0,"Tak, zgłoszenie jest kompletne",0,"Tak, zgłoszenie jest kompletne",True,0.96,272.1,2.1e-05,
Jev 1.13 raw (order 1 only),K28,kompletnosc,new,True,True,1,"Nie, zgłoszeniu czegoś brakuje",1,"Nie, zgłoszeniu czegoś brakuje",True,0.92,301.1,2.0328e-05,
Jev 1.13 raw (order 1 only),K29,kompletnosc,new,True,True,0,"Tak, zgłoszenie jest kompletne",0,"Tak, zgłoszenie jest kompletne",True,0.97,355.0,2.0832e-05,
Jev 1.13 raw (order 1 only),K30,kompletnosc,new,False,True,1,"Nie, zgłoszeniu czegoś brakuje",1,"Nie, zgłoszeniu czegoś brakuje",True,0.94,288.0,2.0328e-05,
Jev 1.13 raw (order 1 only),K31,kompletnosc,new,False,True,1,"Nie, zgłoszeniu czegoś brakuje",1,"Nie, zgłoszeniu czegoś brakuje",True,0.95,260.1,2.0034e-05,
Jev 1.13 raw (order 1 only),K32,kompletnosc,new,False,True,0,"Tak, zgłoszenie jest kompletne",0,"Tak, zgłoszenie jest kompletne",True,0.94,275.2,2.1042e-05,
Jev 1.13 raw (order 1 only),K33,kompletnosc,new,True,True,0,"Tak, zgłoszenie jest kompletne",0,"Tak, zgłoszenie jest kompletne",True,0.95,280.4,1.9572e-05,
Jev 1.13 raw (order 1 only),K34,kompletnosc,new,True,True,1,"Nie, zgłoszeniu czegoś brakuje",1,"Nie, zgłoszeniu czegoś brakuje",True,0.91,325.5,1.9026e-05,
Jev 1.13 raw (order 1 only),K35,kompletnosc,new,False,True,0,"Tak, zgłoszenie jest kompletne",0,"Tak, zgłoszenie jest kompletne",True,0.91,273.5,2.058e-05,
Jev 1.13 raw (order 1 only),K36,kompletnosc,new,False,True,1,"Nie, zgłoszeniu czegoś brakuje",1,"Nie, zgłoszeniu czegoś brakuje",True,0.94,311.3,1.9992e-05,
Jev 1.13 raw (order 1 only),K37,kompletnosc,new,True,True,0,"Tak, zgłoszenie jest kompletne",0,"Tak, zgłoszenie jest kompletne",True,0.9,287.3,1.9614e-05,
Jev 1.13 raw (order 1 only),K38,kompletnosc,new,True,True,1,"Nie, zgłoszeniu czegoś brakuje",1,"Nie, zgłoszeniu czegoś brakuje",True,0.82,294.0,1.9698e-05,
Jev 1.13 raw (order 1 only),K39,kompletnosc,new,False,False,0,"Tak, zgłoszenie jest kompletne",0,"Tak, zgłoszenie jest kompletne",True,0.86,294.6,1.995e-05,
Jev 1.13 raw (order 1 only),K40,kompletnosc,new,False,True,1,"Nie, zgłoszeniu czegoś brakuje",1,"Nie, zgłoszeniu czegoś brakuje",True,0.97,258.7,1.8522e-05,
Jev 1.13 raw (order 1 only),S01,irytacja,new,False,True,0,Spokojny (brak irytacji),0,Spokojny (brak irytacji),True,1,291.5,1.7094e-05,
Jev 1.13 raw (order 1 only),S02,irytacja,new,False,True,0,Spokojny (brak irytacji),0,Spokojny (brak irytacji),True,1,285.5,1.68e-05,
Jev 1.13 raw (order 1 only),S03,irytacja,new,True,True,0,Spokojny (brak irytacji),0,Spokojny (brak irytacji),True,0.85,319.8,1.7304e-05,
Jev 1.13 raw (order 1 only),S04,irytacja,new,False,True,0,Spokojny (brak irytacji),0,Spokojny (brak irytacji),True,1,277.6,1.68e-05,
Jev 1.13 raw (order 1 only),S05,irytacja,new,True,True,0,Spokojny (brak irytacji),0,Spokojny (brak irytacji),True,0.72,294.3,1.743e-05,
Jev 1.13 raw (order 1 only),S06,irytacja,new,False,True,0,Spokojny (brak irytacji),0,Spokojny (brak irytacji),True,1,356.5,1.6422e-05,
Jev 1.13 raw (order 1 only),S07,irytacja,new,False,True,0,Spokojny (brak irytacji),0,Spokojny (brak irytacji),True,1,265.5,1.6296e-05,
Jev 1.13 raw (order 1 only),S08,irytacja,new,False,True,1,Lekko zirytowany,1,Lekko zirytowany,True,0.99,291.8,1.7346e-05,
Jev 1.13 raw (order 1 only),S09,irytacja,new,False,True,1,Lekko zirytowany,1,Lekko zirytowany,True,0.97,308.9,1.68e-05,
Jev 1.13 raw (order 1 only),S10,irytacja,new,True,True,1,Lekko zirytowany,1,Lekko zirytowany,True,0.93,276.4,1.68e-05,
Jev 1.13 raw (order 1 only),S11,irytacja,new,False,True,1,Lekko zirytowany,1,Lekko zirytowany,True,0.94,275.7,1.6716e-05,
Jev 1.13 raw (order 1 only),S12,irytacja,new,False,True,1,Lekko zirytowany,1,Lekko zirytowany,True,1,274.2,1.659e-05,
Jev 1.13 raw (order 1 only),S13,irytacja,new,True,True,1,Lekko zirytowany,1,Lekko zirytowany,True,0.98,326.0,1.7724e-05,
Jev 1.13 raw (order 1 only),S14,irytacja,new,False,False,1,Lekko zirytowany,2,Bardzo zirytowany,False,0.91,279.0,1.6632e-05,
Jev 1.13 raw (order 1 only),S15,irytacja,new,False,True,2,Bardzo zirytowany,2,Bardzo zirytowany,True,1,296.1,1.701e-05,
Jev 1.13 raw (order 1 only),S16,irytacja,new,True,True,2,Bardzo zirytowany,2,Bardzo zirytowany,True,1,283.3,1.743e-05,
Jev 1.13 raw (order 1 only),S17,irytacja,new,False,True,2,Bardzo zirytowany,2,Bardzo zirytowany,True,1,261.9,1.7262e-05,
Jev 1.13 raw (order 1 only),S18,irytacja,new,False,True,2,Bardzo zirytowany,2,Bardzo zirytowany,True,1,336.4,1.6926e-05,
Jev 1.13 raw (order 1 only),S19,irytacja,new,True,True,2,Bardzo zirytowany,2,Bardzo zirytowany,True,1,261.1,1.8438e-05,
Jev 1.13 raw (order 1 only),S20,irytacja,new,False,True,2,Bardzo zirytowany,2,Bardzo zirytowany,True,1,303.6,1.7052e-05,
Jev 1.13 raw (order 1 only),P01,phishing,new,False,True,0,"Tak, to próba oszustwa lub phishingu",0,"Tak, to próba oszustwa lub phishingu",True,0.96,277.8,1.9152e-05,
Jev 1.13 raw (order 1 only),P02,phishing,new,False,True,0,"Tak, to próba oszustwa lub phishingu",0,"Tak, to próba oszustwa lub phishingu",True,0.98,268.2,1.89e-05,
Jev 1.13 raw (order 1 only),P03,phishing,new,False,True,0,"Tak, to próba oszustwa lub phishingu",0,"Tak, to próba oszustwa lub phishingu",True,0.98,282.4,2.1084e-05,
Jev 1.13 raw (order 1 only),P04,phishing,new,True,True,0,"Tak, to próba oszustwa lub phishingu",0,"Tak, to próba oszustwa lub phishingu",True,0.93,288.5,2.1882e-05,
Jev 1.13 raw (order 1 only),P05,phishing,new,False,True,0,"Tak, to próba oszustwa lub phishingu",0,"Tak, to próba oszustwa lub phishingu",True,0.98,282.1,1.932e-05,
Jev 1.13 raw (order 1 only),P06,phishing,new,False,True,0,"Tak, to próba oszustwa lub phishingu",0,"Tak, to próba oszustwa lub phishingu",True,0.98,326.0,1.9446e-05,
Jev 1.13 raw (order 1 only),P07,phishing,new,False,True,0,"Tak, to próba oszustwa lub phishingu",0,"Tak, to próba oszustwa lub phishingu",True,0.98,263.1,1.9572e-05,
Jev 1.13 raw (order 1 only),P08,phishing,new,False,True,0,"Tak, to próba oszustwa lub phishingu",0,"Tak, to próba oszustwa lub phishingu",True,0.97,284.8,1.8144e-05,
Jev 1.13 raw (order 1 only),P09,phishing,new,True,True,0,"Tak, to próba oszustwa lub phishingu",0,"Tak, to próba oszustwa lub phishingu",True,0.93,309.7,1.953e-05,
Jev 1.13 raw (order 1 only),P10,phishing,new,False,True,0,"Tak, to próba oszustwa lub phishingu",0,"Tak, to próba oszustwa lub phishingu",True,0.98,343.5,1.953e-05,
Jev 1.13 raw (order 1 only),P11,phishing,new,True,True,1,"Nie, to zwykła, uczciwa wiadomość",1,"Nie, to zwykła, uczciwa wiadomość",True,0.75,300.7,2.0244e-05,
Jev 1.13 raw (order 1 only),P12,phishing,new,True,True,1,"Nie, to zwykła, uczciwa wiadomość",1,"Nie, to zwykła, uczciwa wiadomość",True,0.63,275.1,1.9404e-05,
Jev 1.13 raw (order 1 only),P13,phishing,new,True,True,1,"Nie, to zwykła, uczciwa wiadomość",0,"Tak, to próba oszustwa lub phishingu",False,0.58,285.7,2.079e-05,
Jev 1.13 raw (order 1 only),P14,phishing,new,False,True,1,"Nie, to zwykła, uczciwa wiadomość",1,"Nie, to zwykła, uczciwa wiadomość",True,0.85,365.6,1.9362e-05,
Jev 1.13 raw (order 1 only),P15,phishing,new,True,True,1,"Nie, to zwykła, uczciwa wiadomość",1,"Nie, to zwykła, uczciwa wiadomość",True,0.53,347.5,2.0538e-05,
Jev 1.13 raw (order 1 only),P16,phishing,new,False,True,1,"Nie, to zwykła, uczciwa wiadomość",1,"Nie, to zwykła, uczciwa wiadomość",True,0.96,281.8,1.7892e-05,
Jev 1.13 raw (order 1 only),P17,phishing,new,False,True,1,"Nie, to zwykła, uczciwa wiadomość",1,"Nie, to zwykła, uczciwa wiadomość",True,0.79,260.9,1.9446e-05,
Jev 1.13 raw (order 1 only),P18,phishing,new,True,True,1,"Nie, to zwykła, uczciwa wiadomość",0,"Tak, to próba oszustwa lub phishingu",False,0.5,268.5,1.848e-05,
Jev 1.13 raw (order 1 only),P19,phishing,new,True,True,1,"Nie, to zwykła, uczciwa wiadomość",1,"Nie, to zwykła, uczciwa wiadomość",True,0.62,287.7,1.8228e-05,
Jev 1.13 raw (order 1 only),P20,phishing,new,False,True,1,"Nie, to zwykła, uczciwa wiadomość",1,"Nie, to zwykła, uczciwa wiadomość",True,0.84,347.9,1.9068e-05,
Gemini 3.8 Flash (thinking medium),R01,reklamacja,exp01,False,True,0,"Tak, to reklamacja",0,"Tak, to reklamacja",True,,11693.1,0.0008895,194
Gemini 3.8 Flash (thinking medium),R02,reklamacja,exp01,False,True,1,"Nie, to nie jest reklamacja",1,"Nie, to nie jest reklamacja",True,,1929.4,0.000642,135
Gemini 3.8 Flash (thinking medium),R03,reklamacja,exp01,True,True,0,"Tak, to reklamacja",0,"Tak, to reklamacja",True,,6695.1,0.0009,195
Gemini 3.8 Flash (thinking medium),R04,reklamacja,exp01,True,True,0,"Tak, to reklamacja",0,"Tak, to reklamacja",True,,12099.7,0.00093075,206
Gemini 3.8 Flash (thinking medium),R05,reklamacja,exp01,False,True,1,"Nie, to nie jest reklamacja",1,"Nie, to nie jest reklamacja",True,,11416.7,0.00069075,142
Gemini 3.8 Flash (thinking medium),R06,reklamacja,exp01,False,True,0,"Tak, to reklamacja",0,"Tak, to reklamacja",True,,11883.5,0.00088425,192
Gemini 3.8 Flash (thinking medium),R07,reklamacja,exp01,True,True,1,"Nie, to nie jest reklamacja",1,"Nie, to nie jest reklamacja",True,,11691.2,0.0007275,153
Gemini 3.8 Flash (thinking medium),R08,reklamacja,exp01,False,True,0,"Tak, to reklamacja",0,"Tak, to reklamacja",True,,2833.1,0.00085725,188
Gemini 3.8 Flash (thinking medium),R09,reklamacja,exp01,True,True,1,"Nie, to nie jest reklamacja",1,"Nie, to nie jest reklamacja",True,,2439.8,0.000831,179
Gemini 3.8 Flash (thinking medium),R10,reklamacja,exp01,False,True,1,"Nie, to nie jest reklamacja",1,"Nie, to nie jest reklamacja",True,,11785.6,0.00083625,179
Gemini 3.8 Flash (thinking medium),R11,reklamacja,new,False,True,0,"Tak, to reklamacja",0,"Tak, to reklamacja",True,,2536.4,0.000768,167
Gemini 3.8 Flash (thinking medium),R12,reklamacja,new,False,True,1,"Nie, to nie jest reklamacja",1,"Nie, to nie jest reklamacja",True,,11673.1,0.00056925,116
Gemini 3.8 Flash (thinking medium),R13,reklamacja,new,True,True,0,"Tak, to reklamacja",0,"Tak, to reklamacja",True,,4211.1,0.00113025,259
Gemini 3.8 Flash (thinking medium),R14,reklamacja,new,True,True,1,"Nie, to nie jest reklamacja",1,"Nie, to nie jest reklamacja",True,,3704.1,0.0012495,297
Gemini 3.8 Flash (thinking medium),R15,reklamacja,new,False,True,0,"Tak, to reklamacja",0,"Tak, to reklamacja",True,,3887.5,0.00113775,266
Gemini 3.8 Flash (thinking medium),R16,reklamacja,new,False,True,1,"Nie, to nie jest reklamacja",1,"Nie, to nie jest reklamacja",True,,2934.0,0.0005445,110
Gemini 3.8 Flash (thinking medium),R17,reklamacja,new,False,True,0,"Tak, to reklamacja",0,"Tak, to reklamacja",True,,11678.8,0.0007365,157
Gemini 3.8 Flash (thinking medium),R18,reklamacja,new,False,True,1,"Nie, to nie jest reklamacja",1,"Nie, to nie jest reklamacja",True,,13369.0,0.0005775,118
Gemini 3.8 Flash (thinking medium),R19,reklamacja,new,True,True,0,"Tak, to reklamacja",0,"Tak, to reklamacja",True,,2584.2,0.000486,91
Gemini 3.8 Flash (thinking medium),R20,reklamacja,new,False,True,1,"Nie, to nie jest reklamacja",1,"Nie, to nie jest reklamacja",True,,2204.0,0.000672,142
Gemini 3.8 Flash (thinking medium),R21,reklamacja,new,False,True,0,"Tak, to reklamacja",0,"Tak, to reklamacja",True,,2091.9,0.00087,192
Gemini 3.8 Flash (thinking medium),R22,reklamacja,new,True,True,1,"Nie, to nie jest reklamacja",1,"Nie, to nie jest reklamacja",True,,11373.9,0.0005625,111
Gemini 3.8 Flash (thinking medium),R23,reklamacja,new,False,True,0,"Tak, to reklamacja",0,"Tak, to reklamacja",True,,12584.9,0.001416,339
Gemini 3.8 Flash (thinking medium),R24,reklamacja,new,False,True,1,"Nie, to nie jest reklamacja",1,"Nie, to nie jest reklamacja",True,,5983.6,0.0005235,106
Gemini 3.8 Flash (thinking medium),R25,reklamacja,new,False,True,0,"Tak, to reklamacja",0,"Tak, to reklamacja",True,,11710.8,0.00054975,105
Gemini 3.8 Flash (thinking medium),R26,reklamacja,new,True,True,1,"Nie, to nie jest reklamacja",1,"Nie, to nie jest reklamacja",True,,11736.6,0.00079875,171
Gemini 3.8 Flash (thinking medium),R27,reklamacja,new,False,True,0,"Tak, to reklamacja",0,"Tak, to reklamacja",True,,1595.3,0.00045225,82
Gemini 3.8 Flash (thinking medium),R28,reklamacja,new,False,True,1,"Nie, to nie jest reklamacja",1,"Nie, to nie jest reklamacja",True,,2015.5,0.000675,145
Gemini 3.8 Flash (thinking medium),R29,reklamacja,new,False,True,0,"Tak, to reklamacja",0,"Tak, to reklamacja",True,,2649.5,0.00070725,154
Gemini 3.8 Flash (thinking medium),R30,reklamacja,new,False,True,1,"Nie, to nie jest reklamacja",1,"Nie, to nie jest reklamacja",True,,2331.9,0.000816,180
Gemini 3.8 Flash (thinking medium),R31,reklamacja,new,True,True,0,"Tak, to reklamacja",0,"Tak, to reklamacja",True,,3094.1,0.00063675,131
Gemini 3.8 Flash (thinking medium),R32,reklamacja,new,False,True,1,"Nie, to nie jest reklamacja",1,"Nie, to nie jest reklamacja",True,,2212.9,0.0003615,60
Gemini 3.8 Flash (thinking medium),R33,reklamacja,new,False,True,0,"Tak, to reklamacja",0,"Tak, to reklamacja",True,,2570.8,0.000906,203
Gemini 3.8 Flash (thinking medium),R34,reklamacja,new,True,True,1,"Nie, to nie jest reklamacja",1,"Nie, to nie jest reklamacja",True,,12297.3,0.000357,57
Gemini 3.8 Flash (thinking medium),R35,reklamacja,new,False,True,0,"Tak, to reklamacja",0,"Tak, to reklamacja",True,,2299.4,0.00097575,218
Gemini 3.8 Flash (thinking medium),R36,reklamacja,new,False,True,1,"Nie, to nie jest reklamacja",1,"Nie, to nie jest reklamacja",True,,5708.5,0.000615,129
Gemini 3.8 Flash (thinking medium),R37,reklamacja,new,False,True,0,"Tak, to reklamacja",0,"Tak, to reklamacja",True,,2608.8,0.00102225,233
Gemini 3.8 Flash (thinking medium),R38,reklamacja,new,False,True,1,"Nie, to nie jest reklamacja",1,"Nie, to nie jest reklamacja",True,,1833.2,0.00050625,102
Gemini 3.8 Flash (thinking medium),R39,reklamacja,new,True,True,0,"Tak, to reklamacja",0,"Tak, to reklamacja",True,,11755.6,0.0009135,203
Gemini 3.8 Flash (thinking medium),R40,reklamacja,new,True,True,1,"Nie, to nie jest reklamacja",1,"Nie, to nie jest reklamacja",True,,3297.1,0.0010275,236
Gemini 3.8 Flash (thinking medium),D01,routing,exp01,False,True,2,Dostawa i logistyka,2,Dostawa i logistyka,True,,11618.8,0.00077925,169
Gemini 3.8 Flash (thinking medium),D02,routing,exp01,False,True,1,Faktury i płatności,1,Faktury i płatności,True,,2191.0,0.00090675,201
Gemini 3.8 Flash (thinking medium),D03,routing,exp01,False,True,3,Wsparcie techniczne,3,Wsparcie techniczne,True,,2604.1,0.00084975,188
Gemini 3.8 Flash (thinking medium),D04,routing,exp01,True,True,4,"Sprzedaż (oferty, ceny, nowe zamówienia)",4,"Sprzedaż (oferty, ceny, nowe zamówienia)",True,,2411.7,0.0009195,205
Gemini 3.8 Flash (thinking medium),D05,routing,exp01,False,True,0,"Reklamacje (wady, uszkodzenia, niezgodność towaru z zamówieniem)",0,"Reklamacje (wady, uszkodzenia, niezgodność towaru z zamówieniem)",True,,11686.7,0.00098025,224
Gemini 3.8 Flash (thinking medium),D06,routing,exp01,False,True,1,Faktury i płatności,1,Faktury i płatności,True,,4364.3,0.0015765,382
Gemini 3.8 Flash (thinking medium),D07,routing,exp01,False,True,4,"Sprzedaż (oferty, ceny, nowe zamówienia)",4,"Sprzedaż (oferty, ceny, nowe zamówienia)",True,,2692.5,0.00086475,193
Gemini 3.8 Flash (thinking medium),D08,routing,exp01,True,True,2,Dostawa i logistyka,2,Dostawa i logistyka,True,,12405.0,0.00148425,356
Gemini 3.8 Flash (thinking medium),D09,routing,exp01,False,True,3,Wsparcie techniczne,3,Wsparcie techniczne,True,,1560.3,0.00026925,34
Gemini 3.8 Flash (thinking medium),D10,routing,exp01,False,True,0,"Reklamacje (wady, uszkodzenia, niezgodność towaru z zamówieniem)",0,"Reklamacje (wady, uszkodzenia, niezgodność towaru z zamówieniem)",True,,2979.0,0.0008835,197
Gemini 3.8 Flash (thinking medium),D11,routing,new,False,True,0,"Reklamacje (wady, uszkodzenia, niezgodność towaru z zamówieniem)",0,"Reklamacje (wady, uszkodzenia, niezgodność towaru z zamówieniem)",True,,11624.9,0.00065925,140
Gemini 3.8 Flash (thinking medium),D12,routing,new,True,True,0,"Reklamacje (wady, uszkodzenia, niezgodność towaru z zamówieniem)",0,"Reklamacje (wady, uszkodzenia, niezgodność towaru z zamówieniem)",True,,2471.0,0.001041,240
Gemini 3.8 Flash (thinking medium),D13,routing,new,False,True,0,"Reklamacje (wady, uszkodzenia, niezgodność towaru z zamówieniem)",0,"Reklamacje (wady, uszkodzenia, niezgodność towaru z zamówieniem)",True,,2601.3,0.000819,182
Gemini 3.8 Flash (thinking medium),D14,routing,new,True,True,0,"Reklamacje (wady, uszkodzenia, niezgodność towaru z zamówieniem)",0,"Reklamacje (wady, uszkodzenia, niezgodność towaru z zamówieniem)",True,,3207.4,0.00086925,197
Gemini 3.8 Flash (thinking medium),D15,routing,new,False,True,0,"Reklamacje (wady, uszkodzenia, niezgodność towaru z zamówieniem)",0,"Reklamacje (wady, uszkodzenia, niezgodność towaru z zamówieniem)",True,,11573.8,0.00069075,148
Gemini 3.8 Flash (thinking medium),D16,routing,new,True,True,0,"Reklamacje (wady, uszkodzenia, niezgodność towaru z zamówieniem)",0,"Reklamacje (wady, uszkodzenia, niezgodność towaru z zamówieniem)",True,,12681.5,0.001617,393
Gemini 3.8 Flash (thinking medium),D17,routing,new,False,True,1,Faktury i płatności,1,Faktury i płatności,True,,3104.1,0.0010095,235
Gemini 3.8 Flash (thinking medium),D18,routing,new,False,True,1,Faktury i płatności,1,Faktury i płatności,True,,11701.6,0.0006135,129
Gemini 3.8 Flash (thinking medium),D19,routing,new,True,True,1,Faktury i płatności,1,Faktury i płatności,True,,4054.4,0.00124125,295
Gemini 3.8 Flash (thinking medium),D20,routing,new,False,True,1,Faktury i płatności,1,Faktury i płatności,True,,11203.3,0.0004695,91
Gemini 3.8 Flash (thinking medium),D21,routing,new,False,True,1,Faktury i płatności,1,Faktury i płatności,True,,12078.1,0.00110925,258
Gemini 3.8 Flash (thinking medium),D22,routing,new,True,True,1,Faktury i płatności,1,Faktury i płatności,True,,2705.6,0.000651,138
Gemini 3.8 Flash (thinking medium),D23,routing,new,False,True,2,Dostawa i logistyka,2,Dostawa i logistyka,True,,2447.3,0.001032,241
Gemini 3.8 Flash (thinking medium),D24,routing,new,False,True,2,Dostawa i logistyka,2,Dostawa i logistyka,True,,11824.8,0.00085275,192
Gemini 3.8 Flash (thinking medium),D25,routing,new,True,True,2,Dostawa i logistyka,2,Dostawa i logistyka,True,,7822.4,0.0008145,182
Gemini 3.8 Flash (thinking medium),D26,routing,new,False,True,2,Dostawa i logistyka,2,Dostawa i logistyka,True,,11645.6,0.000612,131
Gemini 3.8 Flash (thinking medium),D27,routing,new,False,True,2,Dostawa i logistyka,2,Dostawa i logistyka,True,,1917.5,0.00077625,173
Gemini 3.8 Flash (thinking medium),D28,routing,new,True,True,2,Dostawa i logistyka,2,Dostawa i logistyka,True,,11396.5,0.0006465,137
Gemini 3.8 Flash (thinking medium),D29,routing,new,False,True,3,Wsparcie techniczne,3,Wsparcie techniczne,True,,2293.9,0.00049875,100
Gemini 3.8 Flash (thinking medium),D30,routing,new,False,True,3,Wsparcie techniczne,3,Wsparcie techniczne,True,,11768.1,0.00070275,151
Gemini 3.8 Flash (thinking medium),D31,routing,new,False,True,3,Wsparcie techniczne,3,Wsparcie techniczne,True,,11465.8,0.00052425,105
Gemini 3.8 Flash (thinking medium),D32,routing,new,False,True,3,Wsparcie techniczne,3,Wsparcie techniczne,True,,14091.9,0.00047775,92
Gemini 3.8 Flash (thinking medium),D33,routing,new,False,True,3,Wsparcie techniczne,3,Wsparcie techniczne,True,,4505.2,0.0007425,162
Gemini 3.8 Flash (thinking medium),D34,routing,new,False,True,3,Wsparcie techniczne,3,Wsparcie techniczne,True,,11673.5,0.00084525,187
Gemini 3.8 Flash (thinking medium),D35,routing,new,False,True,4,"Sprzedaż (oferty, ceny, nowe zamówienia)",4,"Sprzedaż (oferty, ceny, nowe zamówienia)",True,,2508.3,0.000594,126
Gemini 3.8 Flash (thinking medium),D36,routing,new,False,True,4,"Sprzedaż (oferty, ceny, nowe zamówienia)",4,"Sprzedaż (oferty, ceny, nowe zamówienia)",True,,12028.9,0.0007995,177
Gemini 3.8 Flash (thinking medium),D37,routing,new,True,True,4,"Sprzedaż (oferty, ceny, nowe zamówienia)",4,"Sprzedaż (oferty, ceny, nowe zamówienia)",True,,1983.9,0.00061425,126
Gemini 3.8 Flash (thinking medium),D38,routing,new,False,True,4,"Sprzedaż (oferty, ceny, nowe zamówienia)",4,"Sprzedaż (oferty, ceny, nowe zamówienia)",True,,4920.0,0.00041025,76
Gemini 3.8 Flash (thinking medium),D39,routing,new,True,True,4,"Sprzedaż (oferty, ceny, nowe zamówienia)",4,"Sprzedaż (oferty, ceny, nowe zamówienia)",True,,1602.5,0.00057225,116
Gemini 3.8 Flash (thinking medium),D40,routing,new,False,True,4,"Sprzedaż (oferty, ceny, nowe zamówienia)",4,"Sprzedaż (oferty, ceny, nowe zamówienia)",True,,2807.5,0.0009015,205
Gemini 3.8 Flash (thinking medium),E01,eskalacja,exp01,False,True,0,"Tak, eskalować do człowieka",0,"Tak, eskalować do człowieka",True,,10275.9,0.00098325,216
Gemini 3.8 Flash (thinking medium),E02,eskalacja,exp01,False,True,1,"Nie, można obsłużyć automatycznie",1,"Nie, można obsłużyć automatycznie",True,,11563.2,0.000561,108
Gemini 3.8 Flash (thinking medium),E03,eskalacja,exp01,False,True,0,"Tak, eskalować do człowieka",0,"Tak, eskalować do człowieka",True,,11523.6,0.0006975,140
Gemini 3.8 Flash (thinking medium),E04,eskalacja,exp01,True,True,1,"Nie, można obsłużyć automatycznie",1,"Nie, można obsłużyć automatycznie",True,,2463.6,0.0006825,140
Gemini 3.8 Flash (thinking medium),E05,eskalacja,exp01,False,True,0,"Tak, eskalować do człowieka",0,"Tak, eskalować do człowieka",True,,3262.2,0.0009975,221
Gemini 3.8 Flash (thinking medium),E06,eskalacja,new,False,True,0,"Tak, eskalować do człowieka",0,"Tak, eskalować do człowieka",True,,2635.5,0.000615,121
Gemini 3.8 Flash (thinking medium),E07,eskalacja,new,False,True,0,"Tak, eskalować do człowieka",0,"Tak, eskalować do człowieka",True,,7683.6,0.00080025,166
Gemini 3.8 Flash (thinking medium),E08,eskalacja,new,False,True,0,"Tak, eskalować do człowieka",0,"Tak, eskalować do człowieka",True,,9957.4,0.00063675,125
Gemini 3.8 Flash (thinking medium),E09,eskalacja,new,False,True,0,"Tak, eskalować do człowieka",0,"Tak, eskalować do człowieka",True,,2360.1,0.00054825,103
Gemini 3.8 Flash (thinking medium),E10,eskalacja,new,True,True,0,"Tak, eskalować do człowieka",0,"Tak, eskalować do człowieka",True,,2619.8,0.000795,166
Gemini 3.8 Flash (thinking medium),E11,eskalacja,new,True,True,0,"Tak, eskalować do człowieka",0,"Tak, eskalować do człowieka",True,,13977.5,0.00623925,1622
Gemini 3.8 Flash (thinking medium),E12,eskalacja,new,False,True,0,"Tak, eskalować do człowieka",0,"Tak, eskalować do człowieka",True,,5896.1,0.00061875,121
Gemini 3.8 Flash (thinking medium),E13,eskalacja,new,False,True,0,"Tak, eskalować do człowieka",0,"Tak, eskalować do człowieka",True,,1923.2,0.000609,119
Gemini 3.8 Flash (thinking medium),E14,eskalacja,new,True,True,0,"Tak, eskalować do człowieka",0,"Tak, eskalować do człowieka",True,,7452.3,0.0008625,185
Gemini 3.8 Flash (thinking medium),E15,eskalacja,new,False,True,0,"Tak, eskalować do człowieka",0,"Tak, eskalować do człowieka",True,,6239.0,0.0009555,212
Gemini 3.8 Flash (thinking medium),E16,eskalacja,new,False,True,0,"Tak, eskalować do człowieka",0,"Tak, eskalować do człowieka",True,,2556.2,0.000534,98
Gemini 3.8 Flash (thinking medium),E17,eskalacja,new,False,True,0,"Tak, eskalować do człowieka",0,"Tak, eskalować do człowieka",True,,3352.8,0.00099825,221
Gemini 3.8 Flash (thinking medium),E18,eskalacja,new,False,True,0,"Tak, eskalować do człowieka",0,"Tak, eskalować do człowieka",True,,6610.7,0.000765,160
Gemini 3.8 Flash (thinking medium),E19,eskalacja,new,False,True,0,"Tak, eskalować do człowieka",0,"Tak, eskalować do człowieka",True,,5111.0,0.0010425,233
Gemini 3.8 Flash (thinking medium),E20,eskalacja,new,True,True,0,"Tak, eskalować do człowieka",0,"Tak, eskalować do człowieka",True,,2631.6,0.0008835,186
Gemini 3.8 Flash (thinking medium),E21,eskalacja,new,False,True,0,"Tak, eskalować do człowieka",0,"Tak, eskalować do człowieka",True,,2911.7,0.00104475,234
Gemini 3.8 Flash (thinking medium),E22,eskalacja,new,True,True,0,"Tak, eskalować do człowieka",0,"Tak, eskalować do człowieka",True,,3385.6,0.0009975,226
Gemini 3.8 Flash (thinking medium),E23,eskalacja,new,False,True,1,"Nie, można obsłużyć automatycznie",1,"Nie, można obsłużyć automatycznie",True,,2469.5,0.0006585,134
Gemini 3.8 Flash (thinking medium),E24,eskalacja,new,False,True,1,"Nie, można obsłużyć automatycznie",1,"Nie, można obsłużyć automatycznie",True,,6907.2,0.00086625,189
Gemini 3.8 Flash (thinking medium),E25,eskalacja,new,False,True,1,"Nie, można obsłużyć automatycznie",1,"Nie, można obsłużyć automatycznie",True,,1803.2,0.000501,93
Gemini 3.8 Flash (thinking medium),E26,eskalacja,new,True,True,1,"Nie, można obsłużyć automatycznie",1,"Nie, można obsłużyć automatycznie",True,,3001.3,0.0006735,135
Gemini 3.8 Flash (thinking medium),E27,eskalacja,new,False,True,1,"Nie, można obsłużyć automatycznie",1,"Nie, można obsłużyć automatycznie",True,,11804.4,0.00065475,133
Gemini 3.8 Flash (thinking medium),E28,eskalacja,new,True,True,1,"Nie, można obsłużyć automatycznie",1,"Nie, można obsłużyć automatycznie",True,,3604.9,0.00101025,225
Gemini 3.8 Flash (thinking medium),E29,eskalacja,new,False,True,1,"Nie, można obsłużyć automatycznie",1,"Nie, można obsłużyć automatycznie",True,,5260.0,0.0007515,159
Gemini 3.8 Flash (thinking medium),E30,eskalacja,new,False,True,1,"Nie, można obsłużyć automatycznie",1,"Nie, można obsłużyć automatycznie",True,,2690.6,0.000735,154
Gemini 3.8 Flash (thinking medium),E31,eskalacja,new,True,True,1,"Nie, można obsłużyć automatycznie",1,"Nie, można obsłużyć automatycznie",True,,4461.0,0.00078225,168
Gemini 3.8 Flash (thinking medium),E32,eskalacja,new,False,True,1,"Nie, można obsłużyć automatycznie",1,"Nie, można obsłużyć automatycznie",True,,11635.9,0.000573,111
Gemini 3.8 Flash (thinking medium),E33,eskalacja,new,False,True,1,"Nie, można obsłużyć automatycznie",1,"Nie, można obsłużyć automatycznie",True,,11695.0,0.0006705,137
Gemini 3.8 Flash (thinking medium),E34,eskalacja,new,True,True,1,"Nie, można obsłużyć automatycznie",1,"Nie, można obsłużyć automatycznie",True,,6543.9,0.0011745,270
Gemini 3.8 Flash (thinking medium),E35,eskalacja,new,False,True,1,"Nie, można obsłużyć automatycznie",1,"Nie, można obsłużyć automatycznie",True,,2614.1,0.0006405,130
Gemini 3.8 Flash (thinking medium),E36,eskalacja,new,False,True,1,"Nie, można obsłużyć automatycznie",1,"Nie, można obsłużyć automatycznie",True,,2580.7,0.00111225,255
Gemini 3.8 Flash (thinking medium),E37,eskalacja,new,False,True,1,"Nie, można obsłużyć automatycznie",1,"Nie, można obsłużyć automatycznie",True,,5657.6,0.000594,119
Gemini 3.8 Flash (thinking medium),E38,eskalacja,new,False,True,1,"Nie, można obsłużyć automatycznie",1,"Nie, można obsłużyć automatycznie",True,,5172.4,0.000627,126
Gemini 3.8 Flash (thinking medium),E39,eskalacja,new,False,True,1,"Nie, można obsłużyć automatycznie",1,"Nie, można obsłużyć automatycznie",True,,2920.8,0.0008715,192
Gemini 3.8 Flash (thinking medium),E40,eskalacja,new,False,True,1,"Nie, można obsłużyć automatycznie",1,"Nie, można obsłużyć automatycznie",True,,6225.6,0.0007365,157
Gemini 3.8 Flash (thinking medium),K01,kompletnosc,exp01,False,True,0,"Tak, zgłoszenie jest kompletne",0,"Tak, zgłoszenie jest kompletne",True,,3077.1,0.00114375,258
Gemini 3.8 Flash (thinking medium),K02,kompletnosc,exp01,False,True,1,"Nie, zgłoszeniu czegoś brakuje",1,"Nie, zgłoszeniu czegoś brakuje",True,,10019.7,0.00126825,288
Gemini 3.8 Flash (thinking medium),K03,kompletnosc,exp01,True,True,1,"Nie, zgłoszeniu czegoś brakuje",1,"Nie, zgłoszeniu czegoś brakuje",True,,2503.7,0.00090225,196
Gemini 3.8 Flash (thinking medium),K04,kompletnosc,exp01,False,True,0,"Tak, zgłoszenie jest kompletne",0,"Tak, zgłoszenie jest kompletne",True,,5435.2,0.0007335,143
Gemini 3.8 Flash (thinking medium),K05,kompletnosc,exp01,False,True,1,"Nie, zgłoszeniu czegoś brakuje",1,"Nie, zgłoszeniu czegoś brakuje",True,,10607.8,0.0008535,183
Gemini 3.8 Flash (thinking medium),K06,kompletnosc,new,False,True,0,"Tak, zgłoszenie jest kompletne",0,"Tak, zgłoszenie jest kompletne",True,,3161.1,0.00085575,184
Gemini 3.8 Flash (thinking medium),K07,kompletnosc,new,True,True,1,"Nie, zgłoszeniu czegoś brakuje",1,"Nie, zgłoszeniu czegoś brakuje",True,,11444.9,0.0008235,175
Gemini 3.8 Flash (thinking medium),K08,kompletnosc,new,True,True,0,"Tak, zgłoszenie jest kompletne",0,"Tak, zgłoszenie jest kompletne",True,,4512.9,0.000756,156
Gemini 3.8 Flash (thinking medium),K09,kompletnosc,new,False,True,1,"Nie, zgłoszeniu czegoś brakuje",1,"Nie, zgłoszeniu czegoś brakuje",True,,2605.5,0.0005595,108
Gemini 3.8 Flash (thinking medium),K10,kompletnosc,new,False,True,0,"Tak, zgłoszenie jest kompletne",0,"Tak, zgłoszenie jest kompletne",True,,6470.8,0.00116175,259
Gemini 3.8 Flash (thinking medium),K11,kompletnosc,new,True,True,1,"Nie, zgłoszeniu czegoś brakuje",1,"Nie, zgłoszeniu czegoś brakuje",True,,3147.5,0.0011655,267
Gemini 3.8 Flash (thinking medium),K12,kompletnosc,new,False,True,0,"Tak, zgłoszenie jest kompletne",0,"Tak, zgłoszenie jest kompletne",True,,3255.0,0.00085425,185
Gemini 3.8 Flash (thinking medium),K13,kompletnosc,new,False,True,1,"Nie, zgłoszeniu czegoś brakuje",1,"Nie, zgłoszeniu czegoś brakuje",True,,11695.6,0.00080775,177
Gemini 3.8 Flash (thinking medium),K14,kompletnosc,new,False,True,1,"Nie, zgłoszeniu czegoś brakuje",1,"Nie, zgłoszeniu czegoś brakuje",True,,9999.3,0.0009705,220
Gemini 3.8 Flash (thinking medium),K15,kompletnosc,new,False,True,0,"Tak, zgłoszenie jest kompletne",0,"Tak, zgłoszenie jest kompletne",True,,2273.1,0.000636,127
Gemini 3.8 Flash (thinking medium),K16,kompletnosc,new,True,True,1,"Nie, zgłoszeniu czegoś brakuje",1,"Nie, zgłoszeniu czegoś brakuje",True,,5462.2,0.00078,168
Gemini 3.8 Flash (thinking medium),K17,kompletnosc,new,False,True,0,"Tak, zgłoszenie jest kompletne",0,"Tak, zgłoszenie jest kompletne",True,,3512.8,0.0007545,163
Gemini 3.8 Flash (thinking medium),K18,kompletnosc,new,True,True,1,"Nie, zgłoszeniu czegoś brakuje",1,"Nie, zgłoszeniu czegoś brakuje",True,,2146.0,0.00090225,204
Gemini 3.8 Flash (thinking medium),K19,kompletnosc,new,False,True,1,"Nie, zgłoszeniu czegoś brakuje",1,"Nie, zgłoszeniu czegoś brakuje",True,,1708.1,0.0006465,135
Gemini 3.8 Flash (thinking medium),K20,kompletnosc,new,True,True,0,"Tak, zgłoszenie jest kompletne",0,"Tak, zgłoszenie jest kompletne",True,,11721.7,0.00094425,213
Gemini 3.8 Flash (thinking medium),K21,kompletnosc,new,False,True,0,"Tak, zgłoszenie jest kompletne",0,"Tak, zgłoszenie jest kompletne",True,,2856.4,0.00093225,193
Gemini 3.8 Flash (thinking medium),K22,kompletnosc,new,True,True,0,"Tak, zgłoszenie jest kompletne",0,"Tak, zgłoszenie jest kompletne",True,,3852.0,0.00130125,294
Gemini 3.8 Flash (thinking medium),K23,kompletnosc,new,True,True,1,"Nie, zgłoszeniu czegoś brakuje",1,"Nie, zgłoszeniu czegoś brakuje",True,,5895.3,0.0009465,200
Gemini 3.8 Flash (thinking medium),K24,kompletnosc,new,False,True,1,"Nie, zgłoszeniu czegoś brakuje",1,"Nie, zgłoszeniu czegoś brakuje",True,,3036.8,0.00087225,184
Gemini 3.8 Flash (thinking medium),K25,kompletnosc,new,False,True,0,"Tak, zgłoszenie jest kompletne",0,"Tak, zgłoszenie jest kompletne",True,,2371.6,0.000876,176
Gemini 3.8 Flash (thinking medium),K26,kompletnosc,new,False,True,1,"Nie, zgłoszeniu czegoś brakuje",1,"Nie, zgłoszeniu czegoś brakuje",True,,5705.3,0.00111675,248
Gemini 3.8 Flash (thinking medium),K27,kompletnosc,new,False,True,0,"Tak, zgłoszenie jest kompletne",0,"Tak, zgłoszenie jest kompletne",True,,1836.6,0.0007125,138
Gemini 3.8 Flash (thinking medium),K28,kompletnosc,new,True,True,1,"Nie, zgłoszeniu czegoś brakuje",1,"Nie, zgłoszeniu czegoś brakuje",True,,2595.7,0.0011655,261
Gemini 3.8 Flash (thinking medium),K29,kompletnosc,new,True,True,0,"Tak, zgłoszenie jest kompletne",0,"Tak, zgłoszenie jest kompletne",True,,2989.4,0.00087225,181
Gemini 3.8 Flash (thinking medium),K30,kompletnosc,new,False,True,1,"Nie, zgłoszeniu czegoś brakuje",1,"Nie, zgłoszeniu czegoś brakuje",True,,3528.9,0.00101175,221
Gemini 3.8 Flash (thinking medium),K31,kompletnosc,new,False,True,1,"Nie, zgłoszeniu czegoś brakuje",1,"Nie, zgłoszeniu czegoś brakuje",True,,7666.1,0.001149,258
Gemini 3.8 Flash (thinking medium),K32,kompletnosc,new,False,True,0,"Tak, zgłoszenie jest kompletne",0,"Tak, zgłoszenie jest kompletne",True,,11758.4,0.001038,224
Gemini 3.8 Flash (thinking medium),K33,kompletnosc,new,True,True,0,"Tak, zgłoszenie jest kompletne",0,"Tak, zgłoszenie jest kompletne",True,,3392.5,0.001113,251
Gemini 3.8 Flash (thinking medium),K34,kompletnosc,new,True,True,1,"Nie, zgłoszeniu czegoś brakuje",1,"Nie, zgłoszeniu czegoś brakuje",True,,11757.8,0.0007425,154
Gemini 3.8 Flash (thinking medium),K35,kompletnosc,new,False,True,0,"Tak, zgłoszenie jest kompletne",0,"Tak, zgłoszenie jest kompletne",True,,11927.8,0.00062325,114
Gemini 3.8 Flash (thinking medium),K36,kompletnosc,new,False,True,1,"Nie, zgłoszeniu czegoś brakuje",1,"Nie, zgłoszeniu czegoś brakuje",True,,2596.1,0.00105075,232
Gemini 3.8 Flash (thinking medium),K37,kompletnosc,new,True,True,0,"Tak, zgłoszenie jest kompletne",0,"Tak, zgłoszenie jest kompletne",True,,4114.5,0.0009075,197
Gemini 3.8 Flash (thinking medium),K38,kompletnosc,new,True,True,1,"Nie, zgłoszeniu czegoś brakuje",1,"Nie, zgłoszeniu czegoś brakuje",True,,2601.0,0.000771,161
Gemini 3.8 Flash (thinking medium),K39,kompletnosc,new,False,False,0,"Tak, zgłoszenie jest kompletne",1,"Nie, zgłoszeniu czegoś brakuje",False,,13190.9,0.0018285,441
Gemini 3.8 Flash (thinking medium),K40,kompletnosc,new,False,True,1,"Nie, zgłoszeniu czegoś brakuje",1,"Nie, zgłoszeniu czegoś brakuje",True,,11668.9,0.00062325,126
Gemini 3.8 Flash (thinking medium),S01,irytacja,new,False,True,0,Spokojny (brak irytacji),0,Spokojny (brak irytacji),True,,2011.5,0.00049425,102
Gemini 3.8 Flash (thinking medium),S02,irytacja,new,False,True,0,Spokojny (brak irytacji),0,Spokojny (brak irytacji),True,,3659.4,0.001236,300
Gemini 3.8 Flash (thinking medium),S03,irytacja,new,True,True,0,Spokojny (brak irytacji),0,Spokojny (brak irytacji),True,,11181.7,0.00118125,284
Gemini 3.8 Flash (thinking medium),S04,irytacja,new,False,True,0,Spokojny (brak irytacji),0,Spokojny (brak irytacji),True,,12235.5,0.00099975,237
Gemini 3.8 Flash (thinking medium),S05,irytacja,new,True,True,0,Spokojny (brak irytacji),0,Spokojny (brak irytacji),True,,11595.9,0.0005955,127
Gemini 3.8 Flash (thinking medium),S06,irytacja,new,False,True,0,Spokojny (brak irytacji),0,Spokojny (brak irytacji),True,,11696.4,0.000882,208
Gemini 3.8 Flash (thinking medium),S07,irytacja,new,False,True,0,Spokojny (brak irytacji),0,Spokojny (brak irytacji),True,,3032.8,0.00089475,212
Gemini 3.8 Flash (thinking medium),S08,irytacja,new,False,True,1,Lekko zirytowany,1,Lekko zirytowany,True,,4238.1,0.0015585,384
Gemini 3.8 Flash (thinking medium),S09,irytacja,new,False,True,1,Lekko zirytowany,1,Lekko zirytowany,True,,11665.6,0.00073875,167
Gemini 3.8 Flash (thinking medium),S10,irytacja,new,True,True,1,Lekko zirytowany,1,Lekko zirytowany,True,,3102.2,0.001146,276
Gemini 3.8 Flash (thinking medium),S11,irytacja,new,False,True,1,Lekko zirytowany,1,Lekko zirytowany,True,,12114.7,0.00085275,198
Gemini 3.8 Flash (thinking medium),S12,irytacja,new,False,True,1,Lekko zirytowany,1,Lekko zirytowany,True,,2659.3,0.000954,226
Gemini 3.8 Flash (thinking medium),S13,irytacja,new,True,True,1,Lekko zirytowany,1,Lekko zirytowany,True,,3939.7,0.00137925,335
Gemini 3.8 Flash (thinking medium),S14,irytacja,new,False,False,1,Lekko zirytowany,2,Bardzo zirytowany,False,,20237.0,0.00732525,1925
Gemini 3.8 Flash (thinking medium),S15,irytacja,new,False,True,2,Bardzo zirytowany,2,Bardzo zirytowany,True,,5806.5,0.00126075,306
Gemini 3.8 Flash (thinking medium),S16,irytacja,new,True,True,2,Bardzo zirytowany,2,Bardzo zirytowany,True,,12037.2,0.0012435,299
Gemini 3.8 Flash (thinking medium),S17,irytacja,new,False,True,2,Bardzo zirytowany,2,Bardzo zirytowany,True,,11333.5,0.00061275,132
Gemini 3.8 Flash (thinking medium),S18,irytacja,new,False,True,2,Bardzo zirytowany,2,Bardzo zirytowany,True,,2926.7,0.00064725,143
Gemini 3.8 Flash (thinking medium),S19,irytacja,new,True,True,2,Bardzo zirytowany,2,Bardzo zirytowany,True,,2931.3,0.00076125,169
Gemini 3.8 Flash (thinking medium),S20,irytacja,new,False,True,2,Bardzo zirytowany,2,Bardzo zirytowany,True,,3607.5,0.00115275,277
Gemini 3.8 Flash (thinking medium),P01,phishing,new,False,True,0,"Tak, to próba oszustwa lub phishingu",0,"Tak, to próba oszustwa lub phishingu",True,,3653.0,0.00080475,169
Gemini 3.8 Flash (thinking medium),P02,phishing,new,False,True,0,"Tak, to próba oszustwa lub phishingu",0,"Tak, to próba oszustwa lub phishingu",True,,4069.4,0.0008145,174
Gemini 3.8 Flash (thinking medium),P03,phishing,new,False,True,0,"Tak, to próba oszustwa lub phishingu",0,"Tak, to próba oszustwa lub phishingu",True,,15242.7,0.0011325,247
Gemini 3.8 Flash (thinking medium),P04,phishing,new,True,True,0,"Tak, to próba oszustwa lub phishingu",0,"Tak, to próba oszustwa lub phishingu",True,,3214.3,0.00093525,193
Gemini 3.8 Flash (thinking medium),P05,phishing,new,False,True,0,"Tak, to próba oszustwa lub phishingu",0,"Tak, to próba oszustwa lub phishingu",True,,5398.5,0.000915,199
Gemini 3.8 Flash (thinking medium),P06,phishing,new,False,True,0,"Tak, to próba oszustwa lub phishingu",0,"Tak, to próba oszustwa lub phishingu",True,,4503.0,0.00064425,127
Gemini 3.8 Flash (thinking medium),P07,phishing,new,False,True,0,"Tak, to próba oszustwa lub phishingu",0,"Tak, to próba oszustwa lub phishingu",True,,15238.4,0.00067425,135
Gemini 3.8 Flash (thinking medium),P08,phishing,new,False,True,0,"Tak, to próba oszustwa lub phishingu",0,"Tak, to próba oszustwa lub phishingu",True,,5163.3,0.000834,181
Gemini 3.8 Flash (thinking medium),P09,phishing,new,True,True,0,"Tak, to próba oszustwa lub phishingu",0,"Tak, to próba oszustwa lub phishingu",True,,2643.6,0.0008115,171
Gemini 3.8 Flash (thinking medium),P10,phishing,new,False,True,0,"Tak, to próba oszustwa lub phishingu",0,"Tak, to próba oszustwa lub phishingu",True,,5041.3,0.000921,199
Gemini 3.8 Flash (thinking medium),P11,phishing,new,True,True,1,"Nie, to zwykła, uczciwa wiadomość",1,"Nie, to zwykła, uczciwa wiadomość",True,,14343.6,0.0008295,172
Gemini 3.8 Flash (thinking medium),P12,phishing,new,True,True,1,"Nie, to zwykła, uczciwa wiadomość",1,"Nie, to zwykła, uczciwa wiadomość",True,,8730.9,0.001221,281
Gemini 3.8 Flash (thinking medium),P13,phishing,new,True,True,1,"Nie, to zwykła, uczciwa wiadomość",1,"Nie, to zwykła, uczciwa wiadomość",True,,3753.4,0.0015075,350
Gemini 3.8 Flash (thinking medium),P14,phishing,new,False,True,1,"Nie, to zwykła, uczciwa wiadomość",1,"Nie, to zwykła, uczciwa wiadomość",True,,14418.2,0.001092,245
Gemini 3.8 Flash (thinking medium),P15,phishing,new,True,True,1,"Nie, to zwykła, uczciwa wiadomość",1,"Nie, to zwykła, uczciwa wiadomość",True,,13899.0,0.00096,207
Gemini 3.8 Flash (thinking medium),P16,phishing,new,False,True,1,"Nie, to zwykła, uczciwa wiadomość",1,"Nie, to zwykła, uczciwa wiadomość",True,,3137.8,0.00070575,149
Gemini 3.8 Flash (thinking medium),P17,phishing,new,False,True,1,"Nie, to zwykła, uczciwa wiadomość",1,"Nie, to zwykła, uczciwa wiadomość",True,,14047.9,0.0008475,181
Gemini 3.8 Flash (thinking medium),P18,phishing,new,True,True,1,"Nie, to zwykła, uczciwa wiadomość",1,"Nie, to zwykła, uczciwa wiadomość",True,,14606.8,0.00102975,232
Gemini 3.8 Flash (thinking medium),P19,phishing,new,True,True,1,"Nie, to zwykła, uczciwa wiadomość",1,"Nie, to zwykła, uczciwa wiadomość",True,,4096.1,0.001026,232
Gemini 3.8 Flash (thinking medium),P20,phishing,new,False,True,1,"Nie, to zwykła, uczciwa wiadomość",1,"Nie, to zwykła, uczciwa wiadomość",True,,2876.6,0.00110925,252
Mistral Medium 3.1 (no reasoning),R01,reklamacja,exp01,False,True,0,"Tak, to reklamacja",0,"Tak, to reklamacja",True,,479.6,0.0001056,2
Mistral Medium 3.1 (no reasoning),R02,reklamacja,exp01,False,True,1,"Nie, to nie jest reklamacja",1,"Nie, to nie jest reklamacja",True,,367.1,9.2e-05,2
Mistral Medium 3.1 (no reasoning),R03,reklamacja,exp01,True,True,0,"Tak, to reklamacja",0,"Tak, to reklamacja",True,,360.8,0.0001128,2
Mistral Medium 3.1 (no reasoning),R04,reklamacja,exp01,True,True,0,"Tak, to reklamacja",0,"Tak, to reklamacja",True,,345.0,0.0001048,2
Mistral Medium 3.1 (no reasoning),R05,reklamacja,exp01,False,True,1,"Nie, to nie jest reklamacja",1,"Nie, to nie jest reklamacja",True,,588.8,0.0001032,2
Mistral Medium 3.1 (no reasoning),R06,reklamacja,exp01,False,True,0,"Tak, to reklamacja",0,"Tak, to reklamacja",True,,443.3,0.000106,2
Mistral Medium 3.1 (no reasoning),R07,reklamacja,exp01,True,True,1,"Nie, to nie jest reklamacja",1,"Nie, to nie jest reklamacja",True,,378.2,0.000102,2
Mistral Medium 3.1 (no reasoning),R08,reklamacja,exp01,False,True,0,"Tak, to reklamacja",0,"Tak, to reklamacja",True,,537.8,0.0001,2
Mistral Medium 3.1 (no reasoning),R09,reklamacja,exp01,True,True,1,"Nie, to nie jest reklamacja",1,"Nie, to nie jest reklamacja",True,,1062.8,0.0001048,2
Mistral Medium 3.1 (no reasoning),R10,reklamacja,exp01,False,True,1,"Nie, to nie jest reklamacja",1,"Nie, to nie jest reklamacja",True,,346.0,0.0001048,2
Mistral Medium 3.1 (no reasoning),R11,reklamacja,new,False,True,0,"Tak, to reklamacja",0,"Tak, to reklamacja",True,,397.3,9.6e-05,2
Mistral Medium 3.1 (no reasoning),R12,reklamacja,new,False,True,1,"Nie, to nie jest reklamacja",1,"Nie, to nie jest reklamacja",True,,528.9,9.16e-05,2
Mistral Medium 3.1 (no reasoning),R13,reklamacja,new,True,True,0,"Tak, to reklamacja",0,"Tak, to reklamacja",True,,482.7,0.0001072,2
Mistral Medium 3.1 (no reasoning),R14,reklamacja,new,True,True,1,"Nie, to nie jest reklamacja",1,"Nie, to nie jest reklamacja",True,,370.5,9.16e-05,2
Mistral Medium 3.1 (no reasoning),R15,reklamacja,new,False,True,0,"Tak, to reklamacja",0,"Tak, to reklamacja",True,,336.8,9.16e-05,2
Mistral Medium 3.1 (no reasoning),R16,reklamacja,new,False,True,1,"Nie, to nie jest reklamacja",1,"Nie, to nie jest reklamacja",True,,484.5,8.96e-05,2
Mistral Medium 3.1 (no reasoning),R17,reklamacja,new,False,True,0,"Tak, to reklamacja",0,"Tak, to reklamacja",True,,414.7,9.72e-05,2
Mistral Medium 3.1 (no reasoning),R18,reklamacja,new,False,True,1,"Nie, to nie jest reklamacja",1,"Nie, to nie jest reklamacja",True,,338.0,9.08e-05,2
Mistral Medium 3.1 (no reasoning),R19,reklamacja,new,True,True,0,"Tak, to reklamacja",0,"Tak, to reklamacja",True,,365.9,9.64e-05,2
Mistral Medium 3.1 (no reasoning),R20,reklamacja,new,False,True,1,"Nie, to nie jest reklamacja",1,"Nie, to nie jest reklamacja",True,,600.4,9.28e-05,2
Mistral Medium 3.1 (no reasoning),R21,reklamacja,new,False,True,0,"Tak, to reklamacja",0,"Tak, to reklamacja",True,,393.6,9.96e-05,2
Mistral Medium 3.1 (no reasoning),R22,reklamacja,new,True,True,1,"Nie, to nie jest reklamacja",1,"Nie, to nie jest reklamacja",True,,425.3,9.6e-05,2
Mistral Medium 3.1 (no reasoning),R23,reklamacja,new,False,True,0,"Tak, to reklamacja",0,"Tak, to reklamacja",True,,333.9,9.6e-05,2
Mistral Medium 3.1 (no reasoning),R24,reklamacja,new,False,True,1,"Nie, to nie jest reklamacja",1,"Nie, to nie jest reklamacja",True,,351.6,8.64e-05,2
Mistral Medium 3.1 (no reasoning),R25,reklamacja,new,False,True,0,"Tak, to reklamacja",0,"Tak, to reklamacja",True,,334.1,9.96e-05,2
Mistral Medium 3.1 (no reasoning),R26,reklamacja,new,True,True,1,"Nie, to nie jest reklamacja",1,"Nie, to nie jest reklamacja",True,,495.2,0.0001032,2
Mistral Medium 3.1 (no reasoning),R27,reklamacja,new,False,True,0,"Tak, to reklamacja",0,"Tak, to reklamacja",True,,443.7,9.64e-05,2
Mistral Medium 3.1 (no reasoning),R28,reklamacja,new,False,True,1,"Nie, to nie jest reklamacja",1,"Nie, to nie jest reklamacja",True,,388.3,8.84e-05,2
Mistral Medium 3.1 (no reasoning),R29,reklamacja,new,False,True,0,"Tak, to reklamacja",0,"Tak, to reklamacja",True,,450.6,8.8e-05,2
Mistral Medium 3.1 (no reasoning),R30,reklamacja,new,False,True,1,"Nie, to nie jest reklamacja",1,"Nie, to nie jest reklamacja",True,,420.6,9.44e-05,2
Mistral Medium 3.1 (no reasoning),R31,reklamacja,new,True,True,0,"Tak, to reklamacja",0,"Tak, to reklamacja",True,,431.8,9.68e-05,2
Mistral Medium 3.1 (no reasoning),R32,reklamacja,new,False,True,1,"Nie, to nie jest reklamacja",1,"Nie, to nie jest reklamacja",True,,342.3,9.12e-05,2
Mistral Medium 3.1 (no reasoning),R33,reklamacja,new,False,True,0,"Tak, to reklamacja",0,"Tak, to reklamacja",True,,319.1,9.52e-05,2
Mistral Medium 3.1 (no reasoning),R34,reklamacja,new,True,True,1,"Nie, to nie jest reklamacja",1,"Nie, to nie jest reklamacja",True,,348.7,9.44e-05,2
Mistral Medium 3.1 (no reasoning),R35,reklamacja,new,False,True,0,"Tak, to reklamacja",0,"Tak, to reklamacja",True,,494.9,0.0001032,2
Mistral Medium 3.1 (no reasoning),R36,reklamacja,new,False,True,1,"Nie, to nie jest reklamacja",1,"Nie, to nie jest reklamacja",True,,516.3,8.96e-05,2
Mistral Medium 3.1 (no reasoning),R37,reklamacja,new,False,True,0,"Tak, to reklamacja",0,"Tak, to reklamacja",True,,309.7,9.88e-05,2
Mistral Medium 3.1 (no reasoning),R38,reklamacja,new,False,True,1,"Nie, to nie jest reklamacja",1,"Nie, to nie jest reklamacja",True,,354.0,8.4e-05,2
Mistral Medium 3.1 (no reasoning),R39,reklamacja,new,True,True,0,"Tak, to reklamacja",0,"Tak, to reklamacja",True,,494.4,0.0001008,2
Mistral Medium 3.1 (no reasoning),R40,reklamacja,new,True,True,1,"Nie, to nie jest reklamacja",1,"Nie, to nie jest reklamacja",True,,302.5,9.52e-05,2
Mistral Medium 3.1 (no reasoning),D01,routing,exp01,False,True,2,Dostawa i logistyka,2,Dostawa i logistyka,True,,527.7,9.36e-05,2
Mistral Medium 3.1 (no reasoning),D02,routing,exp01,False,True,1,Faktury i płatności,1,Faktury i płatności,True,,402.6,9.88e-05,2
Mistral Medium 3.1 (no reasoning),D03,routing,exp01,False,True,3,Wsparcie techniczne,3,Wsparcie techniczne,True,,345.8,9.6e-05,2
Mistral Medium 3.1 (no reasoning),D04,routing,exp01,True,True,4,"Sprzedaż (oferty, ceny, nowe zamówienia)",4,"Sprzedaż (oferty, ceny, nowe zamówienia)",True,,380.7,0.0001008,2
Mistral Medium 3.1 (no reasoning),D05,routing,exp01,False,True,0,"Reklamacje (wady, uszkodzenia, niezgodność towaru z zamówieniem)",0,"Reklamacje (wady, uszkodzenia, niezgodność towaru z zamówieniem)",True,,971.2,9.16e-05,2
Mistral Medium 3.1 (no reasoning),D06,routing,exp01,False,True,1,Faktury i płatności,1,Faktury i płatności,True,,308.2,9.32e-05,2
Mistral Medium 3.1 (no reasoning),D07,routing,exp01,False,True,4,"Sprzedaż (oferty, ceny, nowe zamówienia)",4,"Sprzedaż (oferty, ceny, nowe zamówienia)",True,,368.3,9.16e-05,2
Mistral Medium 3.1 (no reasoning),D08,routing,exp01,True,True,2,Dostawa i logistyka,2,Dostawa i logistyka,True,,369.4,9.68e-05,2
Mistral Medium 3.1 (no reasoning),D09,routing,exp01,False,True,3,Wsparcie techniczne,3,Wsparcie techniczne,True,,838.2,9.32e-05,2
Mistral Medium 3.1 (no reasoning),D10,routing,exp01,False,True,0,"Reklamacje (wady, uszkodzenia, niezgodność towaru z zamówieniem)",0,"Reklamacje (wady, uszkodzenia, niezgodność towaru z zamówieniem)",True,,308.9,9.6e-05,2
Mistral Medium 3.1 (no reasoning),D11,routing,new,False,True,0,"Reklamacje (wady, uszkodzenia, niezgodność towaru z zamówieniem)",0,"Reklamacje (wady, uszkodzenia, niezgodność towaru z zamówieniem)",True,,413.2,8.72e-05,2
Mistral Medium 3.1 (no reasoning),D12,routing,new,True,True,0,"Reklamacje (wady, uszkodzenia, niezgodność towaru z zamówieniem)",0,"Reklamacje (wady, uszkodzenia, niezgodność towaru z zamówieniem)",True,,393.2,9e-05,2
Mistral Medium 3.1 (no reasoning),D13,routing,new,False,True,0,"Reklamacje (wady, uszkodzenia, niezgodność towaru z zamówieniem)",0,"Reklamacje (wady, uszkodzenia, niezgodność towaru z zamówieniem)",True,,391.5,9.08e-05,2
Mistral Medium 3.1 (no reasoning),D14,routing,new,True,True,0,"Reklamacje (wady, uszkodzenia, niezgodność towaru z zamówieniem)",0,"Reklamacje (wady, uszkodzenia, niezgodność towaru z zamówieniem)",True,,434.3,8.52e-05,2
Mistral Medium 3.1 (no reasoning),D15,routing,new,False,True,0,"Reklamacje (wady, uszkodzenia, niezgodność towaru z zamówieniem)",0,"Reklamacje (wady, uszkodzenia, niezgodność towaru z zamówieniem)",True,,444.9,8.8e-05,2
Mistral Medium 3.1 (no reasoning),D16,routing,new,True,True,0,"Reklamacje (wady, uszkodzenia, niezgodność towaru z zamówieniem)",0,"Reklamacje (wady, uszkodzenia, niezgodność towaru z zamówieniem)",True,,459.6,9.16e-05,2
Mistral Medium 3.1 (no reasoning),D17,routing,new,False,True,1,Faktury i płatności,1,Faktury i płatności,True,,379.3,8.4e-05,2
Mistral Medium 3.1 (no reasoning),D18,routing,new,False,True,1,Faktury i płatności,1,Faktury i płatności,True,,1150.2,8.48e-05,2
Mistral Medium 3.1 (no reasoning),D19,routing,new,True,True,1,Faktury i płatności,1,Faktury i płatności,True,,338.8,8.8e-05,2
Mistral Medium 3.1 (no reasoning),D20,routing,new,False,True,1,Faktury i płatności,1,Faktury i płatności,True,,407.5,8.44e-05,2
Mistral Medium 3.1 (no reasoning),D21,routing,new,False,True,1,Faktury i płatności,1,Faktury i płatności,True,,414.6,9.12e-05,2
Mistral Medium 3.1 (no reasoning),D22,routing,new,True,True,1,Faktury i płatności,1,Faktury i płatności,True,,433.9,8.92e-05,2
Mistral Medium 3.1 (no reasoning),D23,routing,new,False,True,2,Dostawa i logistyka,2,Dostawa i logistyka,True,,357.6,8.56e-05,2
Mistral Medium 3.1 (no reasoning),D24,routing,new,False,True,2,Dostawa i logistyka,2,Dostawa i logistyka,True,,383.7,8.56e-05,2
Mistral Medium 3.1 (no reasoning),D25,routing,new,True,True,2,Dostawa i logistyka,2,Dostawa i logistyka,True,,317.0,8.64e-05,2
Mistral Medium 3.1 (no reasoning),D26,routing,new,False,True,2,Dostawa i logistyka,2,Dostawa i logistyka,True,,457.7,8e-05,2
Mistral Medium 3.1 (no reasoning),D27,routing,new,False,True,2,Dostawa i logistyka,2,Dostawa i logistyka,True,,410.4,8.36e-05,2
Mistral Medium 3.1 (no reasoning),D28,routing,new,True,True,2,Dostawa i logistyka,2,Dostawa i logistyka,True,,355.0,8.56e-05,2
Mistral Medium 3.1 (no reasoning),D29,routing,new,False,True,3,Wsparcie techniczne,3,Wsparcie techniczne,True,,425.9,8.2e-05,2
Mistral Medium 3.1 (no reasoning),D30,routing,new,False,True,3,Wsparcie techniczne,3,Wsparcie techniczne,True,,362.9,8.88e-05,2
Mistral Medium 3.1 (no reasoning),D31,routing,new,False,True,3,Wsparcie techniczne,3,Wsparcie techniczne,True,,349.9,8.44e-05,2
Mistral Medium 3.1 (no reasoning),D32,routing,new,False,True,3,Wsparcie techniczne,3,Wsparcie techniczne,True,,330.6,8.68e-05,2
Mistral Medium 3.1 (no reasoning),D33,routing,new,False,True,3,Wsparcie techniczne,3,Wsparcie techniczne,True,,414.9,8.8e-05,2
Mistral Medium 3.1 (no reasoning),D34,routing,new,False,True,3,Wsparcie techniczne,3,Wsparcie techniczne,True,,373.5,9.32e-05,2
Mistral Medium 3.1 (no reasoning),D35,routing,new,False,True,4,"Sprzedaż (oferty, ceny, nowe zamówienia)",4,"Sprzedaż (oferty, ceny, nowe zamówienia)",True,,366.3,8.12e-05,2
Mistral Medium 3.1 (no reasoning),D36,routing,new,False,True,4,"Sprzedaż (oferty, ceny, nowe zamówienia)",4,"Sprzedaż (oferty, ceny, nowe zamówienia)",True,,383.9,8.84e-05,2
Mistral Medium 3.1 (no reasoning),D37,routing,new,True,True,4,"Sprzedaż (oferty, ceny, nowe zamówienia)",4,"Sprzedaż (oferty, ceny, nowe zamówienia)",True,,652.1,9.24e-05,2
Mistral Medium 3.1 (no reasoning),D38,routing,new,False,True,4,"Sprzedaż (oferty, ceny, nowe zamówienia)",4,"Sprzedaż (oferty, ceny, nowe zamówienia)",True,,504.5,8.32e-05,2
Mistral Medium 3.1 (no reasoning),D39,routing,new,True,True,4,"Sprzedaż (oferty, ceny, nowe zamówienia)",4,"Sprzedaż (oferty, ceny, nowe zamówienia)",True,,333.6,9.04e-05,2
Mistral Medium 3.1 (no reasoning),D40,routing,new,False,True,4,"Sprzedaż (oferty, ceny, nowe zamówienia)",4,"Sprzedaż (oferty, ceny, nowe zamówienia)",True,,369.1,8.76e-05,2
Mistral Medium 3.1 (no reasoning),E01,eskalacja,exp01,False,True,0,"Tak, eskalować do człowieka",0,"Tak, eskalować do człowieka",True,,424.7,0.0001112,2
Mistral Medium 3.1 (no reasoning),E02,eskalacja,exp01,False,True,1,"Nie, można obsłużyć automatycznie",1,"Nie, można obsłużyć automatycznie",True,,290.2,0.0001036,2
Mistral Medium 3.1 (no reasoning),E03,eskalacja,exp01,False,True,0,"Tak, eskalować do człowieka",0,"Tak, eskalować do człowieka",True,,423.1,0.000112,2
Mistral Medium 3.1 (no reasoning),E04,eskalacja,exp01,True,True,1,"Nie, można obsłużyć automatycznie",1,"Nie, można obsłużyć automatycznie",True,,361.4,0.0001028,2
Mistral Medium 3.1 (no reasoning),E05,eskalacja,exp01,False,True,0,"Tak, eskalować do człowieka",0,"Tak, eskalować do człowieka",True,,324.5,0.0001092,2
Mistral Medium 3.1 (no reasoning),E06,eskalacja,new,False,True,0,"Tak, eskalować do człowieka",0,"Tak, eskalować do człowieka",True,,363.8,0.000104,2
Mistral Medium 3.1 (no reasoning),E07,eskalacja,new,False,True,0,"Tak, eskalować do człowieka",0,"Tak, eskalować do człowieka",True,,400.1,0.0001156,2
Mistral Medium 3.1 (no reasoning),E08,eskalacja,new,False,True,0,"Tak, eskalować do człowieka",0,"Tak, eskalować do człowieka",True,,346.4,0.0001088,2
Mistral Medium 3.1 (no reasoning),E09,eskalacja,new,False,True,0,"Tak, eskalować do człowieka",0,"Tak, eskalować do człowieka",True,,355.3,0.0001048,2
Mistral Medium 3.1 (no reasoning),E10,eskalacja,new,True,True,0,"Tak, eskalować do człowieka",0,"Tak, eskalować do człowieka",True,,773.2,0.0001108,2
Mistral Medium 3.1 (no reasoning),E11,eskalacja,new,True,True,0,"Tak, eskalować do człowieka",0,"Tak, eskalować do człowieka",True,,444.0,0.0001012,2
Mistral Medium 3.1 (no reasoning),E12,eskalacja,new,False,True,0,"Tak, eskalować do człowieka",0,"Tak, eskalować do człowieka",True,,411.3,0.0001068,2
Mistral Medium 3.1 (no reasoning),E13,eskalacja,new,False,True,0,"Tak, eskalować do człowieka",0,"Tak, eskalować do człowieka",True,,351.5,0.000106,2
Mistral Medium 3.1 (no reasoning),E14,eskalacja,new,True,True,0,"Tak, eskalować do człowieka",0,"Tak, eskalować do człowieka",True,,320.7,0.0001096,2
Mistral Medium 3.1 (no reasoning),E15,eskalacja,new,False,True,0,"Tak, eskalować do człowieka",0,"Tak, eskalować do człowieka",True,,395.2,0.0001036,2
Mistral Medium 3.1 (no reasoning),E16,eskalacja,new,False,True,0,"Tak, eskalować do człowieka",0,"Tak, eskalować do człowieka",True,,516.0,0.0001084,2
Mistral Medium 3.1 (no reasoning),E17,eskalacja,new,False,True,0,"Tak, eskalować do człowieka",0,"Tak, eskalować do człowieka",True,,344.3,0.0001092,2
Mistral Medium 3.1 (no reasoning),E18,eskalacja,new,False,True,0,"Tak, eskalować do człowieka",0,"Tak, eskalować do człowieka",True,,430.8,0.0001056,2
Mistral Medium 3.1 (no reasoning),E19,eskalacja,new,False,True,0,"Tak, eskalować do człowieka",0,"Tak, eskalować do człowieka",True,,443.7,0.0001084,2
Mistral Medium 3.1 (no reasoning),E20,eskalacja,new,True,True,0,"Tak, eskalować do człowieka",0,"Tak, eskalować do człowieka",True,,709.5,0.0001196,2
Mistral Medium 3.1 (no reasoning),E21,eskalacja,new,False,True,0,"Tak, eskalować do człowieka",0,"Tak, eskalować do człowieka",True,,392.4,0.0001068,2
Mistral Medium 3.1 (no reasoning),E22,eskalacja,new,True,True,0,"Tak, eskalować do człowieka",0,"Tak, eskalować do człowieka",True,,328.9,9.84e-05,2
Mistral Medium 3.1 (no reasoning),E23,eskalacja,new,False,True,1,"Nie, można obsłużyć automatycznie",1,"Nie, można obsłużyć automatycznie",True,,392.8,0.0001028,2
Mistral Medium 3.1 (no reasoning),E24,eskalacja,new,False,True,1,"Nie, można obsłużyć automatycznie",1,"Nie, można obsłużyć automatycznie",True,,520.4,0.0001012,2
Mistral Medium 3.1 (no reasoning),E25,eskalacja,new,False,True,1,"Nie, można obsłużyć automatycznie",1,"Nie, można obsłużyć automatycznie",True,,412.2,9.92e-05,2
Mistral Medium 3.1 (no reasoning),E26,eskalacja,new,True,True,1,"Nie, można obsłużyć automatycznie",1,"Nie, można obsłużyć automatycznie",True,,396.9,0.0001084,2
Mistral Medium 3.1 (no reasoning),E27,eskalacja,new,False,True,1,"Nie, można obsłużyć automatycznie",1,"Nie, można obsłużyć automatycznie",True,,524.1,0.0001024,2
Mistral Medium 3.1 (no reasoning),E28,eskalacja,new,True,True,1,"Nie, można obsłużyć automatycznie",0,"Tak, eskalować do człowieka",False,,371.6,0.0001084,2
Mistral Medium 3.1 (no reasoning),E29,eskalacja,new,False,True,1,"Nie, można obsłużyć automatycznie",1,"Nie, można obsłużyć automatycznie",True,,439.2,0.0001012,2
Mistral Medium 3.1 (no reasoning),E30,eskalacja,new,False,True,1,"Nie, można obsłużyć automatycznie",1,"Nie, można obsłużyć automatycznie",True,,377.1,0.0001024,2
Mistral Medium 3.1 (no reasoning),E31,eskalacja,new,True,True,1,"Nie, można obsłużyć automatycznie",1,"Nie, można obsłużyć automatycznie",True,,420.6,9.96e-05,2
Mistral Medium 3.1 (no reasoning),E32,eskalacja,new,False,True,1,"Nie, można obsłużyć automatycznie",1,"Nie, można obsłużyć automatycznie",True,,413.0,0.0001036,2
Mistral Medium 3.1 (no reasoning),E33,eskalacja,new,False,True,1,"Nie, można obsłużyć automatycznie",1,"Nie, można obsłużyć automatycznie",True,,573.5,0.0001012,2
Mistral Medium 3.1 (no reasoning),E34,eskalacja,new,True,True,1,"Nie, można obsłużyć automatycznie",0,"Tak, eskalować do człowieka",False,,509.9,0.0001072,2
Mistral Medium 3.1 (no reasoning),E35,eskalacja,new,False,True,1,"Nie, można obsłużyć automatycznie",1,"Nie, można obsłużyć automatycznie",True,,364.5,9.96e-05,2
Mistral Medium 3.1 (no reasoning),E36,eskalacja,new,False,True,1,"Nie, można obsłużyć automatycznie",0,"Tak, eskalować do człowieka",False,,357.6,0.0001004,2
Mistral Medium 3.1 (no reasoning),E37,eskalacja,new,False,True,1,"Nie, można obsłużyć automatycznie",1,"Nie, można obsłużyć automatycznie",True,,384.2,9.72e-05,2
Mistral Medium 3.1 (no reasoning),E38,eskalacja,new,False,True,1,"Nie, można obsłużyć automatycznie",1,"Nie, można obsłużyć automatycznie",True,,411.2,0.0001016,2
Mistral Medium 3.1 (no reasoning),E39,eskalacja,new,False,True,1,"Nie, można obsłużyć automatycznie",1,"Nie, można obsłużyć automatycznie",True,,777.7,9.84e-05,2
Mistral Medium 3.1 (no reasoning),E40,eskalacja,new,False,True,1,"Nie, można obsłużyć automatycznie",1,"Nie, można obsłużyć automatycznie",True,,420.1,9.72e-05,2
Mistral Medium 3.1 (no reasoning),K01,kompletnosc,exp01,False,True,0,"Tak, zgłoszenie jest kompletne",1,"Nie, zgłoszeniu czegoś brakuje",False,,415.2,0.0001128,2
Mistral Medium 3.1 (no reasoning),K02,kompletnosc,exp01,False,True,1,"Nie, zgłoszeniu czegoś brakuje",1,"Nie, zgłoszeniu czegoś brakuje",True,,372.2,0.00012,2
Mistral Medium 3.1 (no reasoning),K03,kompletnosc,exp01,True,True,1,"Nie, zgłoszeniu czegoś brakuje",1,"Nie, zgłoszeniu czegoś brakuje",True,,381.4,0.0001096,2
Mistral Medium 3.1 (no reasoning),K04,kompletnosc,exp01,False,True,0,"Tak, zgłoszenie jest kompletne",0,"Tak, zgłoszenie jest kompletne",True,,443.8,0.0001244,2
Mistral Medium 3.1 (no reasoning),K05,kompletnosc,exp01,False,True,1,"Nie, zgłoszeniu czegoś brakuje",1,"Nie, zgłoszeniu czegoś brakuje",True,,388.2,0.0001092,2
Mistral Medium 3.1 (no reasoning),K06,kompletnosc,new,False,True,0,"Tak, zgłoszenie jest kompletne",1,"Nie, zgłoszeniu czegoś brakuje",False,,398.8,0.0001084,2
Mistral Medium 3.1 (no reasoning),K07,kompletnosc,new,True,True,1,"Nie, zgłoszeniu czegoś brakuje",1,"Nie, zgłoszeniu czegoś brakuje",True,,353.9,0.0001076,2
Mistral Medium 3.1 (no reasoning),K08,kompletnosc,new,True,True,0,"Tak, zgłoszenie jest kompletne",0,"Tak, zgłoszenie jest kompletne",True,,356.2,0.0001108,2
Mistral Medium 3.1 (no reasoning),K09,kompletnosc,new,False,True,1,"Nie, zgłoszeniu czegoś brakuje",1,"Nie, zgłoszeniu czegoś brakuje",True,,376.0,0.0001012,2
Mistral Medium 3.1 (no reasoning),K10,kompletnosc,new,False,True,0,"Tak, zgłoszenie jest kompletne",0,"Tak, zgłoszenie jest kompletne",True,,394.4,0.0001216,2
Mistral Medium 3.1 (no reasoning),K11,kompletnosc,new,True,True,1,"Nie, zgłoszeniu czegoś brakuje",1,"Nie, zgłoszeniu czegoś brakuje",True,,374.4,0.0001072,2
Mistral Medium 3.1 (no reasoning),K12,kompletnosc,new,False,True,0,"Tak, zgłoszenie jest kompletne",0,"Tak, zgłoszenie jest kompletne",True,,438.8,0.000102,2
Mistral Medium 3.1 (no reasoning),K13,kompletnosc,new,False,True,1,"Nie, zgłoszeniu czegoś brakuje",1,"Nie, zgłoszeniu czegoś brakuje",True,,321.2,9.28e-05,2
Mistral Medium 3.1 (no reasoning),K14,kompletnosc,new,False,True,1,"Nie, zgłoszeniu czegoś brakuje",1,"Nie, zgłoszeniu czegoś brakuje",True,,471.9,9.24e-05,2
Mistral Medium 3.1 (no reasoning),K15,kompletnosc,new,False,True,0,"Tak, zgłoszenie jest kompletne",0,"Tak, zgłoszenie jest kompletne",True,,454.8,0.000102,2
Mistral Medium 3.1 (no reasoning),K16,kompletnosc,new,True,True,1,"Nie, zgłoszeniu czegoś brakuje",1,"Nie, zgłoszeniu czegoś brakuje",True,,446.0,9.56e-05,2
Mistral Medium 3.1 (no reasoning),K17,kompletnosc,new,False,True,0,"Tak, zgłoszenie jest kompletne",0,"Tak, zgłoszenie jest kompletne",True,,432.4,9.08e-05,2
Mistral Medium 3.1 (no reasoning),K18,kompletnosc,new,True,True,1,"Nie, zgłoszeniu czegoś brakuje",1,"Nie, zgłoszeniu czegoś brakuje",True,,330.0,8.8e-05,2
Mistral Medium 3.1 (no reasoning),K19,kompletnosc,new,False,True,1,"Nie, zgłoszeniu czegoś brakuje",1,"Nie, zgłoszeniu czegoś brakuje",True,,333.1,9e-05,2
Mistral Medium 3.1 (no reasoning),K20,kompletnosc,new,True,True,0,"Tak, zgłoszenie jest kompletne",0,"Tak, zgłoszenie jest kompletne",True,,357.2,9.12e-05,2
Mistral Medium 3.1 (no reasoning),K21,kompletnosc,new,False,True,0,"Tak, zgłoszenie jest kompletne",0,"Tak, zgłoszenie jest kompletne",True,,385.3,0.0001264,2
Mistral Medium 3.1 (no reasoning),K22,kompletnosc,new,True,True,0,"Tak, zgłoszenie jest kompletne",1,"Nie, zgłoszeniu czegoś brakuje",False,,547.7,0.0001208,2
Mistral Medium 3.1 (no reasoning),K23,kompletnosc,new,True,True,1,"Nie, zgłoszeniu czegoś brakuje",1,"Nie, zgłoszeniu czegoś brakuje",True,,392.8,0.0001192,2
Mistral Medium 3.1 (no reasoning),K24,kompletnosc,new,False,True,1,"Nie, zgłoszeniu czegoś brakuje",1,"Nie, zgłoszeniu czegoś brakuje",True,,914.0,0.0001124,2
Mistral Medium 3.1 (no reasoning),K25,kompletnosc,new,False,True,0,"Tak, zgłoszenie jest kompletne",0,"Tak, zgłoszenie jest kompletne",True,,398.9,0.00013,2
Mistral Medium 3.1 (no reasoning),K26,kompletnosc,new,False,True,1,"Nie, zgłoszeniu czegoś brakuje",1,"Nie, zgłoszeniu czegoś brakuje",True,,358.9,0.0001152,2
Mistral Medium 3.1 (no reasoning),K27,kompletnosc,new,False,True,0,"Tak, zgłoszenie jest kompletne",0,"Tak, zgłoszenie jest kompletne",True,,535.6,0.0001232,2
Mistral Medium 3.1 (no reasoning),K28,kompletnosc,new,True,True,1,"Nie, zgłoszeniu czegoś brakuje",1,"Nie, zgłoszeniu czegoś brakuje",True,,510.6,0.0001164,2
Mistral Medium 3.1 (no reasoning),K29,kompletnosc,new,True,True,0,"Tak, zgłoszenie jest kompletne",0,"Tak, zgłoszenie jest kompletne",True,,451.6,0.0001204,2
Mistral Medium 3.1 (no reasoning),K30,kompletnosc,new,False,True,1,"Nie, zgłoszeniu czegoś brakuje",1,"Nie, zgłoszeniu czegoś brakuje",True,,399.0,0.0001152,2
Mistral Medium 3.1 (no reasoning),K31,kompletnosc,new,False,True,1,"Nie, zgłoszeniu czegoś brakuje",1,"Nie, zgłoszeniu czegoś brakuje",True,,409.2,0.0001144,2
Mistral Medium 3.1 (no reasoning),K32,kompletnosc,new,False,True,0,"Tak, zgłoszenie jest kompletne",0,"Tak, zgłoszenie jest kompletne",True,,944.6,0.0001224,2
Mistral Medium 3.1 (no reasoning),K33,kompletnosc,new,True,True,0,"Tak, zgłoszenie jest kompletne",0,"Tak, zgłoszenie jest kompletne",True,,391.3,0.0001104,2
Mistral Medium 3.1 (no reasoning),K34,kompletnosc,new,True,True,1,"Nie, zgłoszeniu czegoś brakuje",1,"Nie, zgłoszeniu czegoś brakuje",True,,631.2,0.0001052,2
Mistral Medium 3.1 (no reasoning),K35,kompletnosc,new,False,True,0,"Tak, zgłoszenie jest kompletne",0,"Tak, zgłoszenie jest kompletne",True,,350.2,0.0001212,2
Mistral Medium 3.1 (no reasoning),K36,kompletnosc,new,False,True,1,"Nie, zgłoszeniu czegoś brakuje",1,"Nie, zgłoszeniu czegoś brakuje",True,,334.9,0.0001156,2
Mistral Medium 3.1 (no reasoning),K37,kompletnosc,new,True,True,0,"Tak, zgłoszenie jest kompletne",1,"Nie, zgłoszeniu czegoś brakuje",False,,424.7,0.000106,2
Mistral Medium 3.1 (no reasoning),K38,kompletnosc,new,True,True,1,"Nie, zgłoszeniu czegoś brakuje",1,"Nie, zgłoszeniu czegoś brakuje",True,,352.7,0.0001048,2
Mistral Medium 3.1 (no reasoning),K39,kompletnosc,new,False,False,0,"Tak, zgłoszenie jest kompletne",0,"Tak, zgłoszenie jest kompletne",True,,360.9,0.0001084,2
Mistral Medium 3.1 (no reasoning),K40,kompletnosc,new,False,True,1,"Nie, zgłoszeniu czegoś brakuje",1,"Nie, zgłoszeniu czegoś brakuje",True,,431.5,9.56e-05,2
Mistral Medium 3.1 (no reasoning),S01,irytacja,new,False,True,0,Spokojny (brak irytacji),0,Spokojny (brak irytacji),True,,421.9,7.6e-05,2
Mistral Medium 3.1 (no reasoning),S02,irytacja,new,False,True,0,Spokojny (brak irytacji),0,Spokojny (brak irytacji),True,,411.9,7.48e-05,2
Mistral Medium 3.1 (no reasoning),S03,irytacja,new,True,True,0,Spokojny (brak irytacji),0,Spokojny (brak irytacji),True,,434.3,7.72e-05,2
Mistral Medium 3.1 (no reasoning),S04,irytacja,new,False,True,0,Spokojny (brak irytacji),0,Spokojny (brak irytacji),True,,830.8,7.28e-05,2
Mistral Medium 3.1 (no reasoning),S05,irytacja,new,True,True,0,Spokojny (brak irytacji),0,Spokojny (brak irytacji),True,,351.3,7.8e-05,2
Mistral Medium 3.1 (no reasoning),S06,irytacja,new,False,True,0,Spokojny (brak irytacji),0,Spokojny (brak irytacji),True,,354.4,6.76e-05,2
Mistral Medium 3.1 (no reasoning),S07,irytacja,new,False,True,0,Spokojny (brak irytacji),0,Spokojny (brak irytacji),True,,493.3,6.8e-05,2
Mistral Medium 3.1 (no reasoning),S08,irytacja,new,False,True,1,Lekko zirytowany,1,Lekko zirytowany,True,,561.4,8e-05,2
Mistral Medium 3.1 (no reasoning),S09,irytacja,new,False,True,1,Lekko zirytowany,1,Lekko zirytowany,True,,560.2,7.48e-05,2
Mistral Medium 3.1 (no reasoning),S10,irytacja,new,True,True,1,Lekko zirytowany,1,Lekko zirytowany,True,,385.9,7.4e-05,2
Mistral Medium 3.1 (no reasoning),S11,irytacja,new,False,True,1,Lekko zirytowany,1,Lekko zirytowany,True,,379.7,7.2e-05,2
Mistral Medium 3.1 (no reasoning),S12,irytacja,new,False,True,1,Lekko zirytowany,1,Lekko zirytowany,True,,329.7,7.28e-05,2
Mistral Medium 3.1 (no reasoning),S13,irytacja,new,True,True,1,Lekko zirytowany,1,Lekko zirytowany,True,,494.1,8.08e-05,2
Mistral Medium 3.1 (no reasoning),S14,irytacja,new,False,False,1,Lekko zirytowany,2,Bardzo zirytowany,False,,399.6,7.16e-05,2
Mistral Medium 3.1 (no reasoning),S15,irytacja,new,False,True,2,Bardzo zirytowany,2,Bardzo zirytowany,True,,512.3,7.6e-05,2
Mistral Medium 3.1 (no reasoning),S16,irytacja,new,True,True,2,Bardzo zirytowany,2,Bardzo zirytowany,True,,288.3,7.96e-05,2
Mistral Medium 3.1 (no reasoning),S17,irytacja,new,False,True,2,Bardzo zirytowany,2,Bardzo zirytowany,True,,329.2,7.76e-05,2
Mistral Medium 3.1 (no reasoning),S18,irytacja,new,False,True,2,Bardzo zirytowany,2,Bardzo zirytowany,True,,291.4,7.4e-05,2
Mistral Medium 3.1 (no reasoning),S19,irytacja,new,True,True,2,Bardzo zirytowany,2,Bardzo zirytowany,True,,389.2,8.72e-05,2
Mistral Medium 3.1 (no reasoning),S20,irytacja,new,False,True,2,Bardzo zirytowany,2,Bardzo zirytowany,True,,570.5,7.6e-05,2
Mistral Medium 3.1 (no reasoning),P01,phishing,new,False,True,0,"Tak, to próba oszustwa lub phishingu",0,"Tak, to próba oszustwa lub phishingu",True,,714.4,0.0001076,2
Mistral Medium 3.1 (no reasoning),P02,phishing,new,False,True,0,"Tak, to próba oszustwa lub phishingu",0,"Tak, to próba oszustwa lub phishingu",True,,346.9,0.0001052,2
Mistral Medium 3.1 (no reasoning),P03,phishing,new,False,True,0,"Tak, to próba oszustwa lub phishingu",0,"Tak, to próba oszustwa lub phishingu",True,,326.5,0.0001284,2
Mistral Medium 3.1 (no reasoning),P04,phishing,new,True,True,0,"Tak, to próba oszustwa lub phishingu",0,"Tak, to próba oszustwa lub phishingu",True,,356.7,0.0001312,2
Mistral Medium 3.1 (no reasoning),P05,phishing,new,False,True,0,"Tak, to próba oszustwa lub phishingu",0,"Tak, to próba oszustwa lub phishingu",True,,402.6,0.0001072,2
Mistral Medium 3.1 (no reasoning),P06,phishing,new,False,True,0,"Tak, to próba oszustwa lub phishingu",0,"Tak, to próba oszustwa lub phishingu",True,,387.0,0.0001084,2
Mistral Medium 3.1 (no reasoning),P07,phishing,new,False,True,0,"Tak, to próba oszustwa lub phishingu",0,"Tak, to próba oszustwa lub phishingu",True,,336.4,0.0001084,2
Mistral Medium 3.1 (no reasoning),P08,phishing,new,False,True,0,"Tak, to próba oszustwa lub phishingu",0,"Tak, to próba oszustwa lub phishingu",True,,386.1,0.0001004,2
Mistral Medium 3.1 (no reasoning),P09,phishing,new,True,True,0,"Tak, to próba oszustwa lub phishingu",0,"Tak, to próba oszustwa lub phishingu",True,,390.8,0.0001084,2
Mistral Medium 3.1 (no reasoning),P10,phishing,new,False,True,0,"Tak, to próba oszustwa lub phishingu",0,"Tak, to próba oszustwa lub phishingu",True,,533.3,0.0001112,2
Mistral Medium 3.1 (no reasoning),P11,phishing,new,True,True,1,"Nie, to zwykła, uczciwa wiadomość",1,"Nie, to zwykła, uczciwa wiadomość",True,,1149.9,0.0001168,2
Mistral Medium 3.1 (no reasoning),P12,phishing,new,True,True,1,"Nie, to zwykła, uczciwa wiadomość",1,"Nie, to zwykła, uczciwa wiadomość",True,,405.4,0.0001072,2
Mistral Medium 3.1 (no reasoning),P13,phishing,new,True,True,1,"Nie, to zwykła, uczciwa wiadomość",1,"Nie, to zwykła, uczciwa wiadomość",True,,384.9,0.000122,2
Mistral Medium 3.1 (no reasoning),P14,phishing,new,False,True,1,"Nie, to zwykła, uczciwa wiadomość",1,"Nie, to zwykła, uczciwa wiadomość",True,,597.5,0.00011,2
Mistral Medium 3.1 (no reasoning),P15,phishing,new,True,True,1,"Nie, to zwykła, uczciwa wiadomość",1,"Nie, to zwykła, uczciwa wiadomość",True,,383.7,0.0001184,2
Mistral Medium 3.1 (no reasoning),P16,phishing,new,False,True,1,"Nie, to zwykła, uczciwa wiadomość",1,"Nie, to zwykła, uczciwa wiadomość",True,,567.2,9.72e-05,2
Mistral Medium 3.1 (no reasoning),P17,phishing,new,False,True,1,"Nie, to zwykła, uczciwa wiadomość",1,"Nie, to zwykła, uczciwa wiadomość",True,,534.5,0.0001072,2
Mistral Medium 3.1 (no reasoning),P18,phishing,new,True,True,1,"Nie, to zwykła, uczciwa wiadomość",0,"Tak, to próba oszustwa lub phishingu",False,,290.6,0.0001044,2
Mistral Medium 3.1 (no reasoning),P19,phishing,new,True,True,1,"Nie, to zwykła, uczciwa wiadomość",1,"Nie, to zwykła, uczciwa wiadomość",True,,408.6,0.0001016,2
Mistral Medium 3.1 (no reasoning),P20,phishing,new,False,True,1,"Nie, to zwykła, uczciwa wiadomość",1,"Nie, to zwykła, uczciwa wiadomość",True,,313.9,0.0001048,2
Qwen3-14B thinking (local MLX 4-bit),R01,reklamacja,exp01,False,True,0,"Tak, to reklamacja",0,"Tak, to reklamacja",True,,3890.3,0.0,221
Qwen3-14B thinking (local MLX 4-bit),R02,reklamacja,exp01,False,True,1,"Nie, to nie jest reklamacja",1,"Nie, to nie jest reklamacja",True,,2762.1,0.0,154
Qwen3-14B thinking (local MLX 4-bit),R03,reklamacja,exp01,True,True,0,"Tak, to reklamacja",0,"Tak, to reklamacja",True,,3757.0,0.0,211
Qwen3-14B thinking (local MLX 4-bit),R04,reklamacja,exp01,True,True,0,"Tak, to reklamacja",0,"Tak, to reklamacja",True,,4037.2,0.0,228
Qwen3-14B thinking (local MLX 4-bit),R05,reklamacja,exp01,False,True,1,"Nie, to nie jest reklamacja",1,"Nie, to nie jest reklamacja",True,,3161.3,0.0,175
Qwen3-14B thinking (local MLX 4-bit),R06,reklamacja,exp01,False,True,0,"Tak, to reklamacja",0,"Tak, to reklamacja",True,,4626.1,0.0,264
Qwen3-14B thinking (local MLX 4-bit),R07,reklamacja,exp01,True,True,1,"Nie, to nie jest reklamacja",1,"Nie, to nie jest reklamacja",True,,3588.5,0.0,201
Qwen3-14B thinking (local MLX 4-bit),R08,reklamacja,exp01,False,True,0,"Tak, to reklamacja",0,"Tak, to reklamacja",True,,3421.9,0.0,189
Qwen3-14B thinking (local MLX 4-bit),R09,reklamacja,exp01,True,True,1,"Nie, to nie jest reklamacja",1,"Nie, to nie jest reklamacja",True,,4940.3,0.0,283
Qwen3-14B thinking (local MLX 4-bit),R10,reklamacja,exp01,False,True,1,"Nie, to nie jest reklamacja",1,"Nie, to nie jest reklamacja",True,,3776.2,0.0,212
Qwen3-14B thinking (local MLX 4-bit),R11,reklamacja,new,False,True,0,"Tak, to reklamacja",0,"Tak, to reklamacja",True,,3507.3,0.0,196
Qwen3-14B thinking (local MLX 4-bit),R12,reklamacja,new,False,True,1,"Nie, to nie jest reklamacja",1,"Nie, to nie jest reklamacja",True,,3849.1,0.0,218
Qwen3-14B thinking (local MLX 4-bit),R13,reklamacja,new,True,True,0,"Tak, to reklamacja",0,"Tak, to reklamacja",True,,3907.5,0.0,218
Qwen3-14B thinking (local MLX 4-bit),R14,reklamacja,new,True,True,1,"Nie, to nie jest reklamacja",1,"Nie, to nie jest reklamacja",True,,4993.4,0.0,287
Qwen3-14B thinking (local MLX 4-bit),R15,reklamacja,new,False,True,0,"Tak, to reklamacja",0,"Tak, to reklamacja",True,,4594.3,0.0,262
Qwen3-14B thinking (local MLX 4-bit),R16,reklamacja,new,False,True,1,"Nie, to nie jest reklamacja",1,"Nie, to nie jest reklamacja",True,,3844.2,0.0,218
Qwen3-14B thinking (local MLX 4-bit),R17,reklamacja,new,False,True,0,"Tak, to reklamacja",0,"Tak, to reklamacja",True,,3158.9,0.0,177
Qwen3-14B thinking (local MLX 4-bit),R18,reklamacja,new,False,True,1,"Nie, to nie jest reklamacja",1,"Nie, to nie jest reklamacja",True,,2963.6,0.0,163
Qwen3-14B thinking (local MLX 4-bit),R19,reklamacja,new,True,True,0,"Tak, to reklamacja",0,"Tak, to reklamacja",True,,3691.4,0.0,209
Qwen3-14B thinking (local MLX 4-bit),R20,reklamacja,new,False,True,1,"Nie, to nie jest reklamacja",1,"Nie, to nie jest reklamacja",True,,2373.0,0.0,130
Qwen3-14B thinking (local MLX 4-bit),R21,reklamacja,new,False,True,0,"Tak, to reklamacja",0,"Tak, to reklamacja",True,,4518.4,0.0,259
Qwen3-14B thinking (local MLX 4-bit),R22,reklamacja,new,True,True,1,"Nie, to nie jest reklamacja",1,"Nie, to nie jest reklamacja",True,,3995.8,0.0,229
Qwen3-14B thinking (local MLX 4-bit),R23,reklamacja,new,False,True,0,"Tak, to reklamacja",0,"Tak, to reklamacja",True,,3446.1,0.0,194
Qwen3-14B thinking (local MLX 4-bit),R24,reklamacja,new,False,True,1,"Nie, to nie jest reklamacja",1,"Nie, to nie jest reklamacja",True,,3980.5,0.0,228
Qwen3-14B thinking (local MLX 4-bit),R25,reklamacja,new,False,True,0,"Tak, to reklamacja",0,"Tak, to reklamacja",True,,8587.8,0.0,502
Qwen3-14B thinking (local MLX 4-bit),R26,reklamacja,new,True,True,1,"Nie, to nie jest reklamacja",1,"Nie, to nie jest reklamacja",True,,4117.0,0.0,233
Qwen3-14B thinking (local MLX 4-bit),R27,reklamacja,new,False,True,0,"Tak, to reklamacja",0,"Tak, to reklamacja",True,,3800.0,0.0,215
Qwen3-14B thinking (local MLX 4-bit),R28,reklamacja,new,False,True,1,"Nie, to nie jest reklamacja",1,"Nie, to nie jest reklamacja",True,,4874.7,0.0,281
Qwen3-14B thinking (local MLX 4-bit),R29,reklamacja,new,False,True,0,"Tak, to reklamacja",0,"Tak, to reklamacja",True,,4161.0,0.0,239
Qwen3-14B thinking (local MLX 4-bit),R30,reklamacja,new,False,True,1,"Nie, to nie jest reklamacja",1,"Nie, to nie jest reklamacja",True,,3276.5,0.0,185
Qwen3-14B thinking (local MLX 4-bit),R31,reklamacja,new,True,True,0,"Tak, to reklamacja",0,"Tak, to reklamacja",True,,8598.9,0.0,506
Qwen3-14B thinking (local MLX 4-bit),R32,reklamacja,new,False,True,1,"Nie, to nie jest reklamacja",1,"Nie, to nie jest reklamacja",True,,3401.0,0.0,193
Qwen3-14B thinking (local MLX 4-bit),R33,reklamacja,new,False,True,0,"Tak, to reklamacja",0,"Tak, to reklamacja",True,,4384.9,0.0,250
Qwen3-14B thinking (local MLX 4-bit),R34,reklamacja,new,True,True,1,"Nie, to nie jest reklamacja",1,"Nie, to nie jest reklamacja",True,,2806.2,0.0,157
Qwen3-14B thinking (local MLX 4-bit),R35,reklamacja,new,False,True,0,"Tak, to reklamacja",0,"Tak, to reklamacja",True,,4028.5,0.0,231
Qwen3-14B thinking (local MLX 4-bit),R36,reklamacja,new,False,True,1,"Nie, to nie jest reklamacja",1,"Nie, to nie jest reklamacja",True,,3256.4,0.0,184
Qwen3-14B thinking (local MLX 4-bit),R37,reklamacja,new,False,True,0,"Tak, to reklamacja",0,"Tak, to reklamacja",True,,5213.8,0.0,304
Qwen3-14B thinking (local MLX 4-bit),R38,reklamacja,new,False,True,1,"Nie, to nie jest reklamacja",1,"Nie, to nie jest reklamacja",True,,3590.2,0.0,198
Qwen3-14B thinking (local MLX 4-bit),R39,reklamacja,new,True,True,0,"Tak, to reklamacja",0,"Tak, to reklamacja",True,,3202.1,0.0,181
Qwen3-14B thinking (local MLX 4-bit),R40,reklamacja,new,True,True,1,"Nie, to nie jest reklamacja",1,"Nie, to nie jest reklamacja",True,,4834.9,0.0,281
Qwen3-14B thinking (local MLX 4-bit),D01,routing,exp01,False,True,2,Dostawa i logistyka,2,Dostawa i logistyka,True,,4848.6,0.0,282
Qwen3-14B thinking (local MLX 4-bit),D02,routing,exp01,False,True,1,Faktury i płatności,1,Faktury i płatności,True,,4634.4,0.0,269
Qwen3-14B thinking (local MLX 4-bit),D03,routing,exp01,False,True,3,Wsparcie techniczne,3,Wsparcie techniczne,True,,3363.4,0.0,186
Qwen3-14B thinking (local MLX 4-bit),D04,routing,exp01,True,True,4,"Sprzedaż (oferty, ceny, nowe zamówienia)",4,"Sprzedaż (oferty, ceny, nowe zamówienia)",True,,3041.1,0.0,168
Qwen3-14B thinking (local MLX 4-bit),D05,routing,exp01,False,True,0,"Reklamacje (wady, uszkodzenia, niezgodność towaru z zamówieniem)",0,"Reklamacje (wady, uszkodzenia, niezgodność towaru z zamówieniem)",True,,6044.1,0.0,353
Qwen3-14B thinking (local MLX 4-bit),D06,routing,exp01,False,True,1,Faktury i płatności,1,Faktury i płatności,True,,9476.7,0.0,556
Qwen3-14B thinking (local MLX 4-bit),D07,routing,exp01,False,True,4,"Sprzedaż (oferty, ceny, nowe zamówienia)",3,Wsparcie techniczne,False,,8161.4,0.0,477
Qwen3-14B thinking (local MLX 4-bit),D08,routing,exp01,True,True,2,Dostawa i logistyka,2,Dostawa i logistyka,True,,4745.4,0.0,271
Qwen3-14B thinking (local MLX 4-bit),D09,routing,exp01,False,True,3,Wsparcie techniczne,3,Wsparcie techniczne,True,,3576.0,0.0,202
Qwen3-14B thinking (local MLX 4-bit),D10,routing,exp01,False,True,0,"Reklamacje (wady, uszkodzenia, niezgodność towaru z zamówieniem)",0,"Reklamacje (wady, uszkodzenia, niezgodność towaru z zamówieniem)",True,,3756.0,0.0,211
Qwen3-14B thinking (local MLX 4-bit),D11,routing,new,False,True,0,"Reklamacje (wady, uszkodzenia, niezgodność towaru z zamówieniem)",0,"Reklamacje (wady, uszkodzenia, niezgodność towaru z zamówieniem)",True,,3140.4,0.0,176
Qwen3-14B thinking (local MLX 4-bit),D12,routing,new,True,True,0,"Reklamacje (wady, uszkodzenia, niezgodność towaru z zamówieniem)",0,"Reklamacje (wady, uszkodzenia, niezgodność towaru z zamówieniem)",True,,6222.4,0.0,363
Qwen3-14B thinking (local MLX 4-bit),D13,routing,new,False,True,0,"Reklamacje (wady, uszkodzenia, niezgodność towaru z zamówieniem)",0,"Reklamacje (wady, uszkodzenia, niezgodność towaru z zamówieniem)",True,,5352.4,0.0,310
Qwen3-14B thinking (local MLX 4-bit),D14,routing,new,True,True,0,"Reklamacje (wady, uszkodzenia, niezgodność towaru z zamówieniem)",0,"Reklamacje (wady, uszkodzenia, niezgodność towaru z zamówieniem)",True,,5272.8,0.0,306
Qwen3-14B thinking (local MLX 4-bit),D15,routing,new,False,True,0,"Reklamacje (wady, uszkodzenia, niezgodność towaru z zamówieniem)",0,"Reklamacje (wady, uszkodzenia, niezgodność towaru z zamówieniem)",True,,4390.2,0.0,250
Qwen3-14B thinking (local MLX 4-bit),D16,routing,new,True,True,0,"Reklamacje (wady, uszkodzenia, niezgodność towaru z zamówieniem)",0,"Reklamacje (wady, uszkodzenia, niezgodność towaru z zamówieniem)",True,,4756.8,0.0,276
Qwen3-14B thinking (local MLX 4-bit),D17,routing,new,False,True,1,Faktury i płatności,1,Faktury i płatności,True,,4274.2,0.0,246
Qwen3-14B thinking (local MLX 4-bit),D18,routing,new,False,True,1,Faktury i płatności,1,Faktury i płatności,True,,5531.3,0.0,323
Qwen3-14B thinking (local MLX 4-bit),D19,routing,new,True,True,1,Faktury i płatności,1,Faktury i płatności,True,,3895.7,0.0,220
Qwen3-14B thinking (local MLX 4-bit),D20,routing,new,False,True,1,Faktury i płatności,1,Faktury i płatności,True,,4191.7,0.0,242
Qwen3-14B thinking (local MLX 4-bit),D21,routing,new,False,True,1,Faktury i płatności,1,Faktury i płatności,True,,3731.2,0.0,210
Qwen3-14B thinking (local MLX 4-bit),D22,routing,new,True,True,1,Faktury i płatności,3,Wsparcie techniczne,False,,4217.4,0.0,244
Qwen3-14B thinking (local MLX 4-bit),D23,routing,new,False,True,2,Dostawa i logistyka,2,Dostawa i logistyka,True,,3419.7,0.0,192
Qwen3-14B thinking (local MLX 4-bit),D24,routing,new,False,True,2,Dostawa i logistyka,2,Dostawa i logistyka,True,,3996.4,0.0,227
Qwen3-14B thinking (local MLX 4-bit),D25,routing,new,True,True,2,Dostawa i logistyka,2,Dostawa i logistyka,True,,3577.7,0.0,202
Qwen3-14B thinking (local MLX 4-bit),D26,routing,new,False,True,2,Dostawa i logistyka,2,Dostawa i logistyka,True,,2912.7,0.0,166
Qwen3-14B thinking (local MLX 4-bit),D27,routing,new,False,True,2,Dostawa i logistyka,2,Dostawa i logistyka,True,,2345.4,0.0,129
Qwen3-14B thinking (local MLX 4-bit),D28,routing,new,True,True,2,Dostawa i logistyka,2,Dostawa i logistyka,True,,7920.5,0.0,463
Qwen3-14B thinking (local MLX 4-bit),D29,routing,new,False,True,3,Wsparcie techniczne,3,Wsparcie techniczne,True,,4348.4,0.0,251
Qwen3-14B thinking (local MLX 4-bit),D30,routing,new,False,True,3,Wsparcie techniczne,3,Wsparcie techniczne,True,,3007.1,0.0,168
Qwen3-14B thinking (local MLX 4-bit),D31,routing,new,False,True,3,Wsparcie techniczne,3,Wsparcie techniczne,True,,3783.3,0.0,215
Qwen3-14B thinking (local MLX 4-bit),D32,routing,new,False,True,3,Wsparcie techniczne,3,Wsparcie techniczne,True,,4452.2,0.0,257
Qwen3-14B thinking (local MLX 4-bit),D33,routing,new,False,True,3,Wsparcie techniczne,3,Wsparcie techniczne,True,,2898.1,0.0,160
Qwen3-14B thinking (local MLX 4-bit),D34,routing,new,False,True,3,Wsparcie techniczne,3,Wsparcie techniczne,True,,2834.9,0.0,158
Qwen3-14B thinking (local MLX 4-bit),D35,routing,new,False,True,4,"Sprzedaż (oferty, ceny, nowe zamówienia)",4,"Sprzedaż (oferty, ceny, nowe zamówienia)",True,,3471.0,0.0,200
Qwen3-14B thinking (local MLX 4-bit),D36,routing,new,False,True,4,"Sprzedaż (oferty, ceny, nowe zamówienia)",4,"Sprzedaż (oferty, ceny, nowe zamówienia)",True,,3478.2,0.0,196
Qwen3-14B thinking (local MLX 4-bit),D37,routing,new,True,True,4,"Sprzedaż (oferty, ceny, nowe zamówienia)",4,"Sprzedaż (oferty, ceny, nowe zamówienia)",True,,3448.3,0.0,195
Qwen3-14B thinking (local MLX 4-bit),D38,routing,new,False,True,4,"Sprzedaż (oferty, ceny, nowe zamówienia)",4,"Sprzedaż (oferty, ceny, nowe zamówienia)",True,,3052.5,0.0,173
Qwen3-14B thinking (local MLX 4-bit),D39,routing,new,True,True,4,"Sprzedaż (oferty, ceny, nowe zamówienia)",4,"Sprzedaż (oferty, ceny, nowe zamówienia)",True,,3255.7,0.0,183
Qwen3-14B thinking (local MLX 4-bit),D40,routing,new,False,True,4,"Sprzedaż (oferty, ceny, nowe zamówienia)",4,"Sprzedaż (oferty, ceny, nowe zamówienia)",True,,3723.1,0.0,211
Qwen3-14B thinking (local MLX 4-bit),E01,eskalacja,exp01,False,True,0,"Tak, eskalować do człowieka",0,"Tak, eskalować do człowieka",True,,4203.0,0.0,236
Qwen3-14B thinking (local MLX 4-bit),E02,eskalacja,exp01,False,True,1,"Nie, można obsłużyć automatycznie",1,"Nie, można obsłużyć automatycznie",True,,4209.0,0.0,239
Qwen3-14B thinking (local MLX 4-bit),E03,eskalacja,exp01,False,True,0,"Tak, eskalować do człowieka",0,"Tak, eskalować do człowieka",True,,3844.2,0.0,217
Qwen3-14B thinking (local MLX 4-bit),E04,eskalacja,exp01,True,True,1,"Nie, można obsłużyć automatycznie",1,"Nie, można obsłużyć automatycznie",True,,3300.3,0.0,185
Qwen3-14B thinking (local MLX 4-bit),E05,eskalacja,exp01,False,True,0,"Tak, eskalować do człowieka",0,"Tak, eskalować do człowieka",True,,5289.6,0.0,303
Qwen3-14B thinking (local MLX 4-bit),E06,eskalacja,new,False,True,0,"Tak, eskalować do człowieka",0,"Tak, eskalować do człowieka",True,,3091.6,0.0,169
Qwen3-14B thinking (local MLX 4-bit),E07,eskalacja,new,False,True,0,"Tak, eskalować do człowieka",0,"Tak, eskalować do człowieka",True,,3912.7,0.0,221
Qwen3-14B thinking (local MLX 4-bit),E08,eskalacja,new,False,True,0,"Tak, eskalować do człowieka",0,"Tak, eskalować do człowieka",True,,3793.5,0.0,214
Qwen3-14B thinking (local MLX 4-bit),E09,eskalacja,new,False,True,0,"Tak, eskalować do człowieka",0,"Tak, eskalować do człowieka",True,,4149.4,0.0,236
Qwen3-14B thinking (local MLX 4-bit),E10,eskalacja,new,True,True,0,"Tak, eskalować do człowieka",0,"Tak, eskalować do człowieka",True,,6653.9,0.0,384
Qwen3-14B thinking (local MLX 4-bit),E11,eskalacja,new,True,True,0,"Tak, eskalować do człowieka",0,"Tak, eskalować do człowieka",True,,4116.0,0.0,234
Qwen3-14B thinking (local MLX 4-bit),E12,eskalacja,new,False,True,0,"Tak, eskalować do człowieka",0,"Tak, eskalować do człowieka",True,,3440.2,0.0,192
Qwen3-14B thinking (local MLX 4-bit),E13,eskalacja,new,False,True,0,"Tak, eskalować do człowieka",0,"Tak, eskalować do człowieka",True,,5398.3,0.0,312
Qwen3-14B thinking (local MLX 4-bit),E14,eskalacja,new,True,True,0,"Tak, eskalować do człowieka",0,"Tak, eskalować do człowieka",True,,7074.4,0.0,408
Qwen3-14B thinking (local MLX 4-bit),E15,eskalacja,new,False,True,0,"Tak, eskalować do człowieka",0,"Tak, eskalować do człowieka",True,,3387.2,0.0,189
Qwen3-14B thinking (local MLX 4-bit),E16,eskalacja,new,False,True,0,"Tak, eskalować do człowieka",0,"Tak, eskalować do człowieka",True,,4064.5,0.0,230
Qwen3-14B thinking (local MLX 4-bit),E17,eskalacja,new,False,True,0,"Tak, eskalować do człowieka",0,"Tak, eskalować do człowieka",True,,3735.3,0.0,209
Qwen3-14B thinking (local MLX 4-bit),E18,eskalacja,new,False,True,0,"Tak, eskalować do człowieka",0,"Tak, eskalować do człowieka",True,,3888.6,0.0,219
Qwen3-14B thinking (local MLX 4-bit),E19,eskalacja,new,False,True,0,"Tak, eskalować do człowieka",0,"Tak, eskalować do człowieka",True,,4744.6,0.0,272
Qwen3-14B thinking (local MLX 4-bit),E20,eskalacja,new,True,True,0,"Tak, eskalować do człowieka",0,"Tak, eskalować do człowieka",True,,3859.9,0.0,214
Qwen3-14B thinking (local MLX 4-bit),E21,eskalacja,new,False,True,0,"Tak, eskalować do człowieka",0,"Tak, eskalować do człowieka",True,,5826.9,0.0,337
Qwen3-14B thinking (local MLX 4-bit),E22,eskalacja,new,True,True,0,"Tak, eskalować do człowieka",0,"Tak, eskalować do człowieka",True,,7321.1,0.0,422
Qwen3-14B thinking (local MLX 4-bit),E23,eskalacja,new,False,True,1,"Nie, można obsłużyć automatycznie",1,"Nie, można obsłużyć automatycznie",True,,4010.0,0.0,226
Qwen3-14B thinking (local MLX 4-bit),E24,eskalacja,new,False,True,1,"Nie, można obsłużyć automatycznie",1,"Nie, można obsłużyć automatycznie",True,,4650.7,0.0,262
Qwen3-14B thinking (local MLX 4-bit),E25,eskalacja,new,False,True,1,"Nie, można obsłużyć automatycznie",1,"Nie, można obsłużyć automatycznie",True,,3613.4,0.0,202
Qwen3-14B thinking (local MLX 4-bit),E26,eskalacja,new,True,True,1,"Nie, można obsłużyć automatycznie",1,"Nie, można obsłużyć automatycznie",True,,3909.2,0.0,218
Qwen3-14B thinking (local MLX 4-bit),E27,eskalacja,new,False,True,1,"Nie, można obsłużyć automatycznie",1,"Nie, można obsłużyć automatycznie",True,,4122.7,0.0,233
Qwen3-14B thinking (local MLX 4-bit),E28,eskalacja,new,True,True,1,"Nie, można obsłużyć automatycznie",1,"Nie, można obsłużyć automatycznie",True,,5665.7,0.0,321
Qwen3-14B thinking (local MLX 4-bit),E29,eskalacja,new,False,True,1,"Nie, można obsłużyć automatycznie",1,"Nie, można obsłużyć automatycznie",True,,4563.9,0.0,255
Qwen3-14B thinking (local MLX 4-bit),E30,eskalacja,new,False,True,1,"Nie, można obsłużyć automatycznie",1,"Nie, można obsłużyć automatycznie",True,,3981.3,0.0,224
Qwen3-14B thinking (local MLX 4-bit),E31,eskalacja,new,True,True,1,"Nie, można obsłużyć automatycznie",1,"Nie, można obsłużyć automatycznie",True,,3443.8,0.0,191
Qwen3-14B thinking (local MLX 4-bit),E32,eskalacja,new,False,True,1,"Nie, można obsłużyć automatycznie",1,"Nie, można obsłużyć automatycznie",True,,4408.1,0.0,248
Qwen3-14B thinking (local MLX 4-bit),E33,eskalacja,new,False,True,1,"Nie, można obsłużyć automatycznie",1,"Nie, można obsłużyć automatycznie",True,,3218.4,0.0,179
Qwen3-14B thinking (local MLX 4-bit),E34,eskalacja,new,True,True,1,"Nie, można obsłużyć automatycznie",1,"Nie, można obsłużyć automatycznie",True,,7219.9,0.0,413
Qwen3-14B thinking (local MLX 4-bit),E35,eskalacja,new,False,True,1,"Nie, można obsłużyć automatycznie",1,"Nie, można obsłużyć automatycznie",True,,3741.2,0.0,208
Qwen3-14B thinking (local MLX 4-bit),E36,eskalacja,new,False,True,1,"Nie, można obsłużyć automatycznie",0,"Tak, eskalować do człowieka",False,,6304.7,0.0,358
Qwen3-14B thinking (local MLX 4-bit),E37,eskalacja,new,False,True,1,"Nie, można obsłużyć automatycznie",1,"Nie, można obsłużyć automatycznie",True,,5004.6,0.0,282
Qwen3-14B thinking (local MLX 4-bit),E38,eskalacja,new,False,True,1,"Nie, można obsłużyć automatycznie",1,"Nie, można obsłużyć automatycznie",True,,4711.6,0.0,266
Qwen3-14B thinking (local MLX 4-bit),E39,eskalacja,new,False,True,1,"Nie, można obsłużyć automatycznie",1,"Nie, można obsłużyć automatycznie",True,,2699.9,0.0,145
Qwen3-14B thinking (local MLX 4-bit),E40,eskalacja,new,False,True,1,"Nie, można obsłużyć automatycznie",1,"Nie, można obsłużyć automatycznie",True,,4200.0,0.0,235
Qwen3-14B thinking (local MLX 4-bit),K01,kompletnosc,exp01,False,True,0,"Tak, zgłoszenie jest kompletne",0,"Tak, zgłoszenie jest kompletne",True,,4150.9,0.0,229
Qwen3-14B thinking (local MLX 4-bit),K02,kompletnosc,exp01,False,True,1,"Nie, zgłoszeniu czegoś brakuje",1,"Nie, zgłoszeniu czegoś brakuje",True,,4188.5,0.0,232
Qwen3-14B thinking (local MLX 4-bit),K03,kompletnosc,exp01,True,True,1,"Nie, zgłoszeniu czegoś brakuje",1,"Nie, zgłoszeniu czegoś brakuje",True,,4691.5,0.0,263
Qwen3-14B thinking (local MLX 4-bit),K04,kompletnosc,exp01,False,True,0,"Tak, zgłoszenie jest kompletne",0,"Tak, zgłoszenie jest kompletne",True,,3870.7,0.0,213
Qwen3-14B thinking (local MLX 4-bit),K05,kompletnosc,exp01,False,True,1,"Nie, zgłoszeniu czegoś brakuje",1,"Nie, zgłoszeniu czegoś brakuje",True,,4820.4,0.0,269
Qwen3-14B thinking (local MLX 4-bit),K06,kompletnosc,new,False,True,0,"Tak, zgłoszenie jest kompletne",0,"Tak, zgłoszenie jest kompletne",True,,3681.3,0.0,203
Qwen3-14B thinking (local MLX 4-bit),K07,kompletnosc,new,True,True,1,"Nie, zgłoszeniu czegoś brakuje",1,"Nie, zgłoszeniu czegoś brakuje",True,,3227.0,0.0,174
Qwen3-14B thinking (local MLX 4-bit),K08,kompletnosc,new,True,True,0,"Tak, zgłoszenie jest kompletne",0,"Tak, zgłoszenie jest kompletne",True,,3160.9,0.0,171
Qwen3-14B thinking (local MLX 4-bit),K09,kompletnosc,new,False,True,1,"Nie, zgłoszeniu czegoś brakuje",1,"Nie, zgłoszeniu czegoś brakuje",True,,4331.0,0.0,242
Qwen3-14B thinking (local MLX 4-bit),K10,kompletnosc,new,False,True,0,"Tak, zgłoszenie jest kompletne",0,"Tak, zgłoszenie jest kompletne",True,,3100.4,0.0,167
Qwen3-14B thinking (local MLX 4-bit),K11,kompletnosc,new,True,True,1,"Nie, zgłoszeniu czegoś brakuje",1,"Nie, zgłoszeniu czegoś brakuje",True,,3844.0,0.0,214
Qwen3-14B thinking (local MLX 4-bit),K12,kompletnosc,new,False,True,0,"Tak, zgłoszenie jest kompletne",0,"Tak, zgłoszenie jest kompletne",True,,4414.6,0.0,248
Qwen3-14B thinking (local MLX 4-bit),K13,kompletnosc,new,False,True,1,"Nie, zgłoszeniu czegoś brakuje",1,"Nie, zgłoszeniu czegoś brakuje",True,,3307.0,0.0,182
Qwen3-14B thinking (local MLX 4-bit),K14,kompletnosc,new,False,True,1,"Nie, zgłoszeniu czegoś brakuje",1,"Nie, zgłoszeniu czegoś brakuje",True,,3311.6,0.0,182
Qwen3-14B thinking (local MLX 4-bit),K15,kompletnosc,new,False,True,0,"Tak, zgłoszenie jest kompletne",0,"Tak, zgłoszenie jest kompletne",True,,6096.1,0.0,347
Qwen3-14B thinking (local MLX 4-bit),K16,kompletnosc,new,True,True,1,"Nie, zgłoszeniu czegoś brakuje",1,"Nie, zgłoszeniu czegoś brakuje",True,,4100.5,0.0,228
Qwen3-14B thinking (local MLX 4-bit),K17,kompletnosc,new,False,True,0,"Tak, zgłoszenie jest kompletne",0,"Tak, zgłoszenie jest kompletne",True,,3961.2,0.0,221
Qwen3-14B thinking (local MLX 4-bit),K18,kompletnosc,new,True,True,1,"Nie, zgłoszeniu czegoś brakuje",1,"Nie, zgłoszeniu czegoś brakuje",True,,3719.7,0.0,206
Qwen3-14B thinking (local MLX 4-bit),K19,kompletnosc,new,False,True,1,"Nie, zgłoszeniu czegoś brakuje",1,"Nie, zgłoszeniu czegoś brakuje",True,,4052.3,0.0,226
Qwen3-14B thinking (local MLX 4-bit),K20,kompletnosc,new,True,True,0,"Tak, zgłoszenie jest kompletne",0,"Tak, zgłoszenie jest kompletne",True,,4369.6,0.0,239
Qwen3-14B thinking (local MLX 4-bit),K21,kompletnosc,new,False,True,0,"Tak, zgłoszenie jest kompletne",0,"Tak, zgłoszenie jest kompletne",True,,5028.4,0.0,283
Qwen3-14B thinking (local MLX 4-bit),K22,kompletnosc,new,True,True,0,"Tak, zgłoszenie jest kompletne",0,"Tak, zgłoszenie jest kompletne",True,,6363.1,0.0,362
Qwen3-14B thinking (local MLX 4-bit),K23,kompletnosc,new,True,True,1,"Nie, zgłoszeniu czegoś brakuje",1,"Nie, zgłoszeniu czegoś brakuje",True,,5381.3,0.0,301
Qwen3-14B thinking (local MLX 4-bit),K24,kompletnosc,new,False,True,1,"Nie, zgłoszeniu czegoś brakuje",1,"Nie, zgłoszeniu czegoś brakuje",True,,4911.3,0.0,277
Qwen3-14B thinking (local MLX 4-bit),K25,kompletnosc,new,False,True,0,"Tak, zgłoszenie jest kompletne",0,"Tak, zgłoszenie jest kompletne",True,,3854.7,0.0,208
Qwen3-14B thinking (local MLX 4-bit),K26,kompletnosc,new,False,True,1,"Nie, zgłoszeniu czegoś brakuje",1,"Nie, zgłoszeniu czegoś brakuje",True,,7928.8,0.0,454
Qwen3-14B thinking (local MLX 4-bit),K27,kompletnosc,new,False,True,0,"Tak, zgłoszenie jest kompletne",0,"Tak, zgłoszenie jest kompletne",True,,4181.4,0.0,232
Qwen3-14B thinking (local MLX 4-bit),K28,kompletnosc,new,True,True,1,"Nie, zgłoszeniu czegoś brakuje",1,"Nie, zgłoszeniu czegoś brakuje",True,,4552.1,0.0,252
Qwen3-14B thinking (local MLX 4-bit),K29,kompletnosc,new,True,True,0,"Tak, zgłoszenie jest kompletne",0,"Tak, zgłoszenie jest kompletne",True,,4179.5,0.0,231
Qwen3-14B thinking (local MLX 4-bit),K30,kompletnosc,new,False,True,1,"Nie, zgłoszeniu czegoś brakuje",1,"Nie, zgłoszeniu czegoś brakuje",True,,4625.0,0.0,257
Qwen3-14B thinking (local MLX 4-bit),K31,kompletnosc,new,False,True,1,"Nie, zgłoszeniu czegoś brakuje",1,"Nie, zgłoszeniu czegoś brakuje",True,,5475.1,0.0,309
Qwen3-14B thinking (local MLX 4-bit),K32,kompletnosc,new,False,True,0,"Tak, zgłoszenie jest kompletne",0,"Tak, zgłoszenie jest kompletne",True,,4112.5,0.0,228
Qwen3-14B thinking (local MLX 4-bit),K33,kompletnosc,new,True,True,0,"Tak, zgłoszenie jest kompletne",0,"Tak, zgłoszenie jest kompletne",True,,3178.1,0.0,170
Qwen3-14B thinking (local MLX 4-bit),K34,kompletnosc,new,True,True,1,"Nie, zgłoszeniu czegoś brakuje",1,"Nie, zgłoszeniu czegoś brakuje",True,,7304.2,0.0,418
Qwen3-14B thinking (local MLX 4-bit),K35,kompletnosc,new,False,True,0,"Tak, zgłoszenie jest kompletne",0,"Tak, zgłoszenie jest kompletne",True,,8275.9,0.0,475
Qwen3-14B thinking (local MLX 4-bit),K36,kompletnosc,new,False,True,1,"Nie, zgłoszeniu czegoś brakuje",1,"Nie, zgłoszeniu czegoś brakuje",True,,4461.4,0.0,249
Qwen3-14B thinking (local MLX 4-bit),K37,kompletnosc,new,True,True,0,"Tak, zgłoszenie jest kompletne",0,"Tak, zgłoszenie jest kompletne",True,,5560.2,0.0,314
Qwen3-14B thinking (local MLX 4-bit),K38,kompletnosc,new,True,True,1,"Nie, zgłoszeniu czegoś brakuje",1,"Nie, zgłoszeniu czegoś brakuje",True,,4353.4,0.0,244
Qwen3-14B thinking (local MLX 4-bit),K39,kompletnosc,new,False,False,0,"Tak, zgłoszenie jest kompletne",0,"Tak, zgłoszenie jest kompletne",True,,4891.8,0.0,273
Qwen3-14B thinking (local MLX 4-bit),K40,kompletnosc,new,False,True,1,"Nie, zgłoszeniu czegoś brakuje",1,"Nie, zgłoszeniu czegoś brakuje",True,,4470.7,0.0,251
Qwen3-14B thinking (local MLX 4-bit),S01,irytacja,new,False,True,0,Spokojny (brak irytacji),0,Spokojny (brak irytacji),True,,3751.7,0.0,212
Qwen3-14B thinking (local MLX 4-bit),S02,irytacja,new,False,True,0,Spokojny (brak irytacji),0,Spokojny (brak irytacji),True,,4048.9,0.0,229
Qwen3-14B thinking (local MLX 4-bit),S03,irytacja,new,True,True,0,Spokojny (brak irytacji),0,Spokojny (brak irytacji),True,,4423.7,0.0,251
Qwen3-14B thinking (local MLX 4-bit),S04,irytacja,new,False,True,0,Spokojny (brak irytacji),0,Spokojny (brak irytacji),True,,4473.0,0.0,253
Qwen3-14B thinking (local MLX 4-bit),S05,irytacja,new,True,True,0,Spokojny (brak irytacji),1,Lekko zirytowany,False,,4272.0,0.0,241
Qwen3-14B thinking (local MLX 4-bit),S06,irytacja,new,False,True,0,Spokojny (brak irytacji),0,Spokojny (brak irytacji),True,,3437.1,0.0,191
Qwen3-14B thinking (local MLX 4-bit),S07,irytacja,new,False,True,0,Spokojny (brak irytacji),0,Spokojny (brak irytacji),True,,3912.2,0.0,220
Qwen3-14B thinking (local MLX 4-bit),S08,irytacja,new,False,True,1,Lekko zirytowany,1,Lekko zirytowany,True,,3830.1,0.0,215
Qwen3-14B thinking (local MLX 4-bit),S09,irytacja,new,False,True,1,Lekko zirytowany,2,Bardzo zirytowany,False,,6367.9,0.0,367
Qwen3-14B thinking (local MLX 4-bit),S10,irytacja,new,True,True,1,Lekko zirytowany,1,Lekko zirytowany,True,,5342.8,0.0,307
Qwen3-14B thinking (local MLX 4-bit),S11,irytacja,new,False,True,1,Lekko zirytowany,1,Lekko zirytowany,True,,6599.1,0.0,379
Qwen3-14B thinking (local MLX 4-bit),S12,irytacja,new,False,True,1,Lekko zirytowany,1,Lekko zirytowany,True,,4043.8,0.0,228
Qwen3-14B thinking (local MLX 4-bit),S13,irytacja,new,True,True,1,Lekko zirytowany,1,Lekko zirytowany,True,,6000.6,0.0,343
Qwen3-14B thinking (local MLX 4-bit),S14,irytacja,new,False,False,1,Lekko zirytowany,2,Bardzo zirytowany,False,,4012.2,0.0,226
Qwen3-14B thinking (local MLX 4-bit),S15,irytacja,new,False,True,2,Bardzo zirytowany,2,Bardzo zirytowany,True,,2935.5,0.0,162
Qwen3-14B thinking (local MLX 4-bit),S16,irytacja,new,True,True,2,Bardzo zirytowany,1,Lekko zirytowany,False,,4479.8,0.0,254
Qwen3-14B thinking (local MLX 4-bit),S17,irytacja,new,False,True,2,Bardzo zirytowany,2,Bardzo zirytowany,True,,3821.0,0.0,214
Qwen3-14B thinking (local MLX 4-bit),S18,irytacja,new,False,True,2,Bardzo zirytowany,2,Bardzo zirytowany,True,,3358.6,0.0,187
Qwen3-14B thinking (local MLX 4-bit),S19,irytacja,new,True,True,2,Bardzo zirytowany,2,Bardzo zirytowany,True,,4416.7,0.0,247
Qwen3-14B thinking (local MLX 4-bit),S20,irytacja,new,False,True,2,Bardzo zirytowany,2,Bardzo zirytowany,True,,5410.2,0.0,309
Qwen3-14B thinking (local MLX 4-bit),P01,phishing,new,False,True,0,"Tak, to próba oszustwa lub phishingu",0,"Tak, to próba oszustwa lub phishingu",True,,5752.9,0.0,325
Qwen3-14B thinking (local MLX 4-bit),P02,phishing,new,False,True,0,"Tak, to próba oszustwa lub phishingu",0,"Tak, to próba oszustwa lub phishingu",True,,5220.5,0.0,294
Qwen3-14B thinking (local MLX 4-bit),P03,phishing,new,False,True,0,"Tak, to próba oszustwa lub phishingu",0,"Tak, to próba oszustwa lub phishingu",True,,5130.4,0.0,286
Qwen3-14B thinking (local MLX 4-bit),P04,phishing,new,True,True,0,"Tak, to próba oszustwa lub phishingu",0,"Tak, to próba oszustwa lub phishingu",True,,6144.8,0.0,346
Qwen3-14B thinking (local MLX 4-bit),P05,phishing,new,False,True,0,"Tak, to próba oszustwa lub phishingu",0,"Tak, to próba oszustwa lub phishingu",True,,4179.2,0.0,232
Qwen3-14B thinking (local MLX 4-bit),P06,phishing,new,False,True,0,"Tak, to próba oszustwa lub phishingu",0,"Tak, to próba oszustwa lub phishingu",True,,4421.5,0.0,246
Qwen3-14B thinking (local MLX 4-bit),P07,phishing,new,False,True,0,"Tak, to próba oszustwa lub phishingu",0,"Tak, to próba oszustwa lub phishingu",True,,3458.3,0.0,190
Qwen3-14B thinking (local MLX 4-bit),P08,phishing,new,False,True,0,"Tak, to próba oszustwa lub phishingu",0,"Tak, to próba oszustwa lub phishingu",True,,4395.6,0.0,245
Qwen3-14B thinking (local MLX 4-bit),P09,phishing,new,True,True,0,"Tak, to próba oszustwa lub phishingu",0,"Tak, to próba oszustwa lub phishingu",True,,6773.5,0.0,386
Qwen3-14B thinking (local MLX 4-bit),P10,phishing,new,False,True,0,"Tak, to próba oszustwa lub phishingu",0,"Tak, to próba oszustwa lub phishingu",True,,3139.3,0.0,170
Qwen3-14B thinking (local MLX 4-bit),P11,phishing,new,True,True,1,"Nie, to zwykła, uczciwa wiadomość",1,"Nie, to zwykła, uczciwa wiadomość",True,,4873.2,0.0,272
Qwen3-14B thinking (local MLX 4-bit),P12,phishing,new,True,True,1,"Nie, to zwykła, uczciwa wiadomość",1,"Nie, to zwykła, uczciwa wiadomość",True,,4684.5,0.0,262
Qwen3-14B thinking (local MLX 4-bit),P13,phishing,new,True,True,1,"Nie, to zwykła, uczciwa wiadomość",0,"Tak, to próba oszustwa lub phishingu",False,,7084.3,0.0,402
Qwen3-14B thinking (local MLX 4-bit),P14,phishing,new,False,True,1,"Nie, to zwykła, uczciwa wiadomość",1,"Nie, to zwykła, uczciwa wiadomość",True,,7257.1,0.0,414
Qwen3-14B thinking (local MLX 4-bit),P15,phishing,new,True,True,1,"Nie, to zwykła, uczciwa wiadomość",0,"Tak, to próba oszustwa lub phishingu",False,,3206.3,0.0,173
Qwen3-14B thinking (local MLX 4-bit),P16,phishing,new,False,True,1,"Nie, to zwykła, uczciwa wiadomość",1,"Nie, to zwykła, uczciwa wiadomość",True,,3815.4,0.0,211
Qwen3-14B thinking (local MLX 4-bit),P17,phishing,new,False,True,1,"Nie, to zwykła, uczciwa wiadomość",0,"Tak, to próba oszustwa lub phishingu",False,,6737.1,0.0,384
Qwen3-14B thinking (local MLX 4-bit),P18,phishing,new,True,True,1,"Nie, to zwykła, uczciwa wiadomość",0,"Tak, to próba oszustwa lub phishingu",False,,7046.1,0.0,402
Qwen3-14B thinking (local MLX 4-bit),P19,phishing,new,True,True,1,"Nie, to zwykła, uczciwa wiadomość",0,"Tak, to próba oszustwa lub phishingu",False,,6412.8,0.0,366
Qwen3-14B thinking (local MLX 4-bit),P20,phishing,new,False,True,1,"Nie, to zwykła, uczciwa wiadomość",1,"Nie, to zwykła, uczciwa wiadomość",True,,5311.3,0.0,300
annotator: Claude Opus 5.5,R01,reklamacja,exp01,False,True,0,"Tak, to reklamacja",0,"Tak, to reklamacja",True,,4617.3,0.003608,86
annotator: Claude Opus 5.5,R02,reklamacja,exp01,False,True,1,"Nie, to nie jest reklamacja",1,"Nie, to nie jest reklamacja",True,,5822.2,0.003164,72
annotator: Claude Opus 5.5,R03,reklamacja,exp01,True,True,0,"Tak, to reklamacja",0,"Tak, to reklamacja",True,,3244.6,0.004012,99
annotator: Claude Opus 5.5,R04,reklamacja,exp01,True,True,0,"Tak, to reklamacja",0,"Tak, to reklamacja",True,,4374.1,0.003736,94
annotator: Claude Opus 5.5,R05,reklamacja,exp01,False,True,1,"Nie, to nie jest reklamacja",1,"Nie, to nie jest reklamacja",True,,3287.4,0.003256,71
annotator: Claude Opus 5.5,R06,reklamacja,exp01,False,True,0,"Tak, to reklamacja",0,"Tak, to reklamacja",True,,3165.9,0.003456,77
annotator: Claude Opus 5.5,R07,reklamacja,exp01,True,True,1,"Nie, to nie jest reklamacja",1,"Nie, to nie jest reklamacja",True,,3043.1,0.003588,86
annotator: Claude Opus 5.5,R08,reklamacja,exp01,False,True,0,"Tak, to reklamacja",0,"Tak, to reklamacja",True,,3401.9,0.003444,81
annotator: Claude Opus 5.5,R09,reklamacja,exp01,True,True,1,"Nie, to nie jest reklamacja",1,"Nie, to nie jest reklamacja",True,,3237.8,0.003844,97
annotator: Claude Opus 5.5,R10,reklamacja,exp01,False,True,1,"Nie, to nie jest reklamacja",1,"Nie, to nie jest reklamacja",True,,4919.6,0.003688,93
annotator: Claude Opus 5.5,R11,reklamacja,new,False,True,0,"Tak, to reklamacja",0,"Tak, to reklamacja",True,,4276.9,0.003496,88
annotator: Claude Opus 5.5,R12,reklamacja,new,False,True,1,"Nie, to nie jest reklamacja",1,"Nie, to nie jest reklamacja",True,,4138.2,0.003612,95
annotator: Claude Opus 5.5,R13,reklamacja,new,True,True,0,"Tak, to reklamacja",0,"Tak, to reklamacja",True,,3911.7,0.004756,143
annotator: Claude Opus 5.5,R14,reklamacja,new,True,True,1,"Nie, to nie jest reklamacja",1,"Nie, to nie jest reklamacja",True,,7984.2,0.004916,159
annotator: Claude Opus 5.5,R15,reklamacja,new,False,True,0,"Tak, to reklamacja",0,"Tak, to reklamacja",True,,4065.7,0.004588,143
annotator: Claude Opus 5.5,R16,reklamacja,new,False,True,1,"Nie, to nie jest reklamacja",1,"Nie, to nie jest reklamacja",True,,3064.5,0.003076,70
annotator: Claude Opus 5.5,R17,reklamacja,new,False,True,0,"Tak, to reklamacja",0,"Tak, to reklamacja",True,,3458.8,0.003908,107
annotator: Claude Opus 5.5,R18,reklamacja,new,False,True,1,"Nie, to nie jest reklamacja",1,"Nie, to nie jest reklamacja",True,,6239.8,0.003488,91
annotator: Claude Opus 5.5,R19,reklamacja,new,True,True,0,"Tak, to reklamacja",0,"Tak, to reklamacja",True,,4723.6,0.003528,87
annotator: Claude Opus 5.5,R20,reklamacja,new,False,True,1,"Nie, to nie jest reklamacja",1,"Nie, to nie jest reklamacja",True,,3246.4,0.003188,73
annotator: Claude Opus 5.5,R21,reklamacja,new,False,True,0,"Tak, to reklamacja",0,"Tak, to reklamacja",True,,5646.1,0.00524,171
annotator: Claude Opus 5.5,R22,reklamacja,new,True,True,1,"Nie, to nie jest reklamacja",1,"Nie, to nie jest reklamacja",True,,5354.7,0.00454,138
annotator: Claude Opus 5.5,R23,reklamacja,new,False,True,0,"Tak, to reklamacja",0,"Tak, to reklamacja",True,,6739.3,0.004532,139
annotator: Claude Opus 5.5,R24,reklamacja,new,False,True,1,"Nie, to nie jest reklamacja",1,"Nie, to nie jest reklamacja",True,,3151.1,0.00304,70
annotator: Claude Opus 5.5,R25,reklamacja,new,False,True,0,"Tak, to reklamacja",0,"Tak, to reklamacja",True,,7508.5,0.007276,274
annotator: Claude Opus 5.5,R26,reklamacja,new,True,True,1,"Nie, to nie jest reklamacja",1,"Nie, to nie jest reklamacja",True,,3975.6,0.003444,79
annotator: Claude Opus 5.5,R27,reklamacja,new,False,True,0,"Tak, to reklamacja",0,"Tak, to reklamacja",True,,4920.7,0.00402,112
annotator: Claude Opus 5.5,R28,reklamacja,new,False,True,1,"Nie, to nie jest reklamacja",1,"Nie, to nie jest reklamacja",True,,3253.0,0.00328,80
annotator: Claude Opus 5.5,R29,reklamacja,new,False,True,0,"Tak, to reklamacja",0,"Tak, to reklamacja",True,,3864.5,0.003352,86
annotator: Claude Opus 5.5,R30,reklamacja,new,False,True,1,"Nie, to nie jest reklamacja",1,"Nie, to nie jest reklamacja",True,,5313.0,0.003196,74
annotator: Claude Opus 5.5,R31,reklamacja,new,True,True,0,"Tak, to reklamacja",0,"Tak, to reklamacja",True,,3092.3,0.003476,84
annotator: Claude Opus 5.5,R32,reklamacja,new,False,True,1,"Nie, to nie jest reklamacja",1,"Nie, to nie jest reklamacja",True,,3656.7,0.003284,79
annotator: Claude Opus 5.5,R33,reklamacja,new,False,True,0,"Tak, to reklamacja",0,"Tak, to reklamacja",True,,3605.6,0.0034,82
annotator: Claude Opus 5.5,R34,reklamacja,new,True,True,1,"Nie, to nie jest reklamacja",1,"Nie, to nie jest reklamacja",True,,3187.1,0.003464,84
annotator: Claude Opus 5.5,R35,reklamacja,new,False,True,0,"Tak, to reklamacja",0,"Tak, to reklamacja",True,,7195.1,0.006572,237
annotator: Claude Opus 5.5,R36,reklamacja,new,False,True,1,"Nie, to nie jest reklamacja",1,"Nie, to nie jest reklamacja",True,,3201.1,0.003048,68
annotator: Claude Opus 5.5,R37,reklamacja,new,False,True,0,"Tak, to reklamacja",0,"Tak, to reklamacja",True,,5226.3,0.00512,164
annotator: Claude Opus 5.5,R38,reklamacja,new,False,True,1,"Nie, to nie jest reklamacja",1,"Nie, to nie jest reklamacja",True,,3167.5,0.003416,90
annotator: Claude Opus 5.5,R39,reklamacja,new,True,True,0,"Tak, to reklamacja",0,"Tak, to reklamacja",True,,3445.2,0.003652,92
annotator: Claude Opus 5.5,R40,reklamacja,new,True,True,1,"Nie, to nie jest reklamacja",1,"Nie, to nie jest reklamacja",True,,4151.4,0.004612,143
annotator: Claude Opus 5.5,D01,routing,exp01,False,True,2,Dostawa i logistyka,2,Dostawa i logistyka,True,,4311.3,0.003284,78
annotator: Claude Opus 5.5,D02,routing,exp01,False,True,1,Faktury i płatności,1,Faktury i płatności,True,,4414.2,0.002896,60
annotator: Claude Opus 5.5,D03,routing,exp01,False,True,3,Wsparcie techniczne,3,Wsparcie techniczne,True,,4183.1,0.004228,122
annotator: Claude Opus 5.5,D04,routing,exp01,True,True,4,"Sprzedaż (oferty, ceny, nowe zamówienia)",4,"Sprzedaż (oferty, ceny, nowe zamówienia)",True,,3571.8,0.003652,92
annotator: Claude Opus 5.5,D05,routing,exp01,False,True,0,"Reklamacje (wady, uszkodzenia, niezgodność towaru z zamówieniem)",0,"Reklamacje (wady, uszkodzenia, niezgodność towaru z zamówieniem)",True,,3466.4,0.003164,73
annotator: Claude Opus 5.5,D06,routing,exp01,False,True,1,Faktury i płatności,1,Faktury i płatności,True,,3480.7,0.003176,73
annotator: Claude Opus 5.5,D07,routing,exp01,False,True,4,"Sprzedaż (oferty, ceny, nowe zamówienia)",4,"Sprzedaż (oferty, ceny, nowe zamówienia)",True,,3958.3,0.004116,121
annotator: Claude Opus 5.5,D08,routing,exp01,True,True,2,Dostawa i logistyka,2,Dostawa i logistyka,True,,4153.2,0.003236,73
annotator: Claude Opus 5.5,D09,routing,exp01,False,True,3,Wsparcie techniczne,3,Wsparcie techniczne,True,,4724.3,0.00364,96
annotator: Claude Opus 5.5,D10,routing,exp01,False,True,0,"Reklamacje (wady, uszkodzenia, niezgodność towaru z zamówieniem)",0,"Reklamacje (wady, uszkodzenia, niezgodność towaru z zamówieniem)",True,,5803.6,0.003344,79
annotator: Claude Opus 5.5,D11,routing,new,False,True,0,"Reklamacje (wady, uszkodzenia, niezgodność towaru z zamówieniem)",0,"Reklamacje (wady, uszkodzenia, niezgodność towaru z zamówieniem)",True,,6769.3,0.0045,144
annotator: Claude Opus 5.5,D12,routing,new,True,True,0,"Reklamacje (wady, uszkodzenia, niezgodność towaru z zamówieniem)",0,"Reklamacje (wady, uszkodzenia, niezgodność towaru z zamówieniem)",True,,5355.1,0.00454,143
annotator: Claude Opus 5.5,D13,routing,new,False,True,0,"Reklamacje (wady, uszkodzenia, niezgodność towaru z zamówieniem)",0,"Reklamacje (wady, uszkodzenia, niezgodność towaru z zamówieniem)",True,,3927.9,0.003484,90
annotator: Claude Opus 5.5,D14,routing,new,True,True,0,"Reklamacje (wady, uszkodzenia, niezgodność towaru z zamówieniem)",0,"Reklamacje (wady, uszkodzenia, niezgodność towaru z zamówieniem)",True,,6182.6,0.004744,157
annotator: Claude Opus 5.5,D15,routing,new,False,True,0,"Reklamacje (wady, uszkodzenia, niezgodność towaru z zamówieniem)",0,"Reklamacje (wady, uszkodzenia, niezgodność towaru z zamówieniem)",True,,5842.8,0.004208,129
annotator: Claude Opus 5.5,D16,routing,new,True,True,0,"Reklamacje (wady, uszkodzenia, niezgodność towaru z zamówieniem)",0,"Reklamacje (wady, uszkodzenia, niezgodność towaru z zamówieniem)",True,,4340.7,0.00434,130
annotator: Claude Opus 5.5,D17,routing,new,False,True,1,Faktury i płatności,1,Faktury i płatności,True,,4207.3,0.002572,50
annotator: Claude Opus 5.5,D18,routing,new,False,True,1,Faktury i płatności,1,Faktury i płatności,True,,3610.6,0.003208,82
annotator: Claude Opus 5.5,D19,routing,new,True,True,1,Faktury i płatności,1,Faktury i płatności,True,,4216.2,0.00392,113
annotator: Claude Opus 5.5,D20,routing,new,False,True,1,Faktury i płatności,1,Faktury i płatności,True,,2876.5,0.002696,56
annotator: Claude Opus 5.5,D21,routing,new,False,True,1,Faktury i płatności,1,Faktury i płatności,True,,3341.5,0.002936,62
annotator: Claude Opus 5.5,D22,routing,new,True,True,1,Faktury i płatności,1,Faktury i płatności,True,,4549.3,0.004388,137
annotator: Claude Opus 5.5,D23,routing,new,False,True,2,Dostawa i logistyka,2,Dostawa i logistyka,True,,2649.4,0.002964,69
annotator: Claude Opus 5.5,D24,routing,new,False,True,2,Dostawa i logistyka,2,Dostawa i logistyka,True,,4062.7,0.00306,73
annotator: Claude Opus 5.5,D25,routing,new,True,True,2,Dostawa i logistyka,2,Dostawa i logistyka,True,,2851.2,0.003128,75
annotator: Claude Opus 5.5,D26,routing,new,False,True,2,Dostawa i logistyka,2,Dostawa i logistyka,True,,4043.7,0.003628,105
annotator: Claude Opus 5.5,D27,routing,new,False,True,2,Dostawa i logistyka,2,Dostawa i logistyka,True,,7778.6,0.003168,79
annotator: Claude Opus 5.5,D28,routing,new,True,True,2,Dostawa i logistyka,2,Dostawa i logistyka,True,,5602.1,0.00406,122
annotator: Claude Opus 5.5,D29,routing,new,False,True,3,Wsparcie techniczne,3,Wsparcie techniczne,True,,3013.6,0.002716,57
annotator: Claude Opus 5.5,D30,routing,new,False,True,3,Wsparcie techniczne,3,Wsparcie techniczne,True,,4458.3,0.003452,90
annotator: Claude Opus 5.5,D31,routing,new,False,True,3,Wsparcie techniczne,3,Wsparcie techniczne,True,,5499.2,0.004976,169
annotator: Claude Opus 5.5,D32,routing,new,False,True,3,Wsparcie techniczne,3,Wsparcie techniczne,True,,4478.1,0.002916,65
annotator: Claude Opus 5.5,D33,routing,new,False,True,3,Wsparcie techniczne,3,Wsparcie techniczne,True,,6137.7,0.003212,79
annotator: Claude Opus 5.5,D34,routing,new,False,True,3,Wsparcie techniczne,3,Wsparcie techniczne,True,,4062.8,0.003496,88
annotator: Claude Opus 5.5,D35,routing,new,False,True,4,"Sprzedaż (oferty, ceny, nowe zamówienia)",4,"Sprzedaż (oferty, ceny, nowe zamówienia)",True,,4056.9,0.002988,72
annotator: Claude Opus 5.5,D36,routing,new,False,True,4,"Sprzedaż (oferty, ceny, nowe zamówienia)",4,"Sprzedaż (oferty, ceny, nowe zamówienia)",True,,2946.8,0.003088,72
annotator: Claude Opus 5.5,D37,routing,new,True,True,4,"Sprzedaż (oferty, ceny, nowe zamówienia)",4,"Sprzedaż (oferty, ceny, nowe zamówienia)",True,,4198.3,0.003924,112
annotator: Claude Opus 5.5,D38,routing,new,False,True,4,"Sprzedaż (oferty, ceny, nowe zamówienia)",4,"Sprzedaż (oferty, ceny, nowe zamówienia)",True,,2901.8,0.002948,68
annotator: Claude Opus 5.5,D39,routing,new,True,True,4,"Sprzedaż (oferty, ceny, nowe zamówienia)",4,"Sprzedaż (oferty, ceny, nowe zamówienia)",True,,4653.7,0.00468,150
annotator: Claude Opus 5.5,D40,routing,new,False,True,4,"Sprzedaż (oferty, ceny, nowe zamówienia)",4,"Sprzedaż (oferty, ceny, nowe zamówienia)",True,,3021.1,0.003008,69
annotator: Claude Opus 5.5,E01,eskalacja,exp01,False,True,0,"Tak, eskalować do człowieka",0,"Tak, eskalować do człowieka",True,,3496.6,0.003852,91
annotator: Claude Opus 5.5,E02,eskalacja,exp01,False,True,1,"Nie, można obsłużyć automatycznie",1,"Nie, można obsłużyć automatycznie",True,,4092.7,0.003736,92
annotator: Claude Opus 5.5,E03,eskalacja,exp01,False,True,0,"Tak, eskalować do człowieka",0,"Tak, eskalować do człowieka",True,,3434.5,0.00378,87
annotator: Claude Opus 5.5,E04,eskalacja,exp01,True,True,1,"Nie, można obsłużyć automatycznie",1,"Nie, można obsłużyć automatycznie",True,,3467.7,0.003984,104
annotator: Claude Opus 5.5,E05,eskalacja,exp01,False,True,0,"Tak, eskalować do człowieka",0,"Tak, eskalować do człowieka",True,,5449.4,0.004068,104
annotator: Claude Opus 5.5,E06,eskalacja,new,False,True,0,"Tak, eskalować do człowieka",0,"Tak, eskalować do człowieka",True,,3230.1,0.003652,85
annotator: Claude Opus 5.5,E07,eskalacja,new,False,True,0,"Tak, eskalować do człowieka",0,"Tak, eskalować do człowieka",True,,4085.2,0.004104,101
annotator: Claude Opus 5.5,E08,eskalacja,new,False,True,0,"Tak, eskalować do człowieka",0,"Tak, eskalować do człowieka",True,,3817.0,0.003684,85
annotator: Claude Opus 5.5,E09,eskalacja,new,False,True,0,"Tak, eskalować do człowieka",0,"Tak, eskalować do człowieka",True,,3991.5,0.004016,103
annotator: Claude Opus 5.5,E10,eskalacja,new,True,True,0,"Tak, eskalować do człowieka",0,"Tak, eskalować do człowieka",True,,3774.6,0.004224,110
annotator: Claude Opus 5.5,E11,eskalacja,new,True,True,0,"Tak, eskalować do człowieka",0,"Tak, eskalować do człowieka",True,,6306.9,0.006256,219
annotator: Claude Opus 5.5,E12,eskalacja,new,False,True,0,"Tak, eskalować do człowieka",0,"Tak, eskalować do człowieka",True,,4999.5,0.00366,85
annotator: Claude Opus 5.5,E13,eskalacja,new,False,True,0,"Tak, eskalować do człowieka",0,"Tak, eskalować do człowieka",True,,3287.0,0.003968,100
annotator: Claude Opus 5.5,E14,eskalacja,new,True,True,0,"Tak, eskalować do człowieka",0,"Tak, eskalować do człowieka",True,,4091.3,0.003884,94
annotator: Claude Opus 5.5,E15,eskalacja,new,False,True,0,"Tak, eskalować do człowieka",0,"Tak, eskalować do człowieka",True,,3903.4,0.004744,141
annotator: Claude Opus 5.5,E16,eskalacja,new,False,True,0,"Tak, eskalować do człowieka",0,"Tak, eskalować do człowieka",True,,4661.8,0.004632,133
annotator: Claude Opus 5.5,E17,eskalacja,new,False,True,0,"Tak, eskalować do człowieka",0,"Tak, eskalować do człowieka",True,,3596.2,0.0038,90
annotator: Claude Opus 5.5,E18,eskalacja,new,False,True,0,"Tak, eskalować do człowieka",0,"Tak, eskalować do człowieka",True,,3920.0,0.003436,74
annotator: Claude Opus 5.5,E19,eskalacja,new,False,True,0,"Tak, eskalować do człowieka",0,"Tak, eskalować do człowieka",True,,6190.2,0.00396,99
annotator: Claude Opus 5.5,E20,eskalacja,new,True,True,0,"Tak, eskalować do człowieka",0,"Tak, eskalować do człowieka",True,,6570.8,0.006736,229
annotator: Claude Opus 5.5,E21,eskalacja,new,False,True,0,"Tak, eskalować do człowieka",0,"Tak, eskalować do człowieka",True,,4159.7,0.004736,139
annotator: Claude Opus 5.5,E22,eskalacja,new,True,True,0,"Tak, eskalować do człowieka",0,"Tak, eskalować do człowieka",True,,5748.1,0.0054,178
annotator: Claude Opus 5.5,E23,eskalacja,new,False,True,1,"Nie, można obsłużyć automatycznie",1,"Nie, można obsłużyć automatycznie",True,,3254.1,0.003724,92
annotator: Claude Opus 5.5,E24,eskalacja,new,False,True,1,"Nie, można obsłużyć automatycznie",1,"Nie, można obsłużyć automatycznie",True,,3081.5,0.003836,97
annotator: Claude Opus 5.5,E25,eskalacja,new,False,True,1,"Nie, można obsłużyć automatycznie",1,"Nie, można obsłużyć automatycznie",True,,3172.0,0.003664,90
annotator: Claude Opus 5.5,E26,eskalacja,new,True,True,1,"Nie, można obsłużyć automatycznie",1,"Nie, można obsłużyć automatycznie",True,,3691.7,0.00402,101
annotator: Claude Opus 5.5,E27,eskalacja,new,False,True,1,"Nie, można obsłużyć automatycznie",1,"Nie, można obsłużyć automatycznie",True,,4627.6,0.003692,89
annotator: Claude Opus 5.5,E28,eskalacja,new,True,True,1,"Nie, można obsłużyć automatycznie",1,"Nie, można obsłużyć automatycznie",True,,4807.4,0.00528,163
annotator: Claude Opus 5.5,E29,eskalacja,new,False,True,1,"Nie, można obsłużyć automatycznie",1,"Nie, można obsłużyć automatycznie",True,,4374.1,0.004576,135
annotator: Claude Opus 5.5,E30,eskalacja,new,False,True,1,"Nie, można obsłużyć automatycznie",1,"Nie, można obsłużyć automatycznie",True,,6234.6,0.003796,95
annotator: Claude Opus 5.5,E31,eskalacja,new,True,True,1,"Nie, można obsłużyć automatycznie",1,"Nie, można obsłużyć automatycznie",True,,6978.8,0.005368,174
annotator: Claude Opus 5.5,E32,eskalacja,new,False,True,1,"Nie, można obsłużyć automatycznie",1,"Nie, można obsłużyć automatycznie",True,,6476.8,0.004796,144
annotator: Claude Opus 5.5,E33,eskalacja,new,False,True,1,"Nie, można obsłużyć automatycznie",1,"Nie, można obsłużyć automatycznie",True,,3789.3,0.003856,98
annotator: Claude Opus 5.5,E34,eskalacja,new,True,True,1,"Nie, można obsłużyć automatycznie",1,"Nie, można obsłużyć automatycznie",True,,7242.7,0.007772,291
annotator: Claude Opus 5.5,E35,eskalacja,new,False,True,1,"Nie, można obsłużyć automatycznie",1,"Nie, można obsłużyć automatycznie",True,,3644.1,0.003932,104
annotator: Claude Opus 5.5,E36,eskalacja,new,False,True,1,"Nie, można obsłużyć automatycznie",1,"Nie, można obsłużyć automatycznie",True,,7296.4,0.005508,181
annotator: Claude Opus 5.5,E37,eskalacja,new,False,True,1,"Nie, można obsłużyć automatycznie",1,"Nie, można obsłużyć automatycznie",True,,11218.7,0.0042,119
annotator: Claude Opus 5.5,E38,eskalacja,new,False,True,1,"Nie, można obsłużyć automatycznie",1,"Nie, można obsłużyć automatycznie",True,,3515.9,0.004056,108
annotator: Claude Opus 5.5,E39,eskalacja,new,False,True,1,"Nie, można obsłużyć automatycznie",1,"Nie, można obsłużyć automatycznie",True,,4552.3,0.003696,93
annotator: Claude Opus 5.5,E40,eskalacja,new,False,True,1,"Nie, można obsłużyć automatycznie",1,"Nie, można obsłużyć automatycznie",True,,4522.7,0.003728,95
annotator: Claude Opus 5.5,K01,kompletnosc,exp01,False,True,0,"Tak, zgłoszenie jest kompletne",0,"Tak, zgłoszenie jest kompletne",True,,3992.4,0.003936,92
annotator: Claude Opus 5.5,K02,kompletnosc,exp01,False,True,1,"Nie, zgłoszeniu czegoś brakuje",1,"Nie, zgłoszeniu czegoś brakuje",True,,3846.1,0.003956,92
annotator: Claude Opus 5.5,K03,kompletnosc,exp01,True,True,1,"Nie, zgłoszeniu czegoś brakuje",1,"Nie, zgłoszeniu czegoś brakuje",True,,5773.6,0.003908,93
annotator: Claude Opus 5.5,K04,kompletnosc,exp01,False,True,0,"Tak, zgłoszenie jest kompletne",0,"Tak, zgłoszenie jest kompletne",True,,5959.0,0.006468,215
annotator: Claude Opus 5.5,K05,kompletnosc,exp01,False,True,1,"Nie, zgłoszeniu czegoś brakuje",1,"Nie, zgłoszeniu czegoś brakuje",True,,3390.8,0.00392,94
annotator: Claude Opus 5.5,K06,kompletnosc,new,False,True,0,"Tak, zgłoszenie jest kompletne",0,"Tak, zgłoszenie jest kompletne",True,,4883.4,0.004548,126
annotator: Claude Opus 5.5,K07,kompletnosc,new,True,True,1,"Nie, zgłoszeniu czegoś brakuje",1,"Nie, zgłoszeniu czegoś brakuje",True,,3556.3,0.003744,86
annotator: Claude Opus 5.5,K08,kompletnosc,new,True,True,0,"Tak, zgłoszenie jest kompletne",0,"Tak, zgłoszenie jest kompletne",True,,4199.0,0.004736,133
annotator: Claude Opus 5.5,K09,kompletnosc,new,False,True,1,"Nie, zgłoszeniu czegoś brakuje",1,"Nie, zgłoszeniu czegoś brakuje",True,,4201.7,0.003872,98
annotator: Claude Opus 5.5,K10,kompletnosc,new,False,True,0,"Tak, zgłoszenie jest kompletne",0,"Tak, zgłoszenie jest kompletne",True,,4991.9,0.005048,146
annotator: Claude Opus 5.5,K11,kompletnosc,new,True,True,1,"Nie, zgłoszeniu czegoś brakuje",1,"Nie, zgłoszeniu czegoś brakuje",True,,3614.7,0.004636,130
annotator: Claude Opus 5.5,K12,kompletnosc,new,False,True,0,"Tak, zgłoszenie jest kompletne",0,"Tak, zgłoszenie jest kompletne",True,,5377.0,0.003432,80
annotator: Claude Opus 5.5,K13,kompletnosc,new,False,True,1,"Nie, zgłoszeniu czegoś brakuje",1,"Nie, zgłoszeniu czegoś brakuje",True,,3956.2,0.00338,80
annotator: Claude Opus 5.5,K14,kompletnosc,new,False,True,1,"Nie, zgłoszeniu czegoś brakuje",1,"Nie, zgłoszeniu czegoś brakuje",True,,7951.2,0.002928,59
annotator: Claude Opus 5.5,K15,kompletnosc,new,False,True,0,"Tak, zgłoszenie jest kompletne",0,"Tak, zgłoszenie jest kompletne",True,,4280.6,0.004404,129
annotator: Claude Opus 5.5,K16,kompletnosc,new,True,True,1,"Nie, zgłoszeniu czegoś brakuje",1,"Nie, zgłoszeniu czegoś brakuje",True,,6459.1,0.004072,116
annotator: Claude Opus 5.5,K17,kompletnosc,new,False,True,0,"Tak, zgłoszenie jest kompletne",0,"Tak, zgłoszenie jest kompletne",True,,5273.9,0.004956,163
annotator: Claude Opus 5.5,K18,kompletnosc,new,True,True,1,"Nie, zgłoszeniu czegoś brakuje",1,"Nie, zgłoszeniu czegoś brakuje",True,,4875.9,0.00304,68
annotator: Claude Opus 5.5,K19,kompletnosc,new,False,True,1,"Nie, zgłoszeniu czegoś brakuje",1,"Nie, zgłoszeniu czegoś brakuje",True,,3321.0,0.00334,81
annotator: Claude Opus 5.5,K20,kompletnosc,new,True,True,0,"Tak, zgłoszenie jest kompletne",0,"Tak, zgłoszenie jest kompletne",True,,5778.1,0.005044,166
annotator: Claude Opus 5.5,K21,kompletnosc,new,False,True,0,"Tak, zgłoszenie jest kompletne",0,"Tak, zgłoszenie jest kompletne",True,,9201.8,0.005948,184
annotator: Claude Opus 5.5,K22,kompletnosc,new,True,True,0,"Tak, zgłoszenie jest kompletne",0,"Tak, zgłoszenie jest kompletne",True,,4104.5,0.004892,137
annotator: Claude Opus 5.5,K23,kompletnosc,new,True,True,1,"Nie, zgłoszeniu czegoś brakuje",1,"Nie, zgłoszeniu czegoś brakuje",True,,4039.0,0.004476,116
annotator: Claude Opus 5.5,K24,kompletnosc,new,False,True,1,"Nie, zgłoszeniu czegoś brakuje",1,"Nie, zgłoszeniu czegoś brakuje",True,,4118.6,0.004436,119
annotator: Claude Opus 5.5,K25,kompletnosc,new,False,True,0,"Tak, zgłoszenie jest kompletne",0,"Tak, zgłoszenie jest kompletne",True,,6886.1,0.005068,137
annotator: Claude Opus 5.5,K26,kompletnosc,new,False,True,1,"Nie, zgłoszeniu czegoś brakuje",1,"Nie, zgłoszeniu czegoś brakuje",True,,4829.5,0.004636,125
annotator: Claude Opus 5.5,K27,kompletnosc,new,False,True,0,"Tak, zgłoszenie jest kompletne",0,"Tak, zgłoszenie jest kompletne",True,,4525.2,0.00424,106
annotator: Claude Opus 5.5,K28,kompletnosc,new,True,True,1,"Nie, zgłoszeniu czegoś brakuje",1,"Nie, zgłoszeniu czegoś brakuje",True,,3488.3,0.004096,105
annotator: Claude Opus 5.5,K29,kompletnosc,new,True,True,0,"Tak, zgłoszenie jest kompletne",0,"Tak, zgłoszenie jest kompletne",True,,8096.9,0.0104,418
annotator: Claude Opus 5.5,K30,kompletnosc,new,False,True,1,"Nie, zgłoszeniu czegoś brakuje",1,"Nie, zgłoszeniu czegoś brakuje",True,,3424.4,0.003616,78
annotator: Claude Opus 5.5,K31,kompletnosc,new,False,True,1,"Nie, zgłoszeniu czegoś brakuje",1,"Nie, zgłoszeniu czegoś brakuje",True,,6322.7,0.005024,151
annotator: Claude Opus 5.5,K32,kompletnosc,new,False,True,0,"Tak, zgłoszenie jest kompletne",0,"Tak, zgłoszenie jest kompletne",True,,5571.4,0.005196,153
annotator: Claude Opus 5.5,K33,kompletnosc,new,True,True,0,"Tak, zgłoszenie jest kompletne",0,"Tak, zgłoszenie jest kompletne",True,,3651.8,0.003444,71
annotator: Claude Opus 5.5,K34,kompletnosc,new,True,True,1,"Nie, zgłoszeniu czegoś brakuje",1,"Nie, zgłoszeniu czegoś brakuje",True,,4036.9,0.004208,112
annotator: Claude Opus 5.5,K35,kompletnosc,new,False,True,0,"Tak, zgłoszenie jest kompletne",0,"Tak, zgłoszenie jest kompletne",True,,3689.3,0.00418,106
annotator: Claude Opus 5.5,K36,kompletnosc,new,False,True,1,"Nie, zgłoszeniu czegoś brakuje",1,"Nie, zgłoszeniu czegoś brakuje",True,,4451.6,0.004196,108
annotator: Claude Opus 5.5,K37,kompletnosc,new,True,True,0,"Tak, zgłoszenie jest kompletne",0,"Tak, zgłoszenie jest kompletne",True,,4905.9,0.005044,151
annotator: Claude Opus 5.5,K38,kompletnosc,new,True,True,1,"Nie, zgłoszeniu czegoś brakuje",1,"Nie, zgłoszeniu czegoś brakuje",True,,3866.0,0.004332,116
annotator: Claude Opus 5.5,K39,kompletnosc,new,False,False,0,"Tak, zgłoszenie jest kompletne",1,"Nie, zgłoszeniu czegoś brakuje",False,,8958.8,0.008416,320
annotator: Claude Opus 5.5,K40,kompletnosc,new,False,True,1,"Nie, zgłoszeniu czegoś brakuje",1,"Nie, zgłoszeniu czegoś brakuje",True,,3268.0,0.003472,80
annotator: Claude Opus 5.5,S01,irytacja,new,False,True,0,Spokojny (brak irytacji),0,Spokojny (brak irytacji),True,,3188.3,0.00304,80
annotator: Claude Opus 5.5,S02,irytacja,new,False,True,0,Spokojny (brak irytacji),0,Spokojny (brak irytacji),True,,3917.5,0.003616,108
annotator: Claude Opus 5.5,S03,irytacja,new,True,True,0,Spokojny (brak irytacji),0,Spokojny (brak irytacji),True,,3850.6,0.003432,96
annotator: Claude Opus 5.5,S04,irytacja,new,False,True,0,Spokojny (brak irytacji),0,Spokojny (brak irytacji),True,,3296.7,0.00278,69
annotator: Claude Opus 5.5,S05,irytacja,new,True,True,0,Spokojny (brak irytacji),0,Spokojny (brak irytacji),True,,5250.6,0.004104,131
annotator: Claude Opus 5.5,S06,irytacja,new,False,True,0,Spokojny (brak irytacji),0,Spokojny (brak irytacji),True,,4090.5,0.003148,89
annotator: Claude Opus 5.5,S07,irytacja,new,False,True,0,Spokojny (brak irytacji),0,Spokojny (brak irytacji),True,,3556.0,0.003108,88
annotator: Claude Opus 5.5,S08,irytacja,new,False,True,1,Lekko zirytowany,1,Lekko zirytowany,True,,4195.1,0.004152,132
annotator: Claude Opus 5.5,S09,irytacja,new,False,True,1,Lekko zirytowany,1,Lekko zirytowany,True,,3919.7,0.003936,125
annotator: Claude Opus 5.5,S10,irytacja,new,True,True,1,Lekko zirytowany,1,Lekko zirytowany,True,,4134.7,0.003768,116
annotator: Claude Opus 5.5,S11,irytacja,new,False,True,1,Lekko zirytowany,1,Lekko zirytowany,True,,4638.0,0.004588,159
annotator: Claude Opus 5.5,S12,irytacja,new,False,True,1,Lekko zirytowany,1,Lekko zirytowany,True,,4707.9,0.003508,104
annotator: Claude Opus 5.5,S13,irytacja,new,True,True,1,Lekko zirytowany,1,Lekko zirytowany,True,,4045.0,0.004196,133
annotator: Claude Opus 5.5,S14,irytacja,new,False,False,1,Lekko zirytowany,1,Lekko zirytowany,True,,7566.3,0.007076,283
annotator: Claude Opus 5.5,S15,irytacja,new,False,True,2,Bardzo zirytowany,2,Bardzo zirytowany,True,,4779.9,0.003516,101
annotator: Claude Opus 5.5,S16,irytacja,new,True,True,2,Bardzo zirytowany,2,Bardzo zirytowany,True,,5116.0,0.003652,106
annotator: Claude Opus 5.5,S17,irytacja,new,False,True,2,Bardzo zirytowany,2,Bardzo zirytowany,True,,3041.2,0.003028,76
annotator: Claude Opus 5.5,S18,irytacja,new,False,True,2,Bardzo zirytowany,2,Bardzo zirytowany,True,,4400.1,0.004984,176
annotator: Claude Opus 5.5,S19,irytacja,new,True,True,2,Bardzo zirytowany,2,Bardzo zirytowany,True,,4037.8,0.003892,114
annotator: Claude Opus 5.5,S20,irytacja,new,False,True,2,Bardzo zirytowany,2,Bardzo zirytowany,True,,5596.5,0.003856,120
annotator: Claude Opus 5.5,P01,phishing,new,False,True,0,"Tak, to próba oszustwa lub phishingu",0,"Tak, to próba oszustwa lub phishingu",True,,3682.7,0.004484,128
annotator: Claude Opus 5.5,P02,phishing,new,False,True,0,"Tak, to próba oszustwa lub phishingu",0,"Tak, to próba oszustwa lub phishingu",True,,3664.4,0.004032,109
annotator: Claude Opus 5.5,P03,phishing,new,False,True,0,"Tak, to próba oszustwa lub phishingu",0,"Tak, to próba oszustwa lub phishingu",True,,7410.5,0.003964,93
annotator: Claude Opus 5.5,P04,phishing,new,True,True,0,"Tak, to próba oszustwa lub phishingu",0,"Tak, to próba oszustwa lub phishingu",True,,6093.7,0.004952,137
annotator: Claude Opus 5.5,P05,phishing,new,False,True,0,"Tak, to próba oszustwa lub phishingu",0,"Tak, to próba oszustwa lub phishingu",True,,4365.8,0.003876,97
annotator: Claude Opus 5.5,P06,phishing,new,False,True,0,"Tak, to próba oszustwa lub phishingu",0,"Tak, to próba oszustwa lub phishingu",True,,4179.0,0.00414,108
annotator: Claude Opus 5.5,P07,phishing,new,False,True,0,"Tak, to próba oszustwa lub phishingu",0,"Tak, to próba oszustwa lub phishingu",True,,3581.5,0.003904,98
annotator: Claude Opus 5.5,P08,phishing,new,False,True,0,"Tak, to próba oszustwa lub phishingu",0,"Tak, to próba oszustwa lub phishingu",True,,3940.3,0.00444,131
annotator: Claude Opus 5.5,P09,phishing,new,True,True,0,"Tak, to próba oszustwa lub phishingu",0,"Tak, to próba oszustwa lub phishingu",True,,4797.9,0.005184,162
annotator: Claude Opus 5.5,P10,phishing,new,False,True,0,"Tak, to próba oszustwa lub phishingu",0,"Tak, to próba oszustwa lub phishingu",True,,3848.3,0.004116,106
annotator: Claude Opus 5.5,P11,phishing,new,True,True,1,"Nie, to zwykła, uczciwa wiadomość",1,"Nie, to zwykła, uczciwa wiadomość",True,,4618.2,0.004704,137
annotator: Claude Opus 5.5,P12,phishing,new,True,True,1,"Nie, to zwykła, uczciwa wiadomość",1,"Nie, to zwykła, uczciwa wiadomość",True,,5322.6,0.004804,142
annotator: Claude Opus 5.5,P13,phishing,new,True,True,1,"Nie, to zwykła, uczciwa wiadomość",1,"Nie, to zwykła, uczciwa wiadomość",True,,8196.0,0.005988,199
annotator: Claude Opus 5.5,P14,phishing,new,False,True,1,"Nie, to zwykła, uczciwa wiadomość",1,"Nie, to zwykła, uczciwa wiadomość",True,,5429.9,0.005716,192
annotator: Claude Opus 5.5,P15,phishing,new,True,True,1,"Nie, to zwykła, uczciwa wiadomość",1,"Nie, to zwykła, uczciwa wiadomość",True,,8196.8,0.00544,166
annotator: Claude Opus 5.5,P16,phishing,new,False,True,1,"Nie, to zwykła, uczciwa wiadomość",1,"Nie, to zwykła, uczciwa wiadomość",True,,3812.1,0.003892,107
annotator: Claude Opus 5.5,P17,phishing,new,False,True,1,"Nie, to zwykła, uczciwa wiadomość",1,"Nie, to zwykła, uczciwa wiadomość",True,,4164.3,0.004792,145
annotator: Claude Opus 5.5,P18,phishing,new,True,True,1,"Nie, to zwykła, uczciwa wiadomość",1,"Nie, to zwykła, uczciwa wiadomość",True,,5711.2,0.004956,155
annotator: Claude Opus 5.5,P19,phishing,new,True,True,1,"Nie, to zwykła, uczciwa wiadomość",1,"Nie, to zwykła, uczciwa wiadomość",True,,4015.5,0.00468,145
annotator: Claude Opus 5.5,P20,phishing,new,False,True,1,"Nie, to zwykła, uczciwa wiadomość",1,"Nie, to zwykła, uczciwa wiadomość",True,,3995.4,0.004216,116
annotator: GPT-6.1 Sol,R01,reklamacja,exp01,False,True,0,"Tak, to reklamacja",0,"Tak, to reklamacja",True,,4848.9,0.001014,40
annotator: GPT-6.1 Sol,R02,reklamacja,exp01,False,True,1,"Nie, to nie jest reklamacja",1,"Nie, to nie jest reklamacja",True,,5357.1,0.001042,49
annotator: GPT-6.1 Sol,R03,reklamacja,exp01,True,True,0,"Tak, to reklamacja",0,"Tak, to reklamacja",True,,4358.2,0.001076,43
annotator: GPT-6.1 Sol,R04,reklamacja,exp01,True,True,0,"Tak, to reklamacja",0,"Tak, to reklamacja",True,,4011.3,0.001152,54
annotator: GPT-6.1 Sol,R05,reklamacja,exp01,False,True,1,"Nie, to nie jest reklamacja",1,"Nie, to nie jest reklamacja",True,,3911.9,0.001068,47
annotator: GPT-6.1 Sol,R06,reklamacja,exp01,False,True,0,"Tak, to reklamacja",0,"Tak, to reklamacja",True,,4224.9,0.001164,55
annotator: GPT-6.1 Sol,R07,reklamacja,exp01,True,True,1,"Nie, to nie jest reklamacja",1,"Nie, to nie jest reklamacja",True,,7281.2,0.001078,48
annotator: GPT-6.1 Sol,R08,reklamacja,exp01,False,True,0,"Tak, to reklamacja",0,"Tak, to reklamacja",True,,7061.8,0.001078,48
annotator: GPT-6.1 Sol,R09,reklamacja,exp01,True,True,1,"Nie, to nie jest reklamacja",1,"Nie, to nie jest reklamacja",True,,7021.6,0.001076,47
annotator: GPT-6.1 Sol,R10,reklamacja,exp01,False,True,1,"Nie, to nie jest reklamacja",1,"Nie, to nie jest reklamacja",True,,6639.9,0.001068,47
annotator: GPT-6.1 Sol,R11,reklamacja,new,False,True,0,"Tak, to reklamacja",0,"Tak, to reklamacja",True,,6169.7,0.000992,43
annotator: GPT-6.1 Sol,R12,reklamacja,new,False,True,1,"Nie, to nie jest reklamacja",1,"Nie, to nie jest reklamacja",True,,6240.3,0.001006,46
annotator: GPT-6.1 Sol,R13,reklamacja,new,True,True,0,"Tak, to reklamacja",0,"Tak, to reklamacja",True,,6671.7,0.001026,41
annotator: GPT-6.1 Sol,R14,reklamacja,new,True,True,1,"Nie, to nie jest reklamacja",1,"Nie, to nie jest reklamacja",True,,7684.9,0.00144,89
annotator: GPT-6.1 Sol,R15,reklamacja,new,False,True,0,"Tak, to reklamacja",0,"Tak, to reklamacja",True,,6943.4,0.000964,41
annotator: GPT-6.1 Sol,R16,reklamacja,new,False,True,1,"Nie, to nie jest reklamacja",1,"Nie, to nie jest reklamacja",True,,6729.1,0.000948,41
annotator: GPT-6.1 Sol,R17,reklamacja,new,False,True,0,"Tak, to reklamacja",0,"Tak, to reklamacja",True,,6345.1,0.00096,39
annotator: GPT-6.1 Sol,R18,reklamacja,new,False,True,1,"Nie, to nie jest reklamacja",1,"Nie, to nie jest reklamacja",True,,6852.4,0.001032,49
annotator: GPT-6.1 Sol,R19,reklamacja,new,True,True,0,"Tak, to reklamacja",0,"Tak, to reklamacja",True,,4207.6,0.001002,43
annotator: GPT-6.1 Sol,R20,reklamacja,new,False,True,1,"Nie, to nie jest reklamacja",1,"Nie, to nie jest reklamacja",True,,4162.4,0.001004,45
annotator: GPT-6.1 Sol,R21,reklamacja,new,False,True,0,"Tak, to reklamacja",0,"Tak, to reklamacja",True,,3855.6,0.001056,47
annotator: GPT-6.1 Sol,R22,reklamacja,new,True,True,1,"Nie, to nie jest reklamacja",1,"Nie, to nie jest reklamacja",True,,3740.2,0.00108,51
annotator: GPT-6.1 Sol,R23,reklamacja,new,False,True,0,"Tak, to reklamacja",0,"Tak, to reklamacja",True,,3600.8,0.000984,41
annotator: GPT-6.1 Sol,R24,reklamacja,new,False,True,1,"Nie, to nie jest reklamacja",1,"Nie, to nie jest reklamacja",True,,3499.4,0.001016,49
annotator: GPT-6.1 Sol,R25,reklamacja,new,False,True,0,"Tak, to reklamacja",0,"Tak, to reklamacja",True,,5527.0,0.002096,150
annotator: GPT-6.1 Sol,R26,reklamacja,new,True,True,1,"Nie, to nie jest reklamacja",1,"Nie, to nie jest reklamacja",True,,5212.2,0.001372,77
annotator: GPT-6.1 Sol,R27,reklamacja,new,False,True,0,"Tak, to reklamacja",0,"Tak, to reklamacja",True,,2754.0,0.001066,49
annotator: GPT-6.1 Sol,R28,reklamacja,new,False,True,1,"Nie, to nie jest reklamacja",1,"Nie, to nie jest reklamacja",True,,3170.8,0.000996,46
annotator: GPT-6.1 Sol,R29,reklamacja,new,False,True,0,"Tak, to reklamacja",0,"Tak, to reklamacja",True,,3906.8,0.000966,44
annotator: GPT-6.1 Sol,R30,reklamacja,new,False,True,1,"Nie, to nie jest reklamacja",1,"Nie, to nie jest reklamacja",True,,3331.9,0.00101,46
annotator: GPT-6.1 Sol,R31,reklamacja,new,True,True,0,"Tak, to reklamacja",0,"Tak, to reklamacja",True,,3023.2,0.000994,42
annotator: GPT-6.1 Sol,R32,reklamacja,new,False,True,1,"Nie, to nie jest reklamacja",1,"Nie, to nie jest reklamacja",True,,4433.7,0.000994,45
annotator: GPT-6.1 Sol,R33,reklamacja,new,False,True,0,"Tak, to reklamacja",0,"Tak, to reklamacja",True,,4360.7,0.00102,45
annotator: GPT-6.1 Sol,R34,reklamacja,new,True,True,1,"Nie, to nie jest reklamacja",1,"Nie, to nie jest reklamacja",True,,4065.8,0.001112,55
annotator: GPT-6.1 Sol,R35,reklamacja,new,False,True,0,"Tak, to reklamacja",0,"Tak, to reklamacja",True,,5579.9,0.001634,103
annotator: GPT-6.1 Sol,R36,reklamacja,new,False,True,1,"Nie, to nie jest reklamacja",1,"Nie, to nie jest reklamacja",True,,3917.6,0.001032,49
annotator: GPT-6.1 Sol,R37,reklamacja,new,False,True,0,"Tak, to reklamacja",0,"Tak, to reklamacja",True,,3928.0,0.001014,43
annotator: GPT-6.1 Sol,R38,reklamacja,new,False,True,1,"Nie, to nie jest reklamacja",1,"Nie, to nie jest reklamacja",True,,3712.4,0.000952,44
annotator: GPT-6.1 Sol,R39,reklamacja,new,True,True,0,"Tak, to reklamacja",0,"Tak, to reklamacja",True,,3967.9,0.001256,66
annotator: GPT-6.1 Sol,R40,reklamacja,new,True,True,1,"Nie, to nie jest reklamacja",1,"Nie, to nie jest reklamacja",True,,7074.6,0.001972,141
annotator: GPT-6.1 Sol,D01,routing,exp01,False,True,2,Dostawa i logistyka,2,Dostawa i logistyka,True,,4166.8,0.00102,45
annotator: GPT-6.1 Sol,D02,routing,exp01,False,True,1,Faktury i płatności,1,Faktury i płatności,True,,3992.6,0.000966,40
annotator: GPT-6.1 Sol,D03,routing,exp01,False,True,3,Wsparcie techniczne,3,Wsparcie techniczne,True,,3642.8,0.000916,34
annotator: GPT-6.1 Sol,D04,routing,exp01,True,True,4,"Sprzedaż (oferty, ceny, nowe zamówienia)",4,"Sprzedaż (oferty, ceny, nowe zamówienia)",True,,4602.1,0.00114,54
annotator: GPT-6.1 Sol,D05,routing,exp01,False,True,0,"Reklamacje (wady, uszkodzenia, niezgodność towaru z zamówieniem)",0,"Reklamacje (wady, uszkodzenia, niezgodność towaru z zamówieniem)",True,,3033.6,0.000898,34
annotator: GPT-6.1 Sol,D06,routing,exp01,False,True,1,Faktury i płatności,1,Faktury i płatności,True,,2974.9,0.000984,42
annotator: GPT-6.1 Sol,D07,routing,exp01,False,True,4,"Sprzedaż (oferty, ceny, nowe zamówienia)",4,"Sprzedaż (oferty, ceny, nowe zamówienia)",True,,5065.3,0.001254,70
annotator: GPT-6.1 Sol,D08,routing,exp01,True,True,2,Dostawa i logistyka,2,Dostawa i logistyka,True,,2470.7,0.000964,39
annotator: GPT-6.1 Sol,D09,routing,exp01,False,True,3,Wsparcie techniczne,3,Wsparcie techniczne,True,,2519.4,0.000952,39
annotator: GPT-6.1 Sol,D10,routing,exp01,False,True,0,"Reklamacje (wady, uszkodzenia, niezgodność towaru z zamówieniem)",0,"Reklamacje (wady, uszkodzenia, niezgodność towaru z zamówieniem)",True,,4006.8,0.001212,63
annotator: GPT-6.1 Sol,D11,routing,new,False,True,0,"Reklamacje (wady, uszkodzenia, niezgodność towaru z zamówieniem)",0,"Reklamacje (wady, uszkodzenia, niezgodność towaru z zamówieniem)",True,,2490.9,0.001046,51
annotator: GPT-6.1 Sol,D12,routing,new,True,True,0,"Reklamacje (wady, uszkodzenia, niezgodność towaru z zamówieniem)",0,"Reklamacje (wady, uszkodzenia, niezgodność towaru z zamówieniem)",True,,2512.5,0.001048,49
annotator: GPT-6.1 Sol,D13,routing,new,False,True,0,"Reklamacje (wady, uszkodzenia, niezgodność towaru z zamówieniem)",0,"Reklamacje (wady, uszkodzenia, niezgodność towaru z zamówieniem)",True,,3441.4,0.00104,49
annotator: GPT-6.1 Sol,D14,routing,new,True,True,0,"Reklamacje (wady, uszkodzenia, niezgodność towaru z zamówieniem)",0,"Reklamacje (wady, uszkodzenia, niezgodność towaru z zamówieniem)",True,,2170.3,0.000886,36
annotator: GPT-6.1 Sol,D15,routing,new,False,True,0,"Reklamacje (wady, uszkodzenia, niezgodność towaru z zamówieniem)",0,"Reklamacje (wady, uszkodzenia, niezgodność towaru z zamówieniem)",True,,2390.5,0.00091,37
annotator: GPT-6.1 Sol,D16,routing,new,True,True,0,"Reklamacje (wady, uszkodzenia, niezgodność towaru z zamówieniem)",0,"Reklamacje (wady, uszkodzenia, niezgodność towaru z zamówieniem)",True,,2855.7,0.000968,41
annotator: GPT-6.1 Sol,D17,routing,new,False,True,1,Faktury i płatności,1,Faktury i płatności,True,,2842.7,0.000904,38
annotator: GPT-6.1 Sol,D18,routing,new,False,True,1,Faktury i płatności,1,Faktury i płatności,True,,2456.0,0.000876,36
annotator: GPT-6.1 Sol,D19,routing,new,True,True,1,Faktury i płatności,1,Faktury i płatności,True,,4064.3,0.00118,64
annotator: GPT-6.1 Sol,D20,routing,new,False,True,1,Faktury i płatności,1,Faktury i płatności,True,,2999.2,0.000942,42
annotator: GPT-6.1 Sol,D21,routing,new,False,True,1,Faktury i płatności,1,Faktury i płatności,True,,2598.0,0.000906,35
annotator: GPT-6.1 Sol,D22,routing,new,True,True,1,Faktury i płatności,1,Faktury i płatności,True,,3165.7,0.001144,60
annotator: GPT-6.1 Sol,D23,routing,new,False,True,2,Dostawa i logistyka,2,Dostawa i logistyka,True,,2399.4,0.000882,36
annotator: GPT-6.1 Sol,D24,routing,new,False,True,2,Dostawa i logistyka,2,Dostawa i logistyka,True,,2371.2,0.000886,36
annotator: GPT-6.1 Sol,D25,routing,new,True,True,2,Dostawa i logistyka,2,Dostawa i logistyka,True,,3279.3,0.001022,49
annotator: GPT-6.1 Sol,D26,routing,new,False,True,2,Dostawa i logistyka,2,Dostawa i logistyka,True,,2688.3,0.0009,40
annotator: GPT-6.1 Sol,D27,routing,new,False,True,2,Dostawa i logistyka,2,Dostawa i logistyka,True,,2595.9,0.000946,43
annotator: GPT-6.1 Sol,D28,routing,new,True,True,2,Dostawa i logistyka,2,Dostawa i logistyka,True,,2526.0,0.000968,44
annotator: GPT-6.1 Sol,D29,routing,new,False,True,3,Wsparcie techniczne,3,Wsparcie techniczne,True,,3085.6,0.000862,35
annotator: GPT-6.1 Sol,D30,routing,new,False,True,3,Wsparcie techniczne,3,Wsparcie techniczne,True,,2352.5,0.00092,38
annotator: GPT-6.1 Sol,D31,routing,new,False,True,3,Wsparcie techniczne,3,Wsparcie techniczne,True,,3141.2,0.000904,38
annotator: GPT-6.1 Sol,D32,routing,new,False,True,3,Wsparcie techniczne,3,Wsparcie techniczne,True,,2614.9,0.00088,35
annotator: GPT-6.1 Sol,D33,routing,new,False,True,3,Wsparcie techniczne,3,Wsparcie techniczne,True,,2202.1,0.000896,36
annotator: GPT-6.1 Sol,D34,routing,new,False,True,3,Wsparcie techniczne,3,Wsparcie techniczne,True,,2297.0,0.000962,40
annotator: GPT-6.1 Sol,D35,routing,new,False,True,4,"Sprzedaż (oferty, ceny, nowe zamówienia)",4,"Sprzedaż (oferty, ceny, nowe zamówienia)",True,,2910.0,0.000916,41
annotator: GPT-6.1 Sol,D36,routing,new,False,True,4,"Sprzedaż (oferty, ceny, nowe zamówienia)",4,"Sprzedaż (oferty, ceny, nowe zamówienia)",True,,2608.7,0.00093,39
annotator: GPT-6.1 Sol,D37,routing,new,True,True,4,"Sprzedaż (oferty, ceny, nowe zamówienia)",4,"Sprzedaż (oferty, ceny, nowe zamówienia)",True,,2072.2,0.000918,36
annotator: GPT-6.1 Sol,D38,routing,new,False,True,4,"Sprzedaż (oferty, ceny, nowe zamówienia)",4,"Sprzedaż (oferty, ceny, nowe zamówienia)",True,,2031.0,0.000876,36
annotator: GPT-6.1 Sol,D39,routing,new,True,True,4,"Sprzedaż (oferty, ceny, nowe zamówienia)",4,"Sprzedaż (oferty, ceny, nowe zamówienia)",True,,4941.6,0.001194,65
annotator: GPT-6.1 Sol,D40,routing,new,False,True,4,"Sprzedaż (oferty, ceny, nowe zamówienia)",4,"Sprzedaż (oferty, ceny, nowe zamówienia)",True,,3592.1,0.000924,39
annotator: GPT-6.1 Sol,E01,eskalacja,exp01,False,True,0,"Tak, eskalować do człowieka",0,"Tak, eskalować do człowieka",True,,3316.7,0.001114,46
annotator: GPT-6.1 Sol,E02,eskalacja,exp01,False,True,1,"Nie, można obsłużyć automatycznie",1,"Nie, można obsłużyć automatycznie",True,,2521.3,0.001,39
annotator: GPT-6.1 Sol,E03,eskalacja,exp01,False,True,0,"Tak, eskalować do człowieka",0,"Tak, eskalować do człowieka",True,,2413.2,0.001082,43
annotator: GPT-6.1 Sol,E04,eskalacja,exp01,True,True,1,"Nie, można obsłużyć automatycznie",1,"Nie, można obsłużyć automatycznie",True,,4300.7,0.001614,100
annotator: GPT-6.1 Sol,E05,eskalacja,exp01,False,True,0,"Tak, eskalować do człowieka",0,"Tak, eskalować do człowieka",True,,2839.3,0.001172,53
annotator: GPT-6.1 Sol,E06,eskalacja,new,False,True,0,"Tak, eskalować do człowieka",0,"Tak, eskalować do człowieka",True,,1977.3,0.001086,46
annotator: GPT-6.1 Sol,E07,eskalacja,new,False,True,0,"Tak, eskalować do człowieka",0,"Tak, eskalować do człowieka",True,,3142.8,0.001228,56
annotator: GPT-6.1 Sol,E08,eskalacja,new,False,True,0,"Tak, eskalować do człowieka",0,"Tak, eskalować do człowieka",True,,2677.5,0.001154,51
annotator: GPT-6.1 Sol,E09,eskalacja,new,False,True,0,"Tak, eskalować do człowieka",0,"Tak, eskalować do człowieka",True,,2745.2,0.001126,50
annotator: GPT-6.1 Sol,E10,eskalacja,new,True,True,0,"Tak, eskalować do człowieka",0,"Tak, eskalować do człowieka",True,,2551.2,0.0011,45
annotator: GPT-6.1 Sol,E11,eskalacja,new,True,True,0,"Tak, eskalować do człowieka",0,"Tak, eskalować do człowieka",True,,5177.0,0.002128,152
annotator: GPT-6.1 Sol,E12,eskalacja,new,False,True,0,"Tak, eskalować do człowieka",0,"Tak, eskalować do człowieka",True,,2942.2,0.001132,50
annotator: GPT-6.1 Sol,E13,eskalacja,new,False,True,0,"Tak, eskalować do człowieka",0,"Tak, eskalować do człowieka",True,,2327.5,0.00104,41
annotator: GPT-6.1 Sol,E14,eskalacja,new,True,True,0,"Tak, eskalować do człowieka",0,"Tak, eskalować do człowieka",True,,2423.9,0.001056,41
annotator: GPT-6.1 Sol,E15,eskalacja,new,False,True,0,"Tak, eskalować do człowieka",0,"Tak, eskalować do człowieka",True,,1818.3,0.00107,45
annotator: GPT-6.1 Sol,E16,eskalacja,new,False,True,0,"Tak, eskalować do człowieka",0,"Tak, eskalować do człowieka",True,,3170.1,0.001338,70
annotator: GPT-6.1 Sol,E17,eskalacja,new,False,True,0,"Tak, eskalować do człowieka",0,"Tak, eskalować do człowieka",True,,2245.3,0.001142,49
annotator: GPT-6.1 Sol,E18,eskalacja,new,False,True,0,"Tak, eskalować do człowieka",0,"Tak, eskalować do człowieka",True,,3833.9,0.001398,76
annotator: GPT-6.1 Sol,E19,eskalacja,new,False,True,0,"Tak, eskalować do człowieka",0,"Tak, eskalować do człowieka",True,,3061.7,0.001164,52
annotator: GPT-6.1 Sol,E20,eskalacja,new,True,True,0,"Tak, eskalować do człowieka",0,"Tak, eskalować do człowieka",True,,3088.7,0.00136,67
annotator: GPT-6.1 Sol,E21,eskalacja,new,False,True,0,"Tak, eskalować do człowieka",0,"Tak, eskalować do człowieka",True,,4316.3,0.002046,141
annotator: GPT-6.1 Sol,E22,eskalacja,new,True,True,0,"Tak, eskalować do człowieka",0,"Tak, eskalować do człowieka",True,,7491.0,0.002692,210
annotator: GPT-6.1 Sol,E23,eskalacja,new,False,True,1,"Nie, można obsłużyć automatycznie",1,"Nie, można obsłużyć automatycznie",True,,2420.8,0.001028,42
annotator: GPT-6.1 Sol,E24,eskalacja,new,False,True,1,"Nie, można obsłużyć automatycznie",1,"Nie, można obsłużyć automatycznie",True,,6037.1,0.00227,166
annotator: GPT-6.1 Sol,E25,eskalacja,new,False,True,1,"Nie, można obsłużyć automatycznie",1,"Nie, można obsłużyć automatycznie",True,,2878.3,0.000988,39
annotator: GPT-6.1 Sol,E26,eskalacja,new,True,True,1,"Nie, można obsłużyć automatycznie",1,"Nie, można obsłużyć automatycznie",True,,5009.5,0.002152,151
annotator: GPT-6.1 Sol,E27,eskalacja,new,False,True,1,"Nie, można obsłużyć automatycznie",1,"Nie, można obsłużyć automatycznie",True,,3164.7,0.001108,50
annotator: GPT-6.1 Sol,E28,eskalacja,new,True,True,1,"Nie, można obsłużyć automatycznie",1,"Nie, można obsłużyć automatycznie",True,,3235.7,0.001642,100
annotator: GPT-6.1 Sol,E29,eskalacja,new,False,True,1,"Nie, można obsłużyć automatycznie",1,"Nie, można obsłużyć automatycznie",True,,3233.8,0.001068,46
annotator: GPT-6.1 Sol,E30,eskalacja,new,False,True,1,"Nie, można obsłużyć automatycznie",1,"Nie, można obsłużyć automatycznie",True,,2473.6,0.001116,50
annotator: GPT-6.1 Sol,E31,eskalacja,new,True,True,1,"Nie, można obsłużyć automatycznie",1,"Nie, można obsłużyć automatycznie",True,,4365.8,0.001802,120
annotator: GPT-6.1 Sol,E32,eskalacja,new,False,True,1,"Nie, można obsłużyć automatycznie",1,"Nie, można obsłużyć automatycznie",True,,4364.6,0.00132,71
annotator: GPT-6.1 Sol,E33,eskalacja,new,False,True,1,"Nie, można obsłużyć automatycznie",1,"Nie, można obsłużyć automatycznie",True,,3106.1,0.001254,65
annotator: GPT-6.1 Sol,E34,eskalacja,new,True,True,1,"Nie, można obsłużyć automatycznie",1,"Nie, można obsłużyć automatycznie",True,,11457.4,0.00388,325
annotator: GPT-6.1 Sol,E35,eskalacja,new,False,True,1,"Nie, można obsłużyć automatycznie",1,"Nie, można obsłużyć automatycznie",True,,2802.0,0.001002,40
annotator: GPT-6.1 Sol,E36,eskalacja,new,False,True,1,"Nie, można obsłużyć automatycznie",1,"Nie, można obsłużyć automatycznie",True,,4705.6,0.002066,146
annotator: GPT-6.1 Sol,E37,eskalacja,new,False,True,1,"Nie, można obsłużyć automatycznie",1,"Nie, można obsłużyć automatycznie",True,,4108.7,0.001248,66
annotator: GPT-6.1 Sol,E38,eskalacja,new,False,True,1,"Nie, można obsłużyć automatycznie",1,"Nie, można obsłużyć automatycznie",True,,3162.4,0.001548,94
annotator: GPT-6.1 Sol,E39,eskalacja,new,False,True,1,"Nie, można obsłużyć automatycznie",1,"Nie, można obsłużyć automatycznie",True,,2253.2,0.00105,45
annotator: GPT-6.1 Sol,E40,eskalacja,new,False,True,1,"Nie, można obsłużyć automatycznie",1,"Nie, można obsłużyć automatycznie",True,,4104.2,0.00123,64
annotator: GPT-6.1 Sol,K01,kompletnosc,exp01,False,True,0,"Tak, zgłoszenie jest kompletne",0,"Tak, zgłoszenie jest kompletne",True,,2526.3,0.001108,46
annotator: GPT-6.1 Sol,K02,kompletnosc,exp01,False,True,1,"Nie, zgłoszeniu czegoś brakuje",1,"Nie, zgłoszeniu czegoś brakuje",True,,3050.1,0.001148,49
annotator: GPT-6.1 Sol,K03,kompletnosc,exp01,True,True,1,"Nie, zgłoszeniu czegoś brakuje",1,"Nie, zgłoszeniu czegoś brakuje",True,,3939.3,0.001214,59
annotator: GPT-6.1 Sol,K04,kompletnosc,exp01,False,True,0,"Tak, zgłoszenie jest kompletne",0,"Tak, zgłoszenie jest kompletne",True,,3950.1,0.001436,76
annotator: GPT-6.1 Sol,K05,kompletnosc,exp01,False,True,1,"Nie, zgłoszeniu czegoś brakuje",1,"Nie, zgłoszeniu czegoś brakuje",True,,4512.0,0.001228,60
annotator: GPT-6.1 Sol,K06,kompletnosc,new,False,True,0,"Tak, zgłoszenie jest kompletne",0,"Tak, zgłoszenie jest kompletne",True,,1970.0,0.001102,48
annotator: GPT-6.1 Sol,K07,kompletnosc,new,True,True,1,"Nie, zgłoszeniu czegoś brakuje",1,"Nie, zgłoszeniu czegoś brakuje",True,,2903.5,0.0012,58
annotator: GPT-6.1 Sol,K08,kompletnosc,new,True,True,0,"Tak, zgłoszenie jest kompletne",0,"Tak, zgłoszenie jest kompletne",True,,3598.2,0.00132,68
annotator: GPT-6.1 Sol,K09,kompletnosc,new,False,True,1,"Nie, zgłoszeniu czegoś brakuje",1,"Nie, zgłoszeniu czegoś brakuje",True,,4119.8,0.001498,91
annotator: GPT-6.1 Sol,K10,kompletnosc,new,False,True,0,"Tak, zgłoszenie jest kompletne",0,"Tak, zgłoszenie jest kompletne",True,,3578.0,0.00136,70
annotator: GPT-6.1 Sol,K11,kompletnosc,new,True,True,1,"Nie, zgłoszeniu czegoś brakuje",1,"Nie, zgłoszeniu czegoś brakuje",True,,4320.1,0.001026,40
annotator: GPT-6.1 Sol,K12,kompletnosc,new,False,True,0,"Tak, zgłoszenie jest kompletne",0,"Tak, zgłoszenie jest kompletne",True,,3374.6,0.000958,37
annotator: GPT-6.1 Sol,K13,kompletnosc,new,False,True,1,"Nie, zgłoszeniu czegoś brakuje",1,"Nie, zgłoszeniu czegoś brakuje",True,,2268.2,0.00098,42
annotator: GPT-6.1 Sol,K14,kompletnosc,new,False,True,1,"Nie, zgłoszeniu czegoś brakuje",1,"Nie, zgłoszeniu czegoś brakuje",True,,3217.8,0.000944,39
annotator: GPT-6.1 Sol,K15,kompletnosc,new,False,True,0,"Tak, zgłoszenie jest kompletne",0,"Tak, zgłoszenie jest kompletne",True,,4378.2,0.001226,64
annotator: GPT-6.1 Sol,K16,kompletnosc,new,True,True,1,"Nie, zgłoszeniu czegoś brakuje",1,"Nie, zgłoszeniu czegoś brakuje",True,,3291.5,0.000956,40
annotator: GPT-6.1 Sol,K17,kompletnosc,new,False,True,0,"Tak, zgłoszenie jest kompletne",0,"Tak, zgłoszenie jest kompletne",True,,2370.8,0.000904,36
annotator: GPT-6.1 Sol,K18,kompletnosc,new,True,True,1,"Nie, zgłoszeniu czegoś brakuje",1,"Nie, zgłoszeniu czegoś brakuje",True,,2867.8,0.000926,39
annotator: GPT-6.1 Sol,K19,kompletnosc,new,False,True,1,"Nie, zgłoszeniu czegoś brakuje",1,"Nie, zgłoszeniu czegoś brakuje",True,,3559.9,0.00118,63
annotator: GPT-6.1 Sol,K20,kompletnosc,new,True,True,0,"Tak, zgłoszenie jest kompletne",0,"Tak, zgłoszenie jest kompletne",True,,3570.8,0.001126,58
annotator: GPT-6.1 Sol,K21,kompletnosc,new,False,True,0,"Tak, zgłoszenie jest kompletne",0,"Tak, zgłoszenie jest kompletne",True,,3332.6,0.001462,74
annotator: GPT-6.1 Sol,K22,kompletnosc,new,True,True,0,"Tak, zgłoszenie jest kompletne",0,"Tak, zgłoszenie jest kompletne",True,,3695.6,0.001578,88
annotator: GPT-6.1 Sol,K23,kompletnosc,new,True,True,1,"Nie, zgłoszeniu czegoś brakuje",1,"Nie, zgłoszeniu czegoś brakuje",True,,3324.0,0.001444,75
annotator: GPT-6.1 Sol,K24,kompletnosc,new,False,True,1,"Nie, zgłoszeniu czegoś brakuje",1,"Nie, zgłoszeniu czegoś brakuje",True,,4544.4,0.00116,51
annotator: GPT-6.1 Sol,K25,kompletnosc,new,False,True,0,"Tak, zgłoszenie jest kompletne",0,"Tak, zgłoszenie jest kompletne",True,,5556.2,0.00145,71
annotator: GPT-6.1 Sol,K26,kompletnosc,new,False,True,1,"Nie, zgłoszeniu czegoś brakuje",1,"Nie, zgłoszeniu czegoś brakuje",True,,6296.9,0.001736,106
annotator: GPT-6.1 Sol,K27,kompletnosc,new,False,True,0,"Tak, zgłoszenie jest kompletne",0,"Tak, zgłoszenie jest kompletne",True,,6430.4,0.001812,111
annotator: GPT-6.1 Sol,K28,kompletnosc,new,True,True,1,"Nie, zgłoszeniu czegoś brakuje",1,"Nie, zgłoszeniu czegoś brakuje",True,,3819.1,0.00099,33
annotator: GPT-6.1 Sol,K29,kompletnosc,new,True,True,0,"Tak, zgłoszenie jest kompletne",0,"Tak, zgłoszenie jest kompletne",True,,3813.6,0.001168,49
annotator: GPT-6.1 Sol,K30,kompletnosc,new,False,True,1,"Nie, zgłoszeniu czegoś brakuje",1,"Nie, zgłoszeniu czegoś brakuje",True,,3556.8,0.001376,70
annotator: GPT-6.1 Sol,K31,kompletnosc,new,False,True,1,"Nie, zgłoszeniu czegoś brakuje",1,"Nie, zgłoszeniu czegoś brakuje",True,,7276.3,0.001038,38
annotator: GPT-6.1 Sol,K32,kompletnosc,new,False,True,0,"Tak, zgłoszenie jest kompletne",0,"Tak, zgłoszenie jest kompletne",True,,2877.6,0.00123,53
annotator: GPT-6.1 Sol,K33,kompletnosc,new,True,True,0,"Tak, zgłoszenie jest kompletne",0,"Tak, zgłoszenie jest kompletne",True,,4749.4,0.001344,70
annotator: GPT-6.1 Sol,K34,kompletnosc,new,True,True,1,"Nie, zgłoszeniu czegoś brakuje",1,"Nie, zgłoszeniu czegoś brakuje",True,,2967.7,0.00102,40
annotator: GPT-6.1 Sol,K35,kompletnosc,new,False,True,0,"Tak, zgłoszenie jest kompletne",0,"Tak, zgłoszenie jest kompletne",True,,3828.1,0.001088,42
annotator: GPT-6.1 Sol,K36,kompletnosc,new,False,True,1,"Nie, zgłoszeniu czegoś brakuje",1,"Nie, zgłoszeniu czegoś brakuje",True,,2208.0,0.000988,34
annotator: GPT-6.1 Sol,K37,kompletnosc,new,True,True,0,"Tak, zgłoszenie jest kompletne",0,"Tak, zgłoszenie jest kompletne",True,,3979.2,0.001568,93
annotator: GPT-6.1 Sol,K38,kompletnosc,new,True,True,1,"Nie, zgłoszeniu czegoś brakuje",1,"Nie, zgłoszeniu czegoś brakuje",True,,5873.7,0.001596,96
annotator: GPT-6.1 Sol,K39,kompletnosc,new,False,False,0,"Tak, zgłoszenie jest kompletne",1,"Nie, zgłoszeniu czegoś brakuje",False,,5479.5,0.001756,111
annotator: GPT-6.1 Sol,K40,kompletnosc,new,False,True,1,"Nie, zgłoszeniu czegoś brakuje",1,"Nie, zgłoszeniu czegoś brakuje",True,,2909.2,0.000996,41
annotator: GPT-6.1 Sol,S01,irytacja,new,False,True,0,Spokojny (brak irytacji),0,Spokojny (brak irytacji),True,,2954.6,0.000824,35
annotator: GPT-6.1 Sol,S02,irytacja,new,False,True,0,Spokojny (brak irytacji),0,Spokojny (brak irytacji),True,,7307.4,0.00111,64
annotator: GPT-6.1 Sol,S03,irytacja,new,True,True,0,Spokojny (brak irytacji),0,Spokojny (brak irytacji),True,,3027.0,0.000852,37
annotator: GPT-6.1 Sol,S04,irytacja,new,False,True,0,Spokojny (brak irytacji),0,Spokojny (brak irytacji),True,,6250.4,0.000798,34
annotator: GPT-6.1 Sol,S05,irytacja,new,True,True,0,Spokojny (brak irytacji),0,Spokojny (brak irytacji),True,,2421.7,0.00112,63
annotator: GPT-6.1 Sol,S06,irytacja,new,False,True,0,Spokojny (brak irytacji),0,Spokojny (brak irytacji),True,,3609.3,0.00087,43
annotator: GPT-6.1 Sol,S07,irytacja,new,False,True,0,Spokojny (brak irytacji),0,Spokojny (brak irytacji),True,,3459.2,0.000822,38
annotator: GPT-6.1 Sol,S08,irytacja,new,False,True,1,Lekko zirytowany,1,Lekko zirytowany,True,,4310.9,0.00118,69
annotator: GPT-6.1 Sol,S09,irytacja,new,False,True,1,Lekko zirytowany,1,Lekko zirytowany,True,,4586.3,0.001154,69
annotator: GPT-6.1 Sol,S10,irytacja,new,True,True,1,Lekko zirytowany,1,Lekko zirytowany,True,,5542.6,0.001138,67
annotator: GPT-6.1 Sol,S11,irytacja,new,False,True,1,Lekko zirytowany,1,Lekko zirytowany,True,,2623.5,0.00119,73
annotator: GPT-6.1 Sol,S12,irytacja,new,False,True,1,Lekko zirytowany,1,Lekko zirytowany,True,,7200.4,0.000886,43
annotator: GPT-6.1 Sol,S13,irytacja,new,True,True,1,Lekko zirytowany,1,Lekko zirytowany,True,,4274.6,0.001692,119
annotator: GPT-6.1 Sol,S14,irytacja,new,False,False,1,Lekko zirytowany,2,Bardzo zirytowany,False,,6723.2,0.002218,176
annotator: GPT-6.1 Sol,S15,irytacja,new,False,True,2,Bardzo zirytowany,2,Bardzo zirytowany,True,,2758.7,0.001004,53
annotator: GPT-6.1 Sol,S16,irytacja,new,True,True,2,Bardzo zirytowany,2,Bardzo zirytowany,True,,4298.2,0.000994,50
annotator: GPT-6.1 Sol,S17,irytacja,new,False,True,2,Bardzo zirytowany,2,Bardzo zirytowany,True,,3265.2,0.000982,50
annotator: GPT-6.1 Sol,S18,irytacja,new,False,True,2,Bardzo zirytowany,2,Bardzo zirytowany,True,,2533.8,0.001014,54
annotator: GPT-6.1 Sol,S19,irytacja,new,True,True,2,Bardzo zirytowany,2,Bardzo zirytowany,True,,5796.1,0.001072,55
annotator: GPT-6.1 Sol,S20,irytacja,new,False,True,2,Bardzo zirytowany,2,Bardzo zirytowany,True,,3104.3,0.000862,38
annotator: GPT-6.1 Sol,P01,phishing,new,False,True,0,"Tak, to próba oszustwa lub phishingu",0,"Tak, to próba oszustwa lub phishingu",True,,3339.5,0.001158,54
annotator: GPT-6.1 Sol,P02,phishing,new,False,True,0,"Tak, to próba oszustwa lub phishingu",0,"Tak, to próba oszustwa lub phishingu",True,,3274.1,0.001072,47
annotator: GPT-6.1 Sol,P03,phishing,new,False,True,0,"Tak, to próba oszustwa lub phishingu",0,"Tak, to próba oszustwa lub phishingu",True,,2637.1,0.001226,54
annotator: GPT-6.1 Sol,P04,phishing,new,True,True,0,"Tak, to próba oszustwa lub phishingu",0,"Tak, to próba oszustwa lub phishingu",True,,3225.1,0.001272,56
annotator: GPT-6.1 Sol,P05,phishing,new,False,True,0,"Tak, to próba oszustwa lub phishingu",0,"Tak, to próba oszustwa lub phishingu",True,,3804.1,0.001194,57
annotator: GPT-6.1 Sol,P06,phishing,new,False,True,0,"Tak, to próba oszustwa lub phishingu",0,"Tak, to próba oszustwa lub phishingu",True,,2622.2,0.001142,52
annotator: GPT-6.1 Sol,P07,phishing,new,False,True,0,"Tak, to próba oszustwa lub phishingu",0,"Tak, to próba oszustwa lub phishingu",True,,2915.4,0.00106,44
annotator: GPT-6.1 Sol,P08,phishing,new,False,True,0,"Tak, to próba oszustwa lub phishingu",0,"Tak, to próba oszustwa lub phishingu",True,,3146.0,0.0012,62
annotator: GPT-6.1 Sol,P09,phishing,new,True,True,0,"Tak, to próba oszustwa lub phishingu",0,"Tak, to próba oszustwa lub phishingu",True,,6507.2,0.002464,184
annotator: GPT-6.1 Sol,P10,phishing,new,False,True,0,"Tak, to próba oszustwa lub phishingu",0,"Tak, to próba oszustwa lub phishingu",True,,2901.7,0.001216,58
annotator: GPT-6.1 Sol,P11,phishing,new,True,True,1,"Nie, to zwykła, uczciwa wiadomość",1,"Nie, to zwykła, uczciwa wiadomość",True,,3617.3,0.001874,124
annotator: GPT-6.1 Sol,P12,phishing,new,True,True,1,"Nie, to zwykła, uczciwa wiadomość",1,"Nie, to zwykła, uczciwa wiadomość",True,,2289.6,0.001322,70
annotator: GPT-6.1 Sol,P13,phishing,new,True,True,1,"Nie, to zwykła, uczciwa wiadomość",1,"Nie, to zwykła, uczciwa wiadomość",True,,4811.2,0.002284,162
annotator: GPT-6.1 Sol,P14,phishing,new,False,True,1,"Nie, to zwykła, uczciwa wiadomość",1,"Nie, to zwykła, uczciwa wiadomość",True,,4676.3,0.00204,143
annotator: GPT-6.1 Sol,P15,phishing,new,True,True,1,"Nie, to zwykła, uczciwa wiadomość",1,"Nie, to zwykła, uczciwa wiadomość",True,,2831.6,0.001092,44
annotator: GPT-6.1 Sol,P16,phishing,new,False,True,1,"Nie, to zwykła, uczciwa wiadomość",1,"Nie, to zwykła, uczciwa wiadomość",True,,2826.4,0.001042,48
annotator: GPT-6.1 Sol,P17,phishing,new,False,True,1,"Nie, to zwykła, uczciwa wiadomość",1,"Nie, to zwykła, uczciwa wiadomość",True,,5742.8,0.00184,123
annotator: GPT-6.1 Sol,P18,phishing,new,True,True,1,"Nie, to zwykła, uczciwa wiadomość",1,"Nie, to zwykła, uczciwa wiadomość",True,,2858.7,0.001254,66
annotator: GPT-6.1 Sol,P19,phishing,new,True,True,1,"Nie, to zwykła, uczciwa wiadomość",1,"Nie, to zwykła, uczciwa wiadomość",True,,4504.6,0.001576,100
annotator: GPT-6.1 Sol,P20,phishing,new,False,True,1,"Nie, to zwykła, uczciwa wiadomość",1,"Nie, to zwykła, uczciwa wiadomość",True,,2245.6,0.001056,45
