system,set,condition,id,category,gold,pred,correct,confidence,latency_ms
basal-1.5-mini [mlx],e03,basal-serve mlx,R01,reklamacja,0,0,True,0.9898,50.1
basal-1.5-mini [mlx],e03,basal-serve mlx,R02,reklamacja,1,1,True,0.9788,51.1
basal-1.5-mini [mlx],e03,basal-serve mlx,R03,reklamacja,0,0,True,0.8572,48.1
basal-1.5-mini [mlx],e03,basal-serve mlx,R04,reklamacja,0,0,True,0.9712,50.2
basal-1.5-mini [mlx],e03,basal-serve mlx,R05,reklamacja,1,1,True,0.9797,47.7
basal-1.5-mini [mlx],e03,basal-serve mlx,R06,reklamacja,0,0,True,0.9272,47.7
basal-1.5-mini [mlx],e03,basal-serve mlx,R07,reklamacja,1,1,True,0.9806,50.2
basal-1.5-mini [mlx],e03,basal-serve mlx,R08,reklamacja,0,0,True,0.8728,49.9
basal-1.5-mini [mlx],e03,basal-serve mlx,R09,reklamacja,1,1,True,0.9345,47.9
basal-1.5-mini [mlx],e03,basal-serve mlx,R10,reklamacja,1,1,True,0.9866,47.9
basal-1.5-mini [mlx],e03,basal-serve mlx,R11,reklamacja,0,0,True,0.9881,49.8
basal-1.5-mini [mlx],e03,basal-serve mlx,R12,reklamacja,1,1,True,0.9841,50.9
basal-1.5-mini [mlx],e03,basal-serve mlx,R13,reklamacja,0,0,True,0.7318,50.2
basal-1.5-mini [mlx],e03,basal-serve mlx,R14,reklamacja,1,1,True,0.9491,50.1
basal-1.5-mini [mlx],e03,basal-serve mlx,R15,reklamacja,0,0,True,0.9349,49.8
basal-1.5-mini [mlx],e03,basal-serve mlx,R16,reklamacja,1,1,True,0.9617,49.8
basal-1.5-mini [mlx],e03,basal-serve mlx,R17,reklamacja,0,1,False,0.5663,48.1
basal-1.5-mini [mlx],e03,basal-serve mlx,R18,reklamacja,1,1,True,0.9589,51.3
basal-1.5-mini [mlx],e03,basal-serve mlx,R19,reklamacja,0,0,True,0.5936,52.1
basal-1.5-mini [mlx],e03,basal-serve mlx,R20,reklamacja,1,1,True,0.9404,51.0
basal-1.5-mini [mlx],e03,basal-serve mlx,R21,reklamacja,0,0,True,0.8597,51.8
basal-1.5-mini [mlx],e03,basal-serve mlx,R22,reklamacja,1,1,True,0.9692,50.2
basal-1.5-mini [mlx],e03,basal-serve mlx,R23,reklamacja,0,0,True,0.9841,50.3
basal-1.5-mini [mlx],e03,basal-serve mlx,R24,reklamacja,1,1,True,0.9661,47.0
basal-1.5-mini [mlx],e03,basal-serve mlx,R25,reklamacja,0,0,True,0.9241,51.6
basal-1.5-mini [mlx],e03,basal-serve mlx,R26,reklamacja,1,1,True,0.9695,49.1
basal-1.5-mini [mlx],e03,basal-serve mlx,R27,reklamacja,0,0,True,0.8159,50.6
basal-1.5-mini [mlx],e03,basal-serve mlx,R28,reklamacja,1,1,True,0.975,47.0
basal-1.5-mini [mlx],e03,basal-serve mlx,R29,reklamacja,0,0,True,0.8299,50.2
basal-1.5-mini [mlx],e03,basal-serve mlx,R30,reklamacja,1,1,True,0.9804,50.3
basal-1.5-mini [mlx],e03,basal-serve mlx,R31,reklamacja,0,1,False,0.8699,50.4
basal-1.5-mini [mlx],e03,basal-serve mlx,R32,reklamacja,1,1,True,0.9491,50.1
basal-1.5-mini [mlx],e03,basal-serve mlx,R33,reklamacja,0,0,True,0.8119,50.1
basal-1.5-mini [mlx],e03,basal-serve mlx,R34,reklamacja,1,1,True,0.9826,51.3
basal-1.5-mini [mlx],e03,basal-serve mlx,R35,reklamacja,0,0,True,0.6239,49.0
basal-1.5-mini [mlx],e03,basal-serve mlx,R36,reklamacja,1,1,True,0.9818,51.3
basal-1.5-mini [mlx],e03,basal-serve mlx,R37,reklamacja,0,0,True,0.9547,49.5
basal-1.5-mini [mlx],e03,basal-serve mlx,R38,reklamacja,1,1,True,0.9883,47.1
basal-1.5-mini [mlx],e03,basal-serve mlx,R39,reklamacja,0,0,True,0.9679,52.1
basal-1.5-mini [mlx],e03,basal-serve mlx,R40,reklamacja,1,1,True,0.9592,52.6
basal-1.5-mini [mlx],e03,basal-serve mlx,D01,routing,2,2,True,0.9974,52.6
basal-1.5-mini [mlx],e03,basal-serve mlx,D02,routing,1,1,True,0.9938,52.3
basal-1.5-mini [mlx],e03,basal-serve mlx,D03,routing,3,3,True,0.995,52.3
basal-1.5-mini [mlx],e03,basal-serve mlx,D04,routing,4,4,True,0.9988,52.1
basal-1.5-mini [mlx],e03,basal-serve mlx,D05,routing,0,0,True,0.9851,51.7
basal-1.5-mini [mlx],e03,basal-serve mlx,D06,routing,1,1,True,0.9749,51.9
basal-1.5-mini [mlx],e03,basal-serve mlx,D07,routing,4,4,True,0.9721,52.3
basal-1.5-mini [mlx],e03,basal-serve mlx,D08,routing,2,2,True,0.9959,52.0
basal-1.5-mini [mlx],e03,basal-serve mlx,D09,routing,3,3,True,0.9855,51.5
basal-1.5-mini [mlx],e03,basal-serve mlx,D10,routing,0,0,True,0.9887,51.8
basal-1.5-mini [mlx],e03,basal-serve mlx,D11,routing,0,0,True,0.9579,51.2
basal-1.5-mini [mlx],e03,basal-serve mlx,D12,routing,0,0,True,0.982,51.8
basal-1.5-mini [mlx],e03,basal-serve mlx,D13,routing,0,0,True,0.9982,52.4
basal-1.5-mini [mlx],e03,basal-serve mlx,D14,routing,0,0,True,0.4332,52.0
basal-1.5-mini [mlx],e03,basal-serve mlx,D15,routing,0,0,True,0.9927,51.5
basal-1.5-mini [mlx],e03,basal-serve mlx,D16,routing,0,0,True,0.9948,52.0
basal-1.5-mini [mlx],e03,basal-serve mlx,D17,routing,1,1,True,0.9983,51.9
basal-1.5-mini [mlx],e03,basal-serve mlx,D18,routing,1,1,True,0.9629,51.8
basal-1.5-mini [mlx],e03,basal-serve mlx,D19,routing,1,1,True,0.9343,51.8
basal-1.5-mini [mlx],e03,basal-serve mlx,D20,routing,1,1,True,0.9817,49.3
basal-1.5-mini [mlx],e03,basal-serve mlx,D21,routing,1,1,True,0.99,52.9
basal-1.5-mini [mlx],e03,basal-serve mlx,D22,routing,1,3,False,0.8132,51.4
basal-1.5-mini [mlx],e03,basal-serve mlx,D23,routing,2,2,True,0.9907,51.3
basal-1.5-mini [mlx],e03,basal-serve mlx,D24,routing,2,2,True,0.988,51.3
basal-1.5-mini [mlx],e03,basal-serve mlx,D25,routing,2,2,True,0.9933,52.1
basal-1.5-mini [mlx],e03,basal-serve mlx,D26,routing,2,2,True,0.9979,48.7
basal-1.5-mini [mlx],e03,basal-serve mlx,D27,routing,2,2,True,0.9977,51.8
basal-1.5-mini [mlx],e03,basal-serve mlx,D28,routing,2,2,True,0.9654,52.9
basal-1.5-mini [mlx],e03,basal-serve mlx,D29,routing,3,3,True,0.9941,49.3
basal-1.5-mini [mlx],e03,basal-serve mlx,D30,routing,3,3,True,0.9968,52.0
basal-1.5-mini [mlx],e03,basal-serve mlx,D31,routing,3,3,True,0.8697,52.1
basal-1.5-mini [mlx],e03,basal-serve mlx,D32,routing,3,3,True,0.9948,52.0
basal-1.5-mini [mlx],e03,basal-serve mlx,D33,routing,3,3,True,0.9931,52.2
basal-1.5-mini [mlx],e03,basal-serve mlx,D34,routing,3,3,True,0.9924,51.6
basal-1.5-mini [mlx],e03,basal-serve mlx,D35,routing,4,4,True,0.9834,48.2
basal-1.5-mini [mlx],e03,basal-serve mlx,D36,routing,4,4,True,0.9814,51.6
basal-1.5-mini [mlx],e03,basal-serve mlx,D37,routing,4,4,True,0.9969,52.8
basal-1.5-mini [mlx],e03,basal-serve mlx,D38,routing,4,4,True,0.9922,48.4
basal-1.5-mini [mlx],e03,basal-serve mlx,D39,routing,4,4,True,0.5892,52.7
basal-1.5-mini [mlx],e03,basal-serve mlx,D40,routing,4,4,True,0.9861,51.1
basal-1.5-mini [mlx],e03,basal-serve mlx,E01,eskalacja,0,0,True,0.9763,52.2
basal-1.5-mini [mlx],e03,basal-serve mlx,E02,eskalacja,1,1,True,0.9683,54.3
basal-1.5-mini [mlx],e03,basal-serve mlx,E03,eskalacja,0,0,True,0.9921,52.8
basal-1.5-mini [mlx],e03,basal-serve mlx,E04,eskalacja,1,1,True,0.8212,52.3
basal-1.5-mini [mlx],e03,basal-serve mlx,E05,eskalacja,0,0,True,0.9941,52.6
basal-1.5-mini [mlx],e03,basal-serve mlx,E06,eskalacja,0,0,True,0.9831,54.2
basal-1.5-mini [mlx],e03,basal-serve mlx,E07,eskalacja,0,0,True,0.9734,52.5
basal-1.5-mini [mlx],e03,basal-serve mlx,E08,eskalacja,0,0,True,0.9814,52.6
basal-1.5-mini [mlx],e03,basal-serve mlx,E09,eskalacja,0,0,True,0.9874,52.4
basal-1.5-mini [mlx],e03,basal-serve mlx,E10,eskalacja,0,1,False,0.5389,51.8
basal-1.5-mini [mlx],e03,basal-serve mlx,E11,eskalacja,0,0,True,0.9423,55.2
basal-1.5-mini [mlx],e03,basal-serve mlx,E12,eskalacja,0,0,True,0.9923,52.5
basal-1.5-mini [mlx],e03,basal-serve mlx,E13,eskalacja,0,0,True,0.9883,53.4
basal-1.5-mini [mlx],e03,basal-serve mlx,E14,eskalacja,0,0,True,0.834,52.6
basal-1.5-mini [mlx],e03,basal-serve mlx,E15,eskalacja,0,0,True,0.9872,54.4
basal-1.5-mini [mlx],e03,basal-serve mlx,E16,eskalacja,0,0,True,0.979,52.0
basal-1.5-mini [mlx],e03,basal-serve mlx,E17,eskalacja,0,0,True,0.9686,52.5
basal-1.5-mini [mlx],e03,basal-serve mlx,E18,eskalacja,0,0,True,0.9773,52.7
basal-1.5-mini [mlx],e03,basal-serve mlx,E19,eskalacja,0,0,True,0.9945,52.4
basal-1.5-mini [mlx],e03,basal-serve mlx,E20,eskalacja,0,0,True,0.8774,53.8
basal-1.5-mini [mlx],e03,basal-serve mlx,E21,eskalacja,0,0,True,0.9833,52.9
basal-1.5-mini [mlx],e03,basal-serve mlx,E22,eskalacja,0,0,True,0.9606,54.1
basal-1.5-mini [mlx],e03,basal-serve mlx,E23,eskalacja,1,1,True,0.8887,54.2
basal-1.5-mini [mlx],e03,basal-serve mlx,E24,eskalacja,1,1,True,0.9676,54.5
basal-1.5-mini [mlx],e03,basal-serve mlx,E25,eskalacja,1,1,True,0.942,55.1
basal-1.5-mini [mlx],e03,basal-serve mlx,E26,eskalacja,1,0,False,0.8867,52.4
basal-1.5-mini [mlx],e03,basal-serve mlx,E27,eskalacja,1,1,True,0.9276,54.6
basal-1.5-mini [mlx],e03,basal-serve mlx,E28,eskalacja,1,1,True,0.7181,52.7
basal-1.5-mini [mlx],e03,basal-serve mlx,E29,eskalacja,1,1,True,0.8794,55.2
basal-1.5-mini [mlx],e03,basal-serve mlx,E30,eskalacja,1,1,True,0.9689,52.2
basal-1.5-mini [mlx],e03,basal-serve mlx,E31,eskalacja,1,1,True,0.8724,53.6
basal-1.5-mini [mlx],e03,basal-serve mlx,E32,eskalacja,1,1,True,0.9478,53.9
basal-1.5-mini [mlx],e03,basal-serve mlx,E33,eskalacja,1,1,True,0.8498,54.9
basal-1.5-mini [mlx],e03,basal-serve mlx,E34,eskalacja,1,0,False,0.97,54.8
basal-1.5-mini [mlx],e03,basal-serve mlx,E35,eskalacja,1,1,True,0.9469,53.8
basal-1.5-mini [mlx],e03,basal-serve mlx,E36,eskalacja,1,1,True,0.8387,53.8
basal-1.5-mini [mlx],e03,basal-serve mlx,E37,eskalacja,1,1,True,0.8981,54.7
basal-1.5-mini [mlx],e03,basal-serve mlx,E38,eskalacja,1,1,True,0.8146,54.1
basal-1.5-mini [mlx],e03,basal-serve mlx,E39,eskalacja,1,1,True,0.9387,53.8
basal-1.5-mini [mlx],e03,basal-serve mlx,E40,eskalacja,1,1,True,0.8016,54.6
basal-1.5-mini [mlx],e03,basal-serve mlx,K01,kompletnosc,0,0,True,0.6962,50.1
basal-1.5-mini [mlx],e03,basal-serve mlx,K02,kompletnosc,1,0,False,0.8367,52.3
basal-1.5-mini [mlx],e03,basal-serve mlx,K03,kompletnosc,1,0,False,0.8678,49.3
basal-1.5-mini [mlx],e03,basal-serve mlx,K04,kompletnosc,0,0,True,0.9741,52.2
basal-1.5-mini [mlx],e03,basal-serve mlx,K05,kompletnosc,1,1,True,0.6191,49.4
basal-1.5-mini [mlx],e03,basal-serve mlx,K06,kompletnosc,0,0,True,0.6818,49.5
basal-1.5-mini [mlx],e03,basal-serve mlx,K07,kompletnosc,1,0,False,0.8423,49.7
basal-1.5-mini [mlx],e03,basal-serve mlx,K08,kompletnosc,0,0,True,0.657,49.1
basal-1.5-mini [mlx],e03,basal-serve mlx,K09,kompletnosc,1,1,True,0.8308,51.8
basal-1.5-mini [mlx],e03,basal-serve mlx,K10,kompletnosc,0,0,True,0.9808,52.1
basal-1.5-mini [mlx],e03,basal-serve mlx,K11,kompletnosc,1,1,True,0.9017,49.2
basal-1.5-mini [mlx],e03,basal-serve mlx,K12,kompletnosc,0,0,True,0.9782,49.0
basal-1.5-mini [mlx],e03,basal-serve mlx,K13,kompletnosc,1,1,True,0.9195,51.6
basal-1.5-mini [mlx],e03,basal-serve mlx,K14,kompletnosc,1,1,True,0.5778,51.9
basal-1.5-mini [mlx],e03,basal-serve mlx,K15,kompletnosc,0,0,True,0.9759,49.1
basal-1.5-mini [mlx],e03,basal-serve mlx,K16,kompletnosc,1,0,False,0.7411,52.1
basal-1.5-mini [mlx],e03,basal-serve mlx,K17,kompletnosc,0,0,True,0.9862,51.4
basal-1.5-mini [mlx],e03,basal-serve mlx,K18,kompletnosc,1,0,False,0.8416,51.2
basal-1.5-mini [mlx],e03,basal-serve mlx,K19,kompletnosc,1,1,True,0.96,51.6
basal-1.5-mini [mlx],e03,basal-serve mlx,K20,kompletnosc,0,0,True,0.9175,51.2
basal-1.5-mini [mlx],e03,basal-serve mlx,K21,kompletnosc,0,0,True,0.9797,51.6
basal-1.5-mini [mlx],e03,basal-serve mlx,K22,kompletnosc,0,1,False,0.7518,50.9
basal-1.5-mini [mlx],e03,basal-serve mlx,K23,kompletnosc,1,0,False,0.5772,51.5
basal-1.5-mini [mlx],e03,basal-serve mlx,K24,kompletnosc,1,1,True,0.906,50.5
basal-1.5-mini [mlx],e03,basal-serve mlx,K25,kompletnosc,0,0,True,0.9777,52.5
basal-1.5-mini [mlx],e03,basal-serve mlx,K26,kompletnosc,1,1,True,0.8177,50.6
basal-1.5-mini [mlx],e03,basal-serve mlx,K27,kompletnosc,0,1,False,0.652,51.2
basal-1.5-mini [mlx],e03,basal-serve mlx,K28,kompletnosc,1,0,False,0.754,52.1
basal-1.5-mini [mlx],e03,basal-serve mlx,K29,kompletnosc,0,0,True,0.9288,51.8
basal-1.5-mini [mlx],e03,basal-serve mlx,K30,kompletnosc,1,1,True,0.9528,50.3
basal-1.5-mini [mlx],e03,basal-serve mlx,K31,kompletnosc,1,1,True,0.9592,49.6
basal-1.5-mini [mlx],e03,basal-serve mlx,K32,kompletnosc,0,1,False,0.5168,52.6
basal-1.5-mini [mlx],e03,basal-serve mlx,K33,kompletnosc,0,1,False,0.7416,49.5
basal-1.5-mini [mlx],e03,basal-serve mlx,K34,kompletnosc,1,1,True,0.9607,49.5
basal-1.5-mini [mlx],e03,basal-serve mlx,K35,kompletnosc,0,0,True,0.9691,51.2
basal-1.5-mini [mlx],e03,basal-serve mlx,K36,kompletnosc,1,1,True,0.9101,50.0
basal-1.5-mini [mlx],e03,basal-serve mlx,K37,kompletnosc,0,1,False,0.6996,51.5
basal-1.5-mini [mlx],e03,basal-serve mlx,K38,kompletnosc,1,1,True,0.5445,49.8
basal-1.5-mini [mlx],e03,basal-serve mlx,K40,kompletnosc,1,1,True,0.9774,51.3
basal-1.5-mini [mlx],e03,basal-serve mlx,S01,irytacja,0,0,True,0.9795,50.3
basal-1.5-mini [mlx],e03,basal-serve mlx,S02,irytacja,0,0,True,0.8531,50.7
basal-1.5-mini [mlx],e03,basal-serve mlx,S03,irytacja,0,0,True,0.9682,50.1
basal-1.5-mini [mlx],e03,basal-serve mlx,S04,irytacja,0,0,True,0.9124,49.6
basal-1.5-mini [mlx],e03,basal-serve mlx,S05,irytacja,0,0,True,0.5396,50.1
basal-1.5-mini [mlx],e03,basal-serve mlx,S06,irytacja,0,0,True,0.9767,49.8
basal-1.5-mini [mlx],e03,basal-serve mlx,S07,irytacja,0,0,True,0.909,46.2
basal-1.5-mini [mlx],e03,basal-serve mlx,S08,irytacja,1,1,True,0.5819,50.1
basal-1.5-mini [mlx],e03,basal-serve mlx,S09,irytacja,1,2,False,0.7883,50.3
basal-1.5-mini [mlx],e03,basal-serve mlx,S10,irytacja,1,1,True,0.5589,49.9
basal-1.5-mini [mlx],e03,basal-serve mlx,S11,irytacja,1,1,True,0.5258,49.8
basal-1.5-mini [mlx],e03,basal-serve mlx,S12,irytacja,1,1,True,0.8073,50.0
basal-1.5-mini [mlx],e03,basal-serve mlx,S13,irytacja,1,2,False,0.5757,50.3
basal-1.5-mini [mlx],e03,basal-serve mlx,S15,irytacja,2,2,True,0.9977,50.8
basal-1.5-mini [mlx],e03,basal-serve mlx,S16,irytacja,2,2,True,0.9909,50.3
basal-1.5-mini [mlx],e03,basal-serve mlx,S17,irytacja,2,2,True,0.9962,49.6
basal-1.5-mini [mlx],e03,basal-serve mlx,S18,irytacja,2,2,True,0.9975,50.0
basal-1.5-mini [mlx],e03,basal-serve mlx,S19,irytacja,2,2,True,0.9953,50.0
basal-1.5-mini [mlx],e03,basal-serve mlx,S20,irytacja,2,2,True,0.948,50.3
basal-1.5-mini [mlx],e03,basal-serve mlx,P01,phishing,0,0,True,0.9279,52.6
basal-1.5-mini [mlx],e03,basal-serve mlx,P02,phishing,0,0,True,0.9921,51.2
basal-1.5-mini [mlx],e03,basal-serve mlx,P03,phishing,0,0,True,0.9627,54.8
basal-1.5-mini [mlx],e03,basal-serve mlx,P04,phishing,0,1,False,0.9013,55.6
basal-1.5-mini [mlx],e03,basal-serve mlx,P05,phishing,0,0,True,0.9957,52.7
basal-1.5-mini [mlx],e03,basal-serve mlx,P06,phishing,0,0,True,0.9916,52.1
basal-1.5-mini [mlx],e03,basal-serve mlx,P07,phishing,0,0,True,0.9971,52.7
basal-1.5-mini [mlx],e03,basal-serve mlx,P08,phishing,0,0,True,0.9942,52.8
basal-1.5-mini [mlx],e03,basal-serve mlx,P09,phishing,0,0,True,0.7489,52.6
basal-1.5-mini [mlx],e03,basal-serve mlx,P10,phishing,0,0,True,0.9954,51.7
basal-1.5-mini [mlx],e03,basal-serve mlx,P11,phishing,1,1,True,0.9473,53.2
basal-1.5-mini [mlx],e03,basal-serve mlx,P12,phishing,1,1,True,0.8041,52.7
basal-1.5-mini [mlx],e03,basal-serve mlx,P13,phishing,1,1,True,0.6047,54.1
basal-1.5-mini [mlx],e03,basal-serve mlx,P14,phishing,1,1,True,0.9679,53.1
basal-1.5-mini [mlx],e03,basal-serve mlx,P15,phishing,1,0,False,0.9706,53.4
basal-1.5-mini [mlx],e03,basal-serve mlx,P16,phishing,1,1,True,0.9699,55.2
basal-1.5-mini [mlx],e03,basal-serve mlx,P17,phishing,1,1,True,0.9248,53.7
basal-1.5-mini [mlx],e03,basal-serve mlx,P18,phishing,1,1,True,0.6643,54.7
basal-1.5-mini [mlx],e03,basal-serve mlx,P19,phishing,1,1,True,0.781,55.2
basal-1.5-mini [mlx],e03,basal-serve mlx,P20,phishing,1,1,True,0.973,54.9
basal-1.5-mini [mlx],e04,basal-serve mlx,ADM01,administracja,0,0,True,0.8986,48.6
basal-1.5-mini [mlx],e04,basal-serve mlx,ADM02,administracja,0,1,False,0.669,52.2
basal-1.5-mini [mlx],e04,basal-serve mlx,ADM03,administracja,1,0,False,0.7906,49.4
basal-1.5-mini [mlx],e04,basal-serve mlx,ADM04,administracja,0,0,True,0.9566,50.2
basal-1.5-mini [mlx],e04,basal-serve mlx,ADM05,administracja,1,0,False,0.6153,52.1
basal-1.5-mini [mlx],e04,basal-serve mlx,ADM06,administracja,0,0,True,0.9885,49.6
basal-1.5-mini [mlx],e04,basal-serve mlx,ADM07,administracja,1,1,True,0.9825,49.9
basal-1.5-mini [mlx],e04,basal-serve mlx,ADM08,administracja,1,0,False,0.8752,52.1
basal-1.5-mini [mlx],e04,basal-serve mlx,ADM09,administracja,2,2,True,0.9967,55.4
basal-1.5-mini [mlx],e04,basal-serve mlx,ADM10,administracja,0,0,True,0.974,58.7
basal-1.5-mini [mlx],e04,basal-serve mlx,ADM11,administracja,1,1,True,0.9961,58.7
basal-1.5-mini [mlx],e04,basal-serve mlx,ADM12,administracja,2,2,True,0.9471,52.7
basal-1.5-mini [mlx],e04,basal-serve mlx,ADM13,administracja,3,3,True,0.7197,58.1
basal-1.5-mini [mlx],e04,basal-serve mlx,ADM14,administracja,4,4,True,0.9987,55.5
basal-1.5-mini [mlx],e04,basal-serve mlx,ADM15,administracja,1,1,True,0.9023,57.2
basal-1.5-mini [mlx],e04,basal-serve mlx,ADM16,administracja,2,2,True,0.8925,57.1
basal-1.5-mini [mlx],e04,basal-serve mlx,ADM17,administracja,3,3,True,0.9403,56.6
basal-1.5-mini [mlx],e04,basal-serve mlx,LAW01,kancelaria,0,0,True,0.8159,53.5
basal-1.5-mini [mlx],e04,basal-serve mlx,LAW02,kancelaria,1,1,True,0.5828,52.7
basal-1.5-mini [mlx],e04,basal-serve mlx,LAW03,kancelaria,1,1,True,0.7239,52.1
basal-1.5-mini [mlx],e04,basal-serve mlx,LAW04,kancelaria,1,1,True,0.6766,54.9
basal-1.5-mini [mlx],e04,basal-serve mlx,LAW05,kancelaria,0,1,False,0.5772,52.8
basal-1.5-mini [mlx],e04,basal-serve mlx,LAW06,kancelaria,1,1,True,0.9851,54.0
basal-1.5-mini [mlx],e04,basal-serve mlx,LAW07,kancelaria,0,0,True,0.9678,53.6
basal-1.5-mini [mlx],e04,basal-serve mlx,LAW08,kancelaria,0,0,True,0.9921,55.3
basal-1.5-mini [mlx],e04,basal-serve mlx,LAW09,kancelaria,5,5,True,0.9971,63.8
basal-1.5-mini [mlx],e04,basal-serve mlx,LAW10,kancelaria,2,2,True,0.9984,60.2
basal-1.5-mini [mlx],e04,basal-serve mlx,LAW11,kancelaria,0,0,True,0.9992,63.5
basal-1.5-mini [mlx],e04,basal-serve mlx,LAW12,kancelaria,3,3,True,0.9996,64.0
basal-1.5-mini [mlx],e04,basal-serve mlx,LAW13,kancelaria,4,4,True,0.9976,63.0
basal-1.5-mini [mlx],e04,basal-serve mlx,LAW14,kancelaria,2,1,False,0.5011,57.2
basal-1.5-mini [mlx],e04,basal-serve mlx,LAW15,kancelaria,0,0,True,0.644,65.7
basal-1.5-mini [mlx],e04,basal-serve mlx,LAW16,kancelaria,2,2,True,0.5648,61.4
basal-1.5-mini [mlx],e04,basal-serve mlx,LAW17,kancelaria,1,1,True,0.5475,61.4
basal-1.5-mini [mlx],e04,basal-serve mlx,HR01,hr,0,0,True,0.6261,52.9
basal-1.5-mini [mlx],e04,basal-serve mlx,HR02,hr,1,1,True,0.5112,58.1
basal-1.5-mini [mlx],e04,basal-serve mlx,HR03,hr,0,0,True,0.5613,58.0
basal-1.5-mini [mlx],e04,basal-serve mlx,HR04,hr,0,1,False,0.9245,56.8
basal-1.5-mini [mlx],e04,basal-serve mlx,HR05,hr,1,1,True,0.9812,56.5
basal-1.5-mini [mlx],e04,basal-serve mlx,HR06,hr,1,1,True,0.8977,59.4
basal-1.5-mini [mlx],e04,basal-serve mlx,HR07,hr,0,0,True,0.986,58.6
basal-1.5-mini [mlx],e04,basal-serve mlx,HR08,hr,1,1,True,0.5391,59.9
basal-1.5-mini [mlx],e04,basal-serve mlx,HR09,hr,1,1,True,0.9952,61.9
basal-1.5-mini [mlx],e04,basal-serve mlx,HR10,hr,2,2,True,0.9974,62.0
basal-1.5-mini [mlx],e04,basal-serve mlx,HR11,hr,0,0,True,0.9939,61.8
basal-1.5-mini [mlx],e04,basal-serve mlx,HR12,hr,4,4,True,0.9958,66.2
basal-1.5-mini [mlx],e04,basal-serve mlx,HR13,hr,5,5,True,0.998,62.6
basal-1.5-mini [mlx],e04,basal-serve mlx,HR14,hr,1,0,False,0.4384,59.9
basal-1.5-mini [mlx],e04,basal-serve mlx,HR15,hr,1,1,True,0.6095,65.4
basal-1.5-mini [mlx],e04,basal-serve mlx,HR16,hr,3,3,True,0.9648,64.0
basal-1.5-mini [mlx],e04,basal-serve mlx,HR17,hr,2,2,True,0.9226,67.1
basal-1.5-mini [mlx],e04,basal-serve mlx,MED01,przychodnia,0,0,True,0.7037,60.9
basal-1.5-mini [mlx],e04,basal-serve mlx,MED02,przychodnia,1,0,False,0.7394,60.2
basal-1.5-mini [mlx],e04,basal-serve mlx,MED03,przychodnia,1,1,True,0.8824,57.7
basal-1.5-mini [mlx],e04,basal-serve mlx,MED04,przychodnia,0,1,False,0.555,57.8
basal-1.5-mini [mlx],e04,basal-serve mlx,MED05,przychodnia,0,0,True,0.9978,57.0
basal-1.5-mini [mlx],e04,basal-serve mlx,MED06,przychodnia,1,1,True,0.9783,55.5
basal-1.5-mini [mlx],e04,basal-serve mlx,MED07,przychodnia,0,0,True,0.9962,57.1
basal-1.5-mini [mlx],e04,basal-serve mlx,MED08,przychodnia,1,0,False,0.6261,57.7
basal-1.5-mini [mlx],e04,basal-serve mlx,MED09,przychodnia,2,2,True,0.9234,57.1
basal-1.5-mini [mlx],e04,basal-serve mlx,MED10,przychodnia,3,3,True,0.9511,61.8
basal-1.5-mini [mlx],e04,basal-serve mlx,MED11,przychodnia,1,1,True,0.9331,58.6
basal-1.5-mini [mlx],e04,basal-serve mlx,MED12,przychodnia,4,4,True,0.9924,58.8
basal-1.5-mini [mlx],e04,basal-serve mlx,MED13,przychodnia,1,1,True,0.9916,59.1
basal-1.5-mini [mlx],e04,basal-serve mlx,MED14,przychodnia,0,0,True,0.9957,58.5
basal-1.5-mini [mlx],e04,basal-serve mlx,MED15,przychodnia,1,1,True,0.8137,65.8
basal-1.5-mini [mlx],e04,basal-serve mlx,MED16,przychodnia,2,2,True,0.9759,66.5
basal-1.5-mini [mlx],e04,basal-serve mlx,MED17,przychodnia,3,3,True,0.586,66.2
basal-1.5-mini [mlx],e04,basal-serve mlx,INS01,ubezpieczenia,1,1,True,0.6254,61.7
basal-1.5-mini [mlx],e04,basal-serve mlx,INS02,ubezpieczenia,0,0,True,0.5723,58.7
basal-1.5-mini [mlx],e04,basal-serve mlx,INS03,ubezpieczenia,0,0,True,0.5222,62.9
basal-1.5-mini [mlx],e04,basal-serve mlx,INS04,ubezpieczenia,1,1,True,0.6466,61.4
basal-1.5-mini [mlx],e04,basal-serve mlx,INS05,ubezpieczenia,0,0,True,0.9929,56.5
basal-1.5-mini [mlx],e04,basal-serve mlx,INS06,ubezpieczenia,1,1,True,0.7171,61.0
basal-1.5-mini [mlx],e04,basal-serve mlx,INS07,ubezpieczenia,1,1,True,0.5831,62.0
basal-1.5-mini [mlx],e04,basal-serve mlx,INS08,ubezpieczenia,0,0,True,0.9887,57.5
basal-1.5-mini [mlx],e04,basal-serve mlx,INS09,ubezpieczenia,3,3,True,0.9911,63.3
basal-1.5-mini [mlx],e04,basal-serve mlx,INS10,ubezpieczenia,4,4,True,0.979,64.5
basal-1.5-mini [mlx],e04,basal-serve mlx,INS11,ubezpieczenia,2,2,True,0.8951,66.9
basal-1.5-mini [mlx],e04,basal-serve mlx,INS12,ubezpieczenia,1,1,True,0.9451,64.1
basal-1.5-mini [mlx],e04,basal-serve mlx,INS13,ubezpieczenia,0,0,True,0.9979,65.3
basal-1.5-mini [mlx],e04,basal-serve mlx,INS14,ubezpieczenia,0,0,True,0.9297,64.4
basal-1.5-mini [mlx],e04,basal-serve mlx,INS15,ubezpieczenia,2,2,True,0.9249,64.0
basal-1.5-mini [mlx],e04,basal-serve mlx,INS16,ubezpieczenia,1,2,False,0.8881,59.1
basal-1.5-mini [mlx],e04,basal-serve mlx,INS17,ubezpieczenia,3,3,True,0.9479,64.4
basal-1.5-mini [mlx],e04,basal-serve mlx,BNK01,bank_aml,1,1,True,0.8008,66.0
basal-1.5-mini [mlx],e04,basal-serve mlx,BNK02,bank_aml,0,1,False,0.8169,70.8
basal-1.5-mini [mlx],e04,basal-serve mlx,BNK03,bank_aml,0,0,True,0.5167,61.6
basal-1.5-mini [mlx],e04,basal-serve mlx,BNK04,bank_aml,1,1,True,0.5502,61.1
basal-1.5-mini [mlx],e04,basal-serve mlx,BNK05,bank_aml,1,1,True,0.6209,59.4
basal-1.5-mini [mlx],e04,basal-serve mlx,BNK06,bank_aml,0,0,True,0.6259,59.9
basal-1.5-mini [mlx],e04,basal-serve mlx,BNK07,bank_aml,0,0,True,0.9864,58.7
basal-1.5-mini [mlx],e04,basal-serve mlx,BNK08,bank_aml,1,1,True,0.9822,61.3
basal-1.5-mini [mlx],e04,basal-serve mlx,BNK09,bank_aml,4,4,True,0.7607,68.7
basal-1.5-mini [mlx],e04,basal-serve mlx,BNK10,bank_aml,2,2,True,0.995,69.3
basal-1.5-mini [mlx],e04,basal-serve mlx,BNK11,bank_aml,1,1,True,0.9989,64.8
basal-1.5-mini [mlx],e04,basal-serve mlx,BNK12,bank_aml,3,3,True,0.9977,64.4
basal-1.5-mini [mlx],e04,basal-serve mlx,BNK13,bank_aml,0,0,True,0.9872,64.9
basal-1.5-mini [mlx],e04,basal-serve mlx,BNK14,bank_aml,0,0,True,0.8395,65.2
basal-1.5-mini [mlx],e04,basal-serve mlx,BNK15,bank_aml,1,1,True,0.7472,66.1
basal-1.5-mini [mlx],e04,basal-serve mlx,BNK16,bank_aml,2,2,True,0.7618,65.7
basal-1.5-mini [mlx],e04,basal-serve mlx,BNK17,bank_aml,3,3,True,0.7089,64.8
basal-1.5-mini [mlx],e04,basal-serve mlx,LOG01,logistyka,1,0,False,0.5831,57.9
basal-1.5-mini [mlx],e04,basal-serve mlx,LOG02,logistyka,0,1,False,0.6654,62.9
basal-1.5-mini [mlx],e04,basal-serve mlx,LOG03,logistyka,1,0,False,0.8869,60.0
basal-1.5-mini [mlx],e04,basal-serve mlx,LOG04,logistyka,0,0,True,0.7689,56.1
basal-1.5-mini [mlx],e04,basal-serve mlx,LOG05,logistyka,1,0,False,0.9022,56.4
basal-1.5-mini [mlx],e04,basal-serve mlx,LOG06,logistyka,0,0,True,0.9965,59.1
basal-1.5-mini [mlx],e04,basal-serve mlx,LOG07,logistyka,0,0,True,0.9722,59.9
basal-1.5-mini [mlx],e04,basal-serve mlx,LOG08,logistyka,1,1,True,0.9426,61.7
basal-1.5-mini [mlx],e04,basal-serve mlx,LOG09,logistyka,2,2,True,0.9937,67.9
basal-1.5-mini [mlx],e04,basal-serve mlx,LOG10,logistyka,1,1,True,0.9939,63.6
basal-1.5-mini [mlx],e04,basal-serve mlx,LOG11,logistyka,3,3,True,0.9985,68.4
basal-1.5-mini [mlx],e04,basal-serve mlx,LOG12,logistyka,0,0,True,0.9981,68.8
basal-1.5-mini [mlx],e04,basal-serve mlx,LOG13,logistyka,4,4,True,0.9972,67.4
basal-1.5-mini [mlx],e04,basal-serve mlx,LOG14,logistyka,0,0,True,0.8154,60.1
basal-1.5-mini [mlx],e04,basal-serve mlx,LOG15,logistyka,2,2,True,0.5404,64.4
basal-1.5-mini [mlx],e04,basal-serve mlx,LOG16,logistyka,1,1,True,0.8805,59.4
basal-1.5-mini [mlx],e04,basal-serve mlx,LOG17,logistyka,3,3,True,0.9494,64.0
basal-1.5-mini [mlx],e04,basal-serve mlx,ITS01,it_security,0,0,True,0.8178,56.7
basal-1.5-mini [mlx],e04,basal-serve mlx,ITS02,it_security,1,0,False,0.9245,55.7
basal-1.5-mini [mlx],e04,basal-serve mlx,ITS03,it_security,1,0,False,0.9321,55.6
basal-1.5-mini [mlx],e04,basal-serve mlx,ITS04,it_security,0,0,True,0.7464,57.5
basal-1.5-mini [mlx],e04,basal-serve mlx,ITS05,it_security,1,1,True,0.7896,56.3
basal-1.5-mini [mlx],e04,basal-serve mlx,ITS06,it_security,1,1,True,0.9547,62.5
basal-1.5-mini [mlx],e04,basal-serve mlx,ITS07,it_security,0,1,False,0.8803,66.8
basal-1.5-mini [mlx],e04,basal-serve mlx,ITS08,it_security,0,0,True,0.8849,58.1
basal-1.5-mini [mlx],e04,basal-serve mlx,ITS09,it_security,4,4,True,0.9859,65.9
basal-1.5-mini [mlx],e04,basal-serve mlx,ITS10,it_security,3,3,True,0.9782,67.6
basal-1.5-mini [mlx],e04,basal-serve mlx,ITS11,it_security,2,2,True,0.9971,68.9
basal-1.5-mini [mlx],e04,basal-serve mlx,ITS12,it_security,0,0,True,0.9983,70.6
basal-1.5-mini [mlx],e04,basal-serve mlx,ITS13,it_security,1,1,True,0.9902,70.1
basal-1.5-mini [mlx],e04,basal-serve mlx,ITS14,it_security,0,1,False,0.8738,64.6
basal-1.5-mini [mlx],e04,basal-serve mlx,ITS15,it_security,2,2,True,0.5882,60.0
basal-1.5-mini [mlx],e04,basal-serve mlx,ITS16,it_security,1,1,True,0.8328,61.8
basal-1.5-mini [mlx],e04,basal-serve mlx,ITS17,it_security,3,3,True,0.5104,63.6
basal-1.5-mini [mlx],e04,basal-serve mlx,MFG01,produkcja,1,1,True,0.8678,60.1
basal-1.5-mini [mlx],e04,basal-serve mlx,MFG02,produkcja,0,0,True,0.5223,61.3
basal-1.5-mini [mlx],e04,basal-serve mlx,MFG03,produkcja,0,0,True,0.9336,62.2
basal-1.5-mini [mlx],e04,basal-serve mlx,MFG04,produkcja,0,0,True,0.7003,59.5
basal-1.5-mini [mlx],e04,basal-serve mlx,MFG05,produkcja,0,1,False,0.8486,55.7
basal-1.5-mini [mlx],e04,basal-serve mlx,MFG06,produkcja,1,1,True,0.9582,60.6
basal-1.5-mini [mlx],e04,basal-serve mlx,MFG07,produkcja,1,1,True,0.9633,55.3
basal-1.5-mini [mlx],e04,basal-serve mlx,MFG08,produkcja,1,0,False,0.9345,54.1
basal-1.5-mini [mlx],e04,basal-serve mlx,MFG09,produkcja,1,1,True,0.9938,57.7
basal-1.5-mini [mlx],e04,basal-serve mlx,MFG10,produkcja,4,4,True,0.9978,58.8
basal-1.5-mini [mlx],e04,basal-serve mlx,MFG11,produkcja,3,3,True,0.9384,58.0
basal-1.5-mini [mlx],e04,basal-serve mlx,MFG12,produkcja,2,2,True,0.9192,61.5
basal-1.5-mini [mlx],e04,basal-serve mlx,MFG13,produkcja,0,0,True,0.9912,56.7
basal-1.5-mini [mlx],e04,basal-serve mlx,MFG14,produkcja,0,0,True,0.6002,61.8
basal-1.5-mini [mlx],e04,basal-serve mlx,MFG15,produkcja,1,1,True,0.6856,56.7
basal-1.5-mini [mlx],e04,basal-serve mlx,MFG16,produkcja,2,2,True,0.8916,61.5
basal-1.5-mini [mlx],e04,basal-serve mlx,MFG17,produkcja,3,0,False,0.7019,61.5
basal-1.5-mini [mlx],e04,basal-serve mlx,EDU01,uczelnia,1,0,False,0.6708,54.2
basal-1.5-mini [mlx],e04,basal-serve mlx,EDU02,uczelnia,0,0,True,0.9811,58.4
basal-1.5-mini [mlx],e04,basal-serve mlx,EDU03,uczelnia,1,0,False,0.5336,54.5
basal-1.5-mini [mlx],e04,basal-serve mlx,EDU04,uczelnia,0,0,True,0.9574,61.2
basal-1.5-mini [mlx],e04,basal-serve mlx,EDU05,uczelnia,1,1,True,0.6962,60.5
basal-1.5-mini [mlx],e04,basal-serve mlx,EDU06,uczelnia,0,0,True,0.9147,58.0
basal-1.5-mini [mlx],e04,basal-serve mlx,EDU07,uczelnia,0,0,True,0.9389,57.1
basal-1.5-mini [mlx],e04,basal-serve mlx,EDU08,uczelnia,1,1,True,0.9909,57.3
basal-1.5-mini [mlx],e04,basal-serve mlx,EDU09,uczelnia,1,1,True,0.9995,62.0
basal-1.5-mini [mlx],e04,basal-serve mlx,EDU10,uczelnia,4,4,True,0.9964,62.1
basal-1.5-mini [mlx],e04,basal-serve mlx,EDU11,uczelnia,2,2,True,0.9995,61.8
basal-1.5-mini [mlx],e04,basal-serve mlx,EDU12,uczelnia,3,3,True,0.9935,60.9
basal-1.5-mini [mlx],e04,basal-serve mlx,EDU13,uczelnia,0,0,True,0.9992,61.6
basal-1.5-mini [mlx],e04,basal-serve mlx,EDU14,uczelnia,0,0,True,0.761,61.3
basal-1.5-mini [mlx],e04,basal-serve mlx,EDU15,uczelnia,2,2,True,0.5328,62.5
basal-1.5-mini [mlx],e04,basal-serve mlx,EDU16,uczelnia,1,2,False,0.5562,58.4
basal-1.5-mini [mlx],e04,basal-serve mlx,EDU17,uczelnia,3,3,True,0.7896,62.4
basal-1.5-mini [mlx],e04,basal-serve mlx,RE01,wspolnota,1,0,False,0.7269,58.1
basal-1.5-mini [mlx],e04,basal-serve mlx,RE02,wspolnota,0,1,False,0.5887,59.5
basal-1.5-mini [mlx],e04,basal-serve mlx,RE03,wspolnota,1,0,False,0.8041,57.8
basal-1.5-mini [mlx],e04,basal-serve mlx,RE04,wspolnota,0,1,False,0.6047,56.7
basal-1.5-mini [mlx],e04,basal-serve mlx,RE05,wspolnota,0,0,True,0.7096,57.4
basal-1.5-mini [mlx],e04,basal-serve mlx,RE06,wspolnota,1,1,True,0.8385,60.1
basal-1.5-mini [mlx],e04,basal-serve mlx,RE07,wspolnota,0,1,False,0.9195,59.7
basal-1.5-mini [mlx],e04,basal-serve mlx,RE08,wspolnota,1,1,True,0.9923,61.3
basal-1.5-mini [mlx],e04,basal-serve mlx,RE09,wspolnota,3,3,True,0.9858,62.8
basal-1.5-mini [mlx],e04,basal-serve mlx,RE10,wspolnota,5,5,True,0.9939,58.6
basal-1.5-mini [mlx],e04,basal-serve mlx,RE11,wspolnota,1,1,True,0.9965,58.2
basal-1.5-mini [mlx],e04,basal-serve mlx,RE12,wspolnota,4,4,True,0.9967,57.9
basal-1.5-mini [mlx],e04,basal-serve mlx,RE13,wspolnota,0,0,True,0.9964,57.9
basal-1.5-mini [mlx],e04,basal-serve mlx,RE14,wspolnota,3,3,True,0.8023,67.3
basal-1.5-mini [mlx],e04,basal-serve mlx,RE15,wspolnota,2,2,True,0.9537,67.9
basal-1.5-mini [mlx],e04,basal-serve mlx,RE16,wspolnota,0,0,True,0.7681,64.8
basal-1.5-mini [mlx],e04,basal-serve mlx,RE17,wspolnota,1,1,True,0.8161,69.6
basal-1.5-mini [mlx],e04,basal-serve mlx,ECM01,moderacja,0,0,True,0.6849,64.6
basal-1.5-mini [mlx],e04,basal-serve mlx,ECM02,moderacja,1,0,False,0.9098,63.4
basal-1.5-mini [mlx],e04,basal-serve mlx,ECM03,moderacja,1,1,True,0.6901,62.8
basal-1.5-mini [mlx],e04,basal-serve mlx,ECM04,moderacja,1,0,False,0.8986,62.3
basal-1.5-mini [mlx],e04,basal-serve mlx,ECM05,moderacja,0,0,True,0.9248,62.7
basal-1.5-mini [mlx],e04,basal-serve mlx,ECM06,moderacja,1,1,True,0.9707,60.0
basal-1.5-mini [mlx],e04,basal-serve mlx,ECM07,moderacja,0,0,True,0.9646,58.7
basal-1.5-mini [mlx],e04,basal-serve mlx,ECM08,moderacja,0,0,True,0.555,59.3
basal-1.5-mini [mlx],e04,basal-serve mlx,ECM09,moderacja,2,3,False,0.6169,67.8
basal-1.5-mini [mlx],e04,basal-serve mlx,ECM10,moderacja,3,3,True,0.9599,64.8
basal-1.5-mini [mlx],e04,basal-serve mlx,ECM11,moderacja,0,3,False,0.7432,68.0
basal-1.5-mini [mlx],e04,basal-serve mlx,ECM12,moderacja,5,5,True,0.9571,68.7
basal-1.5-mini [mlx],e04,basal-serve mlx,ECM13,moderacja,1,1,True,0.9316,65.7
basal-1.5-mini [mlx],e04,basal-serve mlx,ECM14,moderacja,4,3,False,0.7039,69.3
basal-1.5-mini [mlx],e04,basal-serve mlx,ECM15,moderacja,3,0,False,0.6196,64.0
basal-1.5-mini [mlx],e04,basal-serve mlx,ECM16,moderacja,1,1,True,0.7129,63.4
basal-1.5-mini [mlx],e04,basal-serve mlx,ECM17,moderacja,0,0,True,0.7781,58.4
basal-1.5-mini [mps],e03,basal-serve mps,R01,reklamacja,0,0,True,0.99,34.9
basal-1.5-mini [mps],e03,basal-serve mps,R02,reklamacja,1,1,True,0.9793,34.6
basal-1.5-mini [mps],e03,basal-serve mps,R03,reklamacja,0,0,True,0.8516,36.8
basal-1.5-mini [mps],e03,basal-serve mps,R04,reklamacja,0,0,True,0.9706,41.7
basal-1.5-mini [mps],e03,basal-serve mps,R05,reklamacja,1,1,True,0.9801,41.3
basal-1.5-mini [mps],e03,basal-serve mps,R06,reklamacja,0,0,True,0.9272,36.6
basal-1.5-mini [mps],e03,basal-serve mps,R07,reklamacja,1,1,True,0.9806,41.9
basal-1.5-mini [mps],e03,basal-serve mps,R08,reklamacja,0,0,True,0.8625,38.8
basal-1.5-mini [mps],e03,basal-serve mps,R09,reklamacja,1,1,True,0.9335,41.3
basal-1.5-mini [mps],e03,basal-serve mps,R10,reklamacja,1,1,True,0.9863,42.3
basal-1.5-mini [mps],e03,basal-serve mps,R11,reklamacja,0,0,True,0.9878,39.0
basal-1.5-mini [mps],e03,basal-serve mps,R12,reklamacja,1,1,True,0.9837,38.4
basal-1.5-mini [mps],e03,basal-serve mps,R13,reklamacja,0,0,True,0.7318,38.9
basal-1.5-mini [mps],e03,basal-serve mps,R14,reklamacja,1,1,True,0.9525,38.8
basal-1.5-mini [mps],e03,basal-serve mps,R15,reklamacja,0,0,True,0.9292,38.6
basal-1.5-mini [mps],e03,basal-serve mps,R16,reklamacja,1,1,True,0.9627,38.4
basal-1.5-mini [mps],e03,basal-serve mps,R17,reklamacja,0,1,False,0.5722,40.9
basal-1.5-mini [mps],e03,basal-serve mps,R18,reklamacja,1,1,True,0.9604,34.3
basal-1.5-mini [mps],e03,basal-serve mps,R19,reklamacja,0,0,True,0.5497,41.4
basal-1.5-mini [mps],e03,basal-serve mps,R20,reklamacja,1,1,True,0.9371,39.3
basal-1.5-mini [mps],e03,basal-serve mps,R21,reklamacja,0,0,True,0.8568,40.9
basal-1.5-mini [mps],e03,basal-serve mps,R22,reklamacja,1,1,True,0.9709,42.7
basal-1.5-mini [mps],e03,basal-serve mps,R23,reklamacja,0,0,True,0.9844,39.9
basal-1.5-mini [mps],e03,basal-serve mps,R24,reklamacja,1,1,True,0.9667,38.3
basal-1.5-mini [mps],e03,basal-serve mps,R25,reklamacja,0,0,True,0.9105,35.5
basal-1.5-mini [mps],e03,basal-serve mps,R26,reklamacja,1,1,True,0.9681,44.3
basal-1.5-mini [mps],e03,basal-serve mps,R27,reklamacja,0,0,True,0.8101,34.7
basal-1.5-mini [mps],e03,basal-serve mps,R28,reklamacja,1,1,True,0.9732,40.2
basal-1.5-mini [mps],e03,basal-serve mps,R29,reklamacja,0,0,True,0.8235,33.9
basal-1.5-mini [mps],e03,basal-serve mps,R30,reklamacja,1,1,True,0.9809,41.4
basal-1.5-mini [mps],e03,basal-serve mps,R31,reklamacja,0,1,False,0.8699,35.2
basal-1.5-mini [mps],e03,basal-serve mps,R32,reklamacja,1,1,True,0.9498,34.5
basal-1.5-mini [mps],e03,basal-serve mps,R33,reklamacja,0,0,True,0.8119,41.8
basal-1.5-mini [mps],e03,basal-serve mps,R34,reklamacja,1,1,True,0.983,34.0
basal-1.5-mini [mps],e03,basal-serve mps,R35,reklamacja,0,0,True,0.5963,37.3
basal-1.5-mini [mps],e03,basal-serve mps,R36,reklamacja,1,1,True,0.9818,41.6
basal-1.5-mini [mps],e03,basal-serve mps,R37,reklamacja,0,0,True,0.9506,42.0
basal-1.5-mini [mps],e03,basal-serve mps,R38,reklamacja,1,1,True,0.9881,39.2
basal-1.5-mini [mps],e03,basal-serve mps,R39,reklamacja,0,0,True,0.9693,39.4
basal-1.5-mini [mps],e03,basal-serve mps,R40,reklamacja,1,1,True,0.9609,35.1
basal-1.5-mini [mps],e03,basal-serve mps,D01,routing,2,2,True,0.9971,47.8
basal-1.5-mini [mps],e03,basal-serve mps,D02,routing,1,1,True,0.9942,42.6
basal-1.5-mini [mps],e03,basal-serve mps,D03,routing,3,3,True,0.9947,42.3
basal-1.5-mini [mps],e03,basal-serve mps,D04,routing,4,4,True,0.9988,42.1
basal-1.5-mini [mps],e03,basal-serve mps,D05,routing,0,0,True,0.9846,41.5
basal-1.5-mini [mps],e03,basal-serve mps,D06,routing,1,1,True,0.9756,41.9
basal-1.5-mini [mps],e03,basal-serve mps,D07,routing,4,4,True,0.974,41.5
basal-1.5-mini [mps],e03,basal-serve mps,D08,routing,2,2,True,0.9957,37.3
basal-1.5-mini [mps],e03,basal-serve mps,D09,routing,3,3,True,0.9858,45.1
basal-1.5-mini [mps],e03,basal-serve mps,D10,routing,0,0,True,0.9879,37.1
basal-1.5-mini [mps],e03,basal-serve mps,D11,routing,0,0,True,0.955,43.7
basal-1.5-mini [mps],e03,basal-serve mps,D12,routing,0,0,True,0.9832,37.3
basal-1.5-mini [mps],e03,basal-serve mps,D13,routing,0,0,True,0.9982,44.5
basal-1.5-mini [mps],e03,basal-serve mps,D14,routing,0,0,True,0.451,37.8
basal-1.5-mini [mps],e03,basal-serve mps,D15,routing,0,0,True,0.9928,41.5
basal-1.5-mini [mps],e03,basal-serve mps,D16,routing,0,0,True,0.9941,44.3
basal-1.5-mini [mps],e03,basal-serve mps,D17,routing,1,1,True,0.9983,39.7
basal-1.5-mini [mps],e03,basal-serve mps,D18,routing,1,1,True,0.9653,39.3
basal-1.5-mini [mps],e03,basal-serve mps,D19,routing,1,1,True,0.9241,47.8
basal-1.5-mini [mps],e03,basal-serve mps,D20,routing,1,1,True,0.9806,41.3
basal-1.5-mini [mps],e03,basal-serve mps,D21,routing,1,1,True,0.9897,42.5
basal-1.5-mini [mps],e03,basal-serve mps,D22,routing,1,3,False,0.8276,45.9
basal-1.5-mini [mps],e03,basal-serve mps,D23,routing,2,2,True,0.9919,42.2
basal-1.5-mini [mps],e03,basal-serve mps,D24,routing,2,2,True,0.9881,41.4
basal-1.5-mini [mps],e03,basal-serve mps,D25,routing,2,2,True,0.9935,49.5
basal-1.5-mini [mps],e03,basal-serve mps,D26,routing,2,2,True,0.998,40.6
basal-1.5-mini [mps],e03,basal-serve mps,D27,routing,2,2,True,0.9977,44.9
basal-1.5-mini [mps],e03,basal-serve mps,D28,routing,2,2,True,0.9683,40.4
basal-1.5-mini [mps],e03,basal-serve mps,D29,routing,3,3,True,0.994,46.6
basal-1.5-mini [mps],e03,basal-serve mps,D30,routing,3,3,True,0.9967,40.0
basal-1.5-mini [mps],e03,basal-serve mps,D31,routing,3,3,True,0.851,42.2
basal-1.5-mini [mps],e03,basal-serve mps,D32,routing,3,3,True,0.995,42.0
basal-1.5-mini [mps],e03,basal-serve mps,D33,routing,3,3,True,0.993,42.4
basal-1.5-mini [mps],e03,basal-serve mps,D34,routing,3,3,True,0.9921,48.5
basal-1.5-mini [mps],e03,basal-serve mps,D35,routing,4,4,True,0.9835,39.9
basal-1.5-mini [mps],e03,basal-serve mps,D36,routing,4,4,True,0.9824,45.0
basal-1.5-mini [mps],e03,basal-serve mps,D37,routing,4,4,True,0.997,40.9
basal-1.5-mini [mps],e03,basal-serve mps,D38,routing,4,4,True,0.9917,41.1
basal-1.5-mini [mps],e03,basal-serve mps,D39,routing,4,4,True,0.6012,40.4
basal-1.5-mini [mps],e03,basal-serve mps,D40,routing,4,4,True,0.9865,47.5
basal-1.5-mini [mps],e03,basal-serve mps,E01,eskalacja,0,0,True,0.9776,38.2
basal-1.5-mini [mps],e03,basal-serve mps,E02,eskalacja,1,1,True,0.9673,41.5
basal-1.5-mini [mps],e03,basal-serve mps,E03,eskalacja,0,0,True,0.9922,40.4
basal-1.5-mini [mps],e03,basal-serve mps,E04,eskalacja,1,1,True,0.8363,39.5
basal-1.5-mini [mps],e03,basal-serve mps,E05,eskalacja,0,0,True,0.994,47.2
basal-1.5-mini [mps],e03,basal-serve mps,E06,eskalacja,0,0,True,0.9831,38.6
basal-1.5-mini [mps],e03,basal-serve mps,E07,eskalacja,0,0,True,0.9727,41.3
basal-1.5-mini [mps],e03,basal-serve mps,E08,eskalacja,0,0,True,0.9822,39.2
basal-1.5-mini [mps],e03,basal-serve mps,E09,eskalacja,0,0,True,0.987,41.1
basal-1.5-mini [mps],e03,basal-serve mps,E10,eskalacja,0,1,False,0.55,39.6
basal-1.5-mini [mps],e03,basal-serve mps,E11,eskalacja,0,0,True,0.9357,37.4
basal-1.5-mini [mps],e03,basal-serve mps,E12,eskalacja,0,0,True,0.9923,42.8
basal-1.5-mini [mps],e03,basal-serve mps,E13,eskalacja,0,0,True,0.9876,41.1
basal-1.5-mini [mps],e03,basal-serve mps,E14,eskalacja,0,0,True,0.8277,41.2
basal-1.5-mini [mps],e03,basal-serve mps,E15,eskalacja,0,0,True,0.9874,40.3
basal-1.5-mini [mps],e03,basal-serve mps,E16,eskalacja,0,0,True,0.9785,44.4
basal-1.5-mini [mps],e03,basal-serve mps,E17,eskalacja,0,0,True,0.9673,39.8
basal-1.5-mini [mps],e03,basal-serve mps,E18,eskalacja,0,0,True,0.9782,41.0
basal-1.5-mini [mps],e03,basal-serve mps,E19,eskalacja,0,0,True,0.9946,48.4
basal-1.5-mini [mps],e03,basal-serve mps,E20,eskalacja,0,0,True,0.8747,40.5
basal-1.5-mini [mps],e03,basal-serve mps,E21,eskalacja,0,0,True,0.9832,41.5
basal-1.5-mini [mps],e03,basal-serve mps,E22,eskalacja,0,0,True,0.9571,43.2
basal-1.5-mini [mps],e03,basal-serve mps,E23,eskalacja,1,1,True,0.8871,39.6
basal-1.5-mini [mps],e03,basal-serve mps,E24,eskalacja,1,1,True,0.9667,41.4
basal-1.5-mini [mps],e03,basal-serve mps,E25,eskalacja,1,1,True,0.9401,41.1
basal-1.5-mini [mps],e03,basal-serve mps,E26,eskalacja,1,0,False,0.8774,39.5
basal-1.5-mini [mps],e03,basal-serve mps,E27,eskalacja,1,1,True,0.9276,38.1
basal-1.5-mini [mps],e03,basal-serve mps,E28,eskalacja,1,1,True,0.7381,40.8
basal-1.5-mini [mps],e03,basal-serve mps,E29,eskalacja,1,1,True,0.8811,38.0
basal-1.5-mini [mps],e03,basal-serve mps,E30,eskalacja,1,1,True,0.9658,42.8
basal-1.5-mini [mps],e03,basal-serve mps,E31,eskalacja,1,1,True,0.8687,43.3
basal-1.5-mini [mps],e03,basal-serve mps,E32,eskalacja,1,1,True,0.9444,37.0
basal-1.5-mini [mps],e03,basal-serve mps,E33,eskalacja,1,1,True,0.8569,40.6
basal-1.5-mini [mps],e03,basal-serve mps,E34,eskalacja,1,0,False,0.965,37.3
basal-1.5-mini [mps],e03,basal-serve mps,E35,eskalacja,1,1,True,0.9443,36.5
basal-1.5-mini [mps],e03,basal-serve mps,E36,eskalacja,1,1,True,0.8352,38.0
basal-1.5-mini [mps],e03,basal-serve mps,E37,eskalacja,1,1,True,0.9075,38.3
basal-1.5-mini [mps],e03,basal-serve mps,E38,eskalacja,1,1,True,0.8277,39.6
basal-1.5-mini [mps],e03,basal-serve mps,E39,eskalacja,1,1,True,0.9426,45.2
basal-1.5-mini [mps],e03,basal-serve mps,E40,eskalacja,1,1,True,0.8122,41.4
basal-1.5-mini [mps],e03,basal-serve mps,K01,kompletnosc,0,0,True,0.7101,42.2
basal-1.5-mini [mps],e03,basal-serve mps,K02,kompletnosc,1,0,False,0.8387,40.4
basal-1.5-mini [mps],e03,basal-serve mps,K03,kompletnosc,1,0,False,0.8658,40.2
basal-1.5-mini [mps],e03,basal-serve mps,K04,kompletnosc,0,0,True,0.9741,48.8
basal-1.5-mini [mps],e03,basal-serve mps,K05,kompletnosc,1,1,True,0.6453,40.1
basal-1.5-mini [mps],e03,basal-serve mps,K06,kompletnosc,0,0,True,0.6719,39.5
basal-1.5-mini [mps],e03,basal-serve mps,K07,kompletnosc,1,0,False,0.8172,42.4
basal-1.5-mini [mps],e03,basal-serve mps,K08,kompletnosc,0,0,True,0.6208,39.4
basal-1.5-mini [mps],e03,basal-serve mps,K09,kompletnosc,1,1,True,0.8144,39.5
basal-1.5-mini [mps],e03,basal-serve mps,K10,kompletnosc,0,0,True,0.9816,46.9
basal-1.5-mini [mps],e03,basal-serve mps,K11,kompletnosc,1,1,True,0.9058,41.1
basal-1.5-mini [mps],e03,basal-serve mps,K12,kompletnosc,0,0,True,0.9796,39.7
basal-1.5-mini [mps],e03,basal-serve mps,K13,kompletnosc,1,1,True,0.9126,43.9
basal-1.5-mini [mps],e03,basal-serve mps,K14,kompletnosc,1,1,True,0.5391,37.3
basal-1.5-mini [mps],e03,basal-serve mps,K15,kompletnosc,0,0,True,0.9773,41.1
basal-1.5-mini [mps],e03,basal-serve mps,K16,kompletnosc,1,0,False,0.737,39.3
basal-1.5-mini [mps],e03,basal-serve mps,K17,kompletnosc,0,0,True,0.9872,36.8
basal-1.5-mini [mps],e03,basal-serve mps,K18,kompletnosc,1,0,False,0.8458,38.3
basal-1.5-mini [mps],e03,basal-serve mps,K19,kompletnosc,1,1,True,0.9626,38.6
basal-1.5-mini [mps],e03,basal-serve mps,K20,kompletnosc,0,0,True,0.9147,36.9
basal-1.5-mini [mps],e03,basal-serve mps,K21,kompletnosc,0,0,True,0.9801,46.7
basal-1.5-mini [mps],e03,basal-serve mps,K22,kompletnosc,0,1,False,0.765,44.5
basal-1.5-mini [mps],e03,basal-serve mps,K23,kompletnosc,1,0,False,0.5831,46.2
basal-1.5-mini [mps],e03,basal-serve mps,K24,kompletnosc,1,1,True,0.906,42.1
basal-1.5-mini [mps],e03,basal-serve mps,K25,kompletnosc,0,0,True,0.9762,44.0
basal-1.5-mini [mps],e03,basal-serve mps,K26,kompletnosc,1,1,True,0.8241,43.7
basal-1.5-mini [mps],e03,basal-serve mps,K27,kompletnosc,0,1,False,0.6314,44.4
basal-1.5-mini [mps],e03,basal-serve mps,K28,kompletnosc,1,0,False,0.7702,43.7
basal-1.5-mini [mps],e03,basal-serve mps,K29,kompletnosc,0,0,True,0.9335,44.7
basal-1.5-mini [mps],e03,basal-serve mps,K30,kompletnosc,1,1,True,0.9566,43.3
basal-1.5-mini [mps],e03,basal-serve mps,K31,kompletnosc,1,1,True,0.9626,39.2
basal-1.5-mini [mps],e03,basal-serve mps,K32,kompletnosc,0,1,False,0.5112,48.3
basal-1.5-mini [mps],e03,basal-serve mps,K33,kompletnosc,0,1,False,0.7481,39.4
basal-1.5-mini [mps],e03,basal-serve mps,K34,kompletnosc,1,1,True,0.9657,41.3
basal-1.5-mini [mps],e03,basal-serve mps,K35,kompletnosc,0,0,True,0.9706,46.2
basal-1.5-mini [mps],e03,basal-serve mps,K36,kompletnosc,1,1,True,0.9194,42.9
basal-1.5-mini [mps],e03,basal-serve mps,K37,kompletnosc,0,1,False,0.6849,39.2
basal-1.5-mini [mps],e03,basal-serve mps,K38,kompletnosc,1,1,True,0.5445,37.8
basal-1.5-mini [mps],e03,basal-serve mps,K40,kompletnosc,1,1,True,0.9769,37.3
basal-1.5-mini [mps],e03,basal-serve mps,S01,irytacja,0,0,True,0.9785,44.3
basal-1.5-mini [mps],e03,basal-serve mps,S02,irytacja,0,0,True,0.8587,37.5
basal-1.5-mini [mps],e03,basal-serve mps,S03,irytacja,0,0,True,0.9666,38.1
basal-1.5-mini [mps],e03,basal-serve mps,S04,irytacja,0,0,True,0.9124,37.6
basal-1.5-mini [mps],e03,basal-serve mps,S05,irytacja,0,0,True,0.5531,35.5
basal-1.5-mini [mps],e03,basal-serve mps,S06,irytacja,0,0,True,0.9773,40.5
basal-1.5-mini [mps],e03,basal-serve mps,S07,irytacja,0,0,True,0.9127,37.8
basal-1.5-mini [mps],e03,basal-serve mps,S08,irytacja,1,1,True,0.6004,36.1
basal-1.5-mini [mps],e03,basal-serve mps,S09,irytacja,1,2,False,0.7806,41.6
basal-1.5-mini [mps],e03,basal-serve mps,S10,irytacja,1,1,True,0.5944,39.4
basal-1.5-mini [mps],e03,basal-serve mps,S11,irytacja,1,1,True,0.524,35.7
basal-1.5-mini [mps],e03,basal-serve mps,S12,irytacja,1,1,True,0.82,41.3
basal-1.5-mini [mps],e03,basal-serve mps,S13,irytacja,1,2,False,0.5432,41.9
basal-1.5-mini [mps],e03,basal-serve mps,S15,irytacja,2,2,True,0.9977,34.4
basal-1.5-mini [mps],e03,basal-serve mps,S16,irytacja,2,2,True,0.991,35.3
basal-1.5-mini [mps],e03,basal-serve mps,S17,irytacja,2,2,True,0.9962,33.8
basal-1.5-mini [mps],e03,basal-serve mps,S18,irytacja,2,2,True,0.9974,41.5
basal-1.5-mini [mps],e03,basal-serve mps,S19,irytacja,2,2,True,0.9949,34.6
basal-1.5-mini [mps],e03,basal-serve mps,S20,irytacja,2,2,True,0.9467,33.7
basal-1.5-mini [mps],e03,basal-serve mps,P01,phishing,0,0,True,0.9217,39.2
basal-1.5-mini [mps],e03,basal-serve mps,P02,phishing,0,0,True,0.9922,38.4
basal-1.5-mini [mps],e03,basal-serve mps,P03,phishing,0,0,True,0.9602,39.7
basal-1.5-mini [mps],e03,basal-serve mps,P04,phishing,0,1,False,0.9029,46.8
basal-1.5-mini [mps],e03,basal-serve mps,P05,phishing,0,0,True,0.9956,41.0
basal-1.5-mini [mps],e03,basal-serve mps,P06,phishing,0,0,True,0.9917,40.1
basal-1.5-mini [mps],e03,basal-serve mps,P07,phishing,0,0,True,0.9972,42.6
basal-1.5-mini [mps],e03,basal-serve mps,P08,phishing,0,0,True,0.9945,40.1
basal-1.5-mini [mps],e03,basal-serve mps,P09,phishing,0,0,True,0.7689,40.1
basal-1.5-mini [mps],e03,basal-serve mps,P10,phishing,0,0,True,0.9953,40.3
basal-1.5-mini [mps],e03,basal-serve mps,P11,phishing,1,1,True,0.947,46.9
basal-1.5-mini [mps],e03,basal-serve mps,P12,phishing,1,1,True,0.8006,41.0
basal-1.5-mini [mps],e03,basal-serve mps,P13,phishing,1,1,True,0.6303,45.8
basal-1.5-mini [mps],e03,basal-serve mps,P14,phishing,1,1,True,0.9686,43.0
basal-1.5-mini [mps],e03,basal-serve mps,P15,phishing,1,0,False,0.9725,45.9
basal-1.5-mini [mps],e03,basal-serve mps,P16,phishing,1,1,True,0.9693,38.2
basal-1.5-mini [mps],e03,basal-serve mps,P17,phishing,1,1,True,0.9276,40.8
basal-1.5-mini [mps],e03,basal-serve mps,P18,phishing,1,1,True,0.6782,40.1
basal-1.5-mini [mps],e03,basal-serve mps,P19,phishing,1,1,True,0.781,38.5
basal-1.5-mini [mps],e03,basal-serve mps,P20,phishing,1,1,True,0.973,39.9
basal-1.5-mini [mps],e04,basal-serve mps,ADM01,administracja,0,0,True,0.8929,42.8
basal-1.5-mini [mps],e04,basal-serve mps,ADM02,administracja,0,1,False,0.6457,38.7
basal-1.5-mini [mps],e04,basal-serve mps,ADM03,administracja,1,0,False,0.8078,38.7
basal-1.5-mini [mps],e04,basal-serve mps,ADM04,administracja,0,0,True,0.9556,50.4
basal-1.5-mini [mps],e04,basal-serve mps,ADM05,administracja,1,0,False,0.6309,38.2
basal-1.5-mini [mps],e04,basal-serve mps,ADM06,administracja,0,0,True,0.9888,38.7
basal-1.5-mini [mps],e04,basal-serve mps,ADM07,administracja,1,1,True,0.9835,41.4
basal-1.5-mini [mps],e04,basal-serve mps,ADM08,administracja,1,0,False,0.8755,35.1
basal-1.5-mini [mps],e04,basal-serve mps,ADM09,administracja,2,2,True,0.997,46.2
basal-1.5-mini [mps],e04,basal-serve mps,ADM10,administracja,0,0,True,0.9698,60.1
basal-1.5-mini [mps],e04,basal-serve mps,ADM11,administracja,1,1,True,0.9959,47.7
basal-1.5-mini [mps],e04,basal-serve mps,ADM12,administracja,2,2,True,0.9441,53.4
basal-1.5-mini [mps],e04,basal-serve mps,ADM13,administracja,3,3,True,0.6897,48.4
basal-1.5-mini [mps],e04,basal-serve mps,ADM14,administracja,4,4,True,0.9986,39.2
basal-1.5-mini [mps],e04,basal-serve mps,ADM15,administracja,1,1,True,0.9064,53.3
basal-1.5-mini [mps],e04,basal-serve mps,ADM16,administracja,2,2,True,0.9043,51.5
basal-1.5-mini [mps],e04,basal-serve mps,ADM17,administracja,3,3,True,0.9471,52.5
basal-1.5-mini [mps],e04,basal-serve mps,LAW01,kancelaria,0,0,True,0.813,41.5
basal-1.5-mini [mps],e04,basal-serve mps,LAW02,kancelaria,1,1,True,0.5831,50.6
basal-1.5-mini [mps],e04,basal-serve mps,LAW03,kancelaria,1,1,True,0.7458,42.7
basal-1.5-mini [mps],e04,basal-serve mps,LAW04,kancelaria,1,1,True,0.7003,50.4
basal-1.5-mini [mps],e04,basal-serve mps,LAW05,kancelaria,0,1,False,0.5719,37.6
basal-1.5-mini [mps],e04,basal-serve mps,LAW06,kancelaria,1,1,True,0.9851,40.3
basal-1.5-mini [mps],e04,basal-serve mps,LAW07,kancelaria,0,0,True,0.9705,38.3
basal-1.5-mini [mps],e04,basal-serve mps,LAW08,kancelaria,0,0,True,0.9919,39.3
basal-1.5-mini [mps],e04,basal-serve mps,LAW09,kancelaria,5,5,True,0.9973,63.9
basal-1.5-mini [mps],e04,basal-serve mps,LAW10,kancelaria,2,2,True,0.9986,59.2
basal-1.5-mini [mps],e04,basal-serve mps,LAW11,kancelaria,0,0,True,0.9992,55.6
basal-1.5-mini [mps],e04,basal-serve mps,LAW12,kancelaria,3,3,True,0.9996,57.3
basal-1.5-mini [mps],e04,basal-serve mps,LAW13,kancelaria,4,4,True,0.9976,59.4
basal-1.5-mini [mps],e04,basal-serve mps,LAW14,kancelaria,2,1,False,0.516,45.8
basal-1.5-mini [mps],e04,basal-serve mps,LAW15,kancelaria,0,0,True,0.6765,52.9
basal-1.5-mini [mps],e04,basal-serve mps,LAW16,kancelaria,2,2,True,0.5517,53.3
basal-1.5-mini [mps],e04,basal-serve mps,LAW17,kancelaria,1,1,True,0.5676,51.0
basal-1.5-mini [mps],e04,basal-serve mps,HR01,hr,0,0,True,0.6155,46.1
basal-1.5-mini [mps],e04,basal-serve mps,HR02,hr,1,1,True,0.5168,48.1
basal-1.5-mini [mps],e04,basal-serve mps,HR03,hr,0,0,True,0.5503,42.6
basal-1.5-mini [mps],e04,basal-serve mps,HR04,hr,0,1,False,0.9285,44.1
basal-1.5-mini [mps],e04,basal-serve mps,HR05,hr,1,1,True,0.9817,37.4
basal-1.5-mini [mps],e04,basal-serve mps,HR06,hr,1,1,True,0.8999,43.8
basal-1.5-mini [mps],e04,basal-serve mps,HR07,hr,0,0,True,0.9856,38.0
basal-1.5-mini [mps],e04,basal-serve mps,HR08,hr,1,1,True,0.528,39.3
basal-1.5-mini [mps],e04,basal-serve mps,HR09,hr,1,1,True,0.9953,55.1
basal-1.5-mini [mps],e04,basal-serve mps,HR10,hr,2,2,True,0.9972,56.9
basal-1.5-mini [mps],e04,basal-serve mps,HR11,hr,0,0,True,0.9941,52.0
basal-1.5-mini [mps],e04,basal-serve mps,HR12,hr,4,4,True,0.9954,52.5
basal-1.5-mini [mps],e04,basal-serve mps,HR13,hr,5,5,True,0.9978,51.4
basal-1.5-mini [mps],e04,basal-serve mps,HR14,hr,1,0,False,0.4384,48.4
basal-1.5-mini [mps],e04,basal-serve mps,HR15,hr,1,1,True,0.6431,52.2
basal-1.5-mini [mps],e04,basal-serve mps,HR16,hr,3,3,True,0.9655,54.1
basal-1.5-mini [mps],e04,basal-serve mps,HR17,hr,2,2,True,0.9234,52.9
basal-1.5-mini [mps],e04,basal-serve mps,MED01,przychodnia,0,0,True,0.7037,58.1
basal-1.5-mini [mps],e04,basal-serve mps,MED02,przychodnia,1,0,False,0.7394,46.8
basal-1.5-mini [mps],e04,basal-serve mps,MED03,przychodnia,1,1,True,0.8777,52.3
basal-1.5-mini [mps],e04,basal-serve mps,MED04,przychodnia,0,1,False,0.588,51.8
basal-1.5-mini [mps],e04,basal-serve mps,MED05,przychodnia,0,0,True,0.9979,39.1
basal-1.5-mini [mps],e04,basal-serve mps,MED06,przychodnia,1,1,True,0.9782,46.6
basal-1.5-mini [mps],e04,basal-serve mps,MED07,przychodnia,0,0,True,0.9961,40.0
basal-1.5-mini [mps],e04,basal-serve mps,MED08,przychodnia,1,0,False,0.6312,38.0
basal-1.5-mini [mps],e04,basal-serve mps,MED09,przychodnia,2,2,True,0.9211,48.5
basal-1.5-mini [mps],e04,basal-serve mps,MED10,przychodnia,3,3,True,0.9515,51.5
basal-1.5-mini [mps],e04,basal-serve mps,MED11,przychodnia,1,1,True,0.9385,50.1
basal-1.5-mini [mps],e04,basal-serve mps,MED12,przychodnia,4,4,True,0.9925,45.8
basal-1.5-mini [mps],e04,basal-serve mps,MED13,przychodnia,1,1,True,0.9925,40.0
basal-1.5-mini [mps],e04,basal-serve mps,MED14,przychodnia,0,0,True,0.996,45.8
basal-1.5-mini [mps],e04,basal-serve mps,MED15,przychodnia,1,1,True,0.8131,55.9
basal-1.5-mini [mps],e04,basal-serve mps,MED16,przychodnia,2,2,True,0.9768,60.0
basal-1.5-mini [mps],e04,basal-serve mps,MED17,przychodnia,3,3,True,0.6098,56.1
basal-1.5-mini [mps],e04,basal-serve mps,INS01,ubezpieczenia,1,1,True,0.6412,50.1
basal-1.5-mini [mps],e04,basal-serve mps,INS02,ubezpieczenia,0,0,True,0.5503,49.2
basal-1.5-mini [mps],e04,basal-serve mps,INS03,ubezpieczenia,0,0,True,0.5387,56.0
basal-1.5-mini [mps],e04,basal-serve mps,INS04,ubezpieczenia,1,1,True,0.6416,50.6
basal-1.5-mini [mps],e04,basal-serve mps,INS05,ubezpieczenia,0,0,True,0.9928,44.8
basal-1.5-mini [mps],e04,basal-serve mps,INS06,ubezpieczenia,1,1,True,0.6935,52.0
basal-1.5-mini [mps],e04,basal-serve mps,INS07,ubezpieczenia,1,1,True,0.5994,40.7
basal-1.5-mini [mps],e04,basal-serve mps,INS08,ubezpieczenia,0,0,True,0.9888,46.3
basal-1.5-mini [mps],e04,basal-serve mps,INS09,ubezpieczenia,3,3,True,0.9914,58.3
basal-1.5-mini [mps],e04,basal-serve mps,INS10,ubezpieczenia,4,4,True,0.9753,54.5
basal-1.5-mini [mps],e04,basal-serve mps,INS11,ubezpieczenia,2,2,True,0.8903,43.1
basal-1.5-mini [mps],e04,basal-serve mps,INS12,ubezpieczenia,1,1,True,0.942,45.2
basal-1.5-mini [mps],e04,basal-serve mps,INS13,ubezpieczenia,0,0,True,0.9978,54.8
basal-1.5-mini [mps],e04,basal-serve mps,INS14,ubezpieczenia,0,0,True,0.9286,51.8
basal-1.5-mini [mps],e04,basal-serve mps,INS15,ubezpieczenia,2,2,True,0.9226,52.0
basal-1.5-mini [mps],e04,basal-serve mps,INS16,ubezpieczenia,1,2,False,0.8856,51.4
basal-1.5-mini [mps],e04,basal-serve mps,INS17,ubezpieczenia,3,3,True,0.9442,48.8
basal-1.5-mini [mps],e04,basal-serve mps,BNK01,bank_aml,1,1,True,0.7787,59.2
basal-1.5-mini [mps],e04,basal-serve mps,BNK02,bank_aml,0,1,False,0.813,59.9
basal-1.5-mini [mps],e04,basal-serve mps,BNK03,bank_aml,0,0,True,0.5056,47.8
basal-1.5-mini [mps],e04,basal-serve mps,BNK04,bank_aml,1,1,True,0.5502,51.6
basal-1.5-mini [mps],e04,basal-serve mps,BNK05,bank_aml,1,1,True,0.6365,49.6
basal-1.5-mini [mps],e04,basal-serve mps,BNK06,bank_aml,0,0,True,0.6312,41.2
basal-1.5-mini [mps],e04,basal-serve mps,BNK07,bank_aml,0,0,True,0.9861,40.9
basal-1.5-mini [mps],e04,basal-serve mps,BNK08,bank_aml,1,1,True,0.9826,38.5
basal-1.5-mini [mps],e04,basal-serve mps,BNK09,bank_aml,4,4,True,0.7501,59.8
basal-1.5-mini [mps],e04,basal-serve mps,BNK10,bank_aml,2,2,True,0.9945,64.0
basal-1.5-mini [mps],e04,basal-serve mps,BNK11,bank_aml,1,1,True,0.9989,54.1
basal-1.5-mini [mps],e04,basal-serve mps,BNK12,bank_aml,3,3,True,0.9979,50.0
basal-1.5-mini [mps],e04,basal-serve mps,BNK13,bank_aml,0,0,True,0.9877,54.0
basal-1.5-mini [mps],e04,basal-serve mps,BNK14,bank_aml,0,0,True,0.8392,49.9
basal-1.5-mini [mps],e04,basal-serve mps,BNK15,bank_aml,1,1,True,0.7722,53.2
basal-1.5-mini [mps],e04,basal-serve mps,BNK16,bank_aml,2,2,True,0.7709,53.3
basal-1.5-mini [mps],e04,basal-serve mps,BNK17,bank_aml,3,3,True,0.7129,54.7
basal-1.5-mini [mps],e04,basal-serve mps,LOG01,logistyka,1,0,False,0.5939,47.3
basal-1.5-mini [mps],e04,basal-serve mps,LOG02,logistyka,0,1,False,0.6554,47.8
basal-1.5-mini [mps],e04,basal-serve mps,LOG03,logistyka,1,0,False,0.912,49.0
basal-1.5-mini [mps],e04,basal-serve mps,LOG04,logistyka,0,0,True,0.7733,46.5
basal-1.5-mini [mps],e04,basal-serve mps,LOG05,logistyka,1,0,False,0.8923,45.7
basal-1.5-mini [mps],e04,basal-serve mps,LOG06,logistyka,0,0,True,0.9966,40.9
basal-1.5-mini [mps],e04,basal-serve mps,LOG07,logistyka,0,0,True,0.9696,42.0
basal-1.5-mini [mps],e04,basal-serve mps,LOG08,logistyka,1,1,True,0.945,37.5
basal-1.5-mini [mps],e04,basal-serve mps,LOG09,logistyka,2,2,True,0.9941,58.5
basal-1.5-mini [mps],e04,basal-serve mps,LOG10,logistyka,1,1,True,0.9945,57.5
basal-1.5-mini [mps],e04,basal-serve mps,LOG11,logistyka,3,3,True,0.9984,58.0
basal-1.5-mini [mps],e04,basal-serve mps,LOG12,logistyka,0,0,True,0.9981,57.8
basal-1.5-mini [mps],e04,basal-serve mps,LOG13,logistyka,4,4,True,0.9972,57.3
basal-1.5-mini [mps],e04,basal-serve mps,LOG14,logistyka,0,0,True,0.8021,46.6
basal-1.5-mini [mps],e04,basal-serve mps,LOG15,logistyka,2,2,True,0.5287,53.5
basal-1.5-mini [mps],e04,basal-serve mps,LOG16,logistyka,1,1,True,0.8718,47.8
basal-1.5-mini [mps],e04,basal-serve mps,LOG17,logistyka,3,3,True,0.9501,52.9
basal-1.5-mini [mps],e04,basal-serve mps,ITS01,it_security,0,0,True,0.8004,51.3
basal-1.5-mini [mps],e04,basal-serve mps,ITS02,it_security,1,0,False,0.9308,56.0
basal-1.5-mini [mps],e04,basal-serve mps,ITS03,it_security,1,0,False,0.9279,58.3
basal-1.5-mini [mps],e04,basal-serve mps,ITS04,it_security,0,0,True,0.7381,41.0
basal-1.5-mini [mps],e04,basal-serve mps,ITS05,it_security,1,1,True,0.8144,42.1
basal-1.5-mini [mps],e04,basal-serve mps,ITS06,it_security,1,1,True,0.9557,50.6
basal-1.5-mini [mps],e04,basal-serve mps,ITS07,it_security,0,1,False,0.8778,57.9
basal-1.5-mini [mps],e04,basal-serve mps,ITS08,it_security,0,0,True,0.8849,46.8
basal-1.5-mini [mps],e04,basal-serve mps,ITS09,it_security,4,4,True,0.9839,59.1
basal-1.5-mini [mps],e04,basal-serve mps,ITS10,it_security,3,3,True,0.9784,57.3
basal-1.5-mini [mps],e04,basal-serve mps,ITS11,it_security,2,2,True,0.997,58.3
basal-1.5-mini [mps],e04,basal-serve mps,ITS12,it_security,0,0,True,0.9981,53.5
basal-1.5-mini [mps],e04,basal-serve mps,ITS13,it_security,1,1,True,0.9902,60.0
basal-1.5-mini [mps],e04,basal-serve mps,ITS14,it_security,0,1,False,0.8724,44.5
basal-1.5-mini [mps],e04,basal-serve mps,ITS15,it_security,2,2,True,0.5875,53.8
basal-1.5-mini [mps],e04,basal-serve mps,ITS16,it_security,1,1,True,0.8479,50.2
basal-1.5-mini [mps],e04,basal-serve mps,ITS17,it_security,3,3,True,0.492,46.2
basal-1.5-mini [mps],e04,basal-serve mps,MFG01,produkcja,1,1,True,0.8705,41.3
basal-1.5-mini [mps],e04,basal-serve mps,MFG02,produkcja,0,0,True,0.5279,57.2
basal-1.5-mini [mps],e04,basal-serve mps,MFG03,produkcja,0,0,True,0.9336,45.1
basal-1.5-mini [mps],e04,basal-serve mps,MFG04,produkcja,0,0,True,0.6909,41.9
basal-1.5-mini [mps],e04,basal-serve mps,MFG05,produkcja,0,1,False,0.8543,43.5
basal-1.5-mini [mps],e04,basal-serve mps,MFG06,produkcja,1,1,True,0.9553,40.2
basal-1.5-mini [mps],e04,basal-serve mps,MFG07,produkcja,1,1,True,0.9642,40.2
basal-1.5-mini [mps],e04,basal-serve mps,MFG08,produkcja,1,0,False,0.9406,39.2
basal-1.5-mini [mps],e04,basal-serve mps,MFG09,produkcja,1,1,True,0.9949,44.6
basal-1.5-mini [mps],e04,basal-serve mps,MFG10,produkcja,4,4,True,0.9978,51.2
basal-1.5-mini [mps],e04,basal-serve mps,MFG11,produkcja,3,3,True,0.9271,46.3
basal-1.5-mini [mps],e04,basal-serve mps,MFG12,produkcja,2,2,True,0.91,46.8
basal-1.5-mini [mps],e04,basal-serve mps,MFG13,produkcja,0,0,True,0.9907,47.6
basal-1.5-mini [mps],e04,basal-serve mps,MFG14,produkcja,0,0,True,0.5999,46.9
basal-1.5-mini [mps],e04,basal-serve mps,MFG15,produkcja,1,1,True,0.664,42.4
basal-1.5-mini [mps],e04,basal-serve mps,MFG16,produkcja,2,2,True,0.8939,45.2
basal-1.5-mini [mps],e04,basal-serve mps,MFG17,produkcja,3,0,False,0.7188,52.5
basal-1.5-mini [mps],e04,basal-serve mps,EDU01,uczelnia,1,0,False,0.6562,42.5
basal-1.5-mini [mps],e04,basal-serve mps,EDU02,uczelnia,0,0,True,0.984,47.7
basal-1.5-mini [mps],e04,basal-serve mps,EDU03,uczelnia,1,0,False,0.5168,42.5
basal-1.5-mini [mps],e04,basal-serve mps,EDU04,uczelnia,0,0,True,0.9556,47.4
basal-1.5-mini [mps],e04,basal-serve mps,EDU05,uczelnia,1,1,True,0.6962,42.6
basal-1.5-mini [mps],e04,basal-serve mps,EDU06,uczelnia,0,0,True,0.9166,38.5
basal-1.5-mini [mps],e04,basal-serve mps,EDU07,uczelnia,0,0,True,0.9354,39.1
basal-1.5-mini [mps],e04,basal-serve mps,EDU08,uczelnia,1,1,True,0.9912,38.5
basal-1.5-mini [mps],e04,basal-serve mps,EDU09,uczelnia,1,1,True,0.9996,49.9
basal-1.5-mini [mps],e04,basal-serve mps,EDU10,uczelnia,4,4,True,0.9965,46.5
basal-1.5-mini [mps],e04,basal-serve mps,EDU11,uczelnia,2,2,True,0.9994,46.7
basal-1.5-mini [mps],e04,basal-serve mps,EDU12,uczelnia,3,3,True,0.9937,48.6
basal-1.5-mini [mps],e04,basal-serve mps,EDU13,uczelnia,0,0,True,0.9991,51.8
basal-1.5-mini [mps],e04,basal-serve mps,EDU14,uczelnia,0,0,True,0.7706,43.5
basal-1.5-mini [mps],e04,basal-serve mps,EDU15,uczelnia,2,2,True,0.5344,45.9
basal-1.5-mini [mps],e04,basal-serve mps,EDU16,uczelnia,1,2,False,0.547,49.2
basal-1.5-mini [mps],e04,basal-serve mps,EDU17,uczelnia,3,3,True,0.7959,48.8
basal-1.5-mini [mps],e04,basal-serve mps,RE01,wspolnota,1,0,False,0.7047,41.7
basal-1.5-mini [mps],e04,basal-serve mps,RE02,wspolnota,0,1,False,0.5723,51.7
basal-1.5-mini [mps],e04,basal-serve mps,RE03,wspolnota,1,0,False,0.8076,44.8
basal-1.5-mini [mps],e04,basal-serve mps,RE04,wspolnota,0,1,False,0.5941,40.7
basal-1.5-mini [mps],e04,basal-serve mps,RE05,wspolnota,0,0,True,0.7096,39.4
basal-1.5-mini [mps],e04,basal-serve mps,RE06,wspolnota,1,1,True,0.8324,36.2
basal-1.5-mini [mps],e04,basal-serve mps,RE07,wspolnota,0,1,False,0.918,36.3
basal-1.5-mini [mps],e04,basal-serve mps,RE08,wspolnota,1,1,True,0.9922,37.8
basal-1.5-mini [mps],e04,basal-serve mps,RE09,wspolnota,3,3,True,0.9852,55.8
basal-1.5-mini [mps],e04,basal-serve mps,RE10,wspolnota,5,5,True,0.9939,46.3
basal-1.5-mini [mps],e04,basal-serve mps,RE11,wspolnota,1,1,True,0.9966,51.0
basal-1.5-mini [mps],e04,basal-serve mps,RE12,wspolnota,4,4,True,0.9969,48.0
basal-1.5-mini [mps],e04,basal-serve mps,RE13,wspolnota,0,0,True,0.9964,47.1
basal-1.5-mini [mps],e04,basal-serve mps,RE14,wspolnota,3,3,True,0.8229,50.5
basal-1.5-mini [mps],e04,basal-serve mps,RE15,wspolnota,2,2,True,0.9514,50.3
basal-1.5-mini [mps],e04,basal-serve mps,RE16,wspolnota,0,0,True,0.7715,47.7
basal-1.5-mini [mps],e04,basal-serve mps,RE17,wspolnota,1,1,True,0.8142,54.4
basal-1.5-mini [mps],e04,basal-serve mps,ECM01,moderacja,0,0,True,0.6608,54.6
basal-1.5-mini [mps],e04,basal-serve mps,ECM02,moderacja,1,0,False,0.9169,49.8
basal-1.5-mini [mps],e04,basal-serve mps,ECM03,moderacja,1,1,True,0.676,50.6
basal-1.5-mini [mps],e04,basal-serve mps,ECM04,moderacja,1,0,False,0.9012,50.9
basal-1.5-mini [mps],e04,basal-serve mps,ECM05,moderacja,0,0,True,0.9278,50.3
basal-1.5-mini [mps],e04,basal-serve mps,ECM06,moderacja,1,1,True,0.9684,42.0
basal-1.5-mini [mps],e04,basal-serve mps,ECM07,moderacja,0,0,True,0.9631,37.3
basal-1.5-mini [mps],e04,basal-serve mps,ECM08,moderacja,0,0,True,0.5715,40.1
basal-1.5-mini [mps],e04,basal-serve mps,ECM09,moderacja,2,3,False,0.5859,49.4
basal-1.5-mini [mps],e04,basal-serve mps,ECM10,moderacja,3,3,True,0.9615,54.1
basal-1.5-mini [mps],e04,basal-serve mps,ECM11,moderacja,0,3,False,0.7409,49.7
basal-1.5-mini [mps],e04,basal-serve mps,ECM12,moderacja,5,5,True,0.9611,53.4
basal-1.5-mini [mps],e04,basal-serve mps,ECM13,moderacja,1,1,True,0.9382,52.5
basal-1.5-mini [mps],e04,basal-serve mps,ECM14,moderacja,4,3,False,0.7268,47.9
basal-1.5-mini [mps],e04,basal-serve mps,ECM15,moderacja,3,0,False,0.5791,49.4
basal-1.5-mini [mps],e04,basal-serve mps,ECM16,moderacja,1,1,True,0.7337,48.5
basal-1.5-mini [mps],e04,basal-serve mps,ECM17,moderacja,0,0,True,0.7585,46.7
basal-1.5 (4.5B) [mlx],e03,basal-serve mlx,R01,reklamacja,0,0,True,0.9964,123.5
basal-1.5 (4.5B) [mlx],e03,basal-serve mlx,R02,reklamacja,1,1,True,0.9958,124.3
basal-1.5 (4.5B) [mlx],e03,basal-serve mlx,R03,reklamacja,0,0,True,0.9896,127.4
basal-1.5 (4.5B) [mlx],e03,basal-serve mlx,R04,reklamacja,0,0,True,0.9916,127.1
basal-1.5 (4.5B) [mlx],e03,basal-serve mlx,R05,reklamacja,1,1,True,0.9972,125.8
basal-1.5 (4.5B) [mlx],e03,basal-serve mlx,R06,reklamacja,0,0,True,0.9683,127.6
basal-1.5 (4.5B) [mlx],e03,basal-serve mlx,R07,reklamacja,1,1,True,0.9966,127.6
basal-1.5 (4.5B) [mlx],e03,basal-serve mlx,R08,reklamacja,0,0,True,0.6017,126.0
basal-1.5 (4.5B) [mlx],e03,basal-serve mlx,R09,reklamacja,1,1,True,0.9929,126.0
basal-1.5 (4.5B) [mlx],e03,basal-serve mlx,R10,reklamacja,1,1,True,0.9966,127.2
basal-1.5 (4.5B) [mlx],e03,basal-serve mlx,R11,reklamacja,0,0,True,0.9962,128.1
basal-1.5 (4.5B) [mlx],e03,basal-serve mlx,R12,reklamacja,1,1,True,0.9962,125.4
basal-1.5 (4.5B) [mlx],e03,basal-serve mlx,R13,reklamacja,0,0,True,0.9917,128.0
basal-1.5 (4.5B) [mlx],e03,basal-serve mlx,R14,reklamacja,1,1,True,0.9629,125.7
basal-1.5 (4.5B) [mlx],e03,basal-serve mlx,R15,reklamacja,0,0,True,0.77,126.1
basal-1.5 (4.5B) [mlx],e03,basal-serve mlx,R16,reklamacja,1,1,True,0.9935,125.3
basal-1.5 (4.5B) [mlx],e03,basal-serve mlx,R17,reklamacja,0,0,True,0.987,125.4
basal-1.5 (4.5B) [mlx],e03,basal-serve mlx,R18,reklamacja,1,1,True,0.9963,125.6
basal-1.5 (4.5B) [mlx],e03,basal-serve mlx,R19,reklamacja,0,0,True,0.8368,126.6
basal-1.5 (4.5B) [mlx],e03,basal-serve mlx,R20,reklamacja,1,1,True,0.9935,125.2
basal-1.5 (4.5B) [mlx],e03,basal-serve mlx,R21,reklamacja,0,0,True,0.7069,127.6
basal-1.5 (4.5B) [mlx],e03,basal-serve mlx,R22,reklamacja,1,1,True,0.9947,125.6
basal-1.5 (4.5B) [mlx],e03,basal-serve mlx,R23,reklamacja,0,0,True,0.9946,127.2
basal-1.5 (4.5B) [mlx],e03,basal-serve mlx,R24,reklamacja,1,1,True,0.9963,125.7
basal-1.5 (4.5B) [mlx],e03,basal-serve mlx,R25,reklamacja,0,0,True,0.9621,127.9
basal-1.5 (4.5B) [mlx],e03,basal-serve mlx,R26,reklamacja,1,1,True,0.9938,126.3
basal-1.5 (4.5B) [mlx],e03,basal-serve mlx,R27,reklamacja,0,0,True,0.8952,126.8
basal-1.5 (4.5B) [mlx],e03,basal-serve mlx,R28,reklamacja,1,1,True,0.9972,124.6
basal-1.5 (4.5B) [mlx],e03,basal-serve mlx,R29,reklamacja,0,0,True,0.9895,125.3
basal-1.5 (4.5B) [mlx],e03,basal-serve mlx,R30,reklamacja,1,1,True,0.9961,126.9
basal-1.5 (4.5B) [mlx],e03,basal-serve mlx,R31,reklamacja,0,0,True,0.7891,127.2
basal-1.5 (4.5B) [mlx],e03,basal-serve mlx,R32,reklamacja,1,1,True,0.9936,125.7
basal-1.5 (4.5B) [mlx],e03,basal-serve mlx,R33,reklamacja,0,0,True,0.9866,127.0
basal-1.5 (4.5B) [mlx],e03,basal-serve mlx,R34,reklamacja,1,1,True,0.9963,126.6
basal-1.5 (4.5B) [mlx],e03,basal-serve mlx,R35,reklamacja,0,0,True,0.7819,125.4
basal-1.5 (4.5B) [mlx],e03,basal-serve mlx,R36,reklamacja,1,1,True,0.9961,124.8
basal-1.5 (4.5B) [mlx],e03,basal-serve mlx,R37,reklamacja,0,0,True,0.9428,126.3
basal-1.5 (4.5B) [mlx],e03,basal-serve mlx,R38,reklamacja,1,1,True,0.997,125.5
basal-1.5 (4.5B) [mlx],e03,basal-serve mlx,R39,reklamacja,0,0,True,0.9798,128.3
basal-1.5 (4.5B) [mlx],e03,basal-serve mlx,R40,reklamacja,1,1,True,0.9788,125.1
basal-1.5 (4.5B) [mlx],e03,basal-serve mlx,D01,routing,2,2,True,0.9971,136.1
basal-1.5 (4.5B) [mlx],e03,basal-serve mlx,D02,routing,1,1,True,0.9931,134.3
basal-1.5 (4.5B) [mlx],e03,basal-serve mlx,D03,routing,3,3,True,0.9957,134.3
basal-1.5 (4.5B) [mlx],e03,basal-serve mlx,D04,routing,4,4,True,0.9952,135.2
basal-1.5 (4.5B) [mlx],e03,basal-serve mlx,D05,routing,0,0,True,0.9489,133.9
basal-1.5 (4.5B) [mlx],e03,basal-serve mlx,D06,routing,1,1,True,0.9666,134.0
basal-1.5 (4.5B) [mlx],e03,basal-serve mlx,D07,routing,4,4,True,0.6235,135.7
basal-1.5 (4.5B) [mlx],e03,basal-serve mlx,D08,routing,2,2,True,0.997,134.1
basal-1.5 (4.5B) [mlx],e03,basal-serve mlx,D09,routing,3,3,True,0.9748,134.2
basal-1.5 (4.5B) [mlx],e03,basal-serve mlx,D10,routing,0,0,True,0.9956,133.6
basal-1.5 (4.5B) [mlx],e03,basal-serve mlx,D11,routing,0,0,True,0.8746,132.8
basal-1.5 (4.5B) [mlx],e03,basal-serve mlx,D12,routing,0,0,True,0.9903,134.0
basal-1.5 (4.5B) [mlx],e03,basal-serve mlx,D13,routing,0,0,True,0.9957,133.3
basal-1.5 (4.5B) [mlx],e03,basal-serve mlx,D14,routing,0,0,True,0.6991,133.0
basal-1.5 (4.5B) [mlx],e03,basal-serve mlx,D15,routing,0,0,True,0.8827,133.4
basal-1.5 (4.5B) [mlx],e03,basal-serve mlx,D16,routing,0,0,True,0.9794,134.4
basal-1.5 (4.5B) [mlx],e03,basal-serve mlx,D17,routing,1,1,True,0.9939,133.1
basal-1.5 (4.5B) [mlx],e03,basal-serve mlx,D18,routing,1,1,True,0.9485,134.5
basal-1.5 (4.5B) [mlx],e03,basal-serve mlx,D19,routing,1,1,True,0.5312,135.5
basal-1.5 (4.5B) [mlx],e03,basal-serve mlx,D20,routing,1,1,True,0.9903,129.6
basal-1.5 (4.5B) [mlx],e03,basal-serve mlx,D21,routing,1,1,True,0.9848,139.5
basal-1.5 (4.5B) [mlx],e03,basal-serve mlx,D22,routing,1,3,False,0.7075,139.4
basal-1.5 (4.5B) [mlx],e03,basal-serve mlx,D23,routing,2,2,True,0.9802,141.1
basal-1.5 (4.5B) [mlx],e03,basal-serve mlx,D24,routing,2,2,True,0.9962,142.4
basal-1.5 (4.5B) [mlx],e03,basal-serve mlx,D25,routing,2,2,True,0.9938,143.8
basal-1.5 (4.5B) [mlx],e03,basal-serve mlx,D26,routing,2,2,True,0.9952,136.6
basal-1.5 (4.5B) [mlx],e03,basal-serve mlx,D27,routing,2,2,True,0.9953,144.9
basal-1.5 (4.5B) [mlx],e03,basal-serve mlx,D28,routing,2,2,True,0.9935,147.0
basal-1.5 (4.5B) [mlx],e03,basal-serve mlx,D29,routing,3,3,True,0.9925,139.9
basal-1.5 (4.5B) [mlx],e03,basal-serve mlx,D30,routing,3,3,True,0.9943,147.9
basal-1.5 (4.5B) [mlx],e03,basal-serve mlx,D31,routing,3,3,True,0.9871,149.9
basal-1.5 (4.5B) [mlx],e03,basal-serve mlx,D32,routing,3,3,True,0.9911,150.2
basal-1.5 (4.5B) [mlx],e03,basal-serve mlx,D33,routing,3,3,True,0.9927,151.7
basal-1.5 (4.5B) [mlx],e03,basal-serve mlx,D34,routing,3,3,True,0.9956,152.3
basal-1.5 (4.5B) [mlx],e03,basal-serve mlx,D35,routing,4,4,True,0.8269,143.5
basal-1.5 (4.5B) [mlx],e03,basal-serve mlx,D36,routing,4,4,True,0.9844,152.7
basal-1.5 (4.5B) [mlx],e03,basal-serve mlx,D37,routing,4,4,True,0.9674,154.1
basal-1.5 (4.5B) [mlx],e03,basal-serve mlx,D38,routing,4,4,True,0.9507,144.7
basal-1.5 (4.5B) [mlx],e03,basal-serve mlx,D39,routing,4,4,True,0.7333,153.8
basal-1.5 (4.5B) [mlx],e03,basal-serve mlx,D40,routing,4,4,True,0.9603,154.1
basal-1.5 (4.5B) [mlx],e03,basal-serve mlx,E01,eskalacja,0,0,True,0.9899,155.5
basal-1.5 (4.5B) [mlx],e03,basal-serve mlx,E02,eskalacja,1,1,True,0.9907,157.1
basal-1.5 (4.5B) [mlx],e03,basal-serve mlx,E03,eskalacja,0,0,True,0.9966,155.7
basal-1.5 (4.5B) [mlx],e03,basal-serve mlx,E04,eskalacja,1,1,True,0.934,154.3
basal-1.5 (4.5B) [mlx],e03,basal-serve mlx,E05,eskalacja,0,0,True,0.9962,154.7
basal-1.5 (4.5B) [mlx],e03,basal-serve mlx,E06,eskalacja,0,0,True,0.9936,152.2
basal-1.5 (4.5B) [mlx],e03,basal-serve mlx,E07,eskalacja,0,0,True,0.987,156.3
basal-1.5 (4.5B) [mlx],e03,basal-serve mlx,E08,eskalacja,0,0,True,0.9951,155.9
basal-1.5 (4.5B) [mlx],e03,basal-serve mlx,E09,eskalacja,0,0,True,0.9965,155.9
basal-1.5 (4.5B) [mlx],e03,basal-serve mlx,E10,eskalacja,0,0,True,0.8567,155.9
basal-1.5 (4.5B) [mlx],e03,basal-serve mlx,E11,eskalacja,0,0,True,0.941,158.7
basal-1.5 (4.5B) [mlx],e03,basal-serve mlx,E12,eskalacja,0,0,True,0.9952,156.7
basal-1.5 (4.5B) [mlx],e03,basal-serve mlx,E13,eskalacja,0,0,True,0.9955,159.9
basal-1.5 (4.5B) [mlx],e03,basal-serve mlx,E14,eskalacja,0,0,True,0.9864,156.5
basal-1.5 (4.5B) [mlx],e03,basal-serve mlx,E15,eskalacja,0,0,True,0.9961,154.8
basal-1.5 (4.5B) [mlx],e03,basal-serve mlx,E16,eskalacja,0,0,True,0.9958,158.3
basal-1.5 (4.5B) [mlx],e03,basal-serve mlx,E17,eskalacja,0,0,True,0.9942,157.3
basal-1.5 (4.5B) [mlx],e03,basal-serve mlx,E18,eskalacja,0,0,True,0.9929,157.6
basal-1.5 (4.5B) [mlx],e03,basal-serve mlx,E19,eskalacja,0,0,True,0.9961,157.0
basal-1.5 (4.5B) [mlx],e03,basal-serve mlx,E20,eskalacja,0,0,True,0.7733,161.1
basal-1.5 (4.5B) [mlx],e03,basal-serve mlx,E21,eskalacja,0,0,True,0.9943,156.0
basal-1.5 (4.5B) [mlx],e03,basal-serve mlx,E22,eskalacja,0,0,True,0.9154,157.3
basal-1.5 (4.5B) [mlx],e03,basal-serve mlx,E23,eskalacja,1,1,True,0.9897,158.8
basal-1.5 (4.5B) [mlx],e03,basal-serve mlx,E24,eskalacja,1,1,True,0.9458,158.2
basal-1.5 (4.5B) [mlx],e03,basal-serve mlx,E25,eskalacja,1,1,True,0.9931,157.7
basal-1.5 (4.5B) [mlx],e03,basal-serve mlx,E26,eskalacja,1,1,True,0.5263,157.3
basal-1.5 (4.5B) [mlx],e03,basal-serve mlx,E27,eskalacja,1,1,True,0.9783,152.2
basal-1.5 (4.5B) [mlx],e03,basal-serve mlx,E28,eskalacja,1,0,False,0.7343,154.8
basal-1.5 (4.5B) [mlx],e03,basal-serve mlx,E29,eskalacja,1,1,True,0.9775,157.0
basal-1.5 (4.5B) [mlx],e03,basal-serve mlx,E30,eskalacja,1,1,True,0.9787,154.4
basal-1.5 (4.5B) [mlx],e03,basal-serve mlx,E31,eskalacja,1,1,True,0.9857,155.4
basal-1.5 (4.5B) [mlx],e03,basal-serve mlx,E32,eskalacja,1,1,True,0.9727,156.3
basal-1.5 (4.5B) [mlx],e03,basal-serve mlx,E33,eskalacja,1,1,True,0.9863,155.9
basal-1.5 (4.5B) [mlx],e03,basal-serve mlx,E34,eskalacja,1,0,False,0.9858,155.2
basal-1.5 (4.5B) [mlx],e03,basal-serve mlx,E35,eskalacja,1,1,True,0.9904,158.7
basal-1.5 (4.5B) [mlx],e03,basal-serve mlx,E36,eskalacja,1,1,True,0.8937,158.0
basal-1.5 (4.5B) [mlx],e03,basal-serve mlx,E37,eskalacja,1,1,True,0.9932,155.2
basal-1.5 (4.5B) [mlx],e03,basal-serve mlx,E38,eskalacja,1,1,True,0.9738,158.1
basal-1.5 (4.5B) [mlx],e03,basal-serve mlx,E39,eskalacja,1,1,True,0.9893,156.7
basal-1.5 (4.5B) [mlx],e03,basal-serve mlx,E40,eskalacja,1,1,True,0.9829,156.2
basal-1.5 (4.5B) [mlx],e03,basal-serve mlx,K01,kompletnosc,0,0,True,0.978,149.2
basal-1.5 (4.5B) [mlx],e03,basal-serve mlx,K02,kompletnosc,1,0,False,0.9311,157.6
basal-1.5 (4.5B) [mlx],e03,basal-serve mlx,K03,kompletnosc,1,0,False,0.8334,147.1
basal-1.5 (4.5B) [mlx],e03,basal-serve mlx,K04,kompletnosc,0,0,True,0.9875,158.2
basal-1.5 (4.5B) [mlx],e03,basal-serve mlx,K05,kompletnosc,1,1,True,0.9893,147.1
basal-1.5 (4.5B) [mlx],e03,basal-serve mlx,K06,kompletnosc,0,0,True,0.9665,145.9
basal-1.5 (4.5B) [mlx],e03,basal-serve mlx,K07,kompletnosc,1,0,False,0.8448,145.5
basal-1.5 (4.5B) [mlx],e03,basal-serve mlx,K08,kompletnosc,0,0,True,0.9821,145.6
basal-1.5 (4.5B) [mlx],e03,basal-serve mlx,K09,kompletnosc,1,1,True,0.7405,148.0
basal-1.5 (4.5B) [mlx],e03,basal-serve mlx,K10,kompletnosc,0,0,True,0.9889,156.9
basal-1.5 (4.5B) [mlx],e03,basal-serve mlx,K11,kompletnosc,1,1,True,0.9493,144.8
basal-1.5 (4.5B) [mlx],e03,basal-serve mlx,K12,kompletnosc,0,0,True,0.9967,145.9
basal-1.5 (4.5B) [mlx],e03,basal-serve mlx,K13,kompletnosc,1,0,False,0.5437,143.2
basal-1.5 (4.5B) [mlx],e03,basal-serve mlx,K14,kompletnosc,1,1,True,0.7465,145.1
basal-1.5 (4.5B) [mlx],e03,basal-serve mlx,K15,kompletnosc,0,0,True,0.9947,143.8
basal-1.5 (4.5B) [mlx],e03,basal-serve mlx,K16,kompletnosc,1,1,True,0.9465,146.1
basal-1.5 (4.5B) [mlx],e03,basal-serve mlx,K17,kompletnosc,0,0,True,0.995,145.0
basal-1.5 (4.5B) [mlx],e03,basal-serve mlx,K18,kompletnosc,1,0,False,0.7741,143.4
basal-1.5 (4.5B) [mlx],e03,basal-serve mlx,K19,kompletnosc,1,1,True,0.9363,144.8
basal-1.5 (4.5B) [mlx],e03,basal-serve mlx,K20,kompletnosc,0,0,True,0.9889,146.4
basal-1.5 (4.5B) [mlx],e03,basal-serve mlx,K21,kompletnosc,0,0,True,0.9547,158.7
basal-1.5 (4.5B) [mlx],e03,basal-serve mlx,K22,kompletnosc,0,0,True,0.766,160.0
basal-1.5 (4.5B) [mlx],e03,basal-serve mlx,K23,kompletnosc,1,0,False,0.5748,160.4
basal-1.5 (4.5B) [mlx],e03,basal-serve mlx,K24,kompletnosc,1,1,True,0.8885,152.5
basal-1.5 (4.5B) [mlx],e03,basal-serve mlx,K25,kompletnosc,0,0,True,0.9936,163.6
basal-1.5 (4.5B) [mlx],e03,basal-serve mlx,K26,kompletnosc,1,1,True,0.9216,151.9
basal-1.5 (4.5B) [mlx],e03,basal-serve mlx,K27,kompletnosc,0,0,True,0.9863,159.2
basal-1.5 (4.5B) [mlx],e03,basal-serve mlx,K28,kompletnosc,1,0,False,0.6761,158.9
basal-1.5 (4.5B) [mlx],e03,basal-serve mlx,K29,kompletnosc,0,0,True,0.991,160.1
basal-1.5 (4.5B) [mlx],e03,basal-serve mlx,K30,kompletnosc,1,1,True,0.9381,150.8
basal-1.5 (4.5B) [mlx],e03,basal-serve mlx,K31,kompletnosc,1,1,True,0.9954,148.7
basal-1.5 (4.5B) [mlx],e03,basal-serve mlx,K32,kompletnosc,0,0,True,0.9499,159.4
basal-1.5 (4.5B) [mlx],e03,basal-serve mlx,K33,kompletnosc,0,0,True,0.9164,146.6
basal-1.5 (4.5B) [mlx],e03,basal-serve mlx,K34,kompletnosc,1,1,True,0.9708,144.7
basal-1.5 (4.5B) [mlx],e03,basal-serve mlx,K35,kompletnosc,0,0,True,0.9936,157.1
basal-1.5 (4.5B) [mlx],e03,basal-serve mlx,K36,kompletnosc,1,1,True,0.9793,149.4
basal-1.5 (4.5B) [mlx],e03,basal-serve mlx,K37,kompletnosc,0,0,True,0.7849,146.4
basal-1.5 (4.5B) [mlx],e03,basal-serve mlx,K38,kompletnosc,1,1,True,0.7733,145.7
basal-1.5 (4.5B) [mlx],e03,basal-serve mlx,K40,kompletnosc,1,1,True,0.996,145.5
basal-1.5 (4.5B) [mlx],e03,basal-serve mlx,S01,irytacja,0,0,True,0.9959,153.6
basal-1.5 (4.5B) [mlx],e03,basal-serve mlx,S02,irytacja,0,0,True,0.9851,155.0
basal-1.5 (4.5B) [mlx],e03,basal-serve mlx,S03,irytacja,0,0,True,0.9857,156.0
basal-1.5 (4.5B) [mlx],e03,basal-serve mlx,S04,irytacja,0,0,True,0.989,156.9
basal-1.5 (4.5B) [mlx],e03,basal-serve mlx,S05,irytacja,0,1,False,0.8695,157.8
basal-1.5 (4.5B) [mlx],e03,basal-serve mlx,S06,irytacja,0,0,True,0.9936,157.2
basal-1.5 (4.5B) [mlx],e03,basal-serve mlx,S07,irytacja,0,0,True,0.9902,147.0
basal-1.5 (4.5B) [mlx],e03,basal-serve mlx,S08,irytacja,1,1,True,0.5736,157.4
basal-1.5 (4.5B) [mlx],e03,basal-serve mlx,S09,irytacja,1,2,False,0.7234,157.3
basal-1.5 (4.5B) [mlx],e03,basal-serve mlx,S10,irytacja,1,1,True,0.6965,157.7
basal-1.5 (4.5B) [mlx],e03,basal-serve mlx,S11,irytacja,1,1,True,0.7758,157.6
basal-1.5 (4.5B) [mlx],e03,basal-serve mlx,S12,irytacja,1,1,True,0.5082,158.0
basal-1.5 (4.5B) [mlx],e03,basal-serve mlx,S13,irytacja,1,2,False,0.8512,158.6
basal-1.5 (4.5B) [mlx],e03,basal-serve mlx,S15,irytacja,2,2,True,0.9948,157.5
basal-1.5 (4.5B) [mlx],e03,basal-serve mlx,S16,irytacja,2,2,True,0.9935,158.4
basal-1.5 (4.5B) [mlx],e03,basal-serve mlx,S17,irytacja,2,2,True,0.9896,158.5
basal-1.5 (4.5B) [mlx],e03,basal-serve mlx,S18,irytacja,2,2,True,0.994,162.5
basal-1.5 (4.5B) [mlx],e03,basal-serve mlx,S19,irytacja,2,2,True,0.989,158.9
basal-1.5 (4.5B) [mlx],e03,basal-serve mlx,S20,irytacja,2,2,True,0.9885,157.8
basal-1.5 (4.5B) [mlx],e03,basal-serve mlx,P01,phishing,0,0,True,0.9968,158.4
basal-1.5 (4.5B) [mlx],e03,basal-serve mlx,P02,phishing,0,0,True,0.9985,156.5
basal-1.5 (4.5B) [mlx],e03,basal-serve mlx,P03,phishing,0,0,True,0.9966,167.7
basal-1.5 (4.5B) [mlx],e03,basal-serve mlx,P04,phishing,0,0,True,0.7648,171.8
basal-1.5 (4.5B) [mlx],e03,basal-serve mlx,P05,phishing,0,0,True,0.9979,156.4
basal-1.5 (4.5B) [mlx],e03,basal-serve mlx,P06,phishing,0,0,True,0.9976,157.1
basal-1.5 (4.5B) [mlx],e03,basal-serve mlx,P07,phishing,0,0,True,0.9979,155.5
basal-1.5 (4.5B) [mlx],e03,basal-serve mlx,P08,phishing,0,0,True,0.9971,154.5
basal-1.5 (4.5B) [mlx],e03,basal-serve mlx,P09,phishing,0,1,False,0.9176,154.2
basal-1.5 (4.5B) [mlx],e03,basal-serve mlx,P10,phishing,0,0,True,0.99,153.8
basal-1.5 (4.5B) [mlx],e03,basal-serve mlx,P11,phishing,1,1,True,0.8938,158.0
basal-1.5 (4.5B) [mlx],e03,basal-serve mlx,P12,phishing,1,1,True,0.9406,153.6
basal-1.5 (4.5B) [mlx],e03,basal-serve mlx,P13,phishing,1,1,True,0.874,165.8
basal-1.5 (4.5B) [mlx],e03,basal-serve mlx,P14,phishing,1,1,True,0.9935,157.1
basal-1.5 (4.5B) [mlx],e03,basal-serve mlx,P15,phishing,1,0,False,0.9902,159.0
basal-1.5 (4.5B) [mlx],e03,basal-serve mlx,P16,phishing,1,1,True,0.9965,154.5
basal-1.5 (4.5B) [mlx],e03,basal-serve mlx,P17,phishing,1,1,True,0.9876,154.3
basal-1.5 (4.5B) [mlx],e03,basal-serve mlx,P18,phishing,1,0,False,0.9493,156.2
basal-1.5 (4.5B) [mlx],e03,basal-serve mlx,P19,phishing,1,1,True,0.9771,155.0
basal-1.5 (4.5B) [mlx],e03,basal-serve mlx,P20,phishing,1,1,True,0.9737,156.4
basal-1.5 (4.5B) [mlx],e04,basal-serve mlx,ADM01,administracja,0,0,True,0.8021,146.5
basal-1.5 (4.5B) [mlx],e04,basal-serve mlx,ADM02,administracja,0,0,True,0.9654,158.8
basal-1.5 (4.5B) [mlx],e04,basal-serve mlx,ADM03,administracja,1,0,False,0.7771,150.6
basal-1.5 (4.5B) [mlx],e04,basal-serve mlx,ADM04,administracja,0,0,True,0.9807,157.6
basal-1.5 (4.5B) [mlx],e04,basal-serve mlx,ADM05,administracja,1,1,True,0.8766,158.7
basal-1.5 (4.5B) [mlx],e04,basal-serve mlx,ADM06,administracja,0,0,True,0.9944,148.0
basal-1.5 (4.5B) [mlx],e04,basal-serve mlx,ADM07,administracja,1,1,True,0.9944,147.5
basal-1.5 (4.5B) [mlx],e04,basal-serve mlx,ADM08,administracja,1,0,False,0.5159,147.3
basal-1.5 (4.5B) [mlx],e04,basal-serve mlx,ADM09,administracja,2,2,True,0.998,168.2
basal-1.5 (4.5B) [mlx],e04,basal-serve mlx,ADM10,administracja,0,0,True,0.9946,169.0
basal-1.5 (4.5B) [mlx],e04,basal-serve mlx,ADM11,administracja,1,1,True,0.9972,165.8
basal-1.5 (4.5B) [mlx],e04,basal-serve mlx,ADM12,administracja,2,2,True,0.9951,162.5
basal-1.5 (4.5B) [mlx],e04,basal-serve mlx,ADM13,administracja,3,3,True,0.9925,168.1
basal-1.5 (4.5B) [mlx],e04,basal-serve mlx,ADM14,administracja,4,4,True,0.9996,160.4
basal-1.5 (4.5B) [mlx],e04,basal-serve mlx,ADM15,administracja,1,1,True,0.9598,160.9
basal-1.5 (4.5B) [mlx],e04,basal-serve mlx,ADM16,administracja,2,2,True,0.9214,160.4
basal-1.5 (4.5B) [mlx],e04,basal-serve mlx,ADM17,administracja,3,3,True,0.9784,161.0
basal-1.5 (4.5B) [mlx],e04,basal-serve mlx,LAW01,kancelaria,0,0,True,0.7049,163.8
basal-1.5 (4.5B) [mlx],e04,basal-serve mlx,LAW02,kancelaria,1,0,False,0.8508,162.7
basal-1.5 (4.5B) [mlx],e04,basal-serve mlx,LAW03,kancelaria,1,1,True,0.9669,158.1
basal-1.5 (4.5B) [mlx],e04,basal-serve mlx,LAW04,kancelaria,1,1,True,0.9382,166.4
basal-1.5 (4.5B) [mlx],e04,basal-serve mlx,LAW05,kancelaria,0,0,True,0.941,155.1
basal-1.5 (4.5B) [mlx],e04,basal-serve mlx,LAW06,kancelaria,1,1,True,0.9922,151.0
basal-1.5 (4.5B) [mlx],e04,basal-serve mlx,LAW07,kancelaria,0,0,True,0.9931,150.3
basal-1.5 (4.5B) [mlx],e04,basal-serve mlx,LAW08,kancelaria,0,0,True,0.9936,147.7
basal-1.5 (4.5B) [mlx],e04,basal-serve mlx,LAW09,kancelaria,5,5,True,0.9947,164.8
basal-1.5 (4.5B) [mlx],e04,basal-serve mlx,LAW10,kancelaria,2,2,True,0.9962,170.9
basal-1.5 (4.5B) [mlx],e04,basal-serve mlx,LAW11,kancelaria,0,0,True,0.9985,171.1
basal-1.5 (4.5B) [mlx],e04,basal-serve mlx,LAW12,kancelaria,3,3,True,0.9988,176.5
basal-1.5 (4.5B) [mlx],e04,basal-serve mlx,LAW13,kancelaria,4,4,True,0.9956,176.7
basal-1.5 (4.5B) [mlx],e04,basal-serve mlx,LAW14,kancelaria,2,1,False,0.68,172.8
basal-1.5 (4.5B) [mlx],e04,basal-serve mlx,LAW15,kancelaria,0,0,True,0.8207,180.4
basal-1.5 (4.5B) [mlx],e04,basal-serve mlx,LAW16,kancelaria,2,2,True,0.8166,168.7
basal-1.5 (4.5B) [mlx],e04,basal-serve mlx,LAW17,kancelaria,1,1,True,0.9489,166.9
basal-1.5 (4.5B) [mlx],e04,basal-serve mlx,HR01,hr,0,0,True,0.8938,155.6
basal-1.5 (4.5B) [mlx],e04,basal-serve mlx,HR02,hr,1,1,True,0.7607,166.2
basal-1.5 (4.5B) [mlx],e04,basal-serve mlx,HR03,hr,0,0,True,0.8135,163.7
basal-1.5 (4.5B) [mlx],e04,basal-serve mlx,HR04,hr,0,0,True,0.9228,161.7
basal-1.5 (4.5B) [mlx],e04,basal-serve mlx,HR05,hr,1,1,True,0.992,146.0
basal-1.5 (4.5B) [mlx],e04,basal-serve mlx,HR06,hr,1,1,True,0.9859,154.7
basal-1.5 (4.5B) [mlx],e04,basal-serve mlx,HR07,hr,0,0,True,0.9959,158.7
basal-1.5 (4.5B) [mlx],e04,basal-serve mlx,HR08,hr,1,0,False,0.5979,160.9
basal-1.5 (4.5B) [mlx],e04,basal-serve mlx,HR09,hr,1,1,True,0.9955,173.8
basal-1.5 (4.5B) [mlx],e04,basal-serve mlx,HR10,hr,2,2,True,0.9964,179.4
basal-1.5 (4.5B) [mlx],e04,basal-serve mlx,HR11,hr,0,0,True,0.9918,182.9
basal-1.5 (4.5B) [mlx],e04,basal-serve mlx,HR12,hr,4,4,True,0.9961,181.1
basal-1.5 (4.5B) [mlx],e04,basal-serve mlx,HR13,hr,5,5,True,0.9955,182.1
basal-1.5 (4.5B) [mlx],e04,basal-serve mlx,HR14,hr,1,0,False,0.8117,175.4
basal-1.5 (4.5B) [mlx],e04,basal-serve mlx,HR15,hr,1,1,True,0.9573,179.3
basal-1.5 (4.5B) [mlx],e04,basal-serve mlx,HR16,hr,3,3,True,0.9917,166.1
basal-1.5 (4.5B) [mlx],e04,basal-serve mlx,HR17,hr,2,2,True,0.973,172.9
basal-1.5 (4.5B) [mlx],e04,basal-serve mlx,MED01,przychodnia,0,0,True,0.9282,165.5
basal-1.5 (4.5B) [mlx],e04,basal-serve mlx,MED02,przychodnia,1,0,False,0.6833,166.3
basal-1.5 (4.5B) [mlx],e04,basal-serve mlx,MED03,przychodnia,1,0,False,0.7358,166.0
basal-1.5 (4.5B) [mlx],e04,basal-serve mlx,MED04,przychodnia,0,0,True,0.9064,165.3
basal-1.5 (4.5B) [mlx],e04,basal-serve mlx,MED05,przychodnia,0,0,True,0.9923,151.9
basal-1.5 (4.5B) [mlx],e04,basal-serve mlx,MED06,przychodnia,1,1,True,0.9931,150.1
basal-1.5 (4.5B) [mlx],e04,basal-serve mlx,MED07,przychodnia,0,0,True,0.995,144.6
basal-1.5 (4.5B) [mlx],e04,basal-serve mlx,MED08,przychodnia,1,1,True,0.6789,146.2
basal-1.5 (4.5B) [mlx],e04,basal-serve mlx,MED09,przychodnia,2,2,True,0.9909,157.9
basal-1.5 (4.5B) [mlx],e04,basal-serve mlx,MED10,przychodnia,3,3,True,0.9839,158.4
basal-1.5 (4.5B) [mlx],e04,basal-serve mlx,MED11,przychodnia,1,1,True,0.994,162.3
basal-1.5 (4.5B) [mlx],e04,basal-serve mlx,MED12,przychodnia,4,4,True,0.9965,164.1
basal-1.5 (4.5B) [mlx],e04,basal-serve mlx,MED13,przychodnia,1,1,True,0.9744,162.9
basal-1.5 (4.5B) [mlx],e04,basal-serve mlx,MED14,przychodnia,0,0,True,0.9976,163.6
basal-1.5 (4.5B) [mlx],e04,basal-serve mlx,MED15,przychodnia,1,1,True,0.6387,177.5
basal-1.5 (4.5B) [mlx],e04,basal-serve mlx,MED16,przychodnia,2,2,True,0.9651,179.5
basal-1.5 (4.5B) [mlx],e04,basal-serve mlx,MED17,przychodnia,3,3,True,0.9646,178.7
basal-1.5 (4.5B) [mlx],e04,basal-serve mlx,INS01,ubezpieczenia,1,1,True,0.7041,177.5
basal-1.5 (4.5B) [mlx],e04,basal-serve mlx,INS02,ubezpieczenia,0,1,False,0.9122,169.1
basal-1.5 (4.5B) [mlx],e04,basal-serve mlx,INS03,ubezpieczenia,0,0,True,0.9145,175.0
basal-1.5 (4.5B) [mlx],e04,basal-serve mlx,INS04,ubezpieczenia,1,0,False,0.9322,171.3
basal-1.5 (4.5B) [mlx],e04,basal-serve mlx,INS05,ubezpieczenia,0,0,True,0.9944,157.5
basal-1.5 (4.5B) [mlx],e04,basal-serve mlx,INS06,ubezpieczenia,1,1,True,0.8003,170.2
basal-1.5 (4.5B) [mlx],e04,basal-serve mlx,INS07,ubezpieczenia,1,1,True,0.9973,165.4
basal-1.5 (4.5B) [mlx],e04,basal-serve mlx,INS08,ubezpieczenia,0,0,True,0.9778,156.8
basal-1.5 (4.5B) [mlx],e04,basal-serve mlx,INS09,ubezpieczenia,3,3,True,0.9957,163.4
basal-1.5 (4.5B) [mlx],e04,basal-serve mlx,INS10,ubezpieczenia,4,4,True,0.9916,168.4
basal-1.5 (4.5B) [mlx],e04,basal-serve mlx,INS11,ubezpieczenia,2,2,True,0.7014,159.1
basal-1.5 (4.5B) [mlx],e04,basal-serve mlx,INS12,ubezpieczenia,1,1,True,0.9871,158.9
basal-1.5 (4.5B) [mlx],e04,basal-serve mlx,INS13,ubezpieczenia,0,0,True,0.9991,165.2
basal-1.5 (4.5B) [mlx],e04,basal-serve mlx,INS14,ubezpieczenia,0,0,True,0.9213,177.5
basal-1.5 (4.5B) [mlx],e04,basal-serve mlx,INS15,ubezpieczenia,2,2,True,0.9884,184.5
basal-1.5 (4.5B) [mlx],e04,basal-serve mlx,INS16,ubezpieczenia,1,1,True,0.8425,174.4
basal-1.5 (4.5B) [mlx],e04,basal-serve mlx,INS17,ubezpieczenia,3,3,True,0.9864,184.7
basal-1.5 (4.5B) [mlx],e04,basal-serve mlx,BNK01,bank_aml,1,1,True,0.9683,194.2
basal-1.5 (4.5B) [mlx],e04,basal-serve mlx,BNK02,bank_aml,0,1,False,0.8844,208.5
basal-1.5 (4.5B) [mlx],e04,basal-serve mlx,BNK03,bank_aml,0,0,True,0.7477,175.7
basal-1.5 (4.5B) [mlx],e04,basal-serve mlx,BNK04,bank_aml,1,0,False,0.861,175.1
basal-1.5 (4.5B) [mlx],e04,basal-serve mlx,BNK05,bank_aml,1,0,False,0.8524,171.7
basal-1.5 (4.5B) [mlx],e04,basal-serve mlx,BNK06,bank_aml,0,0,True,0.993,165.2
basal-1.5 (4.5B) [mlx],e04,basal-serve mlx,BNK07,bank_aml,0,0,True,0.9628,165.8
basal-1.5 (4.5B) [mlx],e04,basal-serve mlx,BNK08,bank_aml,1,1,True,0.9978,160.1
basal-1.5 (4.5B) [mlx],e04,basal-serve mlx,BNK09,bank_aml,4,4,True,0.8635,171.3
basal-1.5 (4.5B) [mlx],e04,basal-serve mlx,BNK10,bank_aml,2,2,True,0.9969,174.5
basal-1.5 (4.5B) [mlx],e04,basal-serve mlx,BNK11,bank_aml,1,1,True,0.9943,178.5
basal-1.5 (4.5B) [mlx],e04,basal-serve mlx,BNK12,bank_aml,3,3,True,0.9958,183.8
basal-1.5 (4.5B) [mlx],e04,basal-serve mlx,BNK13,bank_aml,0,0,True,0.9937,184.9
basal-1.5 (4.5B) [mlx],e04,basal-serve mlx,BNK14,bank_aml,0,0,True,0.9307,187.6
basal-1.5 (4.5B) [mlx],e04,basal-serve mlx,BNK15,bank_aml,1,1,True,0.9396,189.1
basal-1.5 (4.5B) [mlx],e04,basal-serve mlx,BNK16,bank_aml,2,2,True,0.96,189.6
basal-1.5 (4.5B) [mlx],e04,basal-serve mlx,BNK17,bank_aml,3,3,True,0.935,191.1
basal-1.5 (4.5B) [mlx],e04,basal-serve mlx,LOG01,logistyka,1,0,False,0.7388,167.7
basal-1.5 (4.5B) [mlx],e04,basal-serve mlx,LOG02,logistyka,0,1,False,0.5329,174.7
basal-1.5 (4.5B) [mlx],e04,basal-serve mlx,LOG03,logistyka,1,1,True,0.6285,173.4
basal-1.5 (4.5B) [mlx],e04,basal-serve mlx,LOG04,logistyka,0,0,True,0.8976,160.9
basal-1.5 (4.5B) [mlx],e04,basal-serve mlx,LOG05,logistyka,1,0,False,0.7544,157.5
basal-1.5 (4.5B) [mlx],e04,basal-serve mlx,LOG06,logistyka,0,0,True,0.989,149.4
basal-1.5 (4.5B) [mlx],e04,basal-serve mlx,LOG07,logistyka,0,0,True,0.979,159.4
basal-1.5 (4.5B) [mlx],e04,basal-serve mlx,LOG08,logistyka,1,1,True,0.9369,155.3
basal-1.5 (4.5B) [mlx],e04,basal-serve mlx,LOG09,logistyka,2,2,True,0.9896,166.5
basal-1.5 (4.5B) [mlx],e04,basal-serve mlx,LOG10,logistyka,1,1,True,0.9929,169.2
basal-1.5 (4.5B) [mlx],e04,basal-serve mlx,LOG11,logistyka,3,3,True,0.9947,170.6
basal-1.5 (4.5B) [mlx],e04,basal-serve mlx,LOG12,logistyka,0,0,True,0.9965,173.1
basal-1.5 (4.5B) [mlx],e04,basal-serve mlx,LOG13,logistyka,4,4,True,0.9985,173.3
basal-1.5 (4.5B) [mlx],e04,basal-serve mlx,LOG14,logistyka,0,0,True,0.9669,167.6
basal-1.5 (4.5B) [mlx],e04,basal-serve mlx,LOG15,logistyka,2,1,False,0.7777,174.8
basal-1.5 (4.5B) [mlx],e04,basal-serve mlx,LOG16,logistyka,1,1,True,0.9614,166.8
basal-1.5 (4.5B) [mlx],e04,basal-serve mlx,LOG17,logistyka,3,3,True,0.9898,171.9
basal-1.5 (4.5B) [mlx],e04,basal-serve mlx,ITS01,it_security,0,0,True,0.9754,152.4
basal-1.5 (4.5B) [mlx],e04,basal-serve mlx,ITS02,it_security,1,0,False,0.963,155.7
basal-1.5 (4.5B) [mlx],e04,basal-serve mlx,ITS03,it_security,1,0,False,0.9602,151.1
basal-1.5 (4.5B) [mlx],e04,basal-serve mlx,ITS04,it_security,0,1,False,0.8187,149.7
basal-1.5 (4.5B) [mlx],e04,basal-serve mlx,ITS05,it_security,1,1,True,0.9718,147.5
basal-1.5 (4.5B) [mlx],e04,basal-serve mlx,ITS06,it_security,1,1,True,0.9889,164.3
basal-1.5 (4.5B) [mlx],e04,basal-serve mlx,ITS07,it_security,0,0,True,0.9122,185.5
basal-1.5 (4.5B) [mlx],e04,basal-serve mlx,ITS08,it_security,0,0,True,0.9543,163.2
basal-1.5 (4.5B) [mlx],e04,basal-serve mlx,ITS09,it_security,4,4,True,0.9955,171.5
basal-1.5 (4.5B) [mlx],e04,basal-serve mlx,ITS10,it_security,3,3,True,0.9597,173.6
basal-1.5 (4.5B) [mlx],e04,basal-serve mlx,ITS11,it_security,2,2,True,0.9617,171.1
basal-1.5 (4.5B) [mlx],e04,basal-serve mlx,ITS12,it_security,0,0,True,0.9797,172.1
basal-1.5 (4.5B) [mlx],e04,basal-serve mlx,ITS13,it_security,1,1,True,0.97,172.2
basal-1.5 (4.5B) [mlx],e04,basal-serve mlx,ITS14,it_security,0,1,False,0.9114,172.2
basal-1.5 (4.5B) [mlx],e04,basal-serve mlx,ITS15,it_security,2,2,True,0.9773,161.2
basal-1.5 (4.5B) [mlx],e04,basal-serve mlx,ITS16,it_security,1,1,True,0.9622,168.1
basal-1.5 (4.5B) [mlx],e04,basal-serve mlx,ITS17,it_security,3,2,False,0.5756,169.8
basal-1.5 (4.5B) [mlx],e04,basal-serve mlx,MFG01,produkcja,1,1,True,0.7672,161.5
basal-1.5 (4.5B) [mlx],e04,basal-serve mlx,MFG02,produkcja,0,0,True,0.6363,165.2
basal-1.5 (4.5B) [mlx],e04,basal-serve mlx,MFG03,produkcja,0,0,True,0.8766,168.9
basal-1.5 (4.5B) [mlx],e04,basal-serve mlx,MFG04,produkcja,0,0,True,0.7544,163.9
basal-1.5 (4.5B) [mlx],e04,basal-serve mlx,MFG05,produkcja,0,0,True,0.8946,150.4
basal-1.5 (4.5B) [mlx],e04,basal-serve mlx,MFG06,produkcja,1,1,True,0.9628,151.7
basal-1.5 (4.5B) [mlx],e04,basal-serve mlx,MFG07,produkcja,1,1,True,0.9831,152.8
basal-1.5 (4.5B) [mlx],e04,basal-serve mlx,MFG08,produkcja,1,0,False,0.9028,142.6
basal-1.5 (4.5B) [mlx],e04,basal-serve mlx,MFG09,produkcja,1,1,True,0.9979,156.5
basal-1.5 (4.5B) [mlx],e04,basal-serve mlx,MFG10,produkcja,4,4,True,0.9989,162.0
basal-1.5 (4.5B) [mlx],e04,basal-serve mlx,MFG11,produkcja,3,3,True,0.994,159.2
basal-1.5 (4.5B) [mlx],e04,basal-serve mlx,MFG12,produkcja,2,2,True,0.9945,173.4
basal-1.5 (4.5B) [mlx],e04,basal-serve mlx,MFG13,produkcja,0,0,True,0.996,163.0
basal-1.5 (4.5B) [mlx],e04,basal-serve mlx,MFG14,produkcja,0,0,True,0.9835,169.1
basal-1.5 (4.5B) [mlx],e04,basal-serve mlx,MFG15,produkcja,1,1,True,0.9485,156.1
basal-1.5 (4.5B) [mlx],e04,basal-serve mlx,MFG16,produkcja,2,2,True,0.9691,167.8
basal-1.5 (4.5B) [mlx],e04,basal-serve mlx,MFG17,produkcja,3,3,True,0.6064,180.3
basal-1.5 (4.5B) [mlx],e04,basal-serve mlx,EDU01,uczelnia,1,0,False,0.6523,156.3
basal-1.5 (4.5B) [mlx],e04,basal-serve mlx,EDU02,uczelnia,0,0,True,0.9976,161.3
basal-1.5 (4.5B) [mlx],e04,basal-serve mlx,EDU03,uczelnia,1,0,False,0.6285,148.6
basal-1.5 (4.5B) [mlx],e04,basal-serve mlx,EDU04,uczelnia,0,0,True,0.9916,166.5
basal-1.5 (4.5B) [mlx],e04,basal-serve mlx,EDU05,uczelnia,1,1,True,0.9404,164.2
basal-1.5 (4.5B) [mlx],e04,basal-serve mlx,EDU06,uczelnia,0,0,True,0.9861,146.5
basal-1.5 (4.5B) [mlx],e04,basal-serve mlx,EDU07,uczelnia,0,0,True,0.9654,139.2
basal-1.5 (4.5B) [mlx],e04,basal-serve mlx,EDU08,uczelnia,1,1,True,0.9948,141.7
basal-1.5 (4.5B) [mlx],e04,basal-serve mlx,EDU09,uczelnia,1,1,True,0.9989,162.9
basal-1.5 (4.5B) [mlx],e04,basal-serve mlx,EDU10,uczelnia,4,4,True,0.9977,165.2
basal-1.5 (4.5B) [mlx],e04,basal-serve mlx,EDU11,uczelnia,2,2,True,0.9993,168.0
basal-1.5 (4.5B) [mlx],e04,basal-serve mlx,EDU12,uczelnia,3,3,True,0.9976,167.7
basal-1.5 (4.5B) [mlx],e04,basal-serve mlx,EDU13,uczelnia,0,0,True,0.999,166.6
basal-1.5 (4.5B) [mlx],e04,basal-serve mlx,EDU14,uczelnia,0,0,True,0.8847,166.6
basal-1.5 (4.5B) [mlx],e04,basal-serve mlx,EDU15,uczelnia,2,2,True,0.7581,170.0
basal-1.5 (4.5B) [mlx],e04,basal-serve mlx,EDU16,uczelnia,1,1,True,0.7973,159.2
basal-1.5 (4.5B) [mlx],e04,basal-serve mlx,EDU17,uczelnia,3,3,True,0.7971,171.2
basal-1.5 (4.5B) [mlx],e04,basal-serve mlx,RE01,wspolnota,1,1,True,0.8003,159.2
basal-1.5 (4.5B) [mlx],e04,basal-serve mlx,RE02,wspolnota,0,1,False,0.7795,159.7
basal-1.5 (4.5B) [mlx],e04,basal-serve mlx,RE03,wspolnota,1,1,True,0.5782,158.4
basal-1.5 (4.5B) [mlx],e04,basal-serve mlx,RE04,wspolnota,0,0,True,0.9562,148.8
basal-1.5 (4.5B) [mlx],e04,basal-serve mlx,RE05,wspolnota,0,0,True,0.7889,155.5
basal-1.5 (4.5B) [mlx],e04,basal-serve mlx,RE06,wspolnota,1,1,True,0.9804,153.2
basal-1.5 (4.5B) [mlx],e04,basal-serve mlx,RE07,wspolnota,0,0,True,0.6282,153.8
basal-1.5 (4.5B) [mlx],e04,basal-serve mlx,RE08,wspolnota,1,1,True,0.9944,152.1
basal-1.5 (4.5B) [mlx],e04,basal-serve mlx,RE09,wspolnota,3,3,True,0.9954,166.1
basal-1.5 (4.5B) [mlx],e04,basal-serve mlx,RE10,wspolnota,5,5,True,0.9991,160.0
basal-1.5 (4.5B) [mlx],e04,basal-serve mlx,RE11,wspolnota,1,1,True,0.9978,161.4
basal-1.5 (4.5B) [mlx],e04,basal-serve mlx,RE12,wspolnota,4,4,True,0.9973,162.9
basal-1.5 (4.5B) [mlx],e04,basal-serve mlx,RE13,wspolnota,0,0,True,0.9942,163.1
basal-1.5 (4.5B) [mlx],e04,basal-serve mlx,RE14,wspolnota,3,3,True,0.9791,170.1
basal-1.5 (4.5B) [mlx],e04,basal-serve mlx,RE15,wspolnota,2,2,True,0.9588,167.1
basal-1.5 (4.5B) [mlx],e04,basal-serve mlx,RE16,wspolnota,0,0,True,0.946,158.3
basal-1.5 (4.5B) [mlx],e04,basal-serve mlx,RE17,wspolnota,1,1,True,0.9132,168.0
basal-1.5 (4.5B) [mlx],e04,basal-serve mlx,ECM01,moderacja,0,0,True,0.9276,178.8
basal-1.5 (4.5B) [mlx],e04,basal-serve mlx,ECM02,moderacja,1,1,True,0.9369,170.7
basal-1.5 (4.5B) [mlx],e04,basal-serve mlx,ECM03,moderacja,1,1,True,0.5067,168.5
basal-1.5 (4.5B) [mlx],e04,basal-serve mlx,ECM04,moderacja,1,0,False,0.9308,168.4
basal-1.5 (4.5B) [mlx],e04,basal-serve mlx,ECM05,moderacja,0,0,True,0.9233,167.7
basal-1.5 (4.5B) [mlx],e04,basal-serve mlx,ECM06,moderacja,1,1,True,0.9226,160.5
basal-1.5 (4.5B) [mlx],e04,basal-serve mlx,ECM07,moderacja,0,0,True,0.7666,147.4
basal-1.5 (4.5B) [mlx],e04,basal-serve mlx,ECM08,moderacja,0,1,False,0.6545,154.9
basal-1.5 (4.5B) [mlx],e04,basal-serve mlx,ECM09,moderacja,2,2,True,0.9722,166.3
basal-1.5 (4.5B) [mlx],e04,basal-serve mlx,ECM10,moderacja,3,3,True,0.912,160.2
basal-1.5 (4.5B) [mlx],e04,basal-serve mlx,ECM11,moderacja,0,3,False,0.7374,166.0
basal-1.5 (4.5B) [mlx],e04,basal-serve mlx,ECM12,moderacja,5,5,True,0.9958,168.2
basal-1.5 (4.5B) [mlx],e04,basal-serve mlx,ECM13,moderacja,1,1,True,0.7069,161.1
basal-1.5 (4.5B) [mlx],e04,basal-serve mlx,ECM14,moderacja,4,4,True,0.6369,170.0
basal-1.5 (4.5B) [mlx],e04,basal-serve mlx,ECM15,moderacja,3,3,True,0.8886,173.2
basal-1.5 (4.5B) [mlx],e04,basal-serve mlx,ECM16,moderacja,1,1,True,0.8106,170.5
basal-1.5 (4.5B) [mlx],e04,basal-serve mlx,ECM17,moderacja,0,0,True,0.8686,159.8
basal-1.5 (4.5B) [mps],e03,basal-serve mps,R01,reklamacja,0,0,True,0.9966,79.1
basal-1.5 (4.5B) [mps],e03,basal-serve mps,R02,reklamacja,1,1,True,0.9958,79.7
basal-1.5 (4.5B) [mps],e03,basal-serve mps,R03,reklamacja,0,0,True,0.99,85.7
basal-1.5 (4.5B) [mps],e03,basal-serve mps,R04,reklamacja,0,0,True,0.9916,83.9
basal-1.5 (4.5B) [mps],e03,basal-serve mps,R05,reklamacja,1,1,True,0.9973,90.4
basal-1.5 (4.5B) [mps],e03,basal-serve mps,R06,reklamacja,0,0,True,0.9696,86.8
basal-1.5 (4.5B) [mps],e03,basal-serve mps,R07,reklamacja,1,1,True,0.9964,89.1
basal-1.5 (4.5B) [mps],e03,basal-serve mps,R08,reklamacja,0,0,True,0.5819,83.9
basal-1.5 (4.5B) [mps],e03,basal-serve mps,R09,reklamacja,1,1,True,0.993,90.9
basal-1.5 (4.5B) [mps],e03,basal-serve mps,R10,reklamacja,1,1,True,0.9966,93.5
basal-1.5 (4.5B) [mps],e03,basal-serve mps,R11,reklamacja,0,0,True,0.9965,91.8
basal-1.5 (4.5B) [mps],e03,basal-serve mps,R12,reklamacja,1,1,True,0.9965,89.9
basal-1.5 (4.5B) [mps],e03,basal-serve mps,R13,reklamacja,0,0,True,0.9926,91.9
basal-1.5 (4.5B) [mps],e03,basal-serve mps,R14,reklamacja,1,1,True,0.9621,92.5
basal-1.5 (4.5B) [mps],e03,basal-serve mps,R15,reklamacja,0,0,True,0.7524,92.6
basal-1.5 (4.5B) [mps],e03,basal-serve mps,R16,reklamacja,1,1,True,0.9932,92.7
basal-1.5 (4.5B) [mps],e03,basal-serve mps,R17,reklamacja,0,0,True,0.9864,101.1
basal-1.5 (4.5B) [mps],e03,basal-serve mps,R18,reklamacja,1,1,True,0.9963,90.2
basal-1.5 (4.5B) [mps],e03,basal-serve mps,R19,reklamacja,0,0,True,0.8272,92.2
basal-1.5 (4.5B) [mps],e03,basal-serve mps,R20,reklamacja,1,1,True,0.9935,92.6
basal-1.5 (4.5B) [mps],e03,basal-serve mps,R21,reklamacja,0,0,True,0.6792,90.4
basal-1.5 (4.5B) [mps],e03,basal-serve mps,R22,reklamacja,1,1,True,0.9944,91.4
basal-1.5 (4.5B) [mps],e03,basal-serve mps,R23,reklamacja,0,0,True,0.995,92.0
basal-1.5 (4.5B) [mps],e03,basal-serve mps,R24,reklamacja,1,1,True,0.9961,87.7
basal-1.5 (4.5B) [mps],e03,basal-serve mps,R25,reklamacja,0,0,True,0.9604,91.2
basal-1.5 (4.5B) [mps],e03,basal-serve mps,R26,reklamacja,1,1,True,0.9934,100.5
basal-1.5 (4.5B) [mps],e03,basal-serve mps,R27,reklamacja,0,0,True,0.8937,89.1
basal-1.5 (4.5B) [mps],e03,basal-serve mps,R28,reklamacja,1,1,True,0.9974,88.6
basal-1.5 (4.5B) [mps],e03,basal-serve mps,R29,reklamacja,0,0,True,0.9885,88.8
basal-1.5 (4.5B) [mps],e03,basal-serve mps,R30,reklamacja,1,1,True,0.9959,92.8
basal-1.5 (4.5B) [mps],e03,basal-serve mps,R31,reklamacja,0,0,True,0.8088,89.9
basal-1.5 (4.5B) [mps],e03,basal-serve mps,R32,reklamacja,1,1,True,0.9936,91.5
basal-1.5 (4.5B) [mps],e03,basal-serve mps,R33,reklamacja,0,0,True,0.9859,90.9
basal-1.5 (4.5B) [mps],e03,basal-serve mps,R34,reklamacja,1,1,True,0.9963,89.8
basal-1.5 (4.5B) [mps],e03,basal-serve mps,R35,reklamacja,0,0,True,0.7736,97.8
basal-1.5 (4.5B) [mps],e03,basal-serve mps,R36,reklamacja,1,1,True,0.9966,92.0
basal-1.5 (4.5B) [mps],e03,basal-serve mps,R37,reklamacja,0,0,True,0.9381,101.3
basal-1.5 (4.5B) [mps],e03,basal-serve mps,R38,reklamacja,1,1,True,0.997,88.4
basal-1.5 (4.5B) [mps],e03,basal-serve mps,R39,reklamacja,0,0,True,0.9811,92.5
basal-1.5 (4.5B) [mps],e03,basal-serve mps,R40,reklamacja,1,1,True,0.9775,86.4
basal-1.5 (4.5B) [mps],e03,basal-serve mps,D01,routing,2,2,True,0.9973,107.2
basal-1.5 (4.5B) [mps],e03,basal-serve mps,D02,routing,1,1,True,0.9936,102.0
basal-1.5 (4.5B) [mps],e03,basal-serve mps,D03,routing,3,3,True,0.9954,104.6
basal-1.5 (4.5B) [mps],e03,basal-serve mps,D04,routing,4,4,True,0.9955,101.9
basal-1.5 (4.5B) [mps],e03,basal-serve mps,D05,routing,0,0,True,0.9441,99.0
basal-1.5 (4.5B) [mps],e03,basal-serve mps,D06,routing,1,1,True,0.9631,100.5
basal-1.5 (4.5B) [mps],e03,basal-serve mps,D07,routing,4,4,True,0.644,102.5
basal-1.5 (4.5B) [mps],e03,basal-serve mps,D08,routing,2,2,True,0.9972,98.4
basal-1.5 (4.5B) [mps],e03,basal-serve mps,D09,routing,3,3,True,0.9768,102.6
basal-1.5 (4.5B) [mps],e03,basal-serve mps,D10,routing,0,0,True,0.9953,99.2
basal-1.5 (4.5B) [mps],e03,basal-serve mps,D11,routing,0,0,True,0.8555,101.6
basal-1.5 (4.5B) [mps],e03,basal-serve mps,D12,routing,0,0,True,0.9905,97.2
basal-1.5 (4.5B) [mps],e03,basal-serve mps,D13,routing,0,0,True,0.9952,102.2
basal-1.5 (4.5B) [mps],e03,basal-serve mps,D14,routing,0,0,True,0.656,98.8
basal-1.5 (4.5B) [mps],e03,basal-serve mps,D15,routing,0,0,True,0.8769,97.9
basal-1.5 (4.5B) [mps],e03,basal-serve mps,D16,routing,0,0,True,0.9774,101.7
basal-1.5 (4.5B) [mps],e03,basal-serve mps,D17,routing,1,1,True,0.9941,99.1
basal-1.5 (4.5B) [mps],e03,basal-serve mps,D18,routing,1,1,True,0.9512,97.6
basal-1.5 (4.5B) [mps],e03,basal-serve mps,D19,routing,1,1,True,0.5419,101.6
basal-1.5 (4.5B) [mps],e03,basal-serve mps,D20,routing,1,1,True,0.991,104.6
basal-1.5 (4.5B) [mps],e03,basal-serve mps,D21,routing,1,1,True,0.9844,102.0
basal-1.5 (4.5B) [mps],e03,basal-serve mps,D22,routing,1,3,False,0.7376,104.6
basal-1.5 (4.5B) [mps],e03,basal-serve mps,D23,routing,2,2,True,0.9827,98.1
basal-1.5 (4.5B) [mps],e03,basal-serve mps,D24,routing,2,2,True,0.9965,98.1
basal-1.5 (4.5B) [mps],e03,basal-serve mps,D25,routing,2,2,True,0.994,102.4
basal-1.5 (4.5B) [mps],e03,basal-serve mps,D26,routing,2,2,True,0.9956,89.6
basal-1.5 (4.5B) [mps],e03,basal-serve mps,D27,routing,2,2,True,0.9959,103.3
basal-1.5 (4.5B) [mps],e03,basal-serve mps,D28,routing,2,2,True,0.9931,95.9
basal-1.5 (4.5B) [mps],e03,basal-serve mps,D29,routing,3,3,True,0.9936,100.0
basal-1.5 (4.5B) [mps],e03,basal-serve mps,D30,routing,3,3,True,0.9942,94.5
basal-1.5 (4.5B) [mps],e03,basal-serve mps,D31,routing,3,3,True,0.9868,100.4
basal-1.5 (4.5B) [mps],e03,basal-serve mps,D32,routing,3,3,True,0.9905,99.1
basal-1.5 (4.5B) [mps],e03,basal-serve mps,D33,routing,3,3,True,0.9922,99.8
basal-1.5 (4.5B) [mps],e03,basal-serve mps,D34,routing,3,3,True,0.9955,101.1
basal-1.5 (4.5B) [mps],e03,basal-serve mps,D35,routing,4,4,True,0.8353,90.3
basal-1.5 (4.5B) [mps],e03,basal-serve mps,D36,routing,4,4,True,0.9843,99.4
basal-1.5 (4.5B) [mps],e03,basal-serve mps,D37,routing,4,4,True,0.9676,98.6
basal-1.5 (4.5B) [mps],e03,basal-serve mps,D38,routing,4,4,True,0.9563,97.6
basal-1.5 (4.5B) [mps],e03,basal-serve mps,D39,routing,4,4,True,0.7294,96.1
basal-1.5 (4.5B) [mps],e03,basal-serve mps,D40,routing,4,4,True,0.9623,101.8
basal-1.5 (4.5B) [mps],e03,basal-serve mps,E01,eskalacja,0,0,True,0.9895,96.6
basal-1.5 (4.5B) [mps],e03,basal-serve mps,E02,eskalacja,1,1,True,0.9908,90.7
basal-1.5 (4.5B) [mps],e03,basal-serve mps,E03,eskalacja,0,0,True,0.9968,98.8
basal-1.5 (4.5B) [mps],e03,basal-serve mps,E04,eskalacja,1,1,True,0.9393,96.3
basal-1.5 (4.5B) [mps],e03,basal-serve mps,E05,eskalacja,0,0,True,0.9961,101.9
basal-1.5 (4.5B) [mps],e03,basal-serve mps,E06,eskalacja,0,0,True,0.9934,97.5
basal-1.5 (4.5B) [mps],e03,basal-serve mps,E07,eskalacja,0,0,True,0.9861,97.0
basal-1.5 (4.5B) [mps],e03,basal-serve mps,E08,eskalacja,0,0,True,0.995,99.1
basal-1.5 (4.5B) [mps],e03,basal-serve mps,E09,eskalacja,0,0,True,0.9965,98.2
basal-1.5 (4.5B) [mps],e03,basal-serve mps,E10,eskalacja,0,0,True,0.8084,97.9
basal-1.5 (4.5B) [mps],e03,basal-serve mps,E11,eskalacja,0,0,True,0.9406,87.4
basal-1.5 (4.5B) [mps],e03,basal-serve mps,E12,eskalacja,0,0,True,0.9952,99.2
basal-1.5 (4.5B) [mps],e03,basal-serve mps,E13,eskalacja,0,0,True,0.9955,96.7
basal-1.5 (4.5B) [mps],e03,basal-serve mps,E14,eskalacja,0,0,True,0.984,98.8
basal-1.5 (4.5B) [mps],e03,basal-serve mps,E15,eskalacja,0,0,True,0.9958,98.7
basal-1.5 (4.5B) [mps],e03,basal-serve mps,E16,eskalacja,0,0,True,0.996,98.6
basal-1.5 (4.5B) [mps],e03,basal-serve mps,E17,eskalacja,0,0,True,0.994,98.2
basal-1.5 (4.5B) [mps],e03,basal-serve mps,E18,eskalacja,0,0,True,0.9929,96.8
basal-1.5 (4.5B) [mps],e03,basal-serve mps,E19,eskalacja,0,0,True,0.9961,100.3
basal-1.5 (4.5B) [mps],e03,basal-serve mps,E20,eskalacja,0,0,True,0.7477,97.5
basal-1.5 (4.5B) [mps],e03,basal-serve mps,E21,eskalacja,0,0,True,0.9941,96.7
basal-1.5 (4.5B) [mps],e03,basal-serve mps,E22,eskalacja,0,0,True,0.9129,89.3
basal-1.5 (4.5B) [mps],e03,basal-serve mps,E23,eskalacja,1,1,True,0.9892,88.8
basal-1.5 (4.5B) [mps],e03,basal-serve mps,E24,eskalacja,1,1,True,0.9421,97.4
basal-1.5 (4.5B) [mps],e03,basal-serve mps,E25,eskalacja,1,1,True,0.9931,97.6
basal-1.5 (4.5B) [mps],e03,basal-serve mps,E26,eskalacja,1,1,True,0.535,98.1
basal-1.5 (4.5B) [mps],e03,basal-serve mps,E27,eskalacja,1,1,True,0.9778,98.7
basal-1.5 (4.5B) [mps],e03,basal-serve mps,E28,eskalacja,1,0,False,0.6913,98.1
basal-1.5 (4.5B) [mps],e03,basal-serve mps,E29,eskalacja,1,1,True,0.9759,86.4
basal-1.5 (4.5B) [mps],e03,basal-serve mps,E30,eskalacja,1,1,True,0.9778,98.9
basal-1.5 (4.5B) [mps],e03,basal-serve mps,E31,eskalacja,1,1,True,0.9873,93.1
basal-1.5 (4.5B) [mps],e03,basal-serve mps,E32,eskalacja,1,1,True,0.9708,89.8
basal-1.5 (4.5B) [mps],e03,basal-serve mps,E33,eskalacja,1,1,True,0.9864,90.5
basal-1.5 (4.5B) [mps],e03,basal-serve mps,E34,eskalacja,1,0,False,0.9854,90.3
basal-1.5 (4.5B) [mps],e03,basal-serve mps,E35,eskalacja,1,1,True,0.99,96.4
basal-1.5 (4.5B) [mps],e03,basal-serve mps,E36,eskalacja,1,1,True,0.8952,88.6
basal-1.5 (4.5B) [mps],e03,basal-serve mps,E37,eskalacja,1,1,True,0.9933,90.7
basal-1.5 (4.5B) [mps],e03,basal-serve mps,E38,eskalacja,1,1,True,0.9771,97.4
basal-1.5 (4.5B) [mps],e03,basal-serve mps,E39,eskalacja,1,1,True,0.9896,95.0
basal-1.5 (4.5B) [mps],e03,basal-serve mps,E40,eskalacja,1,1,True,0.9833,91.1
basal-1.5 (4.5B) [mps],e03,basal-serve mps,K01,kompletnosc,0,0,True,0.9751,99.6
basal-1.5 (4.5B) [mps],e03,basal-serve mps,K02,kompletnosc,1,0,False,0.9276,100.5
basal-1.5 (4.5B) [mps],e03,basal-serve mps,K03,kompletnosc,1,0,False,0.8187,98.8
basal-1.5 (4.5B) [mps],e03,basal-serve mps,K04,kompletnosc,0,0,True,0.9883,106.0
basal-1.5 (4.5B) [mps],e03,basal-serve mps,K05,kompletnosc,1,1,True,0.9903,98.0
basal-1.5 (4.5B) [mps],e03,basal-serve mps,K06,kompletnosc,0,0,True,0.9606,98.5
basal-1.5 (4.5B) [mps],e03,basal-serve mps,K07,kompletnosc,1,0,False,0.8217,100.0
basal-1.5 (4.5B) [mps],e03,basal-serve mps,K08,kompletnosc,0,0,True,0.9797,96.7
basal-1.5 (4.5B) [mps],e03,basal-serve mps,K09,kompletnosc,1,1,True,0.772,90.8
basal-1.5 (4.5B) [mps],e03,basal-serve mps,K10,kompletnosc,0,0,True,0.9887,104.6
basal-1.5 (4.5B) [mps],e03,basal-serve mps,K11,kompletnosc,1,1,True,0.9612,98.6
basal-1.5 (4.5B) [mps],e03,basal-serve mps,K12,kompletnosc,0,0,True,0.9969,96.0
basal-1.5 (4.5B) [mps],e03,basal-serve mps,K13,kompletnosc,1,1,True,0.5088,93.8
basal-1.5 (4.5B) [mps],e03,basal-serve mps,K14,kompletnosc,1,1,True,0.8386,90.0
basal-1.5 (4.5B) [mps],e03,basal-serve mps,K15,kompletnosc,0,0,True,0.995,99.3
basal-1.5 (4.5B) [mps],e03,basal-serve mps,K16,kompletnosc,1,1,True,0.9499,99.2
basal-1.5 (4.5B) [mps],e03,basal-serve mps,K17,kompletnosc,0,0,True,0.9951,88.3
basal-1.5 (4.5B) [mps],e03,basal-serve mps,K18,kompletnosc,1,0,False,0.77,89.2
basal-1.5 (4.5B) [mps],e03,basal-serve mps,K19,kompletnosc,1,1,True,0.9493,89.5
basal-1.5 (4.5B) [mps],e03,basal-serve mps,K20,kompletnosc,0,0,True,0.9893,89.7
basal-1.5 (4.5B) [mps],e03,basal-serve mps,K21,kompletnosc,0,0,True,0.9612,103.2
basal-1.5 (4.5B) [mps],e03,basal-serve mps,K22,kompletnosc,0,0,True,0.718,103.6
basal-1.5 (4.5B) [mps],e03,basal-serve mps,K23,kompletnosc,1,0,False,0.5477,102.9
basal-1.5 (4.5B) [mps],e03,basal-serve mps,K24,kompletnosc,1,1,True,0.912,101.3
basal-1.5 (4.5B) [mps],e03,basal-serve mps,K25,kompletnosc,0,0,True,0.9936,107.6
basal-1.5 (4.5B) [mps],e03,basal-serve mps,K26,kompletnosc,1,1,True,0.9247,100.5
basal-1.5 (4.5B) [mps],e03,basal-serve mps,K27,kompletnosc,0,0,True,0.9876,103.0
basal-1.5 (4.5B) [mps],e03,basal-serve mps,K28,kompletnosc,1,0,False,0.6447,103.0
basal-1.5 (4.5B) [mps],e03,basal-serve mps,K29,kompletnosc,0,0,True,0.9906,102.5
basal-1.5 (4.5B) [mps],e03,basal-serve mps,K30,kompletnosc,1,1,True,0.9326,102.4
basal-1.5 (4.5B) [mps],e03,basal-serve mps,K31,kompletnosc,1,1,True,0.9953,98.5
basal-1.5 (4.5B) [mps],e03,basal-serve mps,K32,kompletnosc,0,0,True,0.9548,105.1
basal-1.5 (4.5B) [mps],e03,basal-serve mps,K33,kompletnosc,0,0,True,0.8945,99.8
basal-1.5 (4.5B) [mps],e03,basal-serve mps,K34,kompletnosc,1,1,True,0.9745,97.9
basal-1.5 (4.5B) [mps],e03,basal-serve mps,K35,kompletnosc,0,0,True,0.9941,106.3
basal-1.5 (4.5B) [mps],e03,basal-serve mps,K36,kompletnosc,1,1,True,0.9806,101.5
basal-1.5 (4.5B) [mps],e03,basal-serve mps,K37,kompletnosc,0,0,True,0.7491,100.8
basal-1.5 (4.5B) [mps],e03,basal-serve mps,K38,kompletnosc,1,1,True,0.7607,98.6
basal-1.5 (4.5B) [mps],e03,basal-serve mps,K40,kompletnosc,1,1,True,0.9961,94.8
basal-1.5 (4.5B) [mps],e03,basal-serve mps,S01,irytacja,0,0,True,0.9958,95.2
basal-1.5 (4.5B) [mps],e03,basal-serve mps,S02,irytacja,0,0,True,0.9855,87.8
basal-1.5 (4.5B) [mps],e03,basal-serve mps,S03,irytacja,0,0,True,0.9863,86.0
basal-1.5 (4.5B) [mps],e03,basal-serve mps,S04,irytacja,0,0,True,0.9893,87.1
basal-1.5 (4.5B) [mps],e03,basal-serve mps,S05,irytacja,0,1,False,0.8279,81.2
basal-1.5 (4.5B) [mps],e03,basal-serve mps,S06,irytacja,0,0,True,0.9934,86.1
basal-1.5 (4.5B) [mps],e03,basal-serve mps,S07,irytacja,0,0,True,0.9911,86.9
basal-1.5 (4.5B) [mps],e03,basal-serve mps,S08,irytacja,1,1,True,0.5947,83.5
basal-1.5 (4.5B) [mps],e03,basal-serve mps,S09,irytacja,1,2,False,0.7182,81.8
basal-1.5 (4.5B) [mps],e03,basal-serve mps,S10,irytacja,1,1,True,0.6946,83.8
basal-1.5 (4.5B) [mps],e03,basal-serve mps,S11,irytacja,1,1,True,0.78,81.7
basal-1.5 (4.5B) [mps],e03,basal-serve mps,S12,irytacja,1,1,True,0.5383,87.4
basal-1.5 (4.5B) [mps],e03,basal-serve mps,S13,irytacja,1,2,False,0.8566,90.1
basal-1.5 (4.5B) [mps],e03,basal-serve mps,S15,irytacja,2,2,True,0.9947,83.7
basal-1.5 (4.5B) [mps],e03,basal-serve mps,S16,irytacja,2,2,True,0.994,87.4
basal-1.5 (4.5B) [mps],e03,basal-serve mps,S17,irytacja,2,2,True,0.9888,84.2
basal-1.5 (4.5B) [mps],e03,basal-serve mps,S18,irytacja,2,2,True,0.9941,87.9
basal-1.5 (4.5B) [mps],e03,basal-serve mps,S19,irytacja,2,2,True,0.9898,86.3
basal-1.5 (4.5B) [mps],e03,basal-serve mps,S20,irytacja,2,2,True,0.9889,85.8
basal-1.5 (4.5B) [mps],e03,basal-serve mps,P01,phishing,0,0,True,0.9968,99.1
basal-1.5 (4.5B) [mps],e03,basal-serve mps,P02,phishing,0,0,True,0.9984,98.5
basal-1.5 (4.5B) [mps],e03,basal-serve mps,P03,phishing,0,0,True,0.9967,102.0
basal-1.5 (4.5B) [mps],e03,basal-serve mps,P04,phishing,0,0,True,0.7388,119.8
basal-1.5 (4.5B) [mps],e03,basal-serve mps,P05,phishing,0,0,True,0.998,98.6
basal-1.5 (4.5B) [mps],e03,basal-serve mps,P06,phishing,0,0,True,0.9975,100.8
basal-1.5 (4.5B) [mps],e03,basal-serve mps,P07,phishing,0,0,True,0.998,100.9
basal-1.5 (4.5B) [mps],e03,basal-serve mps,P08,phishing,0,0,True,0.997,98.4
basal-1.5 (4.5B) [mps],e03,basal-serve mps,P09,phishing,0,1,False,0.9265,98.3
basal-1.5 (4.5B) [mps],e03,basal-serve mps,P10,phishing,0,0,True,0.9889,97.4
basal-1.5 (4.5B) [mps],e03,basal-serve mps,P11,phishing,1,1,True,0.9028,103.5
basal-1.5 (4.5B) [mps],e03,basal-serve mps,P12,phishing,1,1,True,0.9365,97.8
basal-1.5 (4.5B) [mps],e03,basal-serve mps,P13,phishing,1,1,True,0.8797,104.7
basal-1.5 (4.5B) [mps],e03,basal-serve mps,P14,phishing,1,1,True,0.9936,100.3
basal-1.5 (4.5B) [mps],e03,basal-serve mps,P15,phishing,1,0,False,0.9902,105.0
basal-1.5 (4.5B) [mps],e03,basal-serve mps,P16,phishing,1,1,True,0.9967,89.5
basal-1.5 (4.5B) [mps],e03,basal-serve mps,P17,phishing,1,1,True,0.99,98.8
basal-1.5 (4.5B) [mps],e03,basal-serve mps,P18,phishing,1,0,False,0.9444,99.3
basal-1.5 (4.5B) [mps],e03,basal-serve mps,P19,phishing,1,1,True,0.9771,101.1
basal-1.5 (4.5B) [mps],e03,basal-serve mps,P20,phishing,1,1,True,0.9735,102.8
basal-1.5 (4.5B) [mps],e04,basal-serve mps,ADM01,administracja,0,0,True,0.8234,112.0
basal-1.5 (4.5B) [mps],e04,basal-serve mps,ADM02,administracja,0,0,True,0.9654,100.3
basal-1.5 (4.5B) [mps],e04,basal-serve mps,ADM03,administracja,1,0,False,0.7957,101.9
basal-1.5 (4.5B) [mps],e04,basal-serve mps,ADM04,administracja,0,0,True,0.9806,122.5
basal-1.5 (4.5B) [mps],e04,basal-serve mps,ADM05,administracja,1,1,True,0.8766,96.8
basal-1.5 (4.5B) [mps],e04,basal-serve mps,ADM06,administracja,0,0,True,0.9942,94.4
basal-1.5 (4.5B) [mps],e04,basal-serve mps,ADM07,administracja,1,1,True,0.9949,97.5
basal-1.5 (4.5B) [mps],e04,basal-serve mps,ADM08,administracja,1,0,False,0.5329,89.3
basal-1.5 (4.5B) [mps],e04,basal-serve mps,ADM09,administracja,2,2,True,0.9981,121.4
basal-1.5 (4.5B) [mps],e04,basal-serve mps,ADM10,administracja,0,0,True,0.9938,131.8
basal-1.5 (4.5B) [mps],e04,basal-serve mps,ADM11,administracja,1,1,True,0.9976,120.0
basal-1.5 (4.5B) [mps],e04,basal-serve mps,ADM12,administracja,2,2,True,0.9956,119.3
basal-1.5 (4.5B) [mps],e04,basal-serve mps,ADM13,administracja,3,3,True,0.9923,125.4
basal-1.5 (4.5B) [mps],e04,basal-serve mps,ADM14,administracja,4,4,True,0.9996,103.5
basal-1.5 (4.5B) [mps],e04,basal-serve mps,ADM15,administracja,1,1,True,0.9589,126.4
basal-1.5 (4.5B) [mps],e04,basal-serve mps,ADM16,administracja,2,2,True,0.9252,131.0
basal-1.5 (4.5B) [mps],e04,basal-serve mps,ADM17,administracja,3,3,True,0.9785,126.3
basal-1.5 (4.5B) [mps],e04,basal-serve mps,LAW01,kancelaria,0,0,True,0.7049,101.5
basal-1.5 (4.5B) [mps],e04,basal-serve mps,LAW02,kancelaria,1,0,False,0.8223,122.7
basal-1.5 (4.5B) [mps],e04,basal-serve mps,LAW03,kancelaria,1,1,True,0.9661,121.5
basal-1.5 (4.5B) [mps],e04,basal-serve mps,LAW04,kancelaria,1,1,True,0.9352,125.1
basal-1.5 (4.5B) [mps],e04,basal-serve mps,LAW05,kancelaria,0,0,True,0.9389,92.6
basal-1.5 (4.5B) [mps],e04,basal-serve mps,LAW06,kancelaria,1,1,True,0.9917,92.2
basal-1.5 (4.5B) [mps],e04,basal-serve mps,LAW07,kancelaria,0,0,True,0.9934,91.2
basal-1.5 (4.5B) [mps],e04,basal-serve mps,LAW08,kancelaria,0,0,True,0.994,90.5
basal-1.5 (4.5B) [mps],e04,basal-serve mps,LAW09,kancelaria,5,5,True,0.9955,142.5
basal-1.5 (4.5B) [mps],e04,basal-serve mps,LAW10,kancelaria,2,2,True,0.9967,144.8
basal-1.5 (4.5B) [mps],e04,basal-serve mps,LAW11,kancelaria,0,0,True,0.9985,138.5
basal-1.5 (4.5B) [mps],e04,basal-serve mps,LAW12,kancelaria,3,3,True,0.9987,144.5
basal-1.5 (4.5B) [mps],e04,basal-serve mps,LAW13,kancelaria,4,4,True,0.9959,140.7
basal-1.5 (4.5B) [mps],e04,basal-serve mps,LAW14,kancelaria,2,1,False,0.6495,128.3
basal-1.5 (4.5B) [mps],e04,basal-serve mps,LAW15,kancelaria,0,0,True,0.8098,131.5
basal-1.5 (4.5B) [mps],e04,basal-serve mps,LAW16,kancelaria,2,2,True,0.8273,133.4
basal-1.5 (4.5B) [mps],e04,basal-serve mps,LAW17,kancelaria,1,1,True,0.9503,129.9
basal-1.5 (4.5B) [mps],e04,basal-serve mps,HR01,hr,0,0,True,0.9003,118.1
basal-1.5 (4.5B) [mps],e04,basal-serve mps,HR02,hr,1,1,True,0.7477,108.1
basal-1.5 (4.5B) [mps],e04,basal-serve mps,HR03,hr,0,0,True,0.8027,103.2
basal-1.5 (4.5B) [mps],e04,basal-serve mps,HR04,hr,0,0,True,0.9282,106.1
basal-1.5 (4.5B) [mps],e04,basal-serve mps,HR05,hr,1,1,True,0.9916,92.1
basal-1.5 (4.5B) [mps],e04,basal-serve mps,HR06,hr,1,1,True,0.9866,90.8
basal-1.5 (4.5B) [mps],e04,basal-serve mps,HR07,hr,0,0,True,0.9959,91.1
basal-1.5 (4.5B) [mps],e04,basal-serve mps,HR08,hr,1,0,False,0.645,90.4
basal-1.5 (4.5B) [mps],e04,basal-serve mps,HR09,hr,1,1,True,0.9958,132.7
basal-1.5 (4.5B) [mps],e04,basal-serve mps,HR10,hr,2,2,True,0.9966,132.7
basal-1.5 (4.5B) [mps],e04,basal-serve mps,HR11,hr,0,0,True,0.9925,127.2
basal-1.5 (4.5B) [mps],e04,basal-serve mps,HR12,hr,4,4,True,0.9964,132.2
basal-1.5 (4.5B) [mps],e04,basal-serve mps,HR13,hr,5,5,True,0.9957,127.0
basal-1.5 (4.5B) [mps],e04,basal-serve mps,HR14,hr,1,0,False,0.7788,121.9
basal-1.5 (4.5B) [mps],e04,basal-serve mps,HR15,hr,1,1,True,0.9584,125.7
basal-1.5 (4.5B) [mps],e04,basal-serve mps,HR16,hr,3,3,True,0.9908,124.3
basal-1.5 (4.5B) [mps],e04,basal-serve mps,HR17,hr,2,2,True,0.9725,126.3
basal-1.5 (4.5B) [mps],e04,basal-serve mps,MED01,przychodnia,0,0,True,0.9256,133.1
basal-1.5 (4.5B) [mps],e04,basal-serve mps,MED02,przychodnia,1,0,False,0.6833,119.8
basal-1.5 (4.5B) [mps],e04,basal-serve mps,MED03,przychodnia,1,0,False,0.7025,105.7
basal-1.5 (4.5B) [mps],e04,basal-serve mps,MED04,przychodnia,0,0,True,0.873,123.4
basal-1.5 (4.5B) [mps],e04,basal-serve mps,MED05,przychodnia,0,0,True,0.993,90.8
basal-1.5 (4.5B) [mps],e04,basal-serve mps,MED06,przychodnia,1,1,True,0.9934,101.3
basal-1.5 (4.5B) [mps],e04,basal-serve mps,MED07,przychodnia,0,0,True,0.9953,89.3
basal-1.5 (4.5B) [mps],e04,basal-serve mps,MED08,przychodnia,1,1,True,0.6789,88.3
basal-1.5 (4.5B) [mps],e04,basal-serve mps,MED09,przychodnia,2,2,True,0.99,122.1
basal-1.5 (4.5B) [mps],e04,basal-serve mps,MED10,przychodnia,3,3,True,0.9823,123.5
basal-1.5 (4.5B) [mps],e04,basal-serve mps,MED11,przychodnia,1,1,True,0.9945,122.0
basal-1.5 (4.5B) [mps],e04,basal-serve mps,MED12,przychodnia,4,4,True,0.9965,120.3
basal-1.5 (4.5B) [mps],e04,basal-serve mps,MED13,przychodnia,1,1,True,0.9712,101.8
basal-1.5 (4.5B) [mps],e04,basal-serve mps,MED14,przychodnia,0,0,True,0.9978,120.3
basal-1.5 (4.5B) [mps],e04,basal-serve mps,MED15,przychodnia,1,1,True,0.5436,135.5
basal-1.5 (4.5B) [mps],e04,basal-serve mps,MED16,przychodnia,2,2,True,0.9669,145.6
basal-1.5 (4.5B) [mps],e04,basal-serve mps,MED17,przychodnia,3,3,True,0.9607,143.6
basal-1.5 (4.5B) [mps],e04,basal-serve mps,INS01,ubezpieczenia,1,1,True,0.6751,126.7
basal-1.5 (4.5B) [mps],e04,basal-serve mps,INS02,ubezpieczenia,0,1,False,0.9256,124.0
basal-1.5 (4.5B) [mps],e04,basal-serve mps,INS03,ubezpieczenia,0,0,True,0.9281,131.9
basal-1.5 (4.5B) [mps],e04,basal-serve mps,INS04,ubezpieczenia,1,0,False,0.9322,124.2
basal-1.5 (4.5B) [mps],e04,basal-serve mps,INS05,ubezpieczenia,0,0,True,0.9944,100.5
basal-1.5 (4.5B) [mps],e04,basal-serve mps,INS06,ubezpieczenia,1,1,True,0.8003,125.4
basal-1.5 (4.5B) [mps],e04,basal-serve mps,INS07,ubezpieczenia,1,1,True,0.9973,89.3
basal-1.5 (4.5B) [mps],e04,basal-serve mps,INS08,ubezpieczenia,0,0,True,0.9786,101.4
basal-1.5 (4.5B) [mps],e04,basal-serve mps,INS09,ubezpieczenia,3,3,True,0.996,129.7
basal-1.5 (4.5B) [mps],e04,basal-serve mps,INS10,ubezpieczenia,4,4,True,0.9919,132.6
basal-1.5 (4.5B) [mps],e04,basal-serve mps,INS11,ubezpieczenia,2,2,True,0.7151,101.7
basal-1.5 (4.5B) [mps],e04,basal-serve mps,INS12,ubezpieczenia,1,1,True,0.9878,118.2
basal-1.5 (4.5B) [mps],e04,basal-serve mps,INS13,ubezpieczenia,0,0,True,0.9991,147.4
basal-1.5 (4.5B) [mps],e04,basal-serve mps,INS14,ubezpieczenia,0,0,True,0.9307,134.9
basal-1.5 (4.5B) [mps],e04,basal-serve mps,INS15,ubezpieczenia,2,2,True,0.9882,136.2
basal-1.5 (4.5B) [mps],e04,basal-serve mps,INS16,ubezpieczenia,1,1,True,0.8732,128.8
basal-1.5 (4.5B) [mps],e04,basal-serve mps,INS17,ubezpieczenia,3,3,True,0.9865,129.2
basal-1.5 (4.5B) [mps],e04,basal-serve mps,BNK01,bank_aml,1,1,True,0.9677,156.2
basal-1.5 (4.5B) [mps],e04,basal-serve mps,BNK02,bank_aml,0,1,False,0.8976,167.8
basal-1.5 (4.5B) [mps],e04,basal-serve mps,BNK03,bank_aml,0,0,True,0.7672,131.0
basal-1.5 (4.5B) [mps],e04,basal-serve mps,BNK04,bank_aml,1,0,False,0.8519,130.6
basal-1.5 (4.5B) [mps],e04,basal-serve mps,BNK05,bank_aml,1,0,False,0.861,125.5
basal-1.5 (4.5B) [mps],e04,basal-serve mps,BNK06,bank_aml,0,0,True,0.9931,101.0
basal-1.5 (4.5B) [mps],e04,basal-serve mps,BNK07,bank_aml,0,0,True,0.9617,99.6
basal-1.5 (4.5B) [mps],e04,basal-serve mps,BNK08,bank_aml,1,1,True,0.9977,90.4
basal-1.5 (4.5B) [mps],e04,basal-serve mps,BNK09,bank_aml,4,4,True,0.8745,136.6
basal-1.5 (4.5B) [mps],e04,basal-serve mps,BNK10,bank_aml,2,2,True,0.9972,138.7
basal-1.5 (4.5B) [mps],e04,basal-serve mps,BNK11,bank_aml,1,1,True,0.9942,135.7
basal-1.5 (4.5B) [mps],e04,basal-serve mps,BNK12,bank_aml,3,3,True,0.9961,132.3
basal-1.5 (4.5B) [mps],e04,basal-serve mps,BNK13,bank_aml,0,0,True,0.9936,136.5
basal-1.5 (4.5B) [mps],e04,basal-serve mps,BNK14,bank_aml,0,0,True,0.9387,131.9
basal-1.5 (4.5B) [mps],e04,basal-serve mps,BNK15,bank_aml,1,1,True,0.9384,133.7
basal-1.5 (4.5B) [mps],e04,basal-serve mps,BNK16,bank_aml,2,2,True,0.9612,135.1
basal-1.5 (4.5B) [mps],e04,basal-serve mps,BNK17,bank_aml,3,3,True,0.9425,134.8
basal-1.5 (4.5B) [mps],e04,basal-serve mps,LOG01,logistyka,1,0,False,0.7406,118.4
basal-1.5 (4.5B) [mps],e04,basal-serve mps,LOG02,logistyka,0,1,False,0.5329,122.5
basal-1.5 (4.5B) [mps],e04,basal-serve mps,LOG03,logistyka,1,1,True,0.6523,123.9
basal-1.5 (4.5B) [mps],e04,basal-serve mps,LOG04,logistyka,0,0,True,0.8909,115.8
basal-1.5 (4.5B) [mps],e04,basal-serve mps,LOG05,logistyka,1,0,False,0.7477,117.5
basal-1.5 (4.5B) [mps],e04,basal-serve mps,LOG06,logistyka,0,0,True,0.9885,92.8
basal-1.5 (4.5B) [mps],e04,basal-serve mps,LOG07,logistyka,0,0,True,0.9784,99.3
basal-1.5 (4.5B) [mps],e04,basal-serve mps,LOG08,logistyka,1,1,True,0.934,88.6
basal-1.5 (4.5B) [mps],e04,basal-serve mps,LOG09,logistyka,2,2,True,0.9889,138.1
basal-1.5 (4.5B) [mps],e04,basal-serve mps,LOG10,logistyka,1,1,True,0.9933,134.8
basal-1.5 (4.5B) [mps],e04,basal-serve mps,LOG11,logistyka,3,3,True,0.9946,138.4
basal-1.5 (4.5B) [mps],e04,basal-serve mps,LOG12,logistyka,0,0,True,0.9964,144.5
basal-1.5 (4.5B) [mps],e04,basal-serve mps,LOG13,logistyka,4,4,True,0.9986,147.2
basal-1.5 (4.5B) [mps],e04,basal-serve mps,LOG14,logistyka,0,0,True,0.9663,122.9
basal-1.5 (4.5B) [mps],e04,basal-serve mps,LOG15,logistyka,2,1,False,0.8235,127.4
basal-1.5 (4.5B) [mps],e04,basal-serve mps,LOG16,logistyka,1,1,True,0.9622,123.0
basal-1.5 (4.5B) [mps],e04,basal-serve mps,LOG17,logistyka,3,3,True,0.9899,146.2
basal-1.5 (4.5B) [mps],e04,basal-serve mps,ITS01,it_security,0,0,True,0.9798,123.9
basal-1.5 (4.5B) [mps],e04,basal-serve mps,ITS02,it_security,1,0,False,0.9646,120.2
basal-1.5 (4.5B) [mps],e04,basal-serve mps,ITS03,it_security,1,0,False,0.9642,131.4
basal-1.5 (4.5B) [mps],e04,basal-serve mps,ITS04,it_security,0,1,False,0.808,99.8
basal-1.5 (4.5B) [mps],e04,basal-serve mps,ITS05,it_security,1,1,True,0.9711,97.4
basal-1.5 (4.5B) [mps],e04,basal-serve mps,ITS06,it_security,1,1,True,0.9896,129.9
basal-1.5 (4.5B) [mps],e04,basal-serve mps,ITS07,it_security,0,0,True,0.8946,138.1
basal-1.5 (4.5B) [mps],e04,basal-serve mps,ITS08,it_security,0,0,True,0.9511,117.4
basal-1.5 (4.5B) [mps],e04,basal-serve mps,ITS09,it_security,4,4,True,0.9948,140.5
basal-1.5 (4.5B) [mps],e04,basal-serve mps,ITS10,it_security,3,3,True,0.9571,138.1
basal-1.5 (4.5B) [mps],e04,basal-serve mps,ITS11,it_security,2,2,True,0.9651,144.3
basal-1.5 (4.5B) [mps],e04,basal-serve mps,ITS12,it_security,0,0,True,0.9809,141.4
basal-1.5 (4.5B) [mps],e04,basal-serve mps,ITS13,it_security,1,1,True,0.97,142.0
basal-1.5 (4.5B) [mps],e04,basal-serve mps,ITS14,it_security,0,1,False,0.8985,121.9
basal-1.5 (4.5B) [mps],e04,basal-serve mps,ITS15,it_security,2,2,True,0.9769,121.9
basal-1.5 (4.5B) [mps],e04,basal-serve mps,ITS16,it_security,1,1,True,0.9643,125.7
basal-1.5 (4.5B) [mps],e04,basal-serve mps,ITS17,it_security,3,2,False,0.5939,119.3
basal-1.5 (4.5B) [mps],e04,basal-serve mps,MFG01,produkcja,1,1,True,0.7795,103.7
basal-1.5 (4.5B) [mps],e04,basal-serve mps,MFG02,produkcja,0,0,True,0.6276,133.3
basal-1.5 (4.5B) [mps],e04,basal-serve mps,MFG03,produkcja,0,0,True,0.8688,102.1
basal-1.5 (4.5B) [mps],e04,basal-serve mps,MFG04,produkcja,0,0,True,0.7544,103.2
basal-1.5 (4.5B) [mps],e04,basal-serve mps,MFG05,produkcja,0,0,True,0.8878,100.2
basal-1.5 (4.5B) [mps],e04,basal-serve mps,MFG06,produkcja,1,1,True,0.9652,92.1
basal-1.5 (4.5B) [mps],e04,basal-serve mps,MFG07,produkcja,1,1,True,0.9829,99.4
basal-1.5 (4.5B) [mps],e04,basal-serve mps,MFG08,produkcja,1,0,False,0.8964,100.5
basal-1.5 (4.5B) [mps],e04,basal-serve mps,MFG09,produkcja,1,1,True,0.9979,117.9
basal-1.5 (4.5B) [mps],e04,basal-serve mps,MFG10,produkcja,4,4,True,0.9989,126.7
basal-1.5 (4.5B) [mps],e04,basal-serve mps,MFG11,produkcja,3,3,True,0.9936,117.6
basal-1.5 (4.5B) [mps],e04,basal-serve mps,MFG12,produkcja,2,2,True,0.9946,122.7
basal-1.5 (4.5B) [mps],e04,basal-serve mps,MFG13,produkcja,0,0,True,0.9956,124.1
basal-1.5 (4.5B) [mps],e04,basal-serve mps,MFG14,produkcja,0,0,True,0.9821,107.5
basal-1.5 (4.5B) [mps],e04,basal-serve mps,MFG15,produkcja,1,1,True,0.9501,102.8
basal-1.5 (4.5B) [mps],e04,basal-serve mps,MFG16,produkcja,2,2,True,0.9684,121.1
basal-1.5 (4.5B) [mps],e04,basal-serve mps,MFG17,produkcja,3,3,True,0.6296,123.5
basal-1.5 (4.5B) [mps],e04,basal-serve mps,EDU01,uczelnia,1,0,False,0.6606,103.7
basal-1.5 (4.5B) [mps],e04,basal-serve mps,EDU02,uczelnia,0,0,True,0.9976,107.3
basal-1.5 (4.5B) [mps],e04,basal-serve mps,EDU03,uczelnia,1,0,False,0.6285,99.3
basal-1.5 (4.5B) [mps],e04,basal-serve mps,EDU04,uczelnia,0,0,True,0.9914,105.6
basal-1.5 (4.5B) [mps],e04,basal-serve mps,EDU05,uczelnia,1,1,True,0.934,100.8
basal-1.5 (4.5B) [mps],e04,basal-serve mps,EDU06,uczelnia,0,0,True,0.9866,89.1
basal-1.5 (4.5B) [mps],e04,basal-serve mps,EDU07,uczelnia,0,0,True,0.963,90.5
basal-1.5 (4.5B) [mps],e04,basal-serve mps,EDU08,uczelnia,1,1,True,0.9949,89.4
basal-1.5 (4.5B) [mps],e04,basal-serve mps,EDU09,uczelnia,1,1,True,0.999,121.8
basal-1.5 (4.5B) [mps],e04,basal-serve mps,EDU10,uczelnia,4,4,True,0.9979,123.8
basal-1.5 (4.5B) [mps],e04,basal-serve mps,EDU11,uczelnia,2,2,True,0.9993,113.5
basal-1.5 (4.5B) [mps],e04,basal-serve mps,EDU12,uczelnia,3,3,True,0.9975,122.1
basal-1.5 (4.5B) [mps],e04,basal-serve mps,EDU13,uczelnia,0,0,True,0.999,118.6
basal-1.5 (4.5B) [mps],e04,basal-serve mps,EDU14,uczelnia,0,0,True,0.8857,107.5
basal-1.5 (4.5B) [mps],e04,basal-serve mps,EDU15,uczelnia,2,2,True,0.7969,117.5
basal-1.5 (4.5B) [mps],e04,basal-serve mps,EDU16,uczelnia,1,1,True,0.7688,138.9
basal-1.5 (4.5B) [mps],e04,basal-serve mps,EDU17,uczelnia,3,3,True,0.7948,122.5
basal-1.5 (4.5B) [mps],e04,basal-serve mps,RE01,wspolnota,1,1,True,0.8003,101.8
basal-1.5 (4.5B) [mps],e04,basal-serve mps,RE02,wspolnota,0,1,False,0.7795,129.2
basal-1.5 (4.5B) [mps],e04,basal-serve mps,RE03,wspolnota,1,1,True,0.5782,107.5
basal-1.5 (4.5B) [mps],e04,basal-serve mps,RE04,wspolnota,0,0,True,0.959,96.7
basal-1.5 (4.5B) [mps],e04,basal-serve mps,RE05,wspolnota,0,0,True,0.7841,101.0
basal-1.5 (4.5B) [mps],e04,basal-serve mps,RE06,wspolnota,1,1,True,0.9829,90.6
basal-1.5 (4.5B) [mps],e04,basal-serve mps,RE07,wspolnota,0,0,True,0.6383,90.0
basal-1.5 (4.5B) [mps],e04,basal-serve mps,RE08,wspolnota,1,1,True,0.9942,89.8
basal-1.5 (4.5B) [mps],e04,basal-serve mps,RE09,wspolnota,3,3,True,0.9959,133.3
basal-1.5 (4.5B) [mps],e04,basal-serve mps,RE10,wspolnota,5,5,True,0.9991,124.0
basal-1.5 (4.5B) [mps],e04,basal-serve mps,RE11,wspolnota,1,1,True,0.9978,127.8
basal-1.5 (4.5B) [mps],e04,basal-serve mps,RE12,wspolnota,4,4,True,0.9969,121.5
basal-1.5 (4.5B) [mps],e04,basal-serve mps,RE13,wspolnota,0,0,True,0.9941,124.5
basal-1.5 (4.5B) [mps],e04,basal-serve mps,RE14,wspolnota,3,3,True,0.9792,128.9
basal-1.5 (4.5B) [mps],e04,basal-serve mps,RE15,wspolnota,2,2,True,0.9576,135.2
basal-1.5 (4.5B) [mps],e04,basal-serve mps,RE16,wspolnota,0,0,True,0.9433,124.4
basal-1.5 (4.5B) [mps],e04,basal-serve mps,RE17,wspolnota,1,1,True,0.9088,136.2
basal-1.5 (4.5B) [mps],e04,basal-serve mps,ECM01,moderacja,0,0,True,0.9256,135.7
basal-1.5 (4.5B) [mps],e04,basal-serve mps,ECM02,moderacja,1,1,True,0.9409,130.7
basal-1.5 (4.5B) [mps],e04,basal-serve mps,ECM03,moderacja,1,0,False,0.513,132.2
basal-1.5 (4.5B) [mps],e04,basal-serve mps,ECM04,moderacja,1,0,False,0.9295,129.7
basal-1.5 (4.5B) [mps],e04,basal-serve mps,ECM05,moderacja,0,0,True,0.9265,130.4
basal-1.5 (4.5B) [mps],e04,basal-serve mps,ECM06,moderacja,1,1,True,0.9262,100.2
basal-1.5 (4.5B) [mps],e04,basal-serve mps,ECM07,moderacja,0,0,True,0.7538,89.6
basal-1.5 (4.5B) [mps],e04,basal-serve mps,ECM08,moderacja,0,1,False,0.6751,100.1
basal-1.5 (4.5B) [mps],e04,basal-serve mps,ECM09,moderacja,2,2,True,0.9705,131.6
basal-1.5 (4.5B) [mps],e04,basal-serve mps,ECM10,moderacja,3,3,True,0.8986,132.0
basal-1.5 (4.5B) [mps],e04,basal-serve mps,ECM11,moderacja,0,3,False,0.7196,131.2
basal-1.5 (4.5B) [mps],e04,basal-serve mps,ECM12,moderacja,5,5,True,0.9959,135.8
basal-1.5 (4.5B) [mps],e04,basal-serve mps,ECM13,moderacja,1,1,True,0.6566,133.2
basal-1.5 (4.5B) [mps],e04,basal-serve mps,ECM14,moderacja,4,4,True,0.625,136.1
basal-1.5 (4.5B) [mps],e04,basal-serve mps,ECM15,moderacja,3,3,True,0.8942,129.7
basal-1.5 (4.5B) [mps],e04,basal-serve mps,ECM16,moderacja,1,1,True,0.8109,118.4
basal-1.5 (4.5B) [mps],e04,basal-serve mps,ECM17,moderacja,0,0,True,0.8658,119.0
basal-1.5-max [mlx],e03,basal-serve mlx,R01,reklamacja,0,0,True,0.9992,203.5
basal-1.5-max [mlx],e03,basal-serve mlx,R02,reklamacja,1,1,True,0.9997,237.4
basal-1.5-max [mlx],e03,basal-serve mlx,R03,reklamacja,0,0,True,0.9854,251.4
basal-1.5-max [mlx],e03,basal-serve mlx,R04,reklamacja,0,0,True,0.9969,251.6
basal-1.5-max [mlx],e03,basal-serve mlx,R05,reklamacja,1,1,True,0.9996,241.1
basal-1.5-max [mlx],e03,basal-serve mlx,R06,reklamacja,0,0,True,0.9929,244.3
basal-1.5-max [mlx],e03,basal-serve mlx,R07,reklamacja,1,1,True,0.9998,243.2
basal-1.5-max [mlx],e03,basal-serve mlx,R08,reklamacja,0,0,True,0.9561,243.7
basal-1.5-max [mlx],e03,basal-serve mlx,R09,reklamacja,1,1,True,0.9986,242.4
basal-1.5-max [mlx],e03,basal-serve mlx,R10,reklamacja,1,1,True,0.9997,246.6
basal-1.5-max [mlx],e03,basal-serve mlx,R11,reklamacja,0,0,True,0.9979,240.7
basal-1.5-max [mlx],e03,basal-serve mlx,R12,reklamacja,1,1,True,0.9997,237.9
basal-1.5-max [mlx],e03,basal-serve mlx,R13,reklamacja,0,0,True,0.9885,242.5
basal-1.5-max [mlx],e03,basal-serve mlx,R14,reklamacja,1,1,True,0.9865,238.0
basal-1.5-max [mlx],e03,basal-serve mlx,R15,reklamacja,0,0,True,0.8703,240.5
basal-1.5-max [mlx],e03,basal-serve mlx,R16,reklamacja,1,1,True,0.998,239.2
basal-1.5-max [mlx],e03,basal-serve mlx,R17,reklamacja,0,0,True,0.9984,241.3
basal-1.5-max [mlx],e03,basal-serve mlx,R18,reklamacja,1,1,True,0.9996,239.1
basal-1.5-max [mlx],e03,basal-serve mlx,R19,reklamacja,0,0,True,0.9492,240.5
basal-1.5-max [mlx],e03,basal-serve mlx,R20,reklamacja,1,1,True,0.9991,240.5
basal-1.5-max [mlx],e03,basal-serve mlx,R21,reklamacja,0,0,True,0.969,243.3
basal-1.5-max [mlx],e03,basal-serve mlx,R22,reklamacja,1,1,True,0.9983,238.2
basal-1.5-max [mlx],e03,basal-serve mlx,R23,reklamacja,0,0,True,0.9987,240.1
basal-1.5-max [mlx],e03,basal-serve mlx,R24,reklamacja,1,1,True,0.9998,212.5
basal-1.5-max [mlx],e03,basal-serve mlx,R25,reklamacja,0,0,True,0.925,240.2
basal-1.5-max [mlx],e03,basal-serve mlx,R26,reklamacja,1,1,True,0.9934,238.9
basal-1.5-max [mlx],e03,basal-serve mlx,R27,reklamacja,0,0,True,0.969,239.0
basal-1.5-max [mlx],e03,basal-serve mlx,R28,reklamacja,1,1,True,0.9996,206.2
basal-1.5-max [mlx],e03,basal-serve mlx,R29,reklamacja,0,0,True,0.9933,236.3
basal-1.5-max [mlx],e03,basal-serve mlx,R30,reklamacja,1,1,True,0.9997,240.8
basal-1.5-max [mlx],e03,basal-serve mlx,R31,reklamacja,0,0,True,0.8954,243.3
basal-1.5-max [mlx],e03,basal-serve mlx,R32,reklamacja,1,1,True,0.9993,240.3
basal-1.5-max [mlx],e03,basal-serve mlx,R33,reklamacja,0,0,True,0.9975,243.9
basal-1.5-max [mlx],e03,basal-serve mlx,R34,reklamacja,1,1,True,0.9997,243.3
basal-1.5-max [mlx],e03,basal-serve mlx,R35,reklamacja,0,0,True,0.9446,241.7
basal-1.5-max [mlx],e03,basal-serve mlx,R36,reklamacja,1,1,True,0.9998,236.2
basal-1.5-max [mlx],e03,basal-serve mlx,R37,reklamacja,0,0,True,0.9951,246.3
basal-1.5-max [mlx],e03,basal-serve mlx,R38,reklamacja,1,1,True,0.9995,214.0
basal-1.5-max [mlx],e03,basal-serve mlx,R39,reklamacja,0,0,True,0.9848,239.1
basal-1.5-max [mlx],e03,basal-serve mlx,R40,reklamacja,1,1,True,0.9894,236.2
basal-1.5-max [mlx],e03,basal-serve mlx,D01,routing,2,2,True,0.9984,250.9
basal-1.5-max [mlx],e03,basal-serve mlx,D02,routing,1,1,True,0.9985,248.1
basal-1.5-max [mlx],e03,basal-serve mlx,D03,routing,3,3,True,0.9923,250.7
basal-1.5-max [mlx],e03,basal-serve mlx,D04,routing,4,4,True,0.9996,251.4
basal-1.5-max [mlx],e03,basal-serve mlx,D05,routing,0,0,True,0.9813,246.8
basal-1.5-max [mlx],e03,basal-serve mlx,D06,routing,1,1,True,0.9952,251.3
basal-1.5-max [mlx],e03,basal-serve mlx,D07,routing,4,4,True,0.827,251.6
basal-1.5-max [mlx],e03,basal-serve mlx,D08,routing,2,2,True,0.9981,253.7
basal-1.5-max [mlx],e03,basal-serve mlx,D09,routing,3,3,True,0.9597,253.4
basal-1.5-max [mlx],e03,basal-serve mlx,D10,routing,0,0,True,0.9917,254.8
basal-1.5-max [mlx],e03,basal-serve mlx,D11,routing,0,0,True,0.9525,248.5
basal-1.5-max [mlx],e03,basal-serve mlx,D12,routing,0,0,True,0.9807,252.9
basal-1.5-max [mlx],e03,basal-serve mlx,D13,routing,0,0,True,0.9932,248.3
basal-1.5-max [mlx],e03,basal-serve mlx,D14,routing,0,0,True,0.8335,250.7
basal-1.5-max [mlx],e03,basal-serve mlx,D15,routing,0,0,True,0.9942,253.5
basal-1.5-max [mlx],e03,basal-serve mlx,D16,routing,0,0,True,0.982,250.7
basal-1.5-max [mlx],e03,basal-serve mlx,D17,routing,1,1,True,0.9993,243.5
basal-1.5-max [mlx],e03,basal-serve mlx,D18,routing,1,1,True,0.9705,246.0
basal-1.5-max [mlx],e03,basal-serve mlx,D19,routing,1,1,True,0.6747,244.0
basal-1.5-max [mlx],e03,basal-serve mlx,D20,routing,1,1,True,0.9943,245.4
basal-1.5-max [mlx],e03,basal-serve mlx,D21,routing,1,1,True,0.9939,254.3
basal-1.5-max [mlx],e03,basal-serve mlx,D22,routing,1,1,True,0.7683,255.3
basal-1.5-max [mlx],e03,basal-serve mlx,D23,routing,2,2,True,0.998,255.3
basal-1.5-max [mlx],e03,basal-serve mlx,D24,routing,2,2,True,0.9971,255.4
basal-1.5-max [mlx],e03,basal-serve mlx,D25,routing,2,2,True,0.9838,254.5
basal-1.5-max [mlx],e03,basal-serve mlx,D26,routing,2,2,True,0.9979,253.2
basal-1.5-max [mlx],e03,basal-serve mlx,D27,routing,2,2,True,0.9983,251.1
basal-1.5-max [mlx],e03,basal-serve mlx,D28,routing,2,2,True,0.9962,254.3
basal-1.5-max [mlx],e03,basal-serve mlx,D29,routing,3,3,True,0.991,248.7
basal-1.5-max [mlx],e03,basal-serve mlx,D30,routing,3,3,True,0.995,247.8
basal-1.5-max [mlx],e03,basal-serve mlx,D31,routing,3,3,True,0.9838,247.2
basal-1.5-max [mlx],e03,basal-serve mlx,D32,routing,3,3,True,0.9878,246.0
basal-1.5-max [mlx],e03,basal-serve mlx,D33,routing,3,3,True,0.9955,248.2
basal-1.5-max [mlx],e03,basal-serve mlx,D34,routing,3,3,True,0.9908,248.7
basal-1.5-max [mlx],e03,basal-serve mlx,D35,routing,4,4,True,0.9893,242.8
basal-1.5-max [mlx],e03,basal-serve mlx,D36,routing,4,4,True,0.9984,247.9
basal-1.5-max [mlx],e03,basal-serve mlx,D37,routing,4,4,True,0.9626,250.4
basal-1.5-max [mlx],e03,basal-serve mlx,D38,routing,4,4,True,0.9966,245.1
basal-1.5-max [mlx],e03,basal-serve mlx,D39,routing,4,4,True,0.94,247.6
basal-1.5-max [mlx],e03,basal-serve mlx,D40,routing,4,4,True,0.9936,245.0
basal-1.5-max [mlx],e03,basal-serve mlx,E01,eskalacja,0,0,True,0.9996,248.9
basal-1.5-max [mlx],e03,basal-serve mlx,E02,eskalacja,1,1,True,0.9978,246.8
basal-1.5-max [mlx],e03,basal-serve mlx,E03,eskalacja,0,0,True,0.9997,246.1
basal-1.5-max [mlx],e03,basal-serve mlx,E04,eskalacja,1,1,True,0.996,244.4
basal-1.5-max [mlx],e03,basal-serve mlx,E05,eskalacja,0,0,True,0.9994,244.7
basal-1.5-max [mlx],e03,basal-serve mlx,E06,eskalacja,0,0,True,0.9995,237.4
basal-1.5-max [mlx],e03,basal-serve mlx,E07,eskalacja,0,0,True,0.9993,248.4
basal-1.5-max [mlx],e03,basal-serve mlx,E08,eskalacja,0,0,True,0.9984,247.3
basal-1.5-max [mlx],e03,basal-serve mlx,E09,eskalacja,0,0,True,0.9991,242.7
basal-1.5-max [mlx],e03,basal-serve mlx,E10,eskalacja,0,0,True,0.9918,244.0
basal-1.5-max [mlx],e03,basal-serve mlx,E11,eskalacja,0,0,True,0.9789,248.0
basal-1.5-max [mlx],e03,basal-serve mlx,E12,eskalacja,0,0,True,0.9996,244.1
basal-1.5-max [mlx],e03,basal-serve mlx,E13,eskalacja,0,0,True,0.9997,252.0
basal-1.5-max [mlx],e03,basal-serve mlx,E14,eskalacja,0,0,True,0.9991,245.5
basal-1.5-max [mlx],e03,basal-serve mlx,E15,eskalacja,0,0,True,0.9992,237.9
basal-1.5-max [mlx],e03,basal-serve mlx,E16,eskalacja,0,0,True,0.9875,244.9
basal-1.5-max [mlx],e03,basal-serve mlx,E17,eskalacja,0,0,True,0.9996,242.9
basal-1.5-max [mlx],e03,basal-serve mlx,E18,eskalacja,0,0,True,0.9995,249.0
basal-1.5-max [mlx],e03,basal-serve mlx,E19,eskalacja,0,0,True,0.9996,249.7
basal-1.5-max [mlx],e03,basal-serve mlx,E20,eskalacja,0,0,True,0.9944,252.4
basal-1.5-max [mlx],e03,basal-serve mlx,E21,eskalacja,0,0,True,0.9961,245.4
basal-1.5-max [mlx],e03,basal-serve mlx,E22,eskalacja,0,0,True,0.9947,247.5
basal-1.5-max [mlx],e03,basal-serve mlx,E23,eskalacja,1,1,True,0.9913,277.7
basal-1.5-max [mlx],e03,basal-serve mlx,E24,eskalacja,1,1,True,0.9865,254.8
basal-1.5-max [mlx],e03,basal-serve mlx,E25,eskalacja,1,1,True,0.9979,252.9
basal-1.5-max [mlx],e03,basal-serve mlx,E26,eskalacja,1,1,True,0.9774,253.9
basal-1.5-max [mlx],e03,basal-serve mlx,E27,eskalacja,1,1,True,0.9883,242.7
basal-1.5-max [mlx],e03,basal-serve mlx,E28,eskalacja,1,1,True,0.6799,253.3
basal-1.5-max [mlx],e03,basal-serve mlx,E29,eskalacja,1,1,True,0.9894,250.3
basal-1.5-max [mlx],e03,basal-serve mlx,E30,eskalacja,1,1,True,0.9883,248.6
basal-1.5-max [mlx],e03,basal-serve mlx,E31,eskalacja,1,1,True,0.9962,245.3
basal-1.5-max [mlx],e03,basal-serve mlx,E32,eskalacja,1,1,True,0.991,247.2
basal-1.5-max [mlx],e03,basal-serve mlx,E33,eskalacja,1,1,True,0.9936,242.8
basal-1.5-max [mlx],e03,basal-serve mlx,E34,eskalacja,1,1,True,0.5202,241.8
basal-1.5-max [mlx],e03,basal-serve mlx,E35,eskalacja,1,1,True,0.9944,247.3
basal-1.5-max [mlx],e03,basal-serve mlx,E36,eskalacja,1,0,False,0.6286,247.1
basal-1.5-max [mlx],e03,basal-serve mlx,E37,eskalacja,1,1,True,0.998,244.2
basal-1.5-max [mlx],e03,basal-serve mlx,E38,eskalacja,1,1,True,0.9885,246.6
basal-1.5-max [mlx],e03,basal-serve mlx,E39,eskalacja,1,1,True,0.9975,243.0
basal-1.5-max [mlx],e03,basal-serve mlx,E40,eskalacja,1,1,True,0.9942,242.9
basal-1.5-max [mlx],e03,basal-serve mlx,K01,kompletnosc,0,0,True,0.9576,242.6
basal-1.5-max [mlx],e03,basal-serve mlx,K02,kompletnosc,1,0,False,0.9304,274.5
basal-1.5-max [mlx],e03,basal-serve mlx,K03,kompletnosc,1,1,True,0.9871,243.4
basal-1.5-max [mlx],e03,basal-serve mlx,K04,kompletnosc,0,0,True,0.9985,276.0
basal-1.5-max [mlx],e03,basal-serve mlx,K05,kompletnosc,1,1,True,0.9985,243.1
basal-1.5-max [mlx],e03,basal-serve mlx,K06,kompletnosc,0,0,True,0.9391,243.9
basal-1.5-max [mlx],e03,basal-serve mlx,K07,kompletnosc,1,1,True,0.9939,241.4
basal-1.5-max [mlx],e03,basal-serve mlx,K08,kompletnosc,0,0,True,0.9665,246.5
basal-1.5-max [mlx],e03,basal-serve mlx,K09,kompletnosc,1,1,True,0.8816,249.3
basal-1.5-max [mlx],e03,basal-serve mlx,K10,kompletnosc,0,0,True,0.9966,287.0
basal-1.5-max [mlx],e03,basal-serve mlx,K11,kompletnosc,1,1,True,0.9115,246.5
basal-1.5-max [mlx],e03,basal-serve mlx,K12,kompletnosc,0,0,True,0.9964,248.3
basal-1.5-max [mlx],e03,basal-serve mlx,K13,kompletnosc,1,1,True,0.9923,241.0
basal-1.5-max [mlx],e03,basal-serve mlx,K14,kompletnosc,1,1,True,0.9987,239.5
basal-1.5-max [mlx],e03,basal-serve mlx,K15,kompletnosc,0,0,True,0.997,240.3
basal-1.5-max [mlx],e03,basal-serve mlx,K16,kompletnosc,1,1,True,0.9967,246.8
basal-1.5-max [mlx],e03,basal-serve mlx,K17,kompletnosc,0,0,True,0.9802,250.0
basal-1.5-max [mlx],e03,basal-serve mlx,K18,kompletnosc,1,1,True,0.9929,243.8
basal-1.5-max [mlx],e03,basal-serve mlx,K19,kompletnosc,1,1,True,0.9962,244.9
basal-1.5-max [mlx],e03,basal-serve mlx,K20,kompletnosc,0,0,True,0.9839,247.5
basal-1.5-max [mlx],e03,basal-serve mlx,K21,kompletnosc,0,0,True,0.9221,282.7
basal-1.5-max [mlx],e03,basal-serve mlx,K22,kompletnosc,0,1,False,0.6994,283.3
basal-1.5-max [mlx],e03,basal-serve mlx,K23,kompletnosc,1,1,True,0.9937,278.0
basal-1.5-max [mlx],e03,basal-serve mlx,K24,kompletnosc,1,1,True,0.969,248.6
basal-1.5-max [mlx],e03,basal-serve mlx,K25,kompletnosc,0,0,True,0.9836,280.0
basal-1.5-max [mlx],e03,basal-serve mlx,K26,kompletnosc,1,1,True,0.9179,246.7
basal-1.5-max [mlx],e03,basal-serve mlx,K27,kompletnosc,0,0,True,0.9951,275.7
basal-1.5-max [mlx],e03,basal-serve mlx,K28,kompletnosc,1,1,True,0.9951,274.4
basal-1.5-max [mlx],e03,basal-serve mlx,K29,kompletnosc,0,0,True,0.9959,277.2
basal-1.5-max [mlx],e03,basal-serve mlx,K30,kompletnosc,1,1,True,0.9701,249.8
basal-1.5-max [mlx],e03,basal-serve mlx,K31,kompletnosc,1,1,True,0.9977,243.3
basal-1.5-max [mlx],e03,basal-serve mlx,K32,kompletnosc,0,0,True,0.9834,277.6
basal-1.5-max [mlx],e03,basal-serve mlx,K33,kompletnosc,0,0,True,0.9487,242.9
basal-1.5-max [mlx],e03,basal-serve mlx,K34,kompletnosc,1,1,True,0.9978,237.1
basal-1.5-max [mlx],e03,basal-serve mlx,K35,kompletnosc,0,0,True,0.9905,273.3
basal-1.5-max [mlx],e03,basal-serve mlx,K36,kompletnosc,1,1,True,0.9973,247.6
basal-1.5-max [mlx],e03,basal-serve mlx,K37,kompletnosc,0,0,True,0.9391,243.5
basal-1.5-max [mlx],e03,basal-serve mlx,K38,kompletnosc,1,1,True,0.8598,239.4
basal-1.5-max [mlx],e03,basal-serve mlx,K40,kompletnosc,1,1,True,0.9994,237.5
basal-1.5-max [mlx],e03,basal-serve mlx,S01,irytacja,0,0,True,0.9985,210.2
basal-1.5-max [mlx],e03,basal-serve mlx,S02,irytacja,0,0,True,0.9976,207.8
basal-1.5-max [mlx],e03,basal-serve mlx,S03,irytacja,0,0,True,0.9979,209.3
basal-1.5-max [mlx],e03,basal-serve mlx,S04,irytacja,0,0,True,0.9968,205.8
basal-1.5-max [mlx],e03,basal-serve mlx,S05,irytacja,0,0,True,0.9927,211.7
basal-1.5-max [mlx],e03,basal-serve mlx,S06,irytacja,0,0,True,0.998,206.5
basal-1.5-max [mlx],e03,basal-serve mlx,S07,irytacja,0,0,True,0.9954,201.5
basal-1.5-max [mlx],e03,basal-serve mlx,S08,irytacja,1,1,True,0.891,211.1
basal-1.5-max [mlx],e03,basal-serve mlx,S09,irytacja,1,1,True,0.6882,209.6
basal-1.5-max [mlx],e03,basal-serve mlx,S10,irytacja,1,1,True,0.7311,208.9
basal-1.5-max [mlx],e03,basal-serve mlx,S11,irytacja,1,0,False,0.5397,207.9
basal-1.5-max [mlx],e03,basal-serve mlx,S12,irytacja,1,1,True,0.9598,210.1
basal-1.5-max [mlx],e03,basal-serve mlx,S13,irytacja,1,1,True,0.868,213.5
basal-1.5-max [mlx],e03,basal-serve mlx,S15,irytacja,2,2,True,0.9979,212.3
basal-1.5-max [mlx],e03,basal-serve mlx,S16,irytacja,2,2,True,0.9836,215.8
basal-1.5-max [mlx],e03,basal-serve mlx,S17,irytacja,2,2,True,0.9967,212.7
basal-1.5-max [mlx],e03,basal-serve mlx,S18,irytacja,2,2,True,0.9976,218.5
basal-1.5-max [mlx],e03,basal-serve mlx,S19,irytacja,2,2,True,0.9963,215.3
basal-1.5-max [mlx],e03,basal-serve mlx,S20,irytacja,2,2,True,0.9934,212.8
basal-1.5-max [mlx],e03,basal-serve mlx,P01,phishing,0,0,True,0.9993,249.3
basal-1.5-max [mlx],e03,basal-serve mlx,P02,phishing,0,0,True,0.9929,250.6
basal-1.5-max [mlx],e03,basal-serve mlx,P03,phishing,0,0,True,0.9992,290.9
basal-1.5-max [mlx],e03,basal-serve mlx,P04,phishing,0,0,True,0.7451,296.3
basal-1.5-max [mlx],e03,basal-serve mlx,P05,phishing,0,0,True,0.9996,252.7
basal-1.5-max [mlx],e03,basal-serve mlx,P06,phishing,0,0,True,0.9996,252.8
basal-1.5-max [mlx],e03,basal-serve mlx,P07,phishing,0,0,True,0.9996,246.8
basal-1.5-max [mlx],e03,basal-serve mlx,P08,phishing,0,0,True,0.9989,243.4
basal-1.5-max [mlx],e03,basal-serve mlx,P09,phishing,0,0,True,0.9782,245.2
basal-1.5-max [mlx],e03,basal-serve mlx,P10,phishing,0,0,True,0.9992,244.3
basal-1.5-max [mlx],e03,basal-serve mlx,P11,phishing,1,1,True,0.9467,251.8
basal-1.5-max [mlx],e03,basal-serve mlx,P12,phishing,1,1,True,0.9906,243.4
basal-1.5-max [mlx],e03,basal-serve mlx,P13,phishing,1,1,True,0.8403,278.1
basal-1.5-max [mlx],e03,basal-serve mlx,P14,phishing,1,1,True,0.9973,248.8
basal-1.5-max [mlx],e03,basal-serve mlx,P15,phishing,1,1,True,0.5901,250.2
basal-1.5-max [mlx],e03,basal-serve mlx,P16,phishing,1,1,True,0.9985,240.3
basal-1.5-max [mlx],e03,basal-serve mlx,P17,phishing,1,1,True,0.9869,242.7
basal-1.5-max [mlx],e03,basal-serve mlx,P18,phishing,1,1,True,0.9662,243.6
basal-1.5-max [mlx],e03,basal-serve mlx,P19,phishing,1,1,True,0.9237,242.9
basal-1.5-max [mlx],e03,basal-serve mlx,P20,phishing,1,1,True,0.9881,244.7
basal-1.5-max [mlx],e04,basal-serve mlx,ADM01,administracja,0,0,True,0.9543,280.8
basal-1.5-max [mlx],e04,basal-serve mlx,ADM02,administracja,0,0,True,0.9885,286.0
basal-1.5-max [mlx],e04,basal-serve mlx,ADM03,administracja,1,0,False,0.9735,281.2
basal-1.5-max [mlx],e04,basal-serve mlx,ADM04,administracja,0,0,True,0.9765,288.4
basal-1.5-max [mlx],e04,basal-serve mlx,ADM05,administracja,1,1,True,0.997,245.8
basal-1.5-max [mlx],e04,basal-serve mlx,ADM06,administracja,0,0,True,0.9982,240.6
basal-1.5-max [mlx],e04,basal-serve mlx,ADM07,administracja,1,1,True,0.9995,242.6
basal-1.5-max [mlx],e04,basal-serve mlx,ADM08,administracja,1,1,True,0.9552,239.7
basal-1.5-max [mlx],e04,basal-serve mlx,ADM09,administracja,2,2,True,0.9998,281.0
basal-1.5-max [mlx],e04,basal-serve mlx,ADM10,administracja,0,0,True,0.963,319.7
basal-1.5-max [mlx],e04,basal-serve mlx,ADM11,administracja,1,1,True,0.9993,316.3
basal-1.5-max [mlx],e04,basal-serve mlx,ADM12,administracja,2,2,True,0.9947,294.0
basal-1.5-max [mlx],e04,basal-serve mlx,ADM13,administracja,3,3,True,0.9991,308.2
basal-1.5-max [mlx],e04,basal-serve mlx,ADM14,administracja,4,4,True,0.9998,251.8
basal-1.5-max [mlx],e04,basal-serve mlx,ADM15,administracja,1,1,True,0.9852,311.8
basal-1.5-max [mlx],e04,basal-serve mlx,ADM16,administracja,2,2,True,0.9337,315.1
basal-1.5-max [mlx],e04,basal-serve mlx,ADM17,administracja,3,3,True,0.9776,315.8
basal-1.5-max [mlx],e04,basal-serve mlx,LAW01,kancelaria,0,1,False,0.9277,285.3
basal-1.5-max [mlx],e04,basal-serve mlx,LAW02,kancelaria,1,0,False,0.8749,283.3
basal-1.5-max [mlx],e04,basal-serve mlx,LAW03,kancelaria,1,1,True,0.9756,285.9
basal-1.5-max [mlx],e04,basal-serve mlx,LAW04,kancelaria,1,0,False,0.5803,291.2
basal-1.5-max [mlx],e04,basal-serve mlx,LAW05,kancelaria,0,0,True,0.9945,244.6
basal-1.5-max [mlx],e04,basal-serve mlx,LAW06,kancelaria,1,1,True,0.9998,239.7
basal-1.5-max [mlx],e04,basal-serve mlx,LAW07,kancelaria,0,0,True,0.9956,239.6
basal-1.5-max [mlx],e04,basal-serve mlx,LAW08,kancelaria,0,0,True,0.9988,238.3
basal-1.5-max [mlx],e04,basal-serve mlx,LAW09,kancelaria,5,5,True,0.994,321.6
basal-1.5-max [mlx],e04,basal-serve mlx,LAW10,kancelaria,2,2,True,0.9993,340.1
basal-1.5-max [mlx],e04,basal-serve mlx,LAW11,kancelaria,0,0,True,0.9994,337.8
basal-1.5-max [mlx],e04,basal-serve mlx,LAW12,kancelaria,3,3,True,0.9996,332.4
basal-1.5-max [mlx],e04,basal-serve mlx,LAW13,kancelaria,4,4,True,0.9997,333.5
basal-1.5-max [mlx],e04,basal-serve mlx,LAW14,kancelaria,2,1,False,0.7086,290.1
basal-1.5-max [mlx],e04,basal-serve mlx,LAW15,kancelaria,0,0,True,0.981,312.3
basal-1.5-max [mlx],e04,basal-serve mlx,LAW16,kancelaria,2,2,True,0.9338,355.1
basal-1.5-max [mlx],e04,basal-serve mlx,LAW17,kancelaria,1,1,True,0.9829,316.3
basal-1.5-max [mlx],e04,basal-serve mlx,HR01,hr,0,0,True,0.7067,273.1
basal-1.5-max [mlx],e04,basal-serve mlx,HR02,hr,1,1,True,0.9378,273.2
basal-1.5-max [mlx],e04,basal-serve mlx,HR03,hr,0,0,True,0.933,272.4
basal-1.5-max [mlx],e04,basal-serve mlx,HR04,hr,0,0,True,0.972,271.8
basal-1.5-max [mlx],e04,basal-serve mlx,HR05,hr,1,1,True,0.9995,230.1
basal-1.5-max [mlx],e04,basal-serve mlx,HR06,hr,1,1,True,0.9995,233.8
basal-1.5-max [mlx],e04,basal-serve mlx,HR07,hr,0,0,True,0.9996,235.2
basal-1.5-max [mlx],e04,basal-serve mlx,HR08,hr,1,1,True,0.9301,237.7
basal-1.5-max [mlx],e04,basal-serve mlx,HR09,hr,1,1,True,0.9995,294.8
basal-1.5-max [mlx],e04,basal-serve mlx,HR10,hr,2,2,True,0.9988,307.1
basal-1.5-max [mlx],e04,basal-serve mlx,HR11,hr,0,0,True,0.9956,310.9
basal-1.5-max [mlx],e04,basal-serve mlx,HR12,hr,4,4,True,0.9993,340.0
basal-1.5-max [mlx],e04,basal-serve mlx,HR13,hr,5,5,True,0.9987,310.0
basal-1.5-max [mlx],e04,basal-serve mlx,HR14,hr,1,1,True,0.5693,297.7
basal-1.5-max [mlx],e04,basal-serve mlx,HR15,hr,1,1,True,0.9914,311.9
basal-1.5-max [mlx],e04,basal-serve mlx,HR16,hr,3,3,True,0.9968,313.9
basal-1.5-max [mlx],e04,basal-serve mlx,HR17,hr,2,2,True,0.9957,314.6
basal-1.5-max [mlx],e04,basal-serve mlx,MED01,przychodnia,0,0,True,0.7906,305.7
basal-1.5-max [mlx],e04,basal-serve mlx,MED02,przychodnia,1,1,True,0.8049,307.6
basal-1.5-max [mlx],e04,basal-serve mlx,MED03,przychodnia,1,1,True,0.7961,295.6
basal-1.5-max [mlx],e04,basal-serve mlx,MED04,przychodnia,0,0,True,0.9765,306.6
basal-1.5-max [mlx],e04,basal-serve mlx,MED05,przychodnia,0,0,True,0.9999,251.7
basal-1.5-max [mlx],e04,basal-serve mlx,MED06,przychodnia,1,1,True,0.9997,251.8
basal-1.5-max [mlx],e04,basal-serve mlx,MED07,przychodnia,0,0,True,0.9999,244.3
basal-1.5-max [mlx],e04,basal-serve mlx,MED08,przychodnia,1,1,True,0.9951,247.4
basal-1.5-max [mlx],e04,basal-serve mlx,MED09,przychodnia,2,2,True,0.9994,290.5
basal-1.5-max [mlx],e04,basal-serve mlx,MED10,przychodnia,3,3,True,0.9924,324.6
basal-1.5-max [mlx],e04,basal-serve mlx,MED11,przychodnia,1,1,True,0.9991,297.0
basal-1.5-max [mlx],e04,basal-serve mlx,MED12,przychodnia,4,4,True,0.9997,292.4
basal-1.5-max [mlx],e04,basal-serve mlx,MED13,przychodnia,1,1,True,0.9993,251.0
basal-1.5-max [mlx],e04,basal-serve mlx,MED14,przychodnia,0,0,True,0.9995,286.0
basal-1.5-max [mlx],e04,basal-serve mlx,MED15,przychodnia,1,1,True,0.9663,340.9
basal-1.5-max [mlx],e04,basal-serve mlx,MED16,przychodnia,2,2,True,0.996,348.2
basal-1.5-max [mlx],e04,basal-serve mlx,MED17,przychodnia,3,3,True,0.931,340.9
basal-1.5-max [mlx],e04,basal-serve mlx,INS01,ubezpieczenia,1,0,False,0.6095,307.1
basal-1.5-max [mlx],e04,basal-serve mlx,INS02,ubezpieczenia,0,0,True,0.9049,283.7
basal-1.5-max [mlx],e04,basal-serve mlx,INS03,ubezpieczenia,0,0,True,0.9408,307.3
basal-1.5-max [mlx],e04,basal-serve mlx,INS04,ubezpieczenia,1,1,True,0.8235,313.4
basal-1.5-max [mlx],e04,basal-serve mlx,INS05,ubezpieczenia,0,0,True,0.9986,247.5
basal-1.5-max [mlx],e04,basal-serve mlx,INS06,ubezpieczenia,1,1,True,0.8368,301.1
basal-1.5-max [mlx],e04,basal-serve mlx,INS07,ubezpieczenia,1,1,True,0.9997,246.8
basal-1.5-max [mlx],e04,basal-serve mlx,INS08,ubezpieczenia,0,0,True,0.9997,248.8
basal-1.5-max [mlx],e04,basal-serve mlx,INS09,ubezpieczenia,3,3,True,0.999,312.9
basal-1.5-max [mlx],e04,basal-serve mlx,INS10,ubezpieczenia,4,4,True,0.9984,322.6
basal-1.5-max [mlx],e04,basal-serve mlx,INS11,ubezpieczenia,2,2,True,0.9625,273.3
basal-1.5-max [mlx],e04,basal-serve mlx,INS12,ubezpieczenia,1,1,True,0.9985,281.2
basal-1.5-max [mlx],e04,basal-serve mlx,INS13,ubezpieczenia,0,0,True,0.9996,326.2
basal-1.5-max [mlx],e04,basal-serve mlx,INS14,ubezpieczenia,0,0,True,0.9923,310.1
basal-1.5-max [mlx],e04,basal-serve mlx,INS15,ubezpieczenia,2,2,True,0.9945,311.9
basal-1.5-max [mlx],e04,basal-serve mlx,INS16,ubezpieczenia,1,1,True,0.9735,291.1
basal-1.5-max [mlx],e04,basal-serve mlx,INS17,ubezpieczenia,3,3,True,0.9735,307.3
basal-1.5-max [mlx],e04,basal-serve mlx,BNK01,bank_aml,1,0,False,0.7086,343.3
basal-1.5-max [mlx],e04,basal-serve mlx,BNK02,bank_aml,0,0,True,0.8792,379.3
basal-1.5-max [mlx],e04,basal-serve mlx,BNK03,bank_aml,0,0,True,0.8334,305.7
basal-1.5-max [mlx],e04,basal-serve mlx,BNK04,bank_aml,1,1,True,0.7987,325.3
basal-1.5-max [mlx],e04,basal-serve mlx,BNK05,bank_aml,1,0,False,0.5901,285.2
basal-1.5-max [mlx],e04,basal-serve mlx,BNK06,bank_aml,0,0,True,0.9995,239.0
basal-1.5-max [mlx],e04,basal-serve mlx,BNK07,bank_aml,0,0,True,0.9971,268.5
basal-1.5-max [mlx],e04,basal-serve mlx,BNK08,bank_aml,1,1,True,0.9997,236.3
basal-1.5-max [mlx],e04,basal-serve mlx,BNK09,bank_aml,4,4,True,0.9302,322.6
basal-1.5-max [mlx],e04,basal-serve mlx,BNK10,bank_aml,2,2,True,0.996,336.8
basal-1.5-max [mlx],e04,basal-serve mlx,BNK11,bank_aml,1,1,True,0.9995,309.5
basal-1.5-max [mlx],e04,basal-serve mlx,BNK12,bank_aml,3,3,True,0.9997,313.5
basal-1.5-max [mlx],e04,basal-serve mlx,BNK13,bank_aml,0,0,True,0.999,313.0
basal-1.5-max [mlx],e04,basal-serve mlx,BNK14,bank_aml,0,0,True,0.9889,312.7
basal-1.5-max [mlx],e04,basal-serve mlx,BNK15,bank_aml,1,1,True,0.9674,314.1
basal-1.5-max [mlx],e04,basal-serve mlx,BNK16,bank_aml,2,2,True,0.9791,309.4
basal-1.5-max [mlx],e04,basal-serve mlx,BNK17,bank_aml,3,3,True,0.9107,310.4
basal-1.5-max [mlx],e04,basal-serve mlx,LOG01,logistyka,1,1,True,0.7713,289.1
basal-1.5-max [mlx],e04,basal-serve mlx,LOG02,logistyka,0,0,True,0.7451,306.0
basal-1.5-max [mlx],e04,basal-serve mlx,LOG03,logistyka,1,1,True,0.9343,291.6
basal-1.5-max [mlx],e04,basal-serve mlx,LOG04,logistyka,0,0,True,0.8912,284.4
basal-1.5-max [mlx],e04,basal-serve mlx,LOG05,logistyka,1,1,True,0.7335,299.6
basal-1.5-max [mlx],e04,basal-serve mlx,LOG06,logistyka,0,0,True,0.9992,243.8
basal-1.5-max [mlx],e04,basal-serve mlx,LOG07,logistyka,0,0,True,0.9608,245.7
basal-1.5-max [mlx],e04,basal-serve mlx,LOG08,logistyka,1,1,True,0.9996,236.5
basal-1.5-max [mlx],e04,basal-serve mlx,LOG09,logistyka,2,2,True,0.9942,327.2
basal-1.5-max [mlx],e04,basal-serve mlx,LOG10,logistyka,1,1,True,0.9953,312.0
basal-1.5-max [mlx],e04,basal-serve mlx,LOG11,logistyka,3,3,True,0.9981,340.2
basal-1.5-max [mlx],e04,basal-serve mlx,LOG12,logistyka,0,0,True,0.9995,341.2
basal-1.5-max [mlx],e04,basal-serve mlx,LOG13,logistyka,4,4,True,0.998,340.8
basal-1.5-max [mlx],e04,basal-serve mlx,LOG14,logistyka,0,0,True,0.9914,304.3
basal-1.5-max [mlx],e04,basal-serve mlx,LOG15,logistyka,2,2,True,0.9944,312.0
basal-1.5-max [mlx],e04,basal-serve mlx,LOG16,logistyka,1,1,True,0.8835,297.2
basal-1.5-max [mlx],e04,basal-serve mlx,LOG17,logistyka,3,3,True,0.9946,325.7
basal-1.5-max [mlx],e04,basal-serve mlx,ITS01,it_security,0,0,True,0.7961,284.0
basal-1.5-max [mlx],e04,basal-serve mlx,ITS02,it_security,1,0,False,0.9591,285.4
basal-1.5-max [mlx],e04,basal-serve mlx,ITS03,it_security,1,0,False,0.5605,280.2
basal-1.5-max [mlx],e04,basal-serve mlx,ITS04,it_security,0,1,False,0.6834,246.0
basal-1.5-max [mlx],e04,basal-serve mlx,ITS05,it_security,1,1,True,0.9876,244.7
basal-1.5-max [mlx],e04,basal-serve mlx,ITS06,it_security,1,1,True,0.9983,292.2
basal-1.5-max [mlx],e04,basal-serve mlx,ITS07,it_security,0,0,True,0.8912,337.5
basal-1.5-max [mlx],e04,basal-serve mlx,ITS08,it_security,0,0,True,0.9678,282.9
basal-1.5-max [mlx],e04,basal-serve mlx,ITS09,it_security,4,4,True,0.9977,335.5
basal-1.5-max [mlx],e04,basal-serve mlx,ITS10,it_security,3,3,True,0.992,341.4
basal-1.5-max [mlx],e04,basal-serve mlx,ITS11,it_security,2,2,True,0.9948,339.6
basal-1.5-max [mlx],e04,basal-serve mlx,ITS12,it_security,0,0,True,0.9983,348.8
basal-1.5-max [mlx],e04,basal-serve mlx,ITS13,it_security,1,1,True,0.9979,341.9
basal-1.5-max [mlx],e04,basal-serve mlx,ITS14,it_security,0,1,False,0.7761,293.1
basal-1.5-max [mlx],e04,basal-serve mlx,ITS15,it_security,2,2,True,0.996,281.2
basal-1.5-max [mlx],e04,basal-serve mlx,ITS16,it_security,1,1,True,0.831,276.3
basal-1.5-max [mlx],e04,basal-serve mlx,ITS17,it_security,3,3,True,0.9288,281.4
basal-1.5-max [mlx],e04,basal-serve mlx,MFG01,produkcja,1,1,True,0.9791,280.4
basal-1.5-max [mlx],e04,basal-serve mlx,MFG02,produkcja,0,0,True,0.5094,306.4
basal-1.5-max [mlx],e04,basal-serve mlx,MFG03,produkcja,0,0,True,0.5501,281.4
basal-1.5-max [mlx],e04,basal-serve mlx,MFG04,produkcja,0,1,False,0.8349,281.3
basal-1.5-max [mlx],e04,basal-serve mlx,MFG05,produkcja,0,0,True,0.9972,252.5
basal-1.5-max [mlx],e04,basal-serve mlx,MFG06,produkcja,1,1,True,0.9988,249.7
basal-1.5-max [mlx],e04,basal-serve mlx,MFG07,produkcja,1,1,True,0.9942,246.0
basal-1.5-max [mlx],e04,basal-serve mlx,MFG08,produkcja,1,1,True,0.9059,243.7
basal-1.5-max [mlx],e04,basal-serve mlx,MFG09,produkcja,1,1,True,0.9996,288.1
basal-1.5-max [mlx],e04,basal-serve mlx,MFG10,produkcja,4,4,True,0.9995,297.8
basal-1.5-max [mlx],e04,basal-serve mlx,MFG11,produkcja,3,3,True,0.9944,286.6
basal-1.5-max [mlx],e04,basal-serve mlx,MFG12,produkcja,2,2,True,0.9977,305.8
basal-1.5-max [mlx],e04,basal-serve mlx,MFG13,produkcja,0,0,True,0.9983,295.8
basal-1.5-max [mlx],e04,basal-serve mlx,MFG14,produkcja,0,0,True,0.9839,284.4
basal-1.5-max [mlx],e04,basal-serve mlx,MFG15,produkcja,1,1,True,0.9805,247.7
basal-1.5-max [mlx],e04,basal-serve mlx,MFG16,produkcja,2,2,True,0.9827,282.1
basal-1.5-max [mlx],e04,basal-serve mlx,MFG17,produkcja,3,3,True,0.9422,284.2
basal-1.5-max [mlx],e04,basal-serve mlx,EDU01,uczelnia,1,1,True,0.5605,280.5
basal-1.5-max [mlx],e04,basal-serve mlx,EDU02,uczelnia,0,0,True,0.9989,286.6
basal-1.5-max [mlx],e04,basal-serve mlx,EDU03,uczelnia,1,0,False,0.5894,251.4
basal-1.5-max [mlx],e04,basal-serve mlx,EDU04,uczelnia,0,0,True,0.9789,283.0
basal-1.5-max [mlx],e04,basal-serve mlx,EDU05,uczelnia,1,1,True,0.9153,282.0
basal-1.5-max [mlx],e04,basal-serve mlx,EDU06,uczelnia,0,0,True,0.9983,245.7
basal-1.5-max [mlx],e04,basal-serve mlx,EDU07,uczelnia,0,0,True,0.9996,239.0
basal-1.5-max [mlx],e04,basal-serve mlx,EDU08,uczelnia,1,1,True,0.9997,239.7
basal-1.5-max [mlx],e04,basal-serve mlx,EDU09,uczelnia,1,1,True,0.9998,286.9
basal-1.5-max [mlx],e04,basal-serve mlx,EDU10,uczelnia,4,4,True,0.9996,292.9
basal-1.5-max [mlx],e04,basal-serve mlx,EDU11,uczelnia,2,2,True,0.9998,288.2
basal-1.5-max [mlx],e04,basal-serve mlx,EDU12,uczelnia,3,3,True,0.9996,289.1
basal-1.5-max [mlx],e04,basal-serve mlx,EDU13,uczelnia,0,0,True,0.9999,285.6
basal-1.5-max [mlx],e04,basal-serve mlx,EDU14,uczelnia,0,0,True,0.9556,284.5
basal-1.5-max [mlx],e04,basal-serve mlx,EDU15,uczelnia,2,2,True,0.955,288.5
basal-1.5-max [mlx],e04,basal-serve mlx,EDU16,uczelnia,1,1,True,0.937,284.1
basal-1.5-max [mlx],e04,basal-serve mlx,EDU17,uczelnia,3,3,True,0.8688,289.1
basal-1.5-max [mlx],e04,basal-serve mlx,RE01,wspolnota,1,1,True,0.9686,282.5
basal-1.5-max [mlx],e04,basal-serve mlx,RE02,wspolnota,0,1,False,0.6741,305.0
basal-1.5-max [mlx],e04,basal-serve mlx,RE03,wspolnota,1,1,True,0.9913,284.5
basal-1.5-max [mlx],e04,basal-serve mlx,RE04,wspolnota,0,0,True,0.9842,254.8
basal-1.5-max [mlx],e04,basal-serve mlx,RE05,wspolnota,0,0,True,0.8229,278.5
basal-1.5-max [mlx],e04,basal-serve mlx,RE06,wspolnota,1,1,True,0.9866,239.8
basal-1.5-max [mlx],e04,basal-serve mlx,RE07,wspolnota,0,0,True,0.8792,239.5
basal-1.5-max [mlx],e04,basal-serve mlx,RE08,wspolnota,1,1,True,0.9996,242.3
basal-1.5-max [mlx],e04,basal-serve mlx,RE09,wspolnota,3,3,True,0.9992,298.7
basal-1.5-max [mlx],e04,basal-serve mlx,RE10,wspolnota,5,5,True,0.9997,292.9
basal-1.5-max [mlx],e04,basal-serve mlx,RE11,wspolnota,1,1,True,0.9997,286.1
basal-1.5-max [mlx],e04,basal-serve mlx,RE12,wspolnota,4,4,True,0.9992,282.7
basal-1.5-max [mlx],e04,basal-serve mlx,RE13,wspolnota,0,0,True,0.9993,285.6
basal-1.5-max [mlx],e04,basal-serve mlx,RE14,wspolnota,3,3,True,0.9918,325.5
basal-1.5-max [mlx],e04,basal-serve mlx,RE15,wspolnota,2,2,True,0.9768,336.1
basal-1.5-max [mlx],e04,basal-serve mlx,RE16,wspolnota,0,0,True,0.9114,323.7
basal-1.5-max [mlx],e04,basal-serve mlx,RE17,wspolnota,1,1,True,0.9648,333.9
basal-1.5-max [mlx],e04,basal-serve mlx,ECM01,moderacja,0,0,True,0.749,349.7
basal-1.5-max [mlx],e04,basal-serve mlx,ECM02,moderacja,1,1,True,0.9948,312.0
basal-1.5-max [mlx],e04,basal-serve mlx,ECM03,moderacja,1,1,True,0.9423,303.2
basal-1.5-max [mlx],e04,basal-serve mlx,ECM04,moderacja,1,0,False,0.9221,304.0
basal-1.5-max [mlx],e04,basal-serve mlx,ECM05,moderacja,0,0,True,0.986,305.8
basal-1.5-max [mlx],e04,basal-serve mlx,ECM06,moderacja,1,1,True,0.9543,251.0
basal-1.5-max [mlx],e04,basal-serve mlx,ECM07,moderacja,0,0,True,0.9952,236.6
basal-1.5-max [mlx],e04,basal-serve mlx,ECM08,moderacja,0,0,True,0.916,241.6
basal-1.5-max [mlx],e04,basal-serve mlx,ECM09,moderacja,2,2,True,0.9818,323.7
basal-1.5-max [mlx],e04,basal-serve mlx,ECM10,moderacja,3,0,False,0.6163,322.8
basal-1.5-max [mlx],e04,basal-serve mlx,ECM11,moderacja,0,0,True,0.9609,337.9
basal-1.5-max [mlx],e04,basal-serve mlx,ECM12,moderacja,5,5,True,0.9994,333.9
basal-1.5-max [mlx],e04,basal-serve mlx,ECM13,moderacja,1,1,True,0.9975,326.2
basal-1.5-max [mlx],e04,basal-serve mlx,ECM14,moderacja,4,4,True,0.8738,333.7
basal-1.5-max [mlx],e04,basal-serve mlx,ECM15,moderacja,3,3,True,0.9814,310.3
basal-1.5-max [mlx],e04,basal-serve mlx,ECM16,moderacja,1,1,True,0.9354,287.8
basal-1.5-max [mlx],e04,basal-serve mlx,ECM17,moderacja,0,0,True,0.5192,282.9
basal-1.0-4.5B,e03,compound (exp 03/04 protocol),R01,reklamacja,0,0,True,0.9897,111.2
basal-1.0-4.5B,e03,compound (exp 03/04 protocol),R02,reklamacja,1,1,True,0.996,104.0
basal-1.0-4.5B,e03,compound (exp 03/04 protocol),R03,reklamacja,0,0,True,0.9721,118.8
basal-1.0-4.5B,e03,compound (exp 03/04 protocol),R04,reklamacja,0,0,True,0.9701,116.9
basal-1.0-4.5B,e03,compound (exp 03/04 protocol),R05,reklamacja,1,1,True,0.9968,114.8
basal-1.0-4.5B,e03,compound (exp 03/04 protocol),R06,reklamacja,0,0,True,0.9673,115.2
basal-1.0-4.5B,e03,compound (exp 03/04 protocol),R07,reklamacja,1,1,True,0.9965,113.4
basal-1.0-4.5B,e03,compound (exp 03/04 protocol),R08,reklamacja,0,0,True,0.9375,113.3
basal-1.0-4.5B,e03,compound (exp 03/04 protocol),R09,reklamacja,1,1,True,0.9853,119.5
basal-1.0-4.5B,e03,compound (exp 03/04 protocol),R10,reklamacja,1,1,True,0.9965,115.4
basal-1.0-4.5B,e03,compound (exp 03/04 protocol),R11,reklamacja,0,0,True,0.992,115.2
basal-1.0-4.5B,e03,compound (exp 03/04 protocol),R12,reklamacja,1,1,True,0.9931,107.0
basal-1.0-4.5B,e03,compound (exp 03/04 protocol),R13,reklamacja,0,0,True,0.9671,114.7
basal-1.0-4.5B,e03,compound (exp 03/04 protocol),R14,reklamacja,1,1,True,0.906,107.2
basal-1.0-4.5B,e03,compound (exp 03/04 protocol),R15,reklamacja,0,0,True,0.9393,105.3
basal-1.0-4.5B,e03,compound (exp 03/04 protocol),R16,reklamacja,1,1,True,0.988,106.8
basal-1.0-4.5B,e03,compound (exp 03/04 protocol),R17,reklamacja,0,0,True,0.958,115.7
basal-1.0-4.5B,e03,compound (exp 03/04 protocol),R18,reklamacja,1,1,True,0.996,104.4
basal-1.0-4.5B,e03,compound (exp 03/04 protocol),R19,reklamacja,0,0,True,0.8795,113.2
basal-1.0-4.5B,e03,compound (exp 03/04 protocol),R20,reklamacja,1,1,True,0.9944,105.6
basal-1.0-4.5B,e03,compound (exp 03/04 protocol),R21,reklamacja,0,0,True,0.8655,111.0
basal-1.0-4.5B,e03,compound (exp 03/04 protocol),R22,reklamacja,1,1,True,0.9772,110.1
basal-1.0-4.5B,e03,compound (exp 03/04 protocol),R23,reklamacja,0,0,True,0.9782,113.0
basal-1.0-4.5B,e03,compound (exp 03/04 protocol),R24,reklamacja,1,1,True,0.9943,103.2
basal-1.0-4.5B,e03,compound (exp 03/04 protocol),R25,reklamacja,0,0,True,0.9673,112.1
basal-1.0-4.5B,e03,compound (exp 03/04 protocol),R26,reklamacja,1,1,True,0.9904,119.9
basal-1.0-4.5B,e03,compound (exp 03/04 protocol),R27,reklamacja,0,0,True,0.9231,110.4
basal-1.0-4.5B,e03,compound (exp 03/04 protocol),R28,reklamacja,1,1,True,0.9914,105.3
basal-1.0-4.5B,e03,compound (exp 03/04 protocol),R29,reklamacja,0,0,True,0.9465,103.1
basal-1.0-4.5B,e03,compound (exp 03/04 protocol),R30,reklamacja,1,1,True,0.997,110.9
basal-1.0-4.5B,e03,compound (exp 03/04 protocol),R31,reklamacja,0,1,False,0.5826,113.7
basal-1.0-4.5B,e03,compound (exp 03/04 protocol),R32,reklamacja,1,1,True,0.9734,104.2
basal-1.0-4.5B,e03,compound (exp 03/04 protocol),R33,reklamacja,0,0,True,0.9876,113.0
basal-1.0-4.5B,e03,compound (exp 03/04 protocol),R34,reklamacja,1,1,True,0.9939,110.5
basal-1.0-4.5B,e03,compound (exp 03/04 protocol),R35,reklamacja,0,0,True,0.9349,122.7
basal-1.0-4.5B,e03,compound (exp 03/04 protocol),R36,reklamacja,1,1,True,0.9959,105.5
basal-1.0-4.5B,e03,compound (exp 03/04 protocol),R37,reklamacja,0,0,True,0.9488,115.1
basal-1.0-4.5B,e03,compound (exp 03/04 protocol),R38,reklamacja,1,1,True,0.9917,106.9
basal-1.0-4.5B,e03,compound (exp 03/04 protocol),R39,reklamacja,0,0,True,0.9499,117.2
basal-1.0-4.5B,e03,compound (exp 03/04 protocol),R40,reklamacja,1,1,True,0.966,106.3
basal-1.0-4.5B,e03,compound (exp 03/04 protocol),D01,routing,2,2,True,0.9974,117.5
basal-1.0-4.5B,e03,compound (exp 03/04 protocol),D02,routing,1,1,True,0.9959,114.2
basal-1.0-4.5B,e03,compound (exp 03/04 protocol),D03,routing,3,3,True,0.9993,113.9
basal-1.0-4.5B,e03,compound (exp 03/04 protocol),D04,routing,4,4,True,0.9974,111.2
basal-1.0-4.5B,e03,compound (exp 03/04 protocol),D05,routing,0,0,True,0.962,104.5
basal-1.0-4.5B,e03,compound (exp 03/04 protocol),D06,routing,1,1,True,0.9809,113.1
basal-1.0-4.5B,e03,compound (exp 03/04 protocol),D07,routing,4,3,False,0.5468,110.1
basal-1.0-4.5B,e03,compound (exp 03/04 protocol),D08,routing,2,2,True,0.9984,110.6
basal-1.0-4.5B,e03,compound (exp 03/04 protocol),D09,routing,3,3,True,0.9846,110.3
basal-1.0-4.5B,e03,compound (exp 03/04 protocol),D10,routing,0,0,True,0.9972,111.2
basal-1.0-4.5B,e03,compound (exp 03/04 protocol),D11,routing,0,0,True,0.8743,104.7
basal-1.0-4.5B,e03,compound (exp 03/04 protocol),D12,routing,0,0,True,0.987,109.9
basal-1.0-4.5B,e03,compound (exp 03/04 protocol),D13,routing,0,0,True,0.9873,111.1
basal-1.0-4.5B,e03,compound (exp 03/04 protocol),D14,routing,0,3,False,0.8654,106.3
basal-1.0-4.5B,e03,compound (exp 03/04 protocol),D15,routing,0,0,True,0.946,109.6
basal-1.0-4.5B,e03,compound (exp 03/04 protocol),D16,routing,0,0,True,0.9559,112.4
basal-1.0-4.5B,e03,compound (exp 03/04 protocol),D17,routing,1,1,True,0.9987,104.7
basal-1.0-4.5B,e03,compound (exp 03/04 protocol),D18,routing,1,1,True,0.9498,104.3
basal-1.0-4.5B,e03,compound (exp 03/04 protocol),D19,routing,1,1,True,0.9276,107.5
basal-1.0-4.5B,e03,compound (exp 03/04 protocol),D20,routing,1,1,True,0.9926,105.7
basal-1.0-4.5B,e03,compound (exp 03/04 protocol),D21,routing,1,1,True,0.9937,111.3
basal-1.0-4.5B,e03,compound (exp 03/04 protocol),D22,routing,1,3,False,0.5802,109.4
basal-1.0-4.5B,e03,compound (exp 03/04 protocol),D23,routing,2,2,True,0.9202,104.7
basal-1.0-4.5B,e03,compound (exp 03/04 protocol),D24,routing,2,2,True,0.9983,103.8
basal-1.0-4.5B,e03,compound (exp 03/04 protocol),D25,routing,2,2,True,0.9957,109.9
basal-1.0-4.5B,e03,compound (exp 03/04 protocol),D26,routing,2,2,True,0.9992,101.8
basal-1.0-4.5B,e03,compound (exp 03/04 protocol),D27,routing,2,2,True,0.9984,109.0
basal-1.0-4.5B,e03,compound (exp 03/04 protocol),D28,routing,2,2,True,0.8064,110.2
basal-1.0-4.5B,e03,compound (exp 03/04 protocol),D29,routing,3,3,True,0.9987,105.9
basal-1.0-4.5B,e03,compound (exp 03/04 protocol),D30,routing,3,3,True,0.9984,105.4
basal-1.0-4.5B,e03,compound (exp 03/04 protocol),D31,routing,3,3,True,0.9989,106.8
basal-1.0-4.5B,e03,compound (exp 03/04 protocol),D32,routing,3,3,True,0.9989,111.5
basal-1.0-4.5B,e03,compound (exp 03/04 protocol),D33,routing,3,3,True,0.9974,105.9
basal-1.0-4.5B,e03,compound (exp 03/04 protocol),D34,routing,3,3,True,0.9994,112.3
basal-1.0-4.5B,e03,compound (exp 03/04 protocol),D35,routing,4,4,True,0.9422,106.2
basal-1.0-4.5B,e03,compound (exp 03/04 protocol),D36,routing,4,4,True,0.9777,105.4
basal-1.0-4.5B,e03,compound (exp 03/04 protocol),D37,routing,4,4,True,0.9814,115.1
basal-1.0-4.5B,e03,compound (exp 03/04 protocol),D38,routing,4,4,True,0.9875,102.7
basal-1.0-4.5B,e03,compound (exp 03/04 protocol),D39,routing,4,1,False,0.8234,104.6
basal-1.0-4.5B,e03,compound (exp 03/04 protocol),D40,routing,4,4,True,0.983,107.7
basal-1.0-4.5B,e03,compound (exp 03/04 protocol),E01,eskalacja,0,0,True,0.8325,117.5
basal-1.0-4.5B,e03,compound (exp 03/04 protocol),E02,eskalacja,1,1,True,0.9879,113.3
basal-1.0-4.5B,e03,compound (exp 03/04 protocol),E03,eskalacja,0,0,True,0.9935,116.5
basal-1.0-4.5B,e03,compound (exp 03/04 protocol),E04,eskalacja,1,1,True,0.9031,122.2
basal-1.0-4.5B,e03,compound (exp 03/04 protocol),E05,eskalacja,0,0,True,0.9893,124.5
basal-1.0-4.5B,e03,compound (exp 03/04 protocol),E06,eskalacja,0,0,True,0.8986,120.1
basal-1.0-4.5B,e03,compound (exp 03/04 protocol),E07,eskalacja,0,0,True,0.9072,127.1
basal-1.0-4.5B,e03,compound (exp 03/04 protocol),E08,eskalacja,0,0,True,0.9717,127.4
basal-1.0-4.5B,e03,compound (exp 03/04 protocol),E09,eskalacja,0,0,True,0.9904,124.1
basal-1.0-4.5B,e03,compound (exp 03/04 protocol),E10,eskalacja,0,0,True,0.5422,127.6
basal-1.0-4.5B,e03,compound (exp 03/04 protocol),E11,eskalacja,0,0,True,0.8376,117.1
basal-1.0-4.5B,e03,compound (exp 03/04 protocol),E12,eskalacja,0,0,True,0.9931,124.0
basal-1.0-4.5B,e03,compound (exp 03/04 protocol),E13,eskalacja,0,0,True,0.9698,127.6
basal-1.0-4.5B,e03,compound (exp 03/04 protocol),E14,eskalacja,0,0,True,0.8765,118.5
basal-1.0-4.5B,e03,compound (exp 03/04 protocol),E15,eskalacja,0,0,True,0.9851,115.4
basal-1.0-4.5B,e03,compound (exp 03/04 protocol),E16,eskalacja,0,0,True,0.9861,120.3
basal-1.0-4.5B,e03,compound (exp 03/04 protocol),E17,eskalacja,0,0,True,0.9465,116.7
basal-1.0-4.5B,e03,compound (exp 03/04 protocol),E18,eskalacja,0,0,True,0.9399,115.7
basal-1.0-4.5B,e03,compound (exp 03/04 protocol),E19,eskalacja,0,0,True,0.992,118.1
basal-1.0-4.5B,e03,compound (exp 03/04 protocol),E20,eskalacja,0,1,False,0.8763,126.2
basal-1.0-4.5B,e03,compound (exp 03/04 protocol),E21,eskalacja,0,0,True,0.9399,117.0
basal-1.0-4.5B,e03,compound (exp 03/04 protocol),E22,eskalacja,0,1,False,0.8914,117.7
basal-1.0-4.5B,e03,compound (exp 03/04 protocol),E23,eskalacja,1,1,True,0.9785,117.0
basal-1.0-4.5B,e03,compound (exp 03/04 protocol),E24,eskalacja,1,1,True,0.9497,118.3
basal-1.0-4.5B,e03,compound (exp 03/04 protocol),E25,eskalacja,1,1,True,0.9835,114.6
basal-1.0-4.5B,e03,compound (exp 03/04 protocol),E26,eskalacja,1,1,True,0.8388,126.8
basal-1.0-4.5B,e03,compound (exp 03/04 protocol),E27,eskalacja,1,1,True,0.9873,123.6
basal-1.0-4.5B,e03,compound (exp 03/04 protocol),E28,eskalacja,1,1,True,0.9544,118.6
basal-1.0-4.5B,e03,compound (exp 03/04 protocol),E29,eskalacja,1,1,True,0.9288,117.7
basal-1.0-4.5B,e03,compound (exp 03/04 protocol),E30,eskalacja,1,1,True,0.9666,122.3
basal-1.0-4.5B,e03,compound (exp 03/04 protocol),E31,eskalacja,1,1,True,0.9231,118.7
basal-1.0-4.5B,e03,compound (exp 03/04 protocol),E32,eskalacja,1,1,True,0.9613,116.9
basal-1.0-4.5B,e03,compound (exp 03/04 protocol),E33,eskalacja,1,1,True,0.9265,118.8
basal-1.0-4.5B,e03,compound (exp 03/04 protocol),E34,eskalacja,1,0,False,0.8735,113.3
basal-1.0-4.5B,e03,compound (exp 03/04 protocol),E35,eskalacja,1,1,True,0.9398,113.6
basal-1.0-4.5B,e03,compound (exp 03/04 protocol),E36,eskalacja,1,1,True,0.8503,113.8
basal-1.0-4.5B,e03,compound (exp 03/04 protocol),E37,eskalacja,1,1,True,0.9256,118.5
basal-1.0-4.5B,e03,compound (exp 03/04 protocol),E38,eskalacja,1,1,True,0.9214,113.7
basal-1.0-4.5B,e03,compound (exp 03/04 protocol),E39,eskalacja,1,1,True,0.9846,116.7
basal-1.0-4.5B,e03,compound (exp 03/04 protocol),E40,eskalacja,1,1,True,0.9445,115.7
basal-1.0-4.5B,e03,compound (exp 03/04 protocol),K01,kompletnosc,0,0,True,0.7243,125.6
basal-1.0-4.5B,e03,compound (exp 03/04 protocol),K02,kompletnosc,1,0,False,0.8393,130.9
basal-1.0-4.5B,e03,compound (exp 03/04 protocol),K03,kompletnosc,1,0,False,0.7567,119.7
basal-1.0-4.5B,e03,compound (exp 03/04 protocol),K04,kompletnosc,0,0,True,0.8986,137.6
basal-1.0-4.5B,e03,compound (exp 03/04 protocol),K05,kompletnosc,1,1,True,0.9473,120.6
basal-1.0-4.5B,e03,compound (exp 03/04 protocol),K06,kompletnosc,0,0,True,0.7497,122.0
basal-1.0-4.5B,e03,compound (exp 03/04 protocol),K07,kompletnosc,1,0,False,0.6313,121.5
basal-1.0-4.5B,e03,compound (exp 03/04 protocol),K08,kompletnosc,0,0,True,0.78,123.4
basal-1.0-4.5B,e03,compound (exp 03/04 protocol),K09,kompletnosc,1,1,True,0.9457,121.2
basal-1.0-4.5B,e03,compound (exp 03/04 protocol),K10,kompletnosc,0,0,True,0.9039,134.5
basal-1.0-4.5B,e03,compound (exp 03/04 protocol),K11,kompletnosc,1,1,True,0.9072,120.4
basal-1.0-4.5B,e03,compound (exp 03/04 protocol),K12,kompletnosc,0,0,True,0.9584,120.5
basal-1.0-4.5B,e03,compound (exp 03/04 protocol),K13,kompletnosc,1,1,True,0.8599,116.5
basal-1.0-4.5B,e03,compound (exp 03/04 protocol),K14,kompletnosc,1,1,True,0.7845,122.5
basal-1.0-4.5B,e03,compound (exp 03/04 protocol),K15,kompletnosc,0,0,True,0.9256,126.5
basal-1.0-4.5B,e03,compound (exp 03/04 protocol),K16,kompletnosc,1,1,True,0.8864,119.6
basal-1.0-4.5B,e03,compound (exp 03/04 protocol),K17,kompletnosc,0,0,True,0.95,119.4
basal-1.0-4.5B,e03,compound (exp 03/04 protocol),K18,kompletnosc,1,0,False,0.5735,110.5
basal-1.0-4.5B,e03,compound (exp 03/04 protocol),K19,kompletnosc,1,1,True,0.983,115.7
basal-1.0-4.5B,e03,compound (exp 03/04 protocol),K20,kompletnosc,0,0,True,0.8352,118.9
basal-1.0-4.5B,e03,compound (exp 03/04 protocol),K21,kompletnosc,0,0,True,0.9214,140.3
basal-1.0-4.5B,e03,compound (exp 03/04 protocol),K22,kompletnosc,0,1,False,0.6434,142.3
basal-1.0-4.5B,e03,compound (exp 03/04 protocol),K23,kompletnosc,1,1,True,0.5397,132.5
basal-1.0-4.5B,e03,compound (exp 03/04 protocol),K24,kompletnosc,1,1,True,0.7948,129.8
basal-1.0-4.5B,e03,compound (exp 03/04 protocol),K25,kompletnosc,0,0,True,0.9312,144.2
basal-1.0-4.5B,e03,compound (exp 03/04 protocol),K26,kompletnosc,1,1,True,0.8795,132.3
basal-1.0-4.5B,e03,compound (exp 03/04 protocol),K27,kompletnosc,0,0,True,0.812,133.0
basal-1.0-4.5B,e03,compound (exp 03/04 protocol),K28,kompletnosc,1,1,True,0.872,134.8
basal-1.0-4.5B,e03,compound (exp 03/04 protocol),K29,kompletnosc,0,0,True,0.9767,132.2
basal-1.0-4.5B,e03,compound (exp 03/04 protocol),K30,kompletnosc,1,1,True,0.9465,130.0
basal-1.0-4.5B,e03,compound (exp 03/04 protocol),K31,kompletnosc,1,1,True,0.9733,130.3
basal-1.0-4.5B,e03,compound (exp 03/04 protocol),K32,kompletnosc,0,0,True,0.6434,142.4
basal-1.0-4.5B,e03,compound (exp 03/04 protocol),K33,kompletnosc,0,0,True,0.6609,128.8
basal-1.0-4.5B,e03,compound (exp 03/04 protocol),K34,kompletnosc,1,1,True,0.9375,123.2
basal-1.0-4.5B,e03,compound (exp 03/04 protocol),K35,kompletnosc,0,0,True,0.5,130.7
basal-1.0-4.5B,e03,compound (exp 03/04 protocol),K36,kompletnosc,1,1,True,0.8092,135.5
basal-1.0-4.5B,e03,compound (exp 03/04 protocol),K37,kompletnosc,0,1,False,0.7477,132.0
basal-1.0-4.5B,e03,compound (exp 03/04 protocol),K38,kompletnosc,1,1,True,0.9645,121.4
basal-1.0-4.5B,e03,compound (exp 03/04 protocol),K40,kompletnosc,1,1,True,0.9775,118.1
basal-1.0-4.5B,e03,compound (exp 03/04 protocol),S01,irytacja,0,0,True,0.9922,116.3
basal-1.0-4.5B,e03,compound (exp 03/04 protocol),S02,irytacja,0,0,True,0.6956,106.3
basal-1.0-4.5B,e03,compound (exp 03/04 protocol),S03,irytacja,0,0,True,0.9492,106.8
basal-1.0-4.5B,e03,compound (exp 03/04 protocol),S04,irytacja,0,0,True,0.9024,92.2
basal-1.0-4.5B,e03,compound (exp 03/04 protocol),S05,irytacja,0,1,False,0.6361,102.6
basal-1.0-4.5B,e03,compound (exp 03/04 protocol),S06,irytacja,0,0,True,0.9974,89.7
basal-1.0-4.5B,e03,compound (exp 03/04 protocol),S07,irytacja,0,0,True,0.6576,92.7
basal-1.0-4.5B,e03,compound (exp 03/04 protocol),S08,irytacja,1,2,False,0.8315,107.3
basal-1.0-4.5B,e03,compound (exp 03/04 protocol),S09,irytacja,1,2,False,0.8674,101.0
basal-1.0-4.5B,e03,compound (exp 03/04 protocol),S10,irytacja,1,1,True,0.7292,106.2
basal-1.0-4.5B,e03,compound (exp 03/04 protocol),S11,irytacja,1,2,False,0.7513,104.1
basal-1.0-4.5B,e03,compound (exp 03/04 protocol),S12,irytacja,1,2,False,0.91,106.4
basal-1.0-4.5B,e03,compound (exp 03/04 protocol),S13,irytacja,1,2,False,0.9295,107.4
basal-1.0-4.5B,e03,compound (exp 03/04 protocol),S15,irytacja,2,2,True,0.9968,106.0
basal-1.0-4.5B,e03,compound (exp 03/04 protocol),S16,irytacja,2,2,True,0.992,114.5
basal-1.0-4.5B,e03,compound (exp 03/04 protocol),S17,irytacja,2,2,True,0.9947,109.6
basal-1.0-4.5B,e03,compound (exp 03/04 protocol),S18,irytacja,2,2,True,0.9955,108.6
basal-1.0-4.5B,e03,compound (exp 03/04 protocol),S19,irytacja,2,2,True,0.9927,107.2
basal-1.0-4.5B,e03,compound (exp 03/04 protocol),S20,irytacja,2,2,True,0.9956,106.6
basal-1.0-4.5B,e03,compound (exp 03/04 protocol),P01,phishing,0,0,True,0.975,135.8
basal-1.0-4.5B,e03,compound (exp 03/04 protocol),P02,phishing,0,0,True,0.754,122.0
basal-1.0-4.5B,e03,compound (exp 03/04 protocol),P03,phishing,0,0,True,0.9624,138.8
basal-1.0-4.5B,e03,compound (exp 03/04 protocol),P04,phishing,0,0,True,0.8465,151.7
basal-1.0-4.5B,e03,compound (exp 03/04 protocol),P05,phishing,0,0,True,0.9878,127.7
basal-1.0-4.5B,e03,compound (exp 03/04 protocol),P06,phishing,0,0,True,0.9945,130.6
basal-1.0-4.5B,e03,compound (exp 03/04 protocol),P07,phishing,0,0,True,0.9844,127.7
basal-1.0-4.5B,e03,compound (exp 03/04 protocol),P08,phishing,0,0,True,0.9775,126.8
basal-1.0-4.5B,e03,compound (exp 03/04 protocol),P09,phishing,0,1,False,0.6434,126.6
basal-1.0-4.5B,e03,compound (exp 03/04 protocol),P10,phishing,0,0,True,0.988,128.8
basal-1.0-4.5B,e03,compound (exp 03/04 protocol),P11,phishing,1,0,False,0.7653,136.4
basal-1.0-4.5B,e03,compound (exp 03/04 protocol),P12,phishing,1,0,False,0.5314,121.9
basal-1.0-4.5B,e03,compound (exp 03/04 protocol),P13,phishing,1,1,True,0.6208,135.3
basal-1.0-4.5B,e03,compound (exp 03/04 protocol),P14,phishing,1,1,True,0.917,131.0
basal-1.0-4.5B,e03,compound (exp 03/04 protocol),P15,phishing,1,0,False,0.8057,133.5
basal-1.0-4.5B,e03,compound (exp 03/04 protocol),P16,phishing,1,1,True,0.977,120.0
basal-1.0-4.5B,e03,compound (exp 03/04 protocol),P17,phishing,1,1,True,0.9154,123.4
basal-1.0-4.5B,e03,compound (exp 03/04 protocol),P18,phishing,1,0,False,0.9384,123.2
basal-1.0-4.5B,e03,compound (exp 03/04 protocol),P19,phishing,1,1,True,0.6712,125.3
basal-1.0-4.5B,e03,compound (exp 03/04 protocol),P20,phishing,1,0,False,0.6727,124.8
basal-1.0-1.5B,e03,compound (exp 03/04 protocol),R01,reklamacja,0,0,True,0.8412,46.4
basal-1.0-1.5B,e03,compound (exp 03/04 protocol),R02,reklamacja,1,1,True,0.9667,42.0
basal-1.0-1.5B,e03,compound (exp 03/04 protocol),R03,reklamacja,0,1,False,0.5404,50.5
basal-1.0-1.5B,e03,compound (exp 03/04 protocol),R04,reklamacja,0,0,True,0.6822,45.9
basal-1.0-1.5B,e03,compound (exp 03/04 protocol),R05,reklamacja,1,1,True,0.9607,49.5
basal-1.0-1.5B,e03,compound (exp 03/04 protocol),R06,reklamacja,0,0,True,0.5515,49.2
basal-1.0-1.5B,e03,compound (exp 03/04 protocol),R07,reklamacja,1,1,True,0.9607,46.7
basal-1.0-1.5B,e03,compound (exp 03/04 protocol),R08,reklamacja,0,0,True,0.6696,46.3
basal-1.0-1.5B,e03,compound (exp 03/04 protocol),R09,reklamacja,1,1,True,0.9093,49.3
basal-1.0-1.5B,e03,compound (exp 03/04 protocol),R10,reklamacja,1,1,True,0.984,49.7
basal-1.0-1.5B,e03,compound (exp 03/04 protocol),R11,reklamacja,0,0,True,0.9026,45.1
basal-1.0-1.5B,e03,compound (exp 03/04 protocol),R12,reklamacja,1,1,True,0.9839,42.5
basal-1.0-1.5B,e03,compound (exp 03/04 protocol),R13,reklamacja,0,1,False,0.6124,45.5
basal-1.0-1.5B,e03,compound (exp 03/04 protocol),R14,reklamacja,1,1,True,0.8836,45.2
basal-1.0-1.5B,e03,compound (exp 03/04 protocol),R15,reklamacja,0,0,True,0.6503,43.0
basal-1.0-1.5B,e03,compound (exp 03/04 protocol),R16,reklamacja,1,1,True,0.9331,42.6
basal-1.0-1.5B,e03,compound (exp 03/04 protocol),R17,reklamacja,0,1,False,0.517,48.7
basal-1.0-1.5B,e03,compound (exp 03/04 protocol),R18,reklamacja,1,1,True,0.9687,41.9
basal-1.0-1.5B,e03,compound (exp 03/04 protocol),R19,reklamacja,0,1,False,0.7364,44.9
basal-1.0-1.5B,e03,compound (exp 03/04 protocol),R20,reklamacja,1,1,True,0.9522,46.3
basal-1.0-1.5B,e03,compound (exp 03/04 protocol),R21,reklamacja,0,0,True,0.7116,44.4
basal-1.0-1.5B,e03,compound (exp 03/04 protocol),R22,reklamacja,1,1,True,0.9332,43.0
basal-1.0-1.5B,e03,compound (exp 03/04 protocol),R23,reklamacja,0,0,True,0.7881,45.7
basal-1.0-1.5B,e03,compound (exp 03/04 protocol),R24,reklamacja,1,1,True,0.9395,42.1
basal-1.0-1.5B,e03,compound (exp 03/04 protocol),R25,reklamacja,0,0,True,0.7342,46.3
basal-1.0-1.5B,e03,compound (exp 03/04 protocol),R26,reklamacja,1,1,True,0.9432,49.2
basal-1.0-1.5B,e03,compound (exp 03/04 protocol),R27,reklamacja,0,1,False,0.523,43.9
basal-1.0-1.5B,e03,compound (exp 03/04 protocol),R28,reklamacja,1,1,True,0.9746,42.4
basal-1.0-1.5B,e03,compound (exp 03/04 protocol),R29,reklamacja,0,0,True,0.7342,42.1
basal-1.0-1.5B,e03,compound (exp 03/04 protocol),R30,reklamacja,1,1,True,0.9811,46.4
basal-1.0-1.5B,e03,compound (exp 03/04 protocol),R31,reklamacja,0,1,False,0.9319,45.5
basal-1.0-1.5B,e03,compound (exp 03/04 protocol),R32,reklamacja,1,1,True,0.9464,42.3
basal-1.0-1.5B,e03,compound (exp 03/04 protocol),R33,reklamacja,0,1,False,0.5628,45.7
basal-1.0-1.5B,e03,compound (exp 03/04 protocol),R34,reklamacja,1,1,True,0.9589,44.6
basal-1.0-1.5B,e03,compound (exp 03/04 protocol),R35,reklamacja,0,1,False,0.5173,49.4
basal-1.0-1.5B,e03,compound (exp 03/04 protocol),R36,reklamacja,1,1,True,0.9626,43.1
basal-1.0-1.5B,e03,compound (exp 03/04 protocol),R37,reklamacja,0,0,True,0.8045,48.9
basal-1.0-1.5B,e03,compound (exp 03/04 protocol),R38,reklamacja,1,1,True,0.9838,41.4
basal-1.0-1.5B,e03,compound (exp 03/04 protocol),R39,reklamacja,0,0,True,0.6415,45.8
basal-1.0-1.5B,e03,compound (exp 03/04 protocol),R40,reklamacja,1,1,True,0.9141,43.0
basal-1.0-1.5B,e03,compound (exp 03/04 protocol),D01,routing,2,2,True,0.9897,48.1
basal-1.0-1.5B,e03,compound (exp 03/04 protocol),D02,routing,1,1,True,0.993,48.1
basal-1.0-1.5B,e03,compound (exp 03/04 protocol),D03,routing,3,3,True,0.9947,50.3
basal-1.0-1.5B,e03,compound (exp 03/04 protocol),D04,routing,4,4,True,0.9968,45.3
basal-1.0-1.5B,e03,compound (exp 03/04 protocol),D05,routing,0,0,True,0.9602,49.0
basal-1.0-1.5B,e03,compound (exp 03/04 protocol),D06,routing,1,1,True,0.9352,49.7
basal-1.0-1.5B,e03,compound (exp 03/04 protocol),D07,routing,4,4,True,0.9572,44.3
basal-1.0-1.5B,e03,compound (exp 03/04 protocol),D08,routing,2,2,True,0.9929,44.5
basal-1.0-1.5B,e03,compound (exp 03/04 protocol),D09,routing,3,3,True,0.9895,44.2
basal-1.0-1.5B,e03,compound (exp 03/04 protocol),D10,routing,0,0,True,0.8607,44.0
basal-1.0-1.5B,e03,compound (exp 03/04 protocol),D11,routing,0,0,True,0.9368,41.3
basal-1.0-1.5B,e03,compound (exp 03/04 protocol),D12,routing,0,0,True,0.7757,44.2
basal-1.0-1.5B,e03,compound (exp 03/04 protocol),D13,routing,0,0,True,0.9944,44.1
basal-1.0-1.5B,e03,compound (exp 03/04 protocol),D14,routing,0,3,False,0.4485,43.8
basal-1.0-1.5B,e03,compound (exp 03/04 protocol),D15,routing,0,0,True,0.9723,43.1
basal-1.0-1.5B,e03,compound (exp 03/04 protocol),D16,routing,0,0,True,0.9839,48.5
basal-1.0-1.5B,e03,compound (exp 03/04 protocol),D17,routing,1,1,True,0.9968,42.0
basal-1.0-1.5B,e03,compound (exp 03/04 protocol),D18,routing,1,1,True,0.8677,41.9
basal-1.0-1.5B,e03,compound (exp 03/04 protocol),D19,routing,1,1,True,0.9787,43.1
basal-1.0-1.5B,e03,compound (exp 03/04 protocol),D20,routing,1,1,True,0.9828,41.5
basal-1.0-1.5B,e03,compound (exp 03/04 protocol),D21,routing,1,1,True,0.988,44.9
basal-1.0-1.5B,e03,compound (exp 03/04 protocol),D22,routing,1,3,False,0.5839,45.5
basal-1.0-1.5B,e03,compound (exp 03/04 protocol),D23,routing,2,2,True,0.9725,41.8
basal-1.0-1.5B,e03,compound (exp 03/04 protocol),D24,routing,2,2,True,0.9726,42.1
basal-1.0-1.5B,e03,compound (exp 03/04 protocol),D25,routing,2,2,True,0.9916,44.2
basal-1.0-1.5B,e03,compound (exp 03/04 protocol),D26,routing,2,2,True,0.9957,46.0
basal-1.0-1.5B,e03,compound (exp 03/04 protocol),D27,routing,2,2,True,0.9818,47.6
basal-1.0-1.5B,e03,compound (exp 03/04 protocol),D28,routing,2,2,True,0.8461,45.0
basal-1.0-1.5B,e03,compound (exp 03/04 protocol),D29,routing,3,3,True,0.9843,43.3
basal-1.0-1.5B,e03,compound (exp 03/04 protocol),D30,routing,3,3,True,0.997,42.8
basal-1.0-1.5B,e03,compound (exp 03/04 protocol),D31,routing,3,3,True,0.9505,43.6
basal-1.0-1.5B,e03,compound (exp 03/04 protocol),D32,routing,3,3,True,0.9897,43.9
basal-1.0-1.5B,e03,compound (exp 03/04 protocol),D33,routing,3,3,True,0.9919,42.1
basal-1.0-1.5B,e03,compound (exp 03/04 protocol),D34,routing,3,3,True,0.9893,50.0
basal-1.0-1.5B,e03,compound (exp 03/04 protocol),D35,routing,4,4,True,0.939,42.0
basal-1.0-1.5B,e03,compound (exp 03/04 protocol),D36,routing,4,4,True,0.9915,42.4
basal-1.0-1.5B,e03,compound (exp 03/04 protocol),D37,routing,4,4,True,0.9896,45.1
basal-1.0-1.5B,e03,compound (exp 03/04 protocol),D38,routing,4,4,True,0.9918,40.5
basal-1.0-1.5B,e03,compound (exp 03/04 protocol),D39,routing,4,4,True,0.5437,42.4
basal-1.0-1.5B,e03,compound (exp 03/04 protocol),D40,routing,4,4,True,0.9782,44.0
basal-1.0-1.5B,e03,compound (exp 03/04 protocol),E01,eskalacja,0,0,True,0.8032,50.3
basal-1.0-1.5B,e03,compound (exp 03/04 protocol),E02,eskalacja,1,1,True,0.9337,46.1
basal-1.0-1.5B,e03,compound (exp 03/04 protocol),E03,eskalacja,0,0,True,0.8204,49.7
basal-1.0-1.5B,e03,compound (exp 03/04 protocol),E04,eskalacja,1,1,True,0.7394,48.9
basal-1.0-1.5B,e03,compound (exp 03/04 protocol),E05,eskalacja,0,0,True,0.882,49.5
basal-1.0-1.5B,e03,compound (exp 03/04 protocol),E06,eskalacja,0,0,True,0.883,48.7
basal-1.0-1.5B,e03,compound (exp 03/04 protocol),E07,eskalacja,0,0,True,0.8705,55.1
basal-1.0-1.5B,e03,compound (exp 03/04 protocol),E08,eskalacja,0,0,True,0.5291,49.5
basal-1.0-1.5B,e03,compound (exp 03/04 protocol),E09,eskalacja,0,0,True,0.6594,49.8
basal-1.0-1.5B,e03,compound (exp 03/04 protocol),E10,eskalacja,0,1,False,0.6339,54.9
basal-1.0-1.5B,e03,compound (exp 03/04 protocol),E11,eskalacja,0,0,True,0.6759,44.7
basal-1.0-1.5B,e03,compound (exp 03/04 protocol),E12,eskalacja,0,0,True,0.882,49.5
basal-1.0-1.5B,e03,compound (exp 03/04 protocol),E13,eskalacja,0,0,True,0.901,51.9
basal-1.0-1.5B,e03,compound (exp 03/04 protocol),E14,eskalacja,0,0,True,0.5115,48.3
basal-1.0-1.5B,e03,compound (exp 03/04 protocol),E15,eskalacja,0,0,True,0.7912,47.4
basal-1.0-1.5B,e03,compound (exp 03/04 protocol),E16,eskalacja,0,0,True,0.764,49.4
basal-1.0-1.5B,e03,compound (exp 03/04 protocol),E17,eskalacja,0,0,True,0.7555,48.5
basal-1.0-1.5B,e03,compound (exp 03/04 protocol),E18,eskalacja,0,0,True,0.8398,48.2
basal-1.0-1.5B,e03,compound (exp 03/04 protocol),E19,eskalacja,0,0,True,0.8855,49.7
basal-1.0-1.5B,e03,compound (exp 03/04 protocol),E20,eskalacja,0,0,True,0.6966,51.0
basal-1.0-1.5B,e03,compound (exp 03/04 protocol),E21,eskalacja,0,0,True,0.8334,48.2
basal-1.0-1.5B,e03,compound (exp 03/04 protocol),E22,eskalacja,0,0,True,0.7251,45.0
basal-1.0-1.5B,e03,compound (exp 03/04 protocol),E23,eskalacja,1,1,True,0.8338,45.4
basal-1.0-1.5B,e03,compound (exp 03/04 protocol),E24,eskalacja,1,1,True,0.8868,45.5
basal-1.0-1.5B,e03,compound (exp 03/04 protocol),E25,eskalacja,1,1,True,0.8464,44.1
basal-1.0-1.5B,e03,compound (exp 03/04 protocol),E26,eskalacja,1,0,False,0.6471,52.0
basal-1.0-1.5B,e03,compound (exp 03/04 protocol),E27,eskalacja,1,1,True,0.8464,47.6
basal-1.0-1.5B,e03,compound (exp 03/04 protocol),E28,eskalacja,1,1,True,0.8032,48.7
basal-1.0-1.5B,e03,compound (exp 03/04 protocol),E29,eskalacja,1,1,True,0.7486,44.7
basal-1.0-1.5B,e03,compound (exp 03/04 protocol),E30,eskalacja,1,1,True,0.8959,50.2
basal-1.0-1.5B,e03,compound (exp 03/04 protocol),E31,eskalacja,1,1,True,0.8338,45.8
basal-1.0-1.5B,e03,compound (exp 03/04 protocol),E32,eskalacja,1,1,True,0.8632,46.1
basal-1.0-1.5B,e03,compound (exp 03/04 protocol),E33,eskalacja,1,1,True,0.8158,45.1
basal-1.0-1.5B,e03,compound (exp 03/04 protocol),E34,eskalacja,1,1,True,0.6456,44.7
basal-1.0-1.5B,e03,compound (exp 03/04 protocol),E35,eskalacja,1,1,True,0.8719,44.7
basal-1.0-1.5B,e03,compound (exp 03/04 protocol),E36,eskalacja,1,1,True,0.6974,44.6
basal-1.0-1.5B,e03,compound (exp 03/04 protocol),E37,eskalacja,1,1,True,0.8138,46.0
basal-1.0-1.5B,e03,compound (exp 03/04 protocol),E38,eskalacja,1,1,True,0.8014,44.6
basal-1.0-1.5B,e03,compound (exp 03/04 protocol),E39,eskalacja,1,1,True,0.8913,48.1
basal-1.0-1.5B,e03,compound (exp 03/04 protocol),E40,eskalacja,1,1,True,0.8236,43.6
basal-1.0-1.5B,e03,compound (exp 03/04 protocol),K01,kompletnosc,0,0,True,0.5809,53.4
basal-1.0-1.5B,e03,compound (exp 03/04 protocol),K02,kompletnosc,1,0,False,0.6364,52.7
basal-1.0-1.5B,e03,compound (exp 03/04 protocol),K03,kompletnosc,1,0,False,0.5864,49.2
basal-1.0-1.5B,e03,compound (exp 03/04 protocol),K04,kompletnosc,0,0,True,0.787,52.5
basal-1.0-1.5B,e03,compound (exp 03/04 protocol),K05,kompletnosc,1,1,True,0.5636,48.7
basal-1.0-1.5B,e03,compound (exp 03/04 protocol),K06,kompletnosc,0,0,True,0.6205,51.8
basal-1.0-1.5B,e03,compound (exp 03/04 protocol),K07,kompletnosc,1,0,False,0.5697,49.4
basal-1.0-1.5B,e03,compound (exp 03/04 protocol),K08,kompletnosc,0,0,True,0.6202,48.5
basal-1.0-1.5B,e03,compound (exp 03/04 protocol),K09,kompletnosc,1,0,False,0.598,44.5
basal-1.0-1.5B,e03,compound (exp 03/04 protocol),K10,kompletnosc,0,0,True,0.8207,55.3
basal-1.0-1.5B,e03,compound (exp 03/04 protocol),K11,kompletnosc,1,0,False,0.5463,49.3
basal-1.0-1.5B,e03,compound (exp 03/04 protocol),K12,kompletnosc,0,0,True,0.8774,56.1
basal-1.0-1.5B,e03,compound (exp 03/04 protocol),K13,kompletnosc,1,0,False,0.5583,44.1
basal-1.0-1.5B,e03,compound (exp 03/04 protocol),K14,kompletnosc,1,0,False,0.6364,45.8
basal-1.0-1.5B,e03,compound (exp 03/04 protocol),K15,kompletnosc,0,0,True,0.8293,50.0
basal-1.0-1.5B,e03,compound (exp 03/04 protocol),K16,kompletnosc,1,0,False,0.8055,45.6
basal-1.0-1.5B,e03,compound (exp 03/04 protocol),K17,kompletnosc,0,0,True,0.8905,47.6
basal-1.0-1.5B,e03,compound (exp 03/04 protocol),K18,kompletnosc,1,0,False,0.7757,42.9
basal-1.0-1.5B,e03,compound (exp 03/04 protocol),K19,kompletnosc,1,0,False,0.7877,45.4
basal-1.0-1.5B,e03,compound (exp 03/04 protocol),K20,kompletnosc,0,0,True,0.8457,45.0
basal-1.0-1.5B,e03,compound (exp 03/04 protocol),K21,kompletnosc,0,0,True,0.8483,54.2
basal-1.0-1.5B,e03,compound (exp 03/04 protocol),K22,kompletnosc,0,0,True,0.6893,54.2
basal-1.0-1.5B,e03,compound (exp 03/04 protocol),K23,kompletnosc,1,0,False,0.7342,52.4
basal-1.0-1.5B,e03,compound (exp 03/04 protocol),K24,kompletnosc,1,0,False,0.5955,51.0
basal-1.0-1.5B,e03,compound (exp 03/04 protocol),K25,kompletnosc,0,0,True,0.8751,54.7
basal-1.0-1.5B,e03,compound (exp 03/04 protocol),K26,kompletnosc,1,1,True,0.6489,51.0
basal-1.0-1.5B,e03,compound (exp 03/04 protocol),K27,kompletnosc,0,0,True,0.6931,53.2
basal-1.0-1.5B,e03,compound (exp 03/04 protocol),K28,kompletnosc,1,0,False,0.5864,52.3
basal-1.0-1.5B,e03,compound (exp 03/04 protocol),K29,kompletnosc,0,0,True,0.7082,53.0
basal-1.0-1.5B,e03,compound (exp 03/04 protocol),K30,kompletnosc,1,0,False,0.6183,51.9
basal-1.0-1.5B,e03,compound (exp 03/04 protocol),K31,kompletnosc,1,0,False,0.5519,52.3
basal-1.0-1.5B,e03,compound (exp 03/04 protocol),K32,kompletnosc,0,0,True,0.6092,55.6
basal-1.0-1.5B,e03,compound (exp 03/04 protocol),K33,kompletnosc,0,0,True,0.5692,50.0
basal-1.0-1.5B,e03,compound (exp 03/04 protocol),K34,kompletnosc,1,1,True,0.6015,49.4
basal-1.0-1.5B,e03,compound (exp 03/04 protocol),K35,kompletnosc,0,0,True,0.8204,52.8
basal-1.0-1.5B,e03,compound (exp 03/04 protocol),K36,kompletnosc,1,1,True,0.5615,51.7
basal-1.0-1.5B,e03,compound (exp 03/04 protocol),K37,kompletnosc,0,0,True,0.5345,50.8
basal-1.0-1.5B,e03,compound (exp 03/04 protocol),K38,kompletnosc,1,0,False,0.7184,49.3
basal-1.0-1.5B,e03,compound (exp 03/04 protocol),K40,kompletnosc,1,1,True,0.5845,45.7
basal-1.0-1.5B,e03,compound (exp 03/04 protocol),S01,irytacja,0,0,True,0.9693,46.3
basal-1.0-1.5B,e03,compound (exp 03/04 protocol),S02,irytacja,0,0,True,0.4926,41.0
basal-1.0-1.5B,e03,compound (exp 03/04 protocol),S03,irytacja,0,0,True,0.851,41.7
basal-1.0-1.5B,e03,compound (exp 03/04 protocol),S04,irytacja,0,0,True,0.7516,38.0
basal-1.0-1.5B,e03,compound (exp 03/04 protocol),S05,irytacja,0,1,False,0.4744,40.5
basal-1.0-1.5B,e03,compound (exp 03/04 protocol),S06,irytacja,0,0,True,0.9733,37.9
basal-1.0-1.5B,e03,compound (exp 03/04 protocol),S07,irytacja,0,1,False,0.5122,38.0
basal-1.0-1.5B,e03,compound (exp 03/04 protocol),S08,irytacja,1,2,False,0.7561,41.4
basal-1.0-1.5B,e03,compound (exp 03/04 protocol),S09,irytacja,1,2,False,0.7293,40.1
basal-1.0-1.5B,e03,compound (exp 03/04 protocol),S10,irytacja,1,1,True,0.6085,41.9
basal-1.0-1.5B,e03,compound (exp 03/04 protocol),S11,irytacja,1,2,False,0.5221,40.5
basal-1.0-1.5B,e03,compound (exp 03/04 protocol),S12,irytacja,1,2,False,0.586,41.7
basal-1.0-1.5B,e03,compound (exp 03/04 protocol),S13,irytacja,1,2,False,0.6643,41.6
basal-1.0-1.5B,e03,compound (exp 03/04 protocol),S15,irytacja,2,2,True,0.9966,46.1
basal-1.0-1.5B,e03,compound (exp 03/04 protocol),S16,irytacja,2,2,True,0.9912,42.4
basal-1.0-1.5B,e03,compound (exp 03/04 protocol),S17,irytacja,2,2,True,0.995,40.3
basal-1.0-1.5B,e03,compound (exp 03/04 protocol),S18,irytacja,2,2,True,0.9963,42.0
basal-1.0-1.5B,e03,compound (exp 03/04 protocol),S19,irytacja,2,2,True,0.9922,41.5
basal-1.0-1.5B,e03,compound (exp 03/04 protocol),S20,irytacja,2,2,True,0.972,42.4
basal-1.0-1.5B,e03,compound (exp 03/04 protocol),P01,phishing,0,1,False,0.903,51.8
basal-1.0-1.5B,e03,compound (exp 03/04 protocol),P02,phishing,0,1,False,0.5706,51.2
basal-1.0-1.5B,e03,compound (exp 03/04 protocol),P03,phishing,0,0,True,0.6868,55.4
basal-1.0-1.5B,e03,compound (exp 03/04 protocol),P04,phishing,0,1,False,0.9271,57.4
basal-1.0-1.5B,e03,compound (exp 03/04 protocol),P05,phishing,0,0,True,0.943,50.5
basal-1.0-1.5B,e03,compound (exp 03/04 protocol),P06,phishing,0,0,True,0.9864,51.7
basal-1.0-1.5B,e03,compound (exp 03/04 protocol),P07,phishing,0,0,True,0.9848,50.0
basal-1.0-1.5B,e03,compound (exp 03/04 protocol),P08,phishing,0,0,True,0.7105,50.2
basal-1.0-1.5B,e03,compound (exp 03/04 protocol),P09,phishing,0,1,False,0.824,50.5
basal-1.0-1.5B,e03,compound (exp 03/04 protocol),P10,phishing,0,0,True,0.7606,50.2
basal-1.0-1.5B,e03,compound (exp 03/04 protocol),P11,phishing,1,1,True,0.8666,54.0
basal-1.0-1.5B,e03,compound (exp 03/04 protocol),P12,phishing,1,1,True,0.6124,51.0
basal-1.0-1.5B,e03,compound (exp 03/04 protocol),P13,phishing,1,1,True,0.8708,60.1
basal-1.0-1.5B,e03,compound (exp 03/04 protocol),P14,phishing,1,1,True,0.9379,51.5
basal-1.0-1.5B,e03,compound (exp 03/04 protocol),P15,phishing,1,0,False,0.5907,52.5
basal-1.0-1.5B,e03,compound (exp 03/04 protocol),P16,phishing,1,1,True,0.9405,50.0
basal-1.0-1.5B,e03,compound (exp 03/04 protocol),P17,phishing,1,1,True,0.8915,48.7
basal-1.0-1.5B,e03,compound (exp 03/04 protocol),P18,phishing,1,0,False,0.5929,51.9
basal-1.0-1.5B,e03,compound (exp 03/04 protocol),P19,phishing,1,1,True,0.7027,46.6
basal-1.0-1.5B,e03,compound (exp 03/04 protocol),P20,phishing,1,1,True,0.883,49.7
basal-1.5-mini,e03,compound (exp 03/04 protocol),R01,reklamacja,0,0,True,0.9898,47.5
basal-1.5-mini,e03,compound (exp 03/04 protocol),R02,reklamacja,1,1,True,0.9793,45.8
basal-1.5-mini,e03,compound (exp 03/04 protocol),R03,reklamacja,0,0,True,0.8486,55.2
basal-1.5-mini,e03,compound (exp 03/04 protocol),R04,reklamacja,0,0,True,0.97,53.0
basal-1.5-mini,e03,compound (exp 03/04 protocol),R05,reklamacja,1,1,True,0.9805,50.6
basal-1.5-mini,e03,compound (exp 03/04 protocol),R06,reklamacja,0,0,True,0.9272,49.3
basal-1.5-mini,e03,compound (exp 03/04 protocol),R07,reklamacja,1,1,True,0.9806,52.2
basal-1.5-mini,e03,compound (exp 03/04 protocol),R08,reklamacja,0,0,True,0.8625,46.2
basal-1.5-mini,e03,compound (exp 03/04 protocol),R09,reklamacja,1,1,True,0.9324,50.7
basal-1.5-mini,e03,compound (exp 03/04 protocol),R10,reklamacja,1,1,True,0.9863,50.6
basal-1.5-mini,e03,compound (exp 03/04 protocol),R11,reklamacja,0,0,True,0.9878,50.2
basal-1.5-mini,e03,compound (exp 03/04 protocol),R12,reklamacja,1,1,True,0.9837,43.7
basal-1.5-mini,e03,compound (exp 03/04 protocol),R13,reklamacja,0,0,True,0.7365,50.0
basal-1.5-mini,e03,compound (exp 03/04 protocol),R14,reklamacja,1,1,True,0.9525,44.1
basal-1.5-mini,e03,compound (exp 03/04 protocol),R15,reklamacja,0,0,True,0.9292,44.3
basal-1.5-mini,e03,compound (exp 03/04 protocol),R16,reklamacja,1,1,True,0.9627,44.2
basal-1.5-mini,e03,compound (exp 03/04 protocol),R17,reklamacja,0,1,False,0.5666,50.3
basal-1.5-mini,e03,compound (exp 03/04 protocol),R18,reklamacja,1,1,True,0.9604,43.1
basal-1.5-mini,e03,compound (exp 03/04 protocol),R19,reklamacja,0,0,True,0.5497,49.0
basal-1.5-mini,e03,compound (exp 03/04 protocol),R20,reklamacja,1,1,True,0.9352,44.2
basal-1.5-mini,e03,compound (exp 03/04 protocol),R21,reklamacja,0,0,True,0.8537,52.6
basal-1.5-mini,e03,compound (exp 03/04 protocol),R22,reklamacja,1,1,True,0.9705,47.3
basal-1.5-mini,e03,compound (exp 03/04 protocol),R23,reklamacja,0,0,True,0.9844,50.9
basal-1.5-mini,e03,compound (exp 03/04 protocol),R24,reklamacja,1,1,True,0.9667,45.1
basal-1.5-mini,e03,compound (exp 03/04 protocol),R25,reklamacja,0,0,True,0.9126,49.0
basal-1.5-mini,e03,compound (exp 03/04 protocol),R26,reklamacja,1,1,True,0.9681,52.6
basal-1.5-mini,e03,compound (exp 03/04 protocol),R27,reklamacja,0,0,True,0.8101,47.2
basal-1.5-mini,e03,compound (exp 03/04 protocol),R28,reklamacja,1,1,True,0.9727,43.3
basal-1.5-mini,e03,compound (exp 03/04 protocol),R29,reklamacja,0,0,True,0.8235,44.6
basal-1.5-mini,e03,compound (exp 03/04 protocol),R30,reklamacja,1,1,True,0.9809,47.1
basal-1.5-mini,e03,compound (exp 03/04 protocol),R31,reklamacja,0,1,False,0.8699,49.1
basal-1.5-mini,e03,compound (exp 03/04 protocol),R32,reklamacja,1,1,True,0.9498,47.2
basal-1.5-mini,e03,compound (exp 03/04 protocol),R33,reklamacja,0,0,True,0.8078,46.4
basal-1.5-mini,e03,compound (exp 03/04 protocol),R34,reklamacja,1,1,True,0.983,46.5
basal-1.5-mini,e03,compound (exp 03/04 protocol),R35,reklamacja,0,0,True,0.5963,50.2
basal-1.5-mini,e03,compound (exp 03/04 protocol),R36,reklamacja,1,1,True,0.9818,46.1
basal-1.5-mini,e03,compound (exp 03/04 protocol),R37,reklamacja,0,0,True,0.9506,55.9
basal-1.5-mini,e03,compound (exp 03/04 protocol),R38,reklamacja,1,1,True,0.9881,45.6
basal-1.5-mini,e03,compound (exp 03/04 protocol),R39,reklamacja,0,0,True,0.97,47.3
basal-1.5-mini,e03,compound (exp 03/04 protocol),R40,reklamacja,1,1,True,0.9609,45.4
basal-1.5-mini,e03,compound (exp 03/04 protocol),D01,routing,2,2,True,0.9972,51.9
basal-1.5-mini,e03,compound (exp 03/04 protocol),D02,routing,1,1,True,0.9943,49.1
basal-1.5-mini,e03,compound (exp 03/04 protocol),D03,routing,3,3,True,0.9946,46.8
basal-1.5-mini,e03,compound (exp 03/04 protocol),D04,routing,4,4,True,0.9987,51.1
basal-1.5-mini,e03,compound (exp 03/04 protocol),D05,routing,0,0,True,0.9852,43.2
basal-1.5-mini,e03,compound (exp 03/04 protocol),D06,routing,1,1,True,0.9753,47.7
basal-1.5-mini,e03,compound (exp 03/04 protocol),D07,routing,4,4,True,0.9741,44.4
basal-1.5-mini,e03,compound (exp 03/04 protocol),D08,routing,2,2,True,0.9958,45.5
basal-1.5-mini,e03,compound (exp 03/04 protocol),D09,routing,3,3,True,0.9858,45.2
basal-1.5-mini,e03,compound (exp 03/04 protocol),D10,routing,0,0,True,0.988,45.8
basal-1.5-mini,e03,compound (exp 03/04 protocol),D11,routing,0,0,True,0.9533,43.2
basal-1.5-mini,e03,compound (exp 03/04 protocol),D12,routing,0,0,True,0.9836,46.0
basal-1.5-mini,e03,compound (exp 03/04 protocol),D13,routing,0,0,True,0.9982,47.9
basal-1.5-mini,e03,compound (exp 03/04 protocol),D14,routing,0,0,True,0.4643,49.2
basal-1.5-mini,e03,compound (exp 03/04 protocol),D15,routing,0,0,True,0.9929,46.8
basal-1.5-mini,e03,compound (exp 03/04 protocol),D16,routing,0,0,True,0.9943,47.4
basal-1.5-mini,e03,compound (exp 03/04 protocol),D17,routing,1,1,True,0.9982,42.2
basal-1.5-mini,e03,compound (exp 03/04 protocol),D18,routing,1,1,True,0.9656,43.0
basal-1.5-mini,e03,compound (exp 03/04 protocol),D19,routing,1,1,True,0.921,44.5
basal-1.5-mini,e03,compound (exp 03/04 protocol),D20,routing,1,1,True,0.9806,42.5
basal-1.5-mini,e03,compound (exp 03/04 protocol),D21,routing,1,1,True,0.9894,46.0
basal-1.5-mini,e03,compound (exp 03/04 protocol),D22,routing,1,3,False,0.8275,44.2
basal-1.5-mini,e03,compound (exp 03/04 protocol),D23,routing,2,2,True,0.9918,42.1
basal-1.5-mini,e03,compound (exp 03/04 protocol),D24,routing,2,2,True,0.988,43.2
basal-1.5-mini,e03,compound (exp 03/04 protocol),D25,routing,2,2,True,0.9935,49.8
basal-1.5-mini,e03,compound (exp 03/04 protocol),D26,routing,2,2,True,0.998,42.9
basal-1.5-mini,e03,compound (exp 03/04 protocol),D27,routing,2,2,True,0.9977,45.5
basal-1.5-mini,e03,compound (exp 03/04 protocol),D28,routing,2,2,True,0.9685,47.4
basal-1.5-mini,e03,compound (exp 03/04 protocol),D29,routing,3,3,True,0.9938,44.0
basal-1.5-mini,e03,compound (exp 03/04 protocol),D30,routing,3,3,True,0.9967,43.6
basal-1.5-mini,e03,compound (exp 03/04 protocol),D31,routing,3,3,True,0.8483,42.9
basal-1.5-mini,e03,compound (exp 03/04 protocol),D32,routing,3,3,True,0.9949,42.3
basal-1.5-mini,e03,compound (exp 03/04 protocol),D33,routing,3,3,True,0.9933,43.9
basal-1.5-mini,e03,compound (exp 03/04 protocol),D34,routing,3,3,True,0.9923,46.0
basal-1.5-mini,e03,compound (exp 03/04 protocol),D35,routing,4,4,True,0.9836,42.1
basal-1.5-mini,e03,compound (exp 03/04 protocol),D36,routing,4,4,True,0.9824,43.3
basal-1.5-mini,e03,compound (exp 03/04 protocol),D37,routing,4,4,True,0.9969,47.0
basal-1.5-mini,e03,compound (exp 03/04 protocol),D38,routing,4,4,True,0.9915,41.3
basal-1.5-mini,e03,compound (exp 03/04 protocol),D39,routing,4,4,True,0.6081,42.7
basal-1.5-mini,e03,compound (exp 03/04 protocol),D40,routing,4,4,True,0.9869,46.7
basal-1.5-mini,e03,compound (exp 03/04 protocol),E01,eskalacja,0,0,True,0.9776,50.8
basal-1.5-mini,e03,compound (exp 03/04 protocol),E02,eskalacja,1,1,True,0.9669,46.3
basal-1.5-mini,e03,compound (exp 03/04 protocol),E03,eskalacja,0,0,True,0.9922,50.1
basal-1.5-mini,e03,compound (exp 03/04 protocol),E04,eskalacja,1,1,True,0.8363,49.2
basal-1.5-mini,e03,compound (exp 03/04 protocol),E05,eskalacja,0,0,True,0.994,50.7
basal-1.5-mini,e03,compound (exp 03/04 protocol),E06,eskalacja,0,0,True,0.9833,50.3
basal-1.5-mini,e03,compound (exp 03/04 protocol),E07,eskalacja,0,0,True,0.9732,54.5
basal-1.5-mini,e03,compound (exp 03/04 protocol),E08,eskalacja,0,0,True,0.9822,54.4
basal-1.5-mini,e03,compound (exp 03/04 protocol),E09,eskalacja,0,0,True,0.9869,50.5
basal-1.5-mini,e03,compound (exp 03/04 protocol),E10,eskalacja,0,1,False,0.55,49.3
basal-1.5-mini,e03,compound (exp 03/04 protocol),E11,eskalacja,0,0,True,0.9368,45.7
basal-1.5-mini,e03,compound (exp 03/04 protocol),E12,eskalacja,0,0,True,0.9923,50.3
basal-1.5-mini,e03,compound (exp 03/04 protocol),E13,eskalacja,0,0,True,0.9877,52.2
basal-1.5-mini,e03,compound (exp 03/04 protocol),E14,eskalacja,0,0,True,0.8308,48.4
basal-1.5-mini,e03,compound (exp 03/04 protocol),E15,eskalacja,0,0,True,0.9873,48.4
basal-1.5-mini,e03,compound (exp 03/04 protocol),E16,eskalacja,0,0,True,0.9785,50.5
basal-1.5-mini,e03,compound (exp 03/04 protocol),E17,eskalacja,0,0,True,0.9673,49.5
basal-1.5-mini,e03,compound (exp 03/04 protocol),E18,eskalacja,0,0,True,0.9786,58.5
basal-1.5-mini,e03,compound (exp 03/04 protocol),E19,eskalacja,0,0,True,0.9946,53.3
basal-1.5-mini,e03,compound (exp 03/04 protocol),E20,eskalacja,0,0,True,0.8718,52.6
basal-1.5-mini,e03,compound (exp 03/04 protocol),E21,eskalacja,0,0,True,0.9835,49.5
basal-1.5-mini,e03,compound (exp 03/04 protocol),E22,eskalacja,0,0,True,0.9571,46.1
basal-1.5-mini,e03,compound (exp 03/04 protocol),E23,eskalacja,1,1,True,0.8871,46.6
basal-1.5-mini,e03,compound (exp 03/04 protocol),E24,eskalacja,1,1,True,0.9667,47.1
basal-1.5-mini,e03,compound (exp 03/04 protocol),E25,eskalacja,1,1,True,0.9401,45.5
basal-1.5-mini,e03,compound (exp 03/04 protocol),E26,eskalacja,1,0,False,0.8747,50.8
basal-1.5-mini,e03,compound (exp 03/04 protocol),E27,eskalacja,1,1,True,0.9276,48.4
basal-1.5-mini,e03,compound (exp 03/04 protocol),E28,eskalacja,1,1,True,0.7352,51.1
basal-1.5-mini,e03,compound (exp 03/04 protocol),E29,eskalacja,1,1,True,0.8794,46.8
basal-1.5-mini,e03,compound (exp 03/04 protocol),E30,eskalacja,1,1,True,0.9658,53.8
basal-1.5-mini,e03,compound (exp 03/04 protocol),E31,eskalacja,1,1,True,0.87,50.0
basal-1.5-mini,e03,compound (exp 03/04 protocol),E32,eskalacja,1,1,True,0.9449,47.0
basal-1.5-mini,e03,compound (exp 03/04 protocol),E33,eskalacja,1,1,True,0.8569,48.7
basal-1.5-mini,e03,compound (exp 03/04 protocol),E34,eskalacja,1,0,False,0.965,54.3
basal-1.5-mini,e03,compound (exp 03/04 protocol),E35,eskalacja,1,1,True,0.9443,53.8
basal-1.5-mini,e03,compound (exp 03/04 protocol),E36,eskalacja,1,1,True,0.8352,47.2
basal-1.5-mini,e03,compound (exp 03/04 protocol),E37,eskalacja,1,1,True,0.9067,46.4
basal-1.5-mini,e03,compound (exp 03/04 protocol),E38,eskalacja,1,1,True,0.8225,45.3
basal-1.5-mini,e03,compound (exp 03/04 protocol),E39,eskalacja,1,1,True,0.9426,48.8
basal-1.5-mini,e03,compound (exp 03/04 protocol),E40,eskalacja,1,1,True,0.8139,45.0
basal-1.5-mini,e03,compound (exp 03/04 protocol),K01,kompletnosc,0,0,True,0.7101,52.2
basal-1.5-mini,e03,compound (exp 03/04 protocol),K02,kompletnosc,1,0,False,0.8387,54.3
basal-1.5-mini,e03,compound (exp 03/04 protocol),K03,kompletnosc,1,0,False,0.8658,50.7
basal-1.5-mini,e03,compound (exp 03/04 protocol),K04,kompletnosc,0,0,True,0.9748,53.8
basal-1.5-mini,e03,compound (exp 03/04 protocol),K05,kompletnosc,1,1,True,0.6341,50.9
basal-1.5-mini,e03,compound (exp 03/04 protocol),K06,kompletnosc,0,0,True,0.6668,50.4
basal-1.5-mini,e03,compound (exp 03/04 protocol),K07,kompletnosc,1,0,False,0.8212,50.1
basal-1.5-mini,e03,compound (exp 03/04 protocol),K08,kompletnosc,0,0,True,0.6261,49.7
basal-1.5-mini,e03,compound (exp 03/04 protocol),K09,kompletnosc,1,1,True,0.8178,46.1
basal-1.5-mini,e03,compound (exp 03/04 protocol),K10,kompletnosc,0,0,True,0.9816,61.3
basal-1.5-mini,e03,compound (exp 03/04 protocol),K11,kompletnosc,1,1,True,0.9058,60.8
basal-1.5-mini,e03,compound (exp 03/04 protocol),K12,kompletnosc,0,0,True,0.979,65.8
basal-1.5-mini,e03,compound (exp 03/04 protocol),K13,kompletnosc,1,1,True,0.9141,60.5
basal-1.5-mini,e03,compound (exp 03/04 protocol),K14,kompletnosc,1,1,True,0.5447,47.7
basal-1.5-mini,e03,compound (exp 03/04 protocol),K15,kompletnosc,0,0,True,0.9779,50.8
basal-1.5-mini,e03,compound (exp 03/04 protocol),K16,kompletnosc,1,0,False,0.737,53.6
basal-1.5-mini,e03,compound (exp 03/04 protocol),K17,kompletnosc,0,0,True,0.9872,60.3
basal-1.5-mini,e03,compound (exp 03/04 protocol),K18,kompletnosc,1,0,False,0.8416,60.6
basal-1.5-mini,e03,compound (exp 03/04 protocol),K19,kompletnosc,1,1,True,0.9633,59.7
basal-1.5-mini,e03,compound (exp 03/04 protocol),K20,kompletnosc,0,0,True,0.9171,51.7
basal-1.5-mini,e03,compound (exp 03/04 protocol),K21,kompletnosc,0,0,True,0.9801,65.7
basal-1.5-mini,e03,compound (exp 03/04 protocol),K22,kompletnosc,0,1,False,0.7598,57.5
basal-1.5-mini,e03,compound (exp 03/04 protocol),K23,kompletnosc,1,0,False,0.5884,55.5
basal-1.5-mini,e03,compound (exp 03/04 protocol),K24,kompletnosc,1,1,True,0.9037,54.8
basal-1.5-mini,e03,compound (exp 03/04 protocol),K25,kompletnosc,0,0,True,0.9762,59.5
basal-1.5-mini,e03,compound (exp 03/04 protocol),K26,kompletnosc,1,1,True,0.8284,52.5
basal-1.5-mini,e03,compound (exp 03/04 protocol),K27,kompletnosc,0,1,False,0.6416,59.2
basal-1.5-mini,e03,compound (exp 03/04 protocol),K28,kompletnosc,1,0,False,0.7702,57.2
basal-1.5-mini,e03,compound (exp 03/04 protocol),K29,kompletnosc,0,0,True,0.9352,54.3
basal-1.5-mini,e03,compound (exp 03/04 protocol),K30,kompletnosc,1,1,True,0.9566,55.5
basal-1.5-mini,e03,compound (exp 03/04 protocol),K31,kompletnosc,1,1,True,0.961,52.6
basal-1.5-mini,e03,compound (exp 03/04 protocol),K32,kompletnosc,0,1,False,0.5056,56.8
basal-1.5-mini,e03,compound (exp 03/04 protocol),K33,kompletnosc,0,1,False,0.7449,56.0
basal-1.5-mini,e03,compound (exp 03/04 protocol),K34,kompletnosc,1,1,True,0.9657,51.0
basal-1.5-mini,e03,compound (exp 03/04 protocol),K35,kompletnosc,0,0,True,0.9699,53.7
basal-1.5-mini,e03,compound (exp 03/04 protocol),K36,kompletnosc,1,1,True,0.9181,54.9
basal-1.5-mini,e03,compound (exp 03/04 protocol),K37,kompletnosc,0,1,False,0.6795,52.3
basal-1.5-mini,e03,compound (exp 03/04 protocol),K38,kompletnosc,1,1,True,0.5445,51.1
basal-1.5-mini,e03,compound (exp 03/04 protocol),K40,kompletnosc,1,1,True,0.9774,49.5
basal-1.5-mini,e03,compound (exp 03/04 protocol),S01,irytacja,0,0,True,0.9785,46.0
basal-1.5-mini,e03,compound (exp 03/04 protocol),S02,irytacja,0,0,True,0.8587,44.2
basal-1.5-mini,e03,compound (exp 03/04 protocol),S03,irytacja,0,0,True,0.9666,43.2
basal-1.5-mini,e03,compound (exp 03/04 protocol),S04,irytacja,0,0,True,0.9102,46.0
basal-1.5-mini,e03,compound (exp 03/04 protocol),S05,irytacja,0,0,True,0.5616,41.7
basal-1.5-mini,e03,compound (exp 03/04 protocol),S06,irytacja,0,0,True,0.9768,42.4
basal-1.5-mini,e03,compound (exp 03/04 protocol),S07,irytacja,0,0,True,0.9109,42.0
basal-1.5-mini,e03,compound (exp 03/04 protocol),S08,irytacja,1,1,True,0.6004,45.4
basal-1.5-mini,e03,compound (exp 03/04 protocol),S09,irytacja,1,2,False,0.7836,42.1
basal-1.5-mini,e03,compound (exp 03/04 protocol),S10,irytacja,1,1,True,0.5874,43.7
basal-1.5-mini,e03,compound (exp 03/04 protocol),S11,irytacja,1,1,True,0.5101,42.1
basal-1.5-mini,e03,compound (exp 03/04 protocol),S12,irytacja,1,1,True,0.8233,46.0
basal-1.5-mini,e03,compound (exp 03/04 protocol),S13,irytacja,1,2,False,0.5435,46.0
basal-1.5-mini,e03,compound (exp 03/04 protocol),S15,irytacja,2,2,True,0.9978,41.3
basal-1.5-mini,e03,compound (exp 03/04 protocol),S16,irytacja,2,2,True,0.9913,45.7
basal-1.5-mini,e03,compound (exp 03/04 protocol),S17,irytacja,2,2,True,0.9963,42.3
basal-1.5-mini,e03,compound (exp 03/04 protocol),S18,irytacja,2,2,True,0.9974,49.1
basal-1.5-mini,e03,compound (exp 03/04 protocol),S19,irytacja,2,2,True,0.9951,41.7
basal-1.5-mini,e03,compound (exp 03/04 protocol),S20,irytacja,2,2,True,0.9478,42.3
basal-1.5-mini,e03,compound (exp 03/04 protocol),P01,phishing,0,0,True,0.9217,53.6
basal-1.5-mini,e03,compound (exp 03/04 protocol),P02,phishing,0,0,True,0.9922,53.4
basal-1.5-mini,e03,compound (exp 03/04 protocol),P03,phishing,0,0,True,0.9602,56.5
basal-1.5-mini,e03,compound (exp 03/04 protocol),P04,phishing,0,1,False,0.9029,57.8
basal-1.5-mini,e03,compound (exp 03/04 protocol),P05,phishing,0,0,True,0.9957,52.0
basal-1.5-mini,e03,compound (exp 03/04 protocol),P06,phishing,0,0,True,0.9917,70.3
basal-1.5-mini,e03,compound (exp 03/04 protocol),P07,phishing,0,0,True,0.9973,52.3
basal-1.5-mini,e03,compound (exp 03/04 protocol),P08,phishing,0,0,True,0.9943,51.0
basal-1.5-mini,e03,compound (exp 03/04 protocol),P09,phishing,0,0,True,0.7733,51.6
basal-1.5-mini,e03,compound (exp 03/04 protocol),P10,phishing,0,0,True,0.9953,52.6
basal-1.5-mini,e03,compound (exp 03/04 protocol),P11,phishing,1,1,True,0.947,56.6
basal-1.5-mini,e03,compound (exp 03/04 protocol),P12,phishing,1,1,True,0.7969,49.8
basal-1.5-mini,e03,compound (exp 03/04 protocol),P13,phishing,1,1,True,0.6303,71.4
basal-1.5-mini,e03,compound (exp 03/04 protocol),P14,phishing,1,1,True,0.9686,56.7
basal-1.5-mini,e03,compound (exp 03/04 protocol),P15,phishing,1,0,False,0.9719,60.2
basal-1.5-mini,e03,compound (exp 03/04 protocol),P16,phishing,1,1,True,0.9693,56.2
basal-1.5-mini,e03,compound (exp 03/04 protocol),P17,phishing,1,1,True,0.9289,55.9
basal-1.5-mini,e03,compound (exp 03/04 protocol),P18,phishing,1,1,True,0.674,55.0
basal-1.5-mini,e03,compound (exp 03/04 protocol),P19,phishing,1,1,True,0.7852,49.5
basal-1.5-mini,e03,compound (exp 03/04 protocol),P20,phishing,1,1,True,0.973,58.4
basal-1.5 (4.5B),e03,compound (exp 03/04 protocol),R01,reklamacja,0,0,True,0.9967,113.6
basal-1.5 (4.5B),e03,compound (exp 03/04 protocol),R02,reklamacja,1,1,True,0.9958,106.4
basal-1.5 (4.5B),e03,compound (exp 03/04 protocol),R03,reklamacja,0,0,True,0.9903,117.7
basal-1.5 (4.5B),e03,compound (exp 03/04 protocol),R04,reklamacja,0,0,True,0.9916,115.7
basal-1.5 (4.5B),e03,compound (exp 03/04 protocol),R05,reklamacja,1,1,True,0.9973,117.1
basal-1.5 (4.5B),e03,compound (exp 03/04 protocol),R06,reklamacja,0,0,True,0.9704,116.7
basal-1.5 (4.5B),e03,compound (exp 03/04 protocol),R07,reklamacja,1,1,True,0.9968,116.3
basal-1.5 (4.5B),e03,compound (exp 03/04 protocol),R08,reklamacja,0,0,True,0.5922,116.5
basal-1.5 (4.5B),e03,compound (exp 03/04 protocol),R09,reklamacja,1,1,True,0.993,122.8
basal-1.5 (4.5B),e03,compound (exp 03/04 protocol),R10,reklamacja,1,1,True,0.9966,118.3
basal-1.5 (4.5B),e03,compound (exp 03/04 protocol),R11,reklamacja,0,0,True,0.9963,114.0
basal-1.5 (4.5B),e03,compound (exp 03/04 protocol),R12,reklamacja,1,1,True,0.9965,108.5
basal-1.5 (4.5B),e03,compound (exp 03/04 protocol),R13,reklamacja,0,0,True,0.9927,118.1
basal-1.5 (4.5B),e03,compound (exp 03/04 protocol),R14,reklamacja,1,1,True,0.9646,110.8
basal-1.5 (4.5B),e03,compound (exp 03/04 protocol),R15,reklamacja,0,0,True,0.7557,108.2
basal-1.5 (4.5B),e03,compound (exp 03/04 protocol),R16,reklamacja,1,1,True,0.9936,109.4
basal-1.5 (4.5B),e03,compound (exp 03/04 protocol),R17,reklamacja,0,0,True,0.9866,120.8
basal-1.5 (4.5B),e03,compound (exp 03/04 protocol),R18,reklamacja,1,1,True,0.9963,107.5
basal-1.5 (4.5B),e03,compound (exp 03/04 protocol),R19,reklamacja,0,0,True,0.8253,114.9
basal-1.5 (4.5B),e03,compound (exp 03/04 protocol),R20,reklamacja,1,1,True,0.9936,109.4
basal-1.5 (4.5B),e03,compound (exp 03/04 protocol),R21,reklamacja,0,0,True,0.6792,119.2
basal-1.5 (4.5B),e03,compound (exp 03/04 protocol),R22,reklamacja,1,1,True,0.9944,108.7
basal-1.5 (4.5B),e03,compound (exp 03/04 protocol),R23,reklamacja,0,0,True,0.9947,116.4
basal-1.5 (4.5B),e03,compound (exp 03/04 protocol),R24,reklamacja,1,1,True,0.9964,106.5
basal-1.5 (4.5B),e03,compound (exp 03/04 protocol),R25,reklamacja,0,0,True,0.9585,115.2
basal-1.5 (4.5B),e03,compound (exp 03/04 protocol),R26,reklamacja,1,1,True,0.9935,121.1
basal-1.5 (4.5B),e03,compound (exp 03/04 protocol),R27,reklamacja,0,0,True,0.8937,116.2
basal-1.5 (4.5B),e03,compound (exp 03/04 protocol),R28,reklamacja,1,1,True,0.9973,105.4
basal-1.5 (4.5B),e03,compound (exp 03/04 protocol),R29,reklamacja,0,0,True,0.9891,108.1
basal-1.5 (4.5B),e03,compound (exp 03/04 protocol),R30,reklamacja,1,1,True,0.9959,116.5
basal-1.5 (4.5B),e03,compound (exp 03/04 protocol),R31,reklamacja,0,0,True,0.8069,118.8
basal-1.5 (4.5B),e03,compound (exp 03/04 protocol),R32,reklamacja,1,1,True,0.9936,112.2
basal-1.5 (4.5B),e03,compound (exp 03/04 protocol),R33,reklamacja,0,0,True,0.9857,117.8
basal-1.5 (4.5B),e03,compound (exp 03/04 protocol),R34,reklamacja,1,1,True,0.9961,118.7
basal-1.5 (4.5B),e03,compound (exp 03/04 protocol),R35,reklamacja,0,0,True,0.7854,122.4
basal-1.5 (4.5B),e03,compound (exp 03/04 protocol),R36,reklamacja,1,1,True,0.9964,111.7
basal-1.5 (4.5B),e03,compound (exp 03/04 protocol),R37,reklamacja,0,0,True,0.9365,124.8
basal-1.5 (4.5B),e03,compound (exp 03/04 protocol),R38,reklamacja,1,1,True,0.997,115.9
basal-1.5 (4.5B),e03,compound (exp 03/04 protocol),R39,reklamacja,0,0,True,0.9832,126.3
basal-1.5 (4.5B),e03,compound (exp 03/04 protocol),R40,reklamacja,1,1,True,0.9788,119.4
basal-1.5 (4.5B),e03,compound (exp 03/04 protocol),D01,routing,2,2,True,0.9973,130.5
basal-1.5 (4.5B),e03,compound (exp 03/04 protocol),D02,routing,1,1,True,0.9938,132.0
basal-1.5 (4.5B),e03,compound (exp 03/04 protocol),D03,routing,3,3,True,0.9953,129.3
basal-1.5 (4.5B),e03,compound (exp 03/04 protocol),D04,routing,4,4,True,0.9956,127.8
basal-1.5 (4.5B),e03,compound (exp 03/04 protocol),D05,routing,0,0,True,0.9393,116.4
basal-1.5 (4.5B),e03,compound (exp 03/04 protocol),D06,routing,1,1,True,0.9644,124.0
basal-1.5 (4.5B),e03,compound (exp 03/04 protocol),D07,routing,4,4,True,0.6474,121.3
basal-1.5 (4.5B),e03,compound (exp 03/04 protocol),D08,routing,2,2,True,0.9974,123.1
basal-1.5 (4.5B),e03,compound (exp 03/04 protocol),D09,routing,3,3,True,0.9754,121.3
basal-1.5 (4.5B),e03,compound (exp 03/04 protocol),D10,routing,0,0,True,0.9956,120.0
basal-1.5 (4.5B),e03,compound (exp 03/04 protocol),D11,routing,0,0,True,0.8643,116.2
basal-1.5 (4.5B),e03,compound (exp 03/04 protocol),D12,routing,0,0,True,0.99,123.0
basal-1.5 (4.5B),e03,compound (exp 03/04 protocol),D13,routing,0,0,True,0.9955,120.7
basal-1.5 (4.5B),e03,compound (exp 03/04 protocol),D14,routing,0,0,True,0.6344,116.3
basal-1.5 (4.5B),e03,compound (exp 03/04 protocol),D15,routing,0,0,True,0.8865,118.6
basal-1.5 (4.5B),e03,compound (exp 03/04 protocol),D16,routing,0,0,True,0.9794,125.4
basal-1.5 (4.5B),e03,compound (exp 03/04 protocol),D17,routing,1,1,True,0.9941,114.4
basal-1.5 (4.5B),e03,compound (exp 03/04 protocol),D18,routing,1,1,True,0.954,114.0
basal-1.5 (4.5B),e03,compound (exp 03/04 protocol),D19,routing,1,1,True,0.5491,120.8
basal-1.5 (4.5B),e03,compound (exp 03/04 protocol),D20,routing,1,1,True,0.9911,115.1
basal-1.5 (4.5B),e03,compound (exp 03/04 protocol),D21,routing,1,1,True,0.985,124.0
basal-1.5 (4.5B),e03,compound (exp 03/04 protocol),D22,routing,1,3,False,0.7076,119.1
basal-1.5 (4.5B),e03,compound (exp 03/04 protocol),D23,routing,2,2,True,0.9825,118.7
basal-1.5 (4.5B),e03,compound (exp 03/04 protocol),D24,routing,2,2,True,0.9963,120.4
basal-1.5 (4.5B),e03,compound (exp 03/04 protocol),D25,routing,2,2,True,0.9943,128.1
basal-1.5 (4.5B),e03,compound (exp 03/04 protocol),D26,routing,2,2,True,0.9956,118.9
basal-1.5 (4.5B),e03,compound (exp 03/04 protocol),D27,routing,2,2,True,0.9958,116.3
basal-1.5 (4.5B),e03,compound (exp 03/04 protocol),D28,routing,2,2,True,0.994,126.1
basal-1.5 (4.5B),e03,compound (exp 03/04 protocol),D29,routing,3,3,True,0.9928,122.6
basal-1.5 (4.5B),e03,compound (exp 03/04 protocol),D30,routing,3,3,True,0.9943,119.6
basal-1.5 (4.5B),e03,compound (exp 03/04 protocol),D31,routing,3,3,True,0.987,122.1
basal-1.5 (4.5B),e03,compound (exp 03/04 protocol),D32,routing,3,3,True,0.9906,125.9
basal-1.5 (4.5B),e03,compound (exp 03/04 protocol),D33,routing,3,3,True,0.9929,113.8
basal-1.5 (4.5B),e03,compound (exp 03/04 protocol),D34,routing,3,3,True,0.9954,120.8
basal-1.5 (4.5B),e03,compound (exp 03/04 protocol),D35,routing,4,4,True,0.8441,111.4
basal-1.5 (4.5B),e03,compound (exp 03/04 protocol),D36,routing,4,4,True,0.983,114.6
basal-1.5 (4.5B),e03,compound (exp 03/04 protocol),D37,routing,4,4,True,0.9657,121.9
basal-1.5 (4.5B),e03,compound (exp 03/04 protocol),D38,routing,4,4,True,0.9537,114.0
basal-1.5 (4.5B),e03,compound (exp 03/04 protocol),D39,routing,4,4,True,0.7254,117.1
basal-1.5 (4.5B),e03,compound (exp 03/04 protocol),D40,routing,4,4,True,0.9625,120.1
basal-1.5 (4.5B),e03,compound (exp 03/04 protocol),E01,eskalacja,0,0,True,0.9899,133.1
basal-1.5 (4.5B),e03,compound (exp 03/04 protocol),E02,eskalacja,1,1,True,0.9912,125.6
basal-1.5 (4.5B),e03,compound (exp 03/04 protocol),E03,eskalacja,0,0,True,0.9966,130.2
basal-1.5 (4.5B),e03,compound (exp 03/04 protocol),E04,eskalacja,1,1,True,0.9421,127.4
basal-1.5 (4.5B),e03,compound (exp 03/04 protocol),E05,eskalacja,0,0,True,0.9961,125.4
basal-1.5 (4.5B),e03,compound (exp 03/04 protocol),E06,eskalacja,0,0,True,0.9931,132.3
basal-1.5 (4.5B),e03,compound (exp 03/04 protocol),E07,eskalacja,0,0,True,0.9861,143.4
basal-1.5 (4.5B),e03,compound (exp 03/04 protocol),E08,eskalacja,0,0,True,0.9953,137.6
basal-1.5 (4.5B),e03,compound (exp 03/04 protocol),E09,eskalacja,0,0,True,0.9967,136.3
basal-1.5 (4.5B),e03,compound (exp 03/04 protocol),E10,eskalacja,0,0,True,0.8153,130.0
basal-1.5 (4.5B),e03,compound (exp 03/04 protocol),E11,eskalacja,0,0,True,0.941,126.9
basal-1.5 (4.5B),e03,compound (exp 03/04 protocol),E12,eskalacja,0,0,True,0.9954,134.6
basal-1.5 (4.5B),e03,compound (exp 03/04 protocol),E13,eskalacja,0,0,True,0.9952,136.5
basal-1.5 (4.5B),e03,compound (exp 03/04 protocol),E14,eskalacja,0,0,True,0.9848,132.5
basal-1.5 (4.5B),e03,compound (exp 03/04 protocol),E15,eskalacja,0,0,True,0.9959,130.2
basal-1.5 (4.5B),e03,compound (exp 03/04 protocol),E16,eskalacja,0,0,True,0.9961,134.5
basal-1.5 (4.5B),e03,compound (exp 03/04 protocol),E17,eskalacja,0,0,True,0.9941,131.0
basal-1.5 (4.5B),e03,compound (exp 03/04 protocol),E18,eskalacja,0,0,True,0.9929,143.8
basal-1.5 (4.5B),e03,compound (exp 03/04 protocol),E19,eskalacja,0,0,True,0.996,129.8
basal-1.5 (4.5B),e03,compound (exp 03/04 protocol),E20,eskalacja,0,0,True,0.7544,139.1
basal-1.5 (4.5B),e03,compound (exp 03/04 protocol),E21,eskalacja,0,0,True,0.9943,130.1
basal-1.5 (4.5B),e03,compound (exp 03/04 protocol),E22,eskalacja,0,0,True,0.9183,133.4
basal-1.5 (4.5B),e03,compound (exp 03/04 protocol),E23,eskalacja,1,1,True,0.9898,129.6
basal-1.5 (4.5B),e03,compound (exp 03/04 protocol),E24,eskalacja,1,1,True,0.9458,128.8
basal-1.5 (4.5B),e03,compound (exp 03/04 protocol),E25,eskalacja,1,1,True,0.9935,125.8
basal-1.5 (4.5B),e03,compound (exp 03/04 protocol),E26,eskalacja,1,0,False,0.5088,129.9
basal-1.5 (4.5B),e03,compound (exp 03/04 protocol),E27,eskalacja,1,1,True,0.9783,128.3
basal-1.5 (4.5B),e03,compound (exp 03/04 protocol),E28,eskalacja,1,0,False,0.6761,125.9
basal-1.5 (4.5B),e03,compound (exp 03/04 protocol),E29,eskalacja,1,1,True,0.9759,124.0
basal-1.5 (4.5B),e03,compound (exp 03/04 protocol),E30,eskalacja,1,1,True,0.9771,128.7
basal-1.5 (4.5B),e03,compound (exp 03/04 protocol),E31,eskalacja,1,1,True,0.9857,125.1
basal-1.5 (4.5B),e03,compound (exp 03/04 protocol),E32,eskalacja,1,1,True,0.9687,125.2
basal-1.5 (4.5B),e03,compound (exp 03/04 protocol),E33,eskalacja,1,1,True,0.9855,118.4
basal-1.5 (4.5B),e03,compound (exp 03/04 protocol),E34,eskalacja,1,0,False,0.9858,128.0
basal-1.5 (4.5B),e03,compound (exp 03/04 protocol),E35,eskalacja,1,1,True,0.9899,139.1
basal-1.5 (4.5B),e03,compound (exp 03/04 protocol),E36,eskalacja,1,1,True,0.8831,124.4
basal-1.5 (4.5B),e03,compound (exp 03/04 protocol),E37,eskalacja,1,1,True,0.9933,121.7
basal-1.5 (4.5B),e03,compound (exp 03/04 protocol),E38,eskalacja,1,1,True,0.9759,119.9
basal-1.5 (4.5B),e03,compound (exp 03/04 protocol),E39,eskalacja,1,1,True,0.9895,122.9
basal-1.5 (4.5B),e03,compound (exp 03/04 protocol),E40,eskalacja,1,1,True,0.9825,119.8
basal-1.5 (4.5B),e03,compound (exp 03/04 protocol),K01,kompletnosc,0,0,True,0.9751,131.7
basal-1.5 (4.5B),e03,compound (exp 03/04 protocol),K02,kompletnosc,1,0,False,0.9295,134.5
basal-1.5 (4.5B),e03,compound (exp 03/04 protocol),K03,kompletnosc,1,0,False,0.808,128.9
basal-1.5 (4.5B),e03,compound (exp 03/04 protocol),K04,kompletnosc,0,0,True,0.9881,138.6
basal-1.5 (4.5B),e03,compound (exp 03/04 protocol),K05,kompletnosc,1,1,True,0.9907,133.8
basal-1.5 (4.5B),e03,compound (exp 03/04 protocol),K06,kompletnosc,0,0,True,0.9595,129.6
basal-1.5 (4.5B),e03,compound (exp 03/04 protocol),K07,kompletnosc,1,0,False,0.8256,128.4
basal-1.5 (4.5B),e03,compound (exp 03/04 protocol),K08,kompletnosc,0,0,True,0.9785,126.8
basal-1.5 (4.5B),e03,compound (exp 03/04 protocol),K09,kompletnosc,1,1,True,0.7841,124.2
basal-1.5 (4.5B),e03,compound (exp 03/04 protocol),K10,kompletnosc,0,0,True,0.9892,139.4
basal-1.5 (4.5B),e03,compound (exp 03/04 protocol),K11,kompletnosc,1,1,True,0.9612,126.8
basal-1.5 (4.5B),e03,compound (exp 03/04 protocol),K12,kompletnosc,0,0,True,0.9968,128.4
basal-1.5 (4.5B),e03,compound (exp 03/04 protocol),K13,kompletnosc,1,1,True,0.535,122.5
basal-1.5 (4.5B),e03,compound (exp 03/04 protocol),K14,kompletnosc,1,1,True,0.8217,125.6
basal-1.5 (4.5B),e03,compound (exp 03/04 protocol),K15,kompletnosc,0,0,True,0.9953,130.1
basal-1.5 (4.5B),e03,compound (exp 03/04 protocol),K16,kompletnosc,1,1,True,0.9458,124.5
basal-1.5 (4.5B),e03,compound (exp 03/04 protocol),K17,kompletnosc,0,0,True,0.995,125.3
basal-1.5 (4.5B),e03,compound (exp 03/04 protocol),K18,kompletnosc,1,0,False,0.7782,116.7
basal-1.5 (4.5B),e03,compound (exp 03/04 protocol),K19,kompletnosc,1,1,True,0.9477,124.3
basal-1.5 (4.5B),e03,compound (exp 03/04 protocol),K20,kompletnosc,0,0,True,0.9896,121.6
basal-1.5 (4.5B),e03,compound (exp 03/04 protocol),K21,kompletnosc,0,0,True,0.9577,148.0
basal-1.5 (4.5B),e03,compound (exp 03/04 protocol),K22,kompletnosc,0,0,True,0.6991,150.2
basal-1.5 (4.5B),e03,compound (exp 03/04 protocol),K23,kompletnosc,1,0,False,0.5405,147.1
basal-1.5 (4.5B),e03,compound (exp 03/04 protocol),K24,kompletnosc,1,1,True,0.9029,141.2
basal-1.5 (4.5B),e03,compound (exp 03/04 protocol),K25,kompletnosc,0,0,True,0.9934,161.6
basal-1.5 (4.5B),e03,compound (exp 03/04 protocol),K26,kompletnosc,1,1,True,0.9247,138.4
basal-1.5 (4.5B),e03,compound (exp 03/04 protocol),K27,kompletnosc,0,0,True,0.9867,142.3
basal-1.5 (4.5B),e03,compound (exp 03/04 protocol),K28,kompletnosc,1,0,False,0.6606,140.2
basal-1.5 (4.5B),e03,compound (exp 03/04 protocol),K29,kompletnosc,0,0,True,0.9899,150.4
basal-1.5 (4.5B),e03,compound (exp 03/04 protocol),K30,kompletnosc,1,1,True,0.9396,136.9
basal-1.5 (4.5B),e03,compound (exp 03/04 protocol),K31,kompletnosc,1,1,True,0.9953,137.0
basal-1.5 (4.5B),e03,compound (exp 03/04 protocol),K32,kompletnosc,0,0,True,0.9548,149.0
basal-1.5 (4.5B),e03,compound (exp 03/04 protocol),K33,kompletnosc,0,0,True,0.905,133.4
basal-1.5 (4.5B),e03,compound (exp 03/04 protocol),K34,kompletnosc,1,1,True,0.9745,128.8
basal-1.5 (4.5B),e03,compound (exp 03/04 protocol),K35,kompletnosc,0,0,True,0.9941,141.0
basal-1.5 (4.5B),e03,compound (exp 03/04 protocol),K36,kompletnosc,1,1,True,0.9813,140.5
basal-1.5 (4.5B),e03,compound (exp 03/04 protocol),K37,kompletnosc,0,0,True,0.7491,134.6
basal-1.5 (4.5B),e03,compound (exp 03/04 protocol),K38,kompletnosc,1,1,True,0.7607,129.6
basal-1.5 (4.5B),e03,compound (exp 03/04 protocol),K40,kompletnosc,1,1,True,0.9962,126.2
basal-1.5 (4.5B),e03,compound (exp 03/04 protocol),S01,irytacja,0,0,True,0.9958,113.8
basal-1.5 (4.5B),e03,compound (exp 03/04 protocol),S02,irytacja,0,0,True,0.9855,111.4
basal-1.5 (4.5B),e03,compound (exp 03/04 protocol),S03,irytacja,0,0,True,0.9864,113.7
basal-1.5 (4.5B),e03,compound (exp 03/04 protocol),S04,irytacja,0,0,True,0.9883,95.5
basal-1.5 (4.5B),e03,compound (exp 03/04 protocol),S05,irytacja,0,1,False,0.8392,108.7
basal-1.5 (4.5B),e03,compound (exp 03/04 protocol),S06,irytacja,0,0,True,0.9934,96.3
basal-1.5 (4.5B),e03,compound (exp 03/04 protocol),S07,irytacja,0,0,True,0.9914,93.1
basal-1.5 (4.5B),e03,compound (exp 03/04 protocol),S08,irytacja,1,1,True,0.603,109.2
basal-1.5 (4.5B),e03,compound (exp 03/04 protocol),S09,irytacja,1,2,False,0.7361,107.5
basal-1.5 (4.5B),e03,compound (exp 03/04 protocol),S10,irytacja,1,1,True,0.7128,108.8
basal-1.5 (4.5B),e03,compound (exp 03/04 protocol),S11,irytacja,1,1,True,0.7818,107.8
basal-1.5 (4.5B),e03,compound (exp 03/04 protocol),S12,irytacja,1,1,True,0.5383,113.2
basal-1.5 (4.5B),e03,compound (exp 03/04 protocol),S13,irytacja,1,2,False,0.8479,110.4
basal-1.5 (4.5B),e03,compound (exp 03/04 protocol),S15,irytacja,2,2,True,0.9948,107.5
basal-1.5 (4.5B),e03,compound (exp 03/04 protocol),S16,irytacja,2,2,True,0.9935,111.1
basal-1.5 (4.5B),e03,compound (exp 03/04 protocol),S17,irytacja,2,2,True,0.9897,110.0
basal-1.5 (4.5B),e03,compound (exp 03/04 protocol),S18,irytacja,2,2,True,0.994,115.2
basal-1.5 (4.5B),e03,compound (exp 03/04 protocol),S19,irytacja,2,2,True,0.99,111.8
basal-1.5 (4.5B),e03,compound (exp 03/04 protocol),S20,irytacja,2,2,True,0.9886,110.2
basal-1.5 (4.5B),e03,compound (exp 03/04 protocol),P01,phishing,0,0,True,0.9969,130.0
basal-1.5 (4.5B),e03,compound (exp 03/04 protocol),P02,phishing,0,0,True,0.9984,130.2
basal-1.5 (4.5B),e03,compound (exp 03/04 protocol),P03,phishing,0,0,True,0.9966,147.0
basal-1.5 (4.5B),e03,compound (exp 03/04 protocol),P04,phishing,0,0,True,0.7538,157.5
basal-1.5 (4.5B),e03,compound (exp 03/04 protocol),P05,phishing,0,0,True,0.998,132.2
basal-1.5 (4.5B),e03,compound (exp 03/04 protocol),P06,phishing,0,0,True,0.9975,138.1
basal-1.5 (4.5B),e03,compound (exp 03/04 protocol),P07,phishing,0,0,True,0.9979,133.3
basal-1.5 (4.5B),e03,compound (exp 03/04 protocol),P08,phishing,0,0,True,0.997,130.2
basal-1.5 (4.5B),e03,compound (exp 03/04 protocol),P09,phishing,0,1,False,0.9339,132.2
basal-1.5 (4.5B),e03,compound (exp 03/04 protocol),P10,phishing,0,0,True,0.9902,132.6
basal-1.5 (4.5B),e03,compound (exp 03/04 protocol),P11,phishing,1,1,True,0.8964,140.5
basal-1.5 (4.5B),e03,compound (exp 03/04 protocol),P12,phishing,1,1,True,0.9322,130.0
basal-1.5 (4.5B),e03,compound (exp 03/04 protocol),P13,phishing,1,1,True,0.8797,145.0
basal-1.5 (4.5B),e03,compound (exp 03/04 protocol),P14,phishing,1,1,True,0.9933,140.7
basal-1.5 (4.5B),e03,compound (exp 03/04 protocol),P15,phishing,1,0,False,0.9895,140.5
basal-1.5 (4.5B),e03,compound (exp 03/04 protocol),P16,phishing,1,1,True,0.9968,127.3
basal-1.5 (4.5B),e03,compound (exp 03/04 protocol),P17,phishing,1,1,True,0.9895,130.0
basal-1.5 (4.5B),e03,compound (exp 03/04 protocol),P18,phishing,1,0,False,0.9499,132.7
basal-1.5 (4.5B),e03,compound (exp 03/04 protocol),P19,phishing,1,1,True,0.9786,129.9
basal-1.5 (4.5B),e03,compound (exp 03/04 protocol),P20,phishing,1,1,True,0.9727,135.8
basal-1.5-max,e03,compound (exp 03/04 protocol),R01,reklamacja,0,0,True,0.9992,197.9
basal-1.5-max,e03,compound (exp 03/04 protocol),R02,reklamacja,1,1,True,0.9997,178.2
basal-1.5-max,e03,compound (exp 03/04 protocol),R03,reklamacja,0,0,True,0.9863,312.2
basal-1.5-max,e03,compound (exp 03/04 protocol),R04,reklamacja,0,0,True,0.997,227.4
basal-1.5-max,e03,compound (exp 03/04 protocol),R05,reklamacja,1,1,True,0.9997,258.6
basal-1.5-max,e03,compound (exp 03/04 protocol),R06,reklamacja,0,0,True,0.9926,263.7
basal-1.5-max,e03,compound (exp 03/04 protocol),R07,reklamacja,1,1,True,0.9998,331.7
basal-1.5-max,e03,compound (exp 03/04 protocol),R08,reklamacja,0,0,True,0.9525,231.5
basal-1.5-max,e03,compound (exp 03/04 protocol),R09,reklamacja,1,1,True,0.9988,247.0
basal-1.5-max,e03,compound (exp 03/04 protocol),R10,reklamacja,1,1,True,0.9998,259.4
basal-1.5-max,e03,compound (exp 03/04 protocol),R11,reklamacja,0,0,True,0.998,235.1
basal-1.5-max,e03,compound (exp 03/04 protocol),R12,reklamacja,1,1,True,0.9997,214.6
basal-1.5-max,e03,compound (exp 03/04 protocol),R13,reklamacja,0,0,True,0.9885,240.1
basal-1.5-max,e03,compound (exp 03/04 protocol),R14,reklamacja,1,1,True,0.9867,215.7
basal-1.5-max,e03,compound (exp 03/04 protocol),R15,reklamacja,0,0,True,0.8609,222.0
basal-1.5-max,e03,compound (exp 03/04 protocol),R16,reklamacja,1,1,True,0.998,214.6
basal-1.5-max,e03,compound (exp 03/04 protocol),R17,reklamacja,0,0,True,0.9985,241.8
basal-1.5-max,e03,compound (exp 03/04 protocol),R18,reklamacja,1,1,True,0.9996,217.9
basal-1.5-max,e03,compound (exp 03/04 protocol),R19,reklamacja,0,0,True,0.9516,231.5
basal-1.5-max,e03,compound (exp 03/04 protocol),R20,reklamacja,1,1,True,0.9992,217.2
basal-1.5-max,e03,compound (exp 03/04 protocol),R21,reklamacja,0,0,True,0.9724,237.3
basal-1.5-max,e03,compound (exp 03/04 protocol),R22,reklamacja,1,1,True,0.9983,232.5
basal-1.5-max,e03,compound (exp 03/04 protocol),R23,reklamacja,0,0,True,0.9987,245.7
basal-1.5-max,e03,compound (exp 03/04 protocol),R24,reklamacja,1,1,True,0.9998,219.4
basal-1.5-max,e03,compound (exp 03/04 protocol),R25,reklamacja,0,0,True,0.9277,250.8
basal-1.5-max,e03,compound (exp 03/04 protocol),R26,reklamacja,1,1,True,0.994,239.0
basal-1.5-max,e03,compound (exp 03/04 protocol),R27,reklamacja,0,0,True,0.9701,222.6
basal-1.5-max,e03,compound (exp 03/04 protocol),R28,reklamacja,1,1,True,0.9996,192.6
basal-1.5-max,e03,compound (exp 03/04 protocol),R29,reklamacja,0,0,True,0.9933,195.9
basal-1.5-max,e03,compound (exp 03/04 protocol),R30,reklamacja,1,1,True,0.9997,214.2
basal-1.5-max,e03,compound (exp 03/04 protocol),R31,reklamacja,0,0,True,0.8992,215.7
basal-1.5-max,e03,compound (exp 03/04 protocol),R32,reklamacja,1,1,True,0.9994,200.9
basal-1.5-max,e03,compound (exp 03/04 protocol),R33,reklamacja,0,0,True,0.9977,213.9
basal-1.5-max,e03,compound (exp 03/04 protocol),R34,reklamacja,1,1,True,0.9997,212.3
basal-1.5-max,e03,compound (exp 03/04 protocol),R35,reklamacja,0,0,True,0.9467,218.8
basal-1.5-max,e03,compound (exp 03/04 protocol),R36,reklamacja,1,1,True,0.9998,193.4
basal-1.5-max,e03,compound (exp 03/04 protocol),R37,reklamacja,0,0,True,0.9947,219.9
basal-1.5-max,e03,compound (exp 03/04 protocol),R38,reklamacja,1,1,True,0.9995,186.2
basal-1.5-max,e03,compound (exp 03/04 protocol),R39,reklamacja,0,0,True,0.9848,200.5
basal-1.5-max,e03,compound (exp 03/04 protocol),R40,reklamacja,1,1,True,0.9892,179.9
basal-1.5-max,e03,compound (exp 03/04 protocol),D01,routing,2,2,True,0.9985,198.5
basal-1.5-max,e03,compound (exp 03/04 protocol),D02,routing,1,1,True,0.9983,202.4
basal-1.5-max,e03,compound (exp 03/04 protocol),D03,routing,3,3,True,0.9923,196.2
basal-1.5-max,e03,compound (exp 03/04 protocol),D04,routing,4,4,True,0.9996,194.3
basal-1.5-max,e03,compound (exp 03/04 protocol),D05,routing,0,0,True,0.9823,178.3
basal-1.5-max,e03,compound (exp 03/04 protocol),D06,routing,1,1,True,0.9954,299.1
basal-1.5-max,e03,compound (exp 03/04 protocol),D07,routing,4,4,True,0.8028,192.9
basal-1.5-max,e03,compound (exp 03/04 protocol),D08,routing,2,2,True,0.9981,195.1
basal-1.5-max,e03,compound (exp 03/04 protocol),D09,routing,3,3,True,0.962,198.6
basal-1.5-max,e03,compound (exp 03/04 protocol),D10,routing,0,0,True,0.9916,205.2
basal-1.5-max,e03,compound (exp 03/04 protocol),D11,routing,0,0,True,0.9487,193.8
basal-1.5-max,e03,compound (exp 03/04 protocol),D12,routing,0,0,True,0.9829,202.7
basal-1.5-max,e03,compound (exp 03/04 protocol),D13,routing,0,0,True,0.9935,205.5
basal-1.5-max,e03,compound (exp 03/04 protocol),D14,routing,0,0,True,0.8218,193.0
basal-1.5-max,e03,compound (exp 03/04 protocol),D15,routing,0,0,True,0.9937,191.2
basal-1.5-max,e03,compound (exp 03/04 protocol),D16,routing,0,0,True,0.983,213.7
basal-1.5-max,e03,compound (exp 03/04 protocol),D17,routing,1,1,True,0.9994,191.8
basal-1.5-max,e03,compound (exp 03/04 protocol),D18,routing,1,1,True,0.9711,191.1
basal-1.5-max,e03,compound (exp 03/04 protocol),D19,routing,1,1,True,0.6627,196.6
basal-1.5-max,e03,compound (exp 03/04 protocol),D20,routing,1,1,True,0.9942,185.4
basal-1.5-max,e03,compound (exp 03/04 protocol),D21,routing,1,1,True,0.9944,218.7
basal-1.5-max,e03,compound (exp 03/04 protocol),D22,routing,1,1,True,0.7555,194.8
basal-1.5-max,e03,compound (exp 03/04 protocol),D23,routing,2,2,True,0.9982,194.8
basal-1.5-max,e03,compound (exp 03/04 protocol),D24,routing,2,2,True,0.9969,193.1
basal-1.5-max,e03,compound (exp 03/04 protocol),D25,routing,2,2,True,0.9861,196.5
basal-1.5-max,e03,compound (exp 03/04 protocol),D26,routing,2,2,True,0.998,188.1
basal-1.5-max,e03,compound (exp 03/04 protocol),D27,routing,2,2,True,0.9983,194.6
basal-1.5-max,e03,compound (exp 03/04 protocol),D28,routing,2,2,True,0.9958,210.6
basal-1.5-max,e03,compound (exp 03/04 protocol),D29,routing,3,3,True,0.9909,193.9
basal-1.5-max,e03,compound (exp 03/04 protocol),D30,routing,3,3,True,0.9951,194.3
basal-1.5-max,e03,compound (exp 03/04 protocol),D31,routing,3,3,True,0.9822,195.7
basal-1.5-max,e03,compound (exp 03/04 protocol),D32,routing,3,3,True,0.9869,195.6
basal-1.5-max,e03,compound (exp 03/04 protocol),D33,routing,3,3,True,0.9955,196.5
basal-1.5-max,e03,compound (exp 03/04 protocol),D34,routing,3,3,True,0.9908,218.1
basal-1.5-max,e03,compound (exp 03/04 protocol),D35,routing,4,4,True,0.9897,215.1
basal-1.5-max,e03,compound (exp 03/04 protocol),D36,routing,4,4,True,0.9984,197.5
basal-1.5-max,e03,compound (exp 03/04 protocol),D37,routing,4,4,True,0.9626,210.4
basal-1.5-max,e03,compound (exp 03/04 protocol),D38,routing,4,4,True,0.9966,189.6
basal-1.5-max,e03,compound (exp 03/04 protocol),D39,routing,4,4,True,0.9307,193.3
basal-1.5-max,e03,compound (exp 03/04 protocol),D40,routing,4,4,True,0.994,200.6
basal-1.5-max,e03,compound (exp 03/04 protocol),E01,eskalacja,0,0,True,0.9996,227.6
basal-1.5-max,e03,compound (exp 03/04 protocol),E02,eskalacja,1,1,True,0.9978,214.0
basal-1.5-max,e03,compound (exp 03/04 protocol),E03,eskalacja,0,0,True,0.9997,224.1
basal-1.5-max,e03,compound (exp 03/04 protocol),E04,eskalacja,1,1,True,0.9964,223.3
basal-1.5-max,e03,compound (exp 03/04 protocol),E05,eskalacja,0,0,True,0.9993,224.8
basal-1.5-max,e03,compound (exp 03/04 protocol),E06,eskalacja,0,0,True,0.9996,224.1
basal-1.5-max,e03,compound (exp 03/04 protocol),E07,eskalacja,0,0,True,0.9993,250.9
basal-1.5-max,e03,compound (exp 03/04 protocol),E08,eskalacja,0,0,True,0.9984,227.4
basal-1.5-max,e03,compound (exp 03/04 protocol),E09,eskalacja,0,0,True,0.9992,225.1
basal-1.5-max,e03,compound (exp 03/04 protocol),E10,eskalacja,0,0,True,0.9924,229.9
basal-1.5-max,e03,compound (exp 03/04 protocol),E11,eskalacja,0,0,True,0.9814,220.4
basal-1.5-max,e03,compound (exp 03/04 protocol),E12,eskalacja,0,0,True,0.9996,228.8
basal-1.5-max,e03,compound (exp 03/04 protocol),E13,eskalacja,0,0,True,0.9996,256.4
basal-1.5-max,e03,compound (exp 03/04 protocol),E14,eskalacja,0,0,True,0.9992,233.2
basal-1.5-max,e03,compound (exp 03/04 protocol),E15,eskalacja,0,0,True,0.9992,245.1
basal-1.5-max,e03,compound (exp 03/04 protocol),E16,eskalacja,0,0,True,0.989,269.4
basal-1.5-max,e03,compound (exp 03/04 protocol),E17,eskalacja,0,0,True,0.9996,242.1
basal-1.5-max,e03,compound (exp 03/04 protocol),E18,eskalacja,0,0,True,0.9995,228.5
basal-1.5-max,e03,compound (exp 03/04 protocol),E19,eskalacja,0,0,True,0.9997,228.3
basal-1.5-max,e03,compound (exp 03/04 protocol),E20,eskalacja,0,0,True,0.9956,257.6
basal-1.5-max,e03,compound (exp 03/04 protocol),E21,eskalacja,0,0,True,0.9961,230.6
basal-1.5-max,e03,compound (exp 03/04 protocol),E22,eskalacja,0,0,True,0.9951,221.7
basal-1.5-max,e03,compound (exp 03/04 protocol),E23,eskalacja,1,1,True,0.992,218.6
basal-1.5-max,e03,compound (exp 03/04 protocol),E24,eskalacja,1,1,True,0.9851,219.0
basal-1.5-max,e03,compound (exp 03/04 protocol),E25,eskalacja,1,1,True,0.9981,216.7
basal-1.5-max,e03,compound (exp 03/04 protocol),E26,eskalacja,1,1,True,0.9814,230.7
basal-1.5-max,e03,compound (exp 03/04 protocol),E27,eskalacja,1,1,True,0.9889,228.4
basal-1.5-max,e03,compound (exp 03/04 protocol),E28,eskalacja,1,1,True,0.6822,235.2
basal-1.5-max,e03,compound (exp 03/04 protocol),E29,eskalacja,1,1,True,0.9894,220.5
basal-1.5-max,e03,compound (exp 03/04 protocol),E30,eskalacja,1,1,True,0.9885,230.3
basal-1.5-max,e03,compound (exp 03/04 protocol),E31,eskalacja,1,1,True,0.9969,220.3
basal-1.5-max,e03,compound (exp 03/04 protocol),E32,eskalacja,1,1,True,0.9897,224.0
basal-1.5-max,e03,compound (exp 03/04 protocol),E33,eskalacja,1,1,True,0.9954,219.5
basal-1.5-max,e03,compound (exp 03/04 protocol),E34,eskalacja,1,1,True,0.5202,218.8
basal-1.5-max,e03,compound (exp 03/04 protocol),E35,eskalacja,1,1,True,0.9944,219.6
basal-1.5-max,e03,compound (exp 03/04 protocol),E36,eskalacja,1,0,False,0.6656,221.2
basal-1.5-max,e03,compound (exp 03/04 protocol),E37,eskalacja,1,1,True,0.9979,220.6
basal-1.5-max,e03,compound (exp 03/04 protocol),E38,eskalacja,1,1,True,0.9885,220.9
basal-1.5-max,e03,compound (exp 03/04 protocol),E39,eskalacja,1,1,True,0.9974,231.9
basal-1.5-max,e03,compound (exp 03/04 protocol),E40,eskalacja,1,1,True,0.9939,221.7
basal-1.5-max,e03,compound (exp 03/04 protocol),K01,kompletnosc,0,0,True,0.9576,259.3
basal-1.5-max,e03,compound (exp 03/04 protocol),K02,kompletnosc,1,0,False,0.9552,264.6
basal-1.5-max,e03,compound (exp 03/04 protocol),K03,kompletnosc,1,1,True,0.9879,250.0
basal-1.5-max,e03,compound (exp 03/04 protocol),K04,kompletnosc,0,0,True,0.9983,276.3
basal-1.5-max,e03,compound (exp 03/04 protocol),K05,kompletnosc,1,1,True,0.9986,235.2
basal-1.5-max,e03,compound (exp 03/04 protocol),K06,kompletnosc,0,0,True,0.9391,240.1
basal-1.5-max,e03,compound (exp 03/04 protocol),K07,kompletnosc,1,1,True,0.9942,247.7
basal-1.5-max,e03,compound (exp 03/04 protocol),K08,kompletnosc,0,0,True,0.965,246.1
basal-1.5-max,e03,compound (exp 03/04 protocol),K09,kompletnosc,1,1,True,0.9002,219.7
basal-1.5-max,e03,compound (exp 03/04 protocol),K10,kompletnosc,0,0,True,0.9968,263.5
basal-1.5-max,e03,compound (exp 03/04 protocol),K11,kompletnosc,1,1,True,0.916,229.2
basal-1.5-max,e03,compound (exp 03/04 protocol),K12,kompletnosc,0,0,True,0.9966,253.1
basal-1.5-max,e03,compound (exp 03/04 protocol),K13,kompletnosc,1,1,True,0.9942,226.4
basal-1.5-max,e03,compound (exp 03/04 protocol),K14,kompletnosc,1,1,True,0.9985,218.2
basal-1.5-max,e03,compound (exp 03/04 protocol),K15,kompletnosc,0,0,True,0.9972,226.6
basal-1.5-max,e03,compound (exp 03/04 protocol),K16,kompletnosc,1,1,True,0.9965,222.3
basal-1.5-max,e03,compound (exp 03/04 protocol),K17,kompletnosc,0,0,True,0.9791,217.7
basal-1.5-max,e03,compound (exp 03/04 protocol),K18,kompletnosc,1,1,True,0.9923,207.8
basal-1.5-max,e03,compound (exp 03/04 protocol),K19,kompletnosc,1,1,True,0.9964,235.9
basal-1.5-max,e03,compound (exp 03/04 protocol),K20,kompletnosc,0,0,True,0.9847,224.7
basal-1.5-max,e03,compound (exp 03/04 protocol),K21,kompletnosc,0,0,True,0.9247,276.8
basal-1.5-max,e03,compound (exp 03/04 protocol),K22,kompletnosc,0,1,False,0.6898,280.9
basal-1.5-max,e03,compound (exp 03/04 protocol),K23,kompletnosc,1,1,True,0.9937,264.6
basal-1.5-max,e03,compound (exp 03/04 protocol),K24,kompletnosc,1,1,True,0.9715,268.0
basal-1.5-max,e03,compound (exp 03/04 protocol),K25,kompletnosc,0,0,True,0.9822,284.2
basal-1.5-max,e03,compound (exp 03/04 protocol),K26,kompletnosc,1,1,True,0.92,259.5
basal-1.5-max,e03,compound (exp 03/04 protocol),K27,kompletnosc,0,0,True,0.9949,274.2
basal-1.5-max,e03,compound (exp 03/04 protocol),K28,kompletnosc,1,1,True,0.9954,262.3
basal-1.5-max,e03,compound (exp 03/04 protocol),K29,kompletnosc,0,0,True,0.9963,265.1
basal-1.5-max,e03,compound (exp 03/04 protocol),K30,kompletnosc,1,1,True,0.9678,256.3
basal-1.5-max,e03,compound (exp 03/04 protocol),K31,kompletnosc,1,1,True,0.9975,255.4
basal-1.5-max,e03,compound (exp 03/04 protocol),K32,kompletnosc,0,0,True,0.9842,282.3
basal-1.5-max,e03,compound (exp 03/04 protocol),K33,kompletnosc,0,0,True,0.9591,239.7
basal-1.5-max,e03,compound (exp 03/04 protocol),K34,kompletnosc,1,1,True,0.998,234.1
basal-1.5-max,e03,compound (exp 03/04 protocol),K35,kompletnosc,0,0,True,0.9915,271.6
basal-1.5-max,e03,compound (exp 03/04 protocol),K36,kompletnosc,1,1,True,0.9974,258.7
basal-1.5-max,e03,compound (exp 03/04 protocol),K37,kompletnosc,0,0,True,0.9391,253.5
basal-1.5-max,e03,compound (exp 03/04 protocol),K38,kompletnosc,1,1,True,0.8611,243.7
basal-1.5-max,e03,compound (exp 03/04 protocol),K40,kompletnosc,1,1,True,0.9995,225.4
basal-1.5-max,e03,compound (exp 03/04 protocol),S01,irytacja,0,0,True,0.9985,199.4
basal-1.5-max,e03,compound (exp 03/04 protocol),S02,irytacja,0,0,True,0.9976,197.9
basal-1.5-max,e03,compound (exp 03/04 protocol),S03,irytacja,0,0,True,0.998,201.9
basal-1.5-max,e03,compound (exp 03/04 protocol),S04,irytacja,0,0,True,0.9967,172.2
basal-1.5-max,e03,compound (exp 03/04 protocol),S05,irytacja,0,0,True,0.9929,196.9
basal-1.5-max,e03,compound (exp 03/04 protocol),S06,irytacja,0,0,True,0.998,176.6
basal-1.5-max,e03,compound (exp 03/04 protocol),S07,irytacja,0,0,True,0.9947,171.8
basal-1.5-max,e03,compound (exp 03/04 protocol),S08,irytacja,1,1,True,0.891,208.5
basal-1.5-max,e03,compound (exp 03/04 protocol),S09,irytacja,1,1,True,0.6725,194.1
basal-1.5-max,e03,compound (exp 03/04 protocol),S10,irytacja,1,1,True,0.7301,195.0
basal-1.5-max,e03,compound (exp 03/04 protocol),S11,irytacja,1,0,False,0.4994,193.8
basal-1.5-max,e03,compound (exp 03/04 protocol),S12,irytacja,1,1,True,0.9607,197.1
basal-1.5-max,e03,compound (exp 03/04 protocol),S13,irytacja,1,1,True,0.8675,200.6
basal-1.5-max,e03,compound (exp 03/04 protocol),S15,irytacja,2,2,True,0.998,194.4
basal-1.5-max,e03,compound (exp 03/04 protocol),S16,irytacja,2,2,True,0.9855,197.0
basal-1.5-max,e03,compound (exp 03/04 protocol),S17,irytacja,2,2,True,0.9967,209.2
basal-1.5-max,e03,compound (exp 03/04 protocol),S18,irytacja,2,2,True,0.9978,216.1
basal-1.5-max,e03,compound (exp 03/04 protocol),S19,irytacja,2,2,True,0.9966,220.7
basal-1.5-max,e03,compound (exp 03/04 protocol),S20,irytacja,2,2,True,0.9932,193.1
basal-1.5-max,e03,compound (exp 03/04 protocol),P01,phishing,0,0,True,0.9993,231.8
basal-1.5-max,e03,compound (exp 03/04 protocol),P02,phishing,0,0,True,0.9932,232.1
basal-1.5-max,e03,compound (exp 03/04 protocol),P03,phishing,0,0,True,0.9992,281.8
basal-1.5-max,e03,compound (exp 03/04 protocol),P04,phishing,0,0,True,0.7451,302.9
basal-1.5-max,e03,compound (exp 03/04 protocol),P05,phishing,0,0,True,0.9996,248.2
basal-1.5-max,e03,compound (exp 03/04 protocol),P06,phishing,0,0,True,0.9996,269.5
basal-1.5-max,e03,compound (exp 03/04 protocol),P07,phishing,0,0,True,0.9996,243.5
basal-1.5-max,e03,compound (exp 03/04 protocol),P08,phishing,0,0,True,0.9988,244.5
basal-1.5-max,e03,compound (exp 03/04 protocol),P09,phishing,0,0,True,0.9783,246.1
basal-1.5-max,e03,compound (exp 03/04 protocol),P10,phishing,0,0,True,0.9993,247.3
basal-1.5-max,e03,compound (exp 03/04 protocol),P11,phishing,1,1,True,0.9543,279.1
basal-1.5-max,e03,compound (exp 03/04 protocol),P12,phishing,1,1,True,0.991,244.4
basal-1.5-max,e03,compound (exp 03/04 protocol),P13,phishing,1,1,True,0.8343,283.1
basal-1.5-max,e03,compound (exp 03/04 protocol),P14,phishing,1,1,True,0.997,268.9
basal-1.5-max,e03,compound (exp 03/04 protocol),P15,phishing,1,1,True,0.6382,277.9
basal-1.5-max,e03,compound (exp 03/04 protocol),P16,phishing,1,1,True,0.9984,232.0
basal-1.5-max,e03,compound (exp 03/04 protocol),P17,phishing,1,1,True,0.9885,246.7
basal-1.5-max,e03,compound (exp 03/04 protocol),P18,phishing,1,1,True,0.9662,250.3
basal-1.5-max,e03,compound (exp 03/04 protocol),P19,phishing,1,1,True,0.9138,236.0
basal-1.5-max,e03,compound (exp 03/04 protocol),P20,phishing,1,1,True,0.9881,246.3
"Jev 1.13, 2 orders",e03,compound (exp 03/04 protocol),R01,reklamacja,0,0,True,0.98,650.9
"Jev 1.13, 2 orders",e03,compound (exp 03/04 protocol),R02,reklamacja,1,1,True,0.98,1661.4
"Jev 1.13, 2 orders",e03,compound (exp 03/04 protocol),R03,reklamacja,0,0,True,0.975,571.5
"Jev 1.13, 2 orders",e03,compound (exp 03/04 protocol),R04,reklamacja,0,0,True,0.98,654.1
"Jev 1.13, 2 orders",e03,compound (exp 03/04 protocol),R05,reklamacja,1,1,True,0.98,524.0
"Jev 1.13, 2 orders",e03,compound (exp 03/04 protocol),R06,reklamacja,0,0,True,0.98,677.8
"Jev 1.13, 2 orders",e03,compound (exp 03/04 protocol),R07,reklamacja,1,1,True,0.98,585.6
"Jev 1.13, 2 orders",e03,compound (exp 03/04 protocol),R08,reklamacja,0,0,True,0.95,572.9
"Jev 1.13, 2 orders",e03,compound (exp 03/04 protocol),R09,reklamacja,1,1,True,0.945,737.8
"Jev 1.13, 2 orders",e03,compound (exp 03/04 protocol),R10,reklamacja,1,1,True,0.98,574.1
"Jev 1.13, 2 orders",e03,compound (exp 03/04 protocol),R11,reklamacja,0,0,True,0.98,559.4
"Jev 1.13, 2 orders",e03,compound (exp 03/04 protocol),R12,reklamacja,1,1,True,0.98,630.1
"Jev 1.13, 2 orders",e03,compound (exp 03/04 protocol),R13,reklamacja,0,0,True,0.96,533.7
"Jev 1.13, 2 orders",e03,compound (exp 03/04 protocol),R14,reklamacja,1,1,True,0.855,554.0
"Jev 1.13, 2 orders",e03,compound (exp 03/04 protocol),R15,reklamacja,0,0,True,0.895,617.1
"Jev 1.13, 2 orders",e03,compound (exp 03/04 protocol),R16,reklamacja,1,1,True,0.95,559.9
"Jev 1.13, 2 orders",e03,compound (exp 03/04 protocol),R17,reklamacja,0,0,True,0.98,576.4
"Jev 1.13, 2 orders",e03,compound (exp 03/04 protocol),R18,reklamacja,1,1,True,0.975,543.1
"Jev 1.13, 2 orders",e03,compound (exp 03/04 protocol),R19,reklamacja,0,0,True,0.95,598.4
"Jev 1.13, 2 orders",e03,compound (exp 03/04 protocol),R20,reklamacja,1,1,True,0.96,534.7
"Jev 1.13, 2 orders",e03,compound (exp 03/04 protocol),R21,reklamacja,0,0,True,0.97,570.4
"Jev 1.13, 2 orders",e03,compound (exp 03/04 protocol),R22,reklamacja,1,1,True,0.965,577.7
"Jev 1.13, 2 orders",e03,compound (exp 03/04 protocol),R23,reklamacja,0,0,True,0.98,589.4
"Jev 1.13, 2 orders",e03,compound (exp 03/04 protocol),R24,reklamacja,1,1,True,0.98,710.5
"Jev 1.13, 2 orders",e03,compound (exp 03/04 protocol),R25,reklamacja,0,0,True,0.9,707.0
"Jev 1.13, 2 orders",e03,compound (exp 03/04 protocol),R26,reklamacja,1,1,True,0.91,583.7
"Jev 1.13, 2 orders",e03,compound (exp 03/04 protocol),R27,reklamacja,0,0,True,0.96,595.7
"Jev 1.13, 2 orders",e03,compound (exp 03/04 protocol),R28,reklamacja,1,1,True,0.98,545.0
"Jev 1.13, 2 orders",e03,compound (exp 03/04 protocol),R29,reklamacja,0,0,True,0.98,584.7
"Jev 1.13, 2 orders",e03,compound (exp 03/04 protocol),R30,reklamacja,1,1,True,0.98,574.7
"Jev 1.13, 2 orders",e03,compound (exp 03/04 protocol),R31,reklamacja,0,0,True,0.93,633.6
"Jev 1.13, 2 orders",e03,compound (exp 03/04 protocol),R32,reklamacja,1,1,True,0.97,599.6
"Jev 1.13, 2 orders",e03,compound (exp 03/04 protocol),R33,reklamacja,0,0,True,0.98,553.8
"Jev 1.13, 2 orders",e03,compound (exp 03/04 protocol),R34,reklamacja,1,1,True,0.98,730.9
"Jev 1.13, 2 orders",e03,compound (exp 03/04 protocol),R35,reklamacja,0,0,True,0.92,577.0
"Jev 1.13, 2 orders",e03,compound (exp 03/04 protocol),R36,reklamacja,1,1,True,0.98,544.6
"Jev 1.13, 2 orders",e03,compound (exp 03/04 protocol),R37,reklamacja,0,0,True,0.97,692.2
"Jev 1.13, 2 orders",e03,compound (exp 03/04 protocol),R38,reklamacja,1,1,True,0.98,572.0
"Jev 1.13, 2 orders",e03,compound (exp 03/04 protocol),R39,reklamacja,0,0,True,0.9,1112.6
"Jev 1.13, 2 orders",e03,compound (exp 03/04 protocol),R40,reklamacja,1,1,True,0.86,639.7
"Jev 1.13, 2 orders",e03,compound (exp 03/04 protocol),D01,routing,2,2,True,1.0,550.1
"Jev 1.13, 2 orders",e03,compound (exp 03/04 protocol),D02,routing,1,1,True,1.0,567.4
"Jev 1.13, 2 orders",e03,compound (exp 03/04 protocol),D03,routing,3,3,True,1.0,644.7
"Jev 1.13, 2 orders",e03,compound (exp 03/04 protocol),D04,routing,4,4,True,1.0,617.5
"Jev 1.13, 2 orders",e03,compound (exp 03/04 protocol),D05,routing,0,0,True,1.0,529.9
"Jev 1.13, 2 orders",e03,compound (exp 03/04 protocol),D06,routing,1,1,True,1.0,569.5
"Jev 1.13, 2 orders",e03,compound (exp 03/04 protocol),D07,routing,4,4,True,0.92,1171.4
"Jev 1.13, 2 orders",e03,compound (exp 03/04 protocol),D08,routing,2,2,True,1.0,540.6
"Jev 1.13, 2 orders",e03,compound (exp 03/04 protocol),D09,routing,3,3,True,1.0,578.9
"Jev 1.13, 2 orders",e03,compound (exp 03/04 protocol),D10,routing,0,0,True,1.0,543.7
"Jev 1.13, 2 orders",e03,compound (exp 03/04 protocol),D11,routing,0,0,True,1.0,624.8
"Jev 1.13, 2 orders",e03,compound (exp 03/04 protocol),D12,routing,0,0,True,0.995,649.9
"Jev 1.13, 2 orders",e03,compound (exp 03/04 protocol),D13,routing,0,0,True,1.0,547.4
"Jev 1.13, 2 orders",e03,compound (exp 03/04 protocol),D14,routing,0,0,True,0.955,580.6
"Jev 1.13, 2 orders",e03,compound (exp 03/04 protocol),D15,routing,0,0,True,1.0,562.9
"Jev 1.13, 2 orders",e03,compound (exp 03/04 protocol),D16,routing,0,0,True,0.995,597.0
"Jev 1.13, 2 orders",e03,compound (exp 03/04 protocol),D17,routing,1,1,True,1.0,645.5
"Jev 1.13, 2 orders",e03,compound (exp 03/04 protocol),D18,routing,1,1,True,1.0,574.7
"Jev 1.13, 2 orders",e03,compound (exp 03/04 protocol),D19,routing,1,1,True,0.945,596.3
"Jev 1.13, 2 orders",e03,compound (exp 03/04 protocol),D20,routing,1,1,True,1.0,558.6
"Jev 1.13, 2 orders",e03,compound (exp 03/04 protocol),D21,routing,1,1,True,1.0,595.3
"Jev 1.13, 2 orders",e03,compound (exp 03/04 protocol),D22,routing,1,3,False,0.545,630.1
"Jev 1.13, 2 orders",e03,compound (exp 03/04 protocol),D23,routing,2,2,True,1.0,603.7
"Jev 1.13, 2 orders",e03,compound (exp 03/04 protocol),D24,routing,2,2,True,1.0,658.3
"Jev 1.13, 2 orders",e03,compound (exp 03/04 protocol),D25,routing,2,2,True,1.0,532.8
"Jev 1.13, 2 orders",e03,compound (exp 03/04 protocol),D26,routing,2,2,True,1.0,575.7
"Jev 1.13, 2 orders",e03,compound (exp 03/04 protocol),D27,routing,2,2,True,1.0,643.4
"Jev 1.13, 2 orders",e03,compound (exp 03/04 protocol),D28,routing,2,2,True,1.0,567.7
"Jev 1.13, 2 orders",e03,compound (exp 03/04 protocol),D29,routing,3,3,True,1.0,561.5
"Jev 1.13, 2 orders",e03,compound (exp 03/04 protocol),D30,routing,3,3,True,1.0,637.1
"Jev 1.13, 2 orders",e03,compound (exp 03/04 protocol),D31,routing,3,3,True,1.0,648.8
"Jev 1.13, 2 orders",e03,compound (exp 03/04 protocol),D32,routing,3,3,True,1.0,1122.6
"Jev 1.13, 2 orders",e03,compound (exp 03/04 protocol),D33,routing,3,3,True,1.0,553.7
"Jev 1.13, 2 orders",e03,compound (exp 03/04 protocol),D34,routing,3,3,True,1.0,543.4
"Jev 1.13, 2 orders",e03,compound (exp 03/04 protocol),D35,routing,4,4,True,1.0,549.4
"Jev 1.13, 2 orders",e03,compound (exp 03/04 protocol),D36,routing,4,4,True,1.0,566.4
"Jev 1.13, 2 orders",e03,compound (exp 03/04 protocol),D37,routing,4,4,True,1.0,587.4
"Jev 1.13, 2 orders",e03,compound (exp 03/04 protocol),D38,routing,4,4,True,1.0,551.1
"Jev 1.13, 2 orders",e03,compound (exp 03/04 protocol),D39,routing,4,4,True,0.97,614.3
"Jev 1.13, 2 orders",e03,compound (exp 03/04 protocol),D40,routing,4,4,True,1.0,809.8
"Jev 1.13, 2 orders",e03,compound (exp 03/04 protocol),E01,eskalacja,0,0,True,0.96,553.4
"Jev 1.13, 2 orders",e03,compound (exp 03/04 protocol),E02,eskalacja,1,1,True,0.96,628.1
"Jev 1.13, 2 orders",e03,compound (exp 03/04 protocol),E03,eskalacja,0,0,True,0.94,581.3
"Jev 1.13, 2 orders",e03,compound (exp 03/04 protocol),E04,eskalacja,1,1,True,0.94,608.3
"Jev 1.13, 2 orders",e03,compound (exp 03/04 protocol),E05,eskalacja,0,0,True,0.95,569.4
"Jev 1.13, 2 orders",e03,compound (exp 03/04 protocol),E06,eskalacja,0,0,True,0.94,592.1
"Jev 1.13, 2 orders",e03,compound (exp 03/04 protocol),E07,eskalacja,0,0,True,0.895,600.7
"Jev 1.13, 2 orders",e03,compound (exp 03/04 protocol),E08,eskalacja,0,0,True,0.87,581.1
"Jev 1.13, 2 orders",e03,compound (exp 03/04 protocol),E09,eskalacja,0,0,True,0.94,664.3
"Jev 1.13, 2 orders",e03,compound (exp 03/04 protocol),E10,eskalacja,0,0,True,0.88,551.3
"Jev 1.13, 2 orders",e03,compound (exp 03/04 protocol),E11,eskalacja,0,0,True,0.71,742.2
"Jev 1.13, 2 orders",e03,compound (exp 03/04 protocol),E12,eskalacja,0,0,True,0.96,590.6
"Jev 1.13, 2 orders",e03,compound (exp 03/04 protocol),E13,eskalacja,0,0,True,0.97,529.2
"Jev 1.13, 2 orders",e03,compound (exp 03/04 protocol),E14,eskalacja,0,0,True,0.92,536.0
"Jev 1.13, 2 orders",e03,compound (exp 03/04 protocol),E15,eskalacja,0,0,True,0.905,652.5
"Jev 1.13, 2 orders",e03,compound (exp 03/04 protocol),E16,eskalacja,0,0,True,0.885,599.6
"Jev 1.13, 2 orders",e03,compound (exp 03/04 protocol),E17,eskalacja,0,0,True,0.94,594.7
"Jev 1.13, 2 orders",e03,compound (exp 03/04 protocol),E18,eskalacja,0,0,True,0.9,557.7
"Jev 1.13, 2 orders",e03,compound (exp 03/04 protocol),E19,eskalacja,0,0,True,0.97,580.2
"Jev 1.13, 2 orders",e03,compound (exp 03/04 protocol),E20,eskalacja,0,0,True,0.79,550.8
"Jev 1.13, 2 orders",e03,compound (exp 03/04 protocol),E21,eskalacja,0,0,True,0.92,652.6
"Jev 1.13, 2 orders",e03,compound (exp 03/04 protocol),E22,eskalacja,0,0,True,0.68,566.5
"Jev 1.13, 2 orders",e03,compound (exp 03/04 protocol),E23,eskalacja,1,1,True,0.93,676.0
"Jev 1.13, 2 orders",e03,compound (exp 03/04 protocol),E24,eskalacja,1,1,True,0.9,593.9
"Jev 1.13, 2 orders",e03,compound (exp 03/04 protocol),E25,eskalacja,1,1,True,0.95,626.1
"Jev 1.13, 2 orders",e03,compound (exp 03/04 protocol),E26,eskalacja,1,1,True,0.93,636.0
"Jev 1.13, 2 orders",e03,compound (exp 03/04 protocol),E27,eskalacja,1,1,True,0.92,642.0
"Jev 1.13, 2 orders",e03,compound (exp 03/04 protocol),E28,eskalacja,1,1,True,0.86,563.1
"Jev 1.13, 2 orders",e03,compound (exp 03/04 protocol),E29,eskalacja,1,1,True,0.92,612.9
"Jev 1.13, 2 orders",e03,compound (exp 03/04 protocol),E30,eskalacja,1,1,True,0.93,526.5
"Jev 1.13, 2 orders",e03,compound (exp 03/04 protocol),E31,eskalacja,1,1,True,0.915,633.6
"Jev 1.13, 2 orders",e03,compound (exp 03/04 protocol),E32,eskalacja,1,1,True,0.94,534.2
"Jev 1.13, 2 orders",e03,compound (exp 03/04 protocol),E33,eskalacja,1,1,True,0.92,600.9
"Jev 1.13, 2 orders",e03,compound (exp 03/04 protocol),E34,eskalacja,1,1,True,0.68,670.3
"Jev 1.13, 2 orders",e03,compound (exp 03/04 protocol),E35,eskalacja,1,1,True,0.92,595.0
"Jev 1.13, 2 orders",e03,compound (exp 03/04 protocol),E36,eskalacja,1,1,True,0.585,683.6
"Jev 1.13, 2 orders",e03,compound (exp 03/04 protocol),E37,eskalacja,1,1,True,0.92,761.5
"Jev 1.13, 2 orders",e03,compound (exp 03/04 protocol),E38,eskalacja,1,1,True,0.95,596.1
"Jev 1.13, 2 orders",e03,compound (exp 03/04 protocol),E39,eskalacja,1,1,True,0.935,597.2
"Jev 1.13, 2 orders",e03,compound (exp 03/04 protocol),E40,eskalacja,1,1,True,0.93,563.5
"Jev 1.13, 2 orders",e03,compound (exp 03/04 protocol),K01,kompletnosc,0,0,True,0.945,584.4
"Jev 1.13, 2 orders",e03,compound (exp 03/04 protocol),K02,kompletnosc,1,1,True,0.92,559.1
"Jev 1.13, 2 orders",e03,compound (exp 03/04 protocol),K03,kompletnosc,1,1,True,0.915,613.2
"Jev 1.13, 2 orders",e03,compound (exp 03/04 protocol),K04,kompletnosc,0,0,True,0.975,764.5
"Jev 1.13, 2 orders",e03,compound (exp 03/04 protocol),K05,kompletnosc,1,1,True,0.9,654.5
"Jev 1.13, 2 orders",e03,compound (exp 03/04 protocol),K06,kompletnosc,0,0,True,0.935,646.8
"Jev 1.13, 2 orders",e03,compound (exp 03/04 protocol),K07,kompletnosc,1,1,True,0.91,558.0
"Jev 1.13, 2 orders",e03,compound (exp 03/04 protocol),K08,kompletnosc,0,0,True,0.945,584.4
"Jev 1.13, 2 orders",e03,compound (exp 03/04 protocol),K09,kompletnosc,1,1,True,0.885,572.3
"Jev 1.13, 2 orders",e03,compound (exp 03/04 protocol),K10,kompletnosc,0,0,True,0.98,624.7
"Jev 1.13, 2 orders",e03,compound (exp 03/04 protocol),K11,kompletnosc,1,1,True,0.94,540.4
"Jev 1.13, 2 orders",e03,compound (exp 03/04 protocol),K12,kompletnosc,0,0,True,0.98,777.8
"Jev 1.13, 2 orders",e03,compound (exp 03/04 protocol),K13,kompletnosc,1,1,True,0.945,572.2
"Jev 1.13, 2 orders",e03,compound (exp 03/04 protocol),K14,kompletnosc,1,1,True,0.95,752.6
"Jev 1.13, 2 orders",e03,compound (exp 03/04 protocol),K15,kompletnosc,0,0,True,0.98,580.0
"Jev 1.13, 2 orders",e03,compound (exp 03/04 protocol),K16,kompletnosc,1,1,True,0.865,545.8
"Jev 1.13, 2 orders",e03,compound (exp 03/04 protocol),K17,kompletnosc,0,0,True,0.97,536.4
"Jev 1.13, 2 orders",e03,compound (exp 03/04 protocol),K18,kompletnosc,1,1,True,0.93,573.9
"Jev 1.13, 2 orders",e03,compound (exp 03/04 protocol),K19,kompletnosc,1,1,True,0.93,549.8
"Jev 1.13, 2 orders",e03,compound (exp 03/04 protocol),K20,kompletnosc,0,0,True,0.97,589.4
"Jev 1.13, 2 orders",e03,compound (exp 03/04 protocol),K21,kompletnosc,0,0,True,0.945,544.3
"Jev 1.13, 2 orders",e03,compound (exp 03/04 protocol),K22,kompletnosc,0,1,False,0.62,581.2
"Jev 1.13, 2 orders",e03,compound (exp 03/04 protocol),K23,kompletnosc,1,1,True,0.94,592.4
"Jev 1.13, 2 orders",e03,compound (exp 03/04 protocol),K24,kompletnosc,1,1,True,0.915,538.7
"Jev 1.13, 2 orders",e03,compound (exp 03/04 protocol),K25,kompletnosc,0,0,True,0.97,549.3
"Jev 1.13, 2 orders",e03,compound (exp 03/04 protocol),K26,kompletnosc,1,1,True,0.96,555.5
"Jev 1.13, 2 orders",e03,compound (exp 03/04 protocol),K27,kompletnosc,0,0,True,0.96,548.3
"Jev 1.13, 2 orders",e03,compound (exp 03/04 protocol),K28,kompletnosc,1,1,True,0.92,611.2
"Jev 1.13, 2 orders",e03,compound (exp 03/04 protocol),K29,kompletnosc,0,0,True,0.97,642.8
"Jev 1.13, 2 orders",e03,compound (exp 03/04 protocol),K30,kompletnosc,1,1,True,0.94,581.6
"Jev 1.13, 2 orders",e03,compound (exp 03/04 protocol),K31,kompletnosc,1,1,True,0.95,543.3
"Jev 1.13, 2 orders",e03,compound (exp 03/04 protocol),K32,kompletnosc,0,0,True,0.94,579.3
"Jev 1.13, 2 orders",e03,compound (exp 03/04 protocol),K33,kompletnosc,0,0,True,0.95,577.7
"Jev 1.13, 2 orders",e03,compound (exp 03/04 protocol),K34,kompletnosc,1,1,True,0.915,608.7
"Jev 1.13, 2 orders",e03,compound (exp 03/04 protocol),K35,kompletnosc,0,0,True,0.905,538.2
"Jev 1.13, 2 orders",e03,compound (exp 03/04 protocol),K36,kompletnosc,1,1,True,0.94,583.0
"Jev 1.13, 2 orders",e03,compound (exp 03/04 protocol),K37,kompletnosc,0,0,True,0.9,602.1
"Jev 1.13, 2 orders",e03,compound (exp 03/04 protocol),K38,kompletnosc,1,1,True,0.815,586.9
"Jev 1.13, 2 orders",e03,compound (exp 03/04 protocol),K40,kompletnosc,1,1,True,0.97,533.7
"Jev 1.13, 2 orders",e03,compound (exp 03/04 protocol),S01,irytacja,0,0,True,1.0,585.2
"Jev 1.13, 2 orders",e03,compound (exp 03/04 protocol),S02,irytacja,0,0,True,1.0,559.0
"Jev 1.13, 2 orders",e03,compound (exp 03/04 protocol),S03,irytacja,0,0,True,0.885,595.7
"Jev 1.13, 2 orders",e03,compound (exp 03/04 protocol),S04,irytacja,0,0,True,1.0,566.9
"Jev 1.13, 2 orders",e03,compound (exp 03/04 protocol),S05,irytacja,0,0,True,0.825,567.1
"Jev 1.13, 2 orders",e03,compound (exp 03/04 protocol),S06,irytacja,0,0,True,1.0,670.1
"Jev 1.13, 2 orders",e03,compound (exp 03/04 protocol),S07,irytacja,0,0,True,1.0,570.1
"Jev 1.13, 2 orders",e03,compound (exp 03/04 protocol),S08,irytacja,1,1,True,1.0,576.7
"Jev 1.13, 2 orders",e03,compound (exp 03/04 protocol),S09,irytacja,1,1,True,0.975,637.8
"Jev 1.13, 2 orders",e03,compound (exp 03/04 protocol),S10,irytacja,1,1,True,0.955,596.0
"Jev 1.13, 2 orders",e03,compound (exp 03/04 protocol),S11,irytacja,1,1,True,0.96,547.0
"Jev 1.13, 2 orders",e03,compound (exp 03/04 protocol),S12,irytacja,1,1,True,1.0,554.1
"Jev 1.13, 2 orders",e03,compound (exp 03/04 protocol),S13,irytacja,1,1,True,0.985,596.9
"Jev 1.13, 2 orders",e03,compound (exp 03/04 protocol),S15,irytacja,2,2,True,1.0,585.3
"Jev 1.13, 2 orders",e03,compound (exp 03/04 protocol),S16,irytacja,2,2,True,1.0,541.6
"Jev 1.13, 2 orders",e03,compound (exp 03/04 protocol),S17,irytacja,2,2,True,1.0,588.3
"Jev 1.13, 2 orders",e03,compound (exp 03/04 protocol),S18,irytacja,2,2,True,1.0,607.2
"Jev 1.13, 2 orders",e03,compound (exp 03/04 protocol),S19,irytacja,2,2,True,1.0,539.3
"Jev 1.13, 2 orders",e03,compound (exp 03/04 protocol),S20,irytacja,2,2,True,1.0,588.5
"Jev 1.13, 2 orders",e03,compound (exp 03/04 protocol),P01,phishing,0,0,True,0.96,572.5
"Jev 1.13, 2 orders",e03,compound (exp 03/04 protocol),P02,phishing,0,0,True,0.98,615.3
"Jev 1.13, 2 orders",e03,compound (exp 03/04 protocol),P03,phishing,0,0,True,0.98,597.7
"Jev 1.13, 2 orders",e03,compound (exp 03/04 protocol),P04,phishing,0,0,True,0.93,571.3
"Jev 1.13, 2 orders",e03,compound (exp 03/04 protocol),P05,phishing,0,0,True,0.98,562.5
"Jev 1.13, 2 orders",e03,compound (exp 03/04 protocol),P06,phishing,0,0,True,0.98,683.2
"Jev 1.13, 2 orders",e03,compound (exp 03/04 protocol),P07,phishing,0,0,True,0.98,579.5
"Jev 1.13, 2 orders",e03,compound (exp 03/04 protocol),P08,phishing,0,0,True,0.97,565.0
"Jev 1.13, 2 orders",e03,compound (exp 03/04 protocol),P09,phishing,0,0,True,0.925,684.1
"Jev 1.13, 2 orders",e03,compound (exp 03/04 protocol),P10,phishing,0,0,True,0.98,627.6
"Jev 1.13, 2 orders",e03,compound (exp 03/04 protocol),P11,phishing,1,1,True,0.75,566.4
"Jev 1.13, 2 orders",e03,compound (exp 03/04 protocol),P12,phishing,1,1,True,0.63,580.7
"Jev 1.13, 2 orders",e03,compound (exp 03/04 protocol),P13,phishing,1,0,False,0.575,606.5
"Jev 1.13, 2 orders",e03,compound (exp 03/04 protocol),P14,phishing,1,1,True,0.865,626.3
"Jev 1.13, 2 orders",e03,compound (exp 03/04 protocol),P15,phishing,1,1,True,0.54,609.7
"Jev 1.13, 2 orders",e03,compound (exp 03/04 protocol),P16,phishing,1,1,True,0.96,561.0
"Jev 1.13, 2 orders",e03,compound (exp 03/04 protocol),P17,phishing,1,1,True,0.785,531.2
"Jev 1.13, 2 orders",e03,compound (exp 03/04 protocol),P18,phishing,1,1,True,0.51,810.0
"Jev 1.13, 2 orders",e03,compound (exp 03/04 protocol),P19,phishing,1,1,True,0.605,558.2
"Jev 1.13, 2 orders",e03,compound (exp 03/04 protocol),P20,phishing,1,1,True,0.835,669.0
"Jev 1.13, order 1",e03,compound (exp 03/04 protocol),R01,reklamacja,0,0,True,0.98,378.3
"Jev 1.13, order 1",e03,compound (exp 03/04 protocol),R02,reklamacja,1,1,True,0.98,1340.6
"Jev 1.13, order 1",e03,compound (exp 03/04 protocol),R03,reklamacja,0,0,True,0.98,290.4
"Jev 1.13, order 1",e03,compound (exp 03/04 protocol),R04,reklamacja,0,0,True,0.98,362.0
"Jev 1.13, order 1",e03,compound (exp 03/04 protocol),R05,reklamacja,1,1,True,0.98,265.1
"Jev 1.13, order 1",e03,compound (exp 03/04 protocol),R06,reklamacja,0,0,True,0.98,295.1
"Jev 1.13, order 1",e03,compound (exp 03/04 protocol),R07,reklamacja,1,1,True,0.98,305.0
"Jev 1.13, order 1",e03,compound (exp 03/04 protocol),R08,reklamacja,0,0,True,0.95,266.2
"Jev 1.13, order 1",e03,compound (exp 03/04 protocol),R09,reklamacja,1,1,True,0.95,299.4
"Jev 1.13, order 1",e03,compound (exp 03/04 protocol),R10,reklamacja,1,1,True,0.98,296.1
"Jev 1.13, order 1",e03,compound (exp 03/04 protocol),R11,reklamacja,0,0,True,0.98,281.9
"Jev 1.13, order 1",e03,compound (exp 03/04 protocol),R12,reklamacja,1,1,True,0.98,271.8
"Jev 1.13, order 1",e03,compound (exp 03/04 protocol),R13,reklamacja,0,0,True,0.96,250.8
"Jev 1.13, order 1",e03,compound (exp 03/04 protocol),R14,reklamacja,1,1,True,0.85,275.8
"Jev 1.13, order 1",e03,compound (exp 03/04 protocol),R15,reklamacja,0,0,True,0.89,269.4
"Jev 1.13, order 1",e03,compound (exp 03/04 protocol),R16,reklamacja,1,1,True,0.95,293.1
"Jev 1.13, order 1",e03,compound (exp 03/04 protocol),R17,reklamacja,0,0,True,0.98,285.3
"Jev 1.13, order 1",e03,compound (exp 03/04 protocol),R18,reklamacja,1,1,True,0.98,268.1
"Jev 1.13, order 1",e03,compound (exp 03/04 protocol),R19,reklamacja,0,0,True,0.95,270.8
"Jev 1.13, order 1",e03,compound (exp 03/04 protocol),R20,reklamacja,1,1,True,0.96,268.9
"Jev 1.13, order 1",e03,compound (exp 03/04 protocol),R21,reklamacja,0,0,True,0.97,287.2
"Jev 1.13, order 1",e03,compound (exp 03/04 protocol),R22,reklamacja,1,1,True,0.96,276.5
"Jev 1.13, order 1",e03,compound (exp 03/04 protocol),R23,reklamacja,0,0,True,0.98,312.1
"Jev 1.13, order 1",e03,compound (exp 03/04 protocol),R24,reklamacja,1,1,True,0.98,433.4
"Jev 1.13, order 1",e03,compound (exp 03/04 protocol),R25,reklamacja,0,0,True,0.89,440.7
"Jev 1.13, order 1",e03,compound (exp 03/04 protocol),R26,reklamacja,1,1,True,0.91,319.1
"Jev 1.13, order 1",e03,compound (exp 03/04 protocol),R27,reklamacja,0,0,True,0.96,306.9
"Jev 1.13, order 1",e03,compound (exp 03/04 protocol),R28,reklamacja,1,1,True,0.98,258.4
"Jev 1.13, order 1",e03,compound (exp 03/04 protocol),R29,reklamacja,0,0,True,0.98,304.9
"Jev 1.13, order 1",e03,compound (exp 03/04 protocol),R30,reklamacja,1,1,True,0.98,296.3
"Jev 1.13, order 1",e03,compound (exp 03/04 protocol),R31,reklamacja,0,0,True,0.93,337.4
"Jev 1.13, order 1",e03,compound (exp 03/04 protocol),R32,reklamacja,1,1,True,0.97,280.0
"Jev 1.13, order 1",e03,compound (exp 03/04 protocol),R33,reklamacja,0,0,True,0.98,293.2
"Jev 1.13, order 1",e03,compound (exp 03/04 protocol),R34,reklamacja,1,1,True,0.98,403.0
"Jev 1.13, order 1",e03,compound (exp 03/04 protocol),R35,reklamacja,0,0,True,0.92,307.3
"Jev 1.13, order 1",e03,compound (exp 03/04 protocol),R36,reklamacja,1,1,True,0.98,259.2
"Jev 1.13, order 1",e03,compound (exp 03/04 protocol),R37,reklamacja,0,0,True,0.97,334.2
"Jev 1.13, order 1",e03,compound (exp 03/04 protocol),R38,reklamacja,1,1,True,0.98,274.9
"Jev 1.13, order 1",e03,compound (exp 03/04 protocol),R39,reklamacja,0,0,True,0.9,274.8
"Jev 1.13, order 1",e03,compound (exp 03/04 protocol),R40,reklamacja,1,1,True,0.86,326.2
"Jev 1.13, order 1",e03,compound (exp 03/04 protocol),D01,routing,2,2,True,1,291.8
"Jev 1.13, order 1",e03,compound (exp 03/04 protocol),D02,routing,1,1,True,1,298.0
"Jev 1.13, order 1",e03,compound (exp 03/04 protocol),D03,routing,3,3,True,1,363.2
"Jev 1.13, order 1",e03,compound (exp 03/04 protocol),D04,routing,4,4,True,1,286.3
"Jev 1.13, order 1",e03,compound (exp 03/04 protocol),D05,routing,0,0,True,1,268.0
"Jev 1.13, order 1",e03,compound (exp 03/04 protocol),D06,routing,1,1,True,1,287.9
"Jev 1.13, order 1",e03,compound (exp 03/04 protocol),D07,routing,4,4,True,0.91,872.0
"Jev 1.13, order 1",e03,compound (exp 03/04 protocol),D08,routing,2,2,True,1,259.7
"Jev 1.13, order 1",e03,compound (exp 03/04 protocol),D09,routing,3,3,True,1,287.9
"Jev 1.13, order 1",e03,compound (exp 03/04 protocol),D10,routing,0,0,True,1,269.1
"Jev 1.13, order 1",e03,compound (exp 03/04 protocol),D11,routing,0,0,True,1,274.1
"Jev 1.13, order 1",e03,compound (exp 03/04 protocol),D12,routing,0,0,True,0.98,328.0
"Jev 1.13, order 1",e03,compound (exp 03/04 protocol),D13,routing,0,0,True,1,268.8
"Jev 1.13, order 1",e03,compound (exp 03/04 protocol),D14,routing,0,0,True,0.93,303.2
"Jev 1.13, order 1",e03,compound (exp 03/04 protocol),D15,routing,0,0,True,1,289.4
"Jev 1.13, order 1",e03,compound (exp 03/04 protocol),D16,routing,0,0,True,0.99,323.2
"Jev 1.13, order 1",e03,compound (exp 03/04 protocol),D17,routing,1,1,True,1,342.6
"Jev 1.13, order 1",e03,compound (exp 03/04 protocol),D18,routing,1,1,True,1,283.6
"Jev 1.13, order 1",e03,compound (exp 03/04 protocol),D19,routing,1,1,True,0.9,295.2
"Jev 1.13, order 1",e03,compound (exp 03/04 protocol),D20,routing,1,1,True,1,269.8
"Jev 1.13, order 1",e03,compound (exp 03/04 protocol),D21,routing,1,1,True,1,288.2
"Jev 1.13, order 1",e03,compound (exp 03/04 protocol),D22,routing,1,3,False,0.5,270.3
"Jev 1.13, order 1",e03,compound (exp 03/04 protocol),D23,routing,2,2,True,1,287.6
"Jev 1.13, order 1",e03,compound (exp 03/04 protocol),D24,routing,2,2,True,1,285.4
"Jev 1.13, order 1",e03,compound (exp 03/04 protocol),D25,routing,2,2,True,1,266.5
"Jev 1.13, order 1",e03,compound (exp 03/04 protocol),D26,routing,2,2,True,1,285.1
"Jev 1.13, order 1",e03,compound (exp 03/04 protocol),D27,routing,2,2,True,1,367.4
"Jev 1.13, order 1",e03,compound (exp 03/04 protocol),D28,routing,2,2,True,1,260.8
"Jev 1.13, order 1",e03,compound (exp 03/04 protocol),D29,routing,3,3,True,1,286.2
"Jev 1.13, order 1",e03,compound (exp 03/04 protocol),D30,routing,3,3,True,1,332.2
"Jev 1.13, order 1",e03,compound (exp 03/04 protocol),D31,routing,3,3,True,1,355.3
"Jev 1.13, order 1",e03,compound (exp 03/04 protocol),D32,routing,3,3,True,1,834.4
"Jev 1.13, order 1",e03,compound (exp 03/04 protocol),D33,routing,3,3,True,1,264.5
"Jev 1.13, order 1",e03,compound (exp 03/04 protocol),D34,routing,3,3,True,1,283.6
"Jev 1.13, order 1",e03,compound (exp 03/04 protocol),D35,routing,4,4,True,1,272.0
"Jev 1.13, order 1",e03,compound (exp 03/04 protocol),D36,routing,4,4,True,1,274.8
"Jev 1.13, order 1",e03,compound (exp 03/04 protocol),D37,routing,4,4,True,1,292.6
"Jev 1.13, order 1",e03,compound (exp 03/04 protocol),D38,routing,4,4,True,0.99,279.9
"Jev 1.13, order 1",e03,compound (exp 03/04 protocol),D39,routing,4,4,True,0.97,351.9
"Jev 1.13, order 1",e03,compound (exp 03/04 protocol),D40,routing,4,4,True,1,503.6
"Jev 1.13, order 1",e03,compound (exp 03/04 protocol),E01,eskalacja,0,0,True,0.96,283.8
"Jev 1.13, order 1",e03,compound (exp 03/04 protocol),E02,eskalacja,1,1,True,0.96,313.3
"Jev 1.13, order 1",e03,compound (exp 03/04 protocol),E03,eskalacja,0,0,True,0.94,272.8
"Jev 1.13, order 1",e03,compound (exp 03/04 protocol),E04,eskalacja,1,1,True,0.94,306.9
"Jev 1.13, order 1",e03,compound (exp 03/04 protocol),E05,eskalacja,0,0,True,0.95,263.5
"Jev 1.13, order 1",e03,compound (exp 03/04 protocol),E06,eskalacja,0,0,True,0.94,309.4
"Jev 1.13, order 1",e03,compound (exp 03/04 protocol),E07,eskalacja,0,0,True,0.89,313.5
"Jev 1.13, order 1",e03,compound (exp 03/04 protocol),E08,eskalacja,0,0,True,0.87,288.8
"Jev 1.13, order 1",e03,compound (exp 03/04 protocol),E09,eskalacja,0,0,True,0.94,401.9
"Jev 1.13, order 1",e03,compound (exp 03/04 protocol),E10,eskalacja,0,0,True,0.88,278.2
"Jev 1.13, order 1",e03,compound (exp 03/04 protocol),E11,eskalacja,0,0,True,0.71,462.5
"Jev 1.13, order 1",e03,compound (exp 03/04 protocol),E12,eskalacja,0,0,True,0.96,326.1
"Jev 1.13, order 1",e03,compound (exp 03/04 protocol),E13,eskalacja,0,0,True,0.97,259.4
"Jev 1.13, order 1",e03,compound (exp 03/04 protocol),E14,eskalacja,0,0,True,0.92,261.9
"Jev 1.13, order 1",e03,compound (exp 03/04 protocol),E15,eskalacja,0,0,True,0.91,378.9
"Jev 1.13, order 1",e03,compound (exp 03/04 protocol),E16,eskalacja,0,0,True,0.88,268.5
"Jev 1.13, order 1",e03,compound (exp 03/04 protocol),E17,eskalacja,0,0,True,0.94,285.1
"Jev 1.13, order 1",e03,compound (exp 03/04 protocol),E18,eskalacja,0,0,True,0.9,285.2
"Jev 1.13, order 1",e03,compound (exp 03/04 protocol),E19,eskalacja,0,0,True,0.97,284.5
"Jev 1.13, order 1",e03,compound (exp 03/04 protocol),E20,eskalacja,0,0,True,0.8,291.4
"Jev 1.13, order 1",e03,compound (exp 03/04 protocol),E21,eskalacja,0,0,True,0.92,375.4
"Jev 1.13, order 1",e03,compound (exp 03/04 protocol),E22,eskalacja,0,0,True,0.66,292.4
"Jev 1.13, order 1",e03,compound (exp 03/04 protocol),E23,eskalacja,1,1,True,0.93,338.7
"Jev 1.13, order 1",e03,compound (exp 03/04 protocol),E24,eskalacja,1,1,True,0.9,305.1
"Jev 1.13, order 1",e03,compound (exp 03/04 protocol),E25,eskalacja,1,1,True,0.95,349.1
"Jev 1.13, order 1",e03,compound (exp 03/04 protocol),E26,eskalacja,1,1,True,0.93,345.3
"Jev 1.13, order 1",e03,compound (exp 03/04 protocol),E27,eskalacja,1,1,True,0.92,361.7
"Jev 1.13, order 1",e03,compound (exp 03/04 protocol),E28,eskalacja,1,1,True,0.86,275.9
"Jev 1.13, order 1",e03,compound (exp 03/04 protocol),E29,eskalacja,1,1,True,0.92,350.8
"Jev 1.13, order 1",e03,compound (exp 03/04 protocol),E30,eskalacja,1,1,True,0.93,261.1
"Jev 1.13, order 1",e03,compound (exp 03/04 protocol),E31,eskalacja,1,1,True,0.91,312.5
"Jev 1.13, order 1",e03,compound (exp 03/04 protocol),E32,eskalacja,1,1,True,0.94,256.0
"Jev 1.13, order 1",e03,compound (exp 03/04 protocol),E33,eskalacja,1,1,True,0.92,278.7
"Jev 1.13, order 1",e03,compound (exp 03/04 protocol),E34,eskalacja,1,1,True,0.67,370.5
"Jev 1.13, order 1",e03,compound (exp 03/04 protocol),E35,eskalacja,1,1,True,0.92,319.4
"Jev 1.13, order 1",e03,compound (exp 03/04 protocol),E36,eskalacja,1,1,True,0.59,346.3
"Jev 1.13, order 1",e03,compound (exp 03/04 protocol),E37,eskalacja,1,1,True,0.92,456.2
"Jev 1.13, order 1",e03,compound (exp 03/04 protocol),E38,eskalacja,1,1,True,0.95,281.3
"Jev 1.13, order 1",e03,compound (exp 03/04 protocol),E39,eskalacja,1,1,True,0.93,273.5
"Jev 1.13, order 1",e03,compound (exp 03/04 protocol),E40,eskalacja,1,1,True,0.93,288.1
"Jev 1.13, order 1",e03,compound (exp 03/04 protocol),K01,kompletnosc,0,0,True,0.95,282.8
"Jev 1.13, order 1",e03,compound (exp 03/04 protocol),K02,kompletnosc,1,1,True,0.92,282.5
"Jev 1.13, order 1",e03,compound (exp 03/04 protocol),K03,kompletnosc,1,1,True,0.92,277.0
"Jev 1.13, order 1",e03,compound (exp 03/04 protocol),K04,kompletnosc,0,0,True,0.98,460.3
"Jev 1.13, order 1",e03,compound (exp 03/04 protocol),K05,kompletnosc,1,1,True,0.9,343.3
"Jev 1.13, order 1",e03,compound (exp 03/04 protocol),K06,kompletnosc,0,0,True,0.93,351.5
"Jev 1.13, order 1",e03,compound (exp 03/04 protocol),K07,kompletnosc,1,1,True,0.91,281.9
"Jev 1.13, order 1",e03,compound (exp 03/04 protocol),K08,kompletnosc,0,0,True,0.95,310.4
"Jev 1.13, order 1",e03,compound (exp 03/04 protocol),K09,kompletnosc,1,1,True,0.88,266.2
"Jev 1.13, order 1",e03,compound (exp 03/04 protocol),K10,kompletnosc,0,0,True,0.98,273.0
"Jev 1.13, order 1",e03,compound (exp 03/04 protocol),K11,kompletnosc,1,1,True,0.94,278.6
"Jev 1.13, order 1",e03,compound (exp 03/04 protocol),K12,kompletnosc,0,0,True,0.98,394.8
"Jev 1.13, order 1",e03,compound (exp 03/04 protocol),K13,kompletnosc,1,1,True,0.94,302.0
"Jev 1.13, order 1",e03,compound (exp 03/04 protocol),K14,kompletnosc,1,1,True,0.95,295.7
"Jev 1.13, order 1",e03,compound (exp 03/04 protocol),K15,kompletnosc,0,0,True,0.98,288.7
"Jev 1.13, order 1",e03,compound (exp 03/04 protocol),K16,kompletnosc,1,1,True,0.87,242.2
"Jev 1.13, order 1",e03,compound (exp 03/04 protocol),K17,kompletnosc,0,0,True,0.97,257.6
"Jev 1.13, order 1",e03,compound (exp 03/04 protocol),K18,kompletnosc,1,1,True,0.93,301.6
"Jev 1.13, order 1",e03,compound (exp 03/04 protocol),K19,kompletnosc,1,1,True,0.93,255.8
"Jev 1.13, order 1",e03,compound (exp 03/04 protocol),K20,kompletnosc,0,0,True,0.97,274.2
"Jev 1.13, order 1",e03,compound (exp 03/04 protocol),K21,kompletnosc,0,0,True,0.94,286.2
"Jev 1.13, order 1",e03,compound (exp 03/04 protocol),K22,kompletnosc,0,1,False,0.63,284.2
"Jev 1.13, order 1",e03,compound (exp 03/04 protocol),K23,kompletnosc,1,1,True,0.94,280.3
"Jev 1.13, order 1",e03,compound (exp 03/04 protocol),K24,kompletnosc,1,1,True,0.9,280.3
"Jev 1.13, order 1",e03,compound (exp 03/04 protocol),K25,kompletnosc,0,0,True,0.97,275.6
"Jev 1.13, order 1",e03,compound (exp 03/04 protocol),K26,kompletnosc,1,1,True,0.96,279.9
"Jev 1.13, order 1",e03,compound (exp 03/04 protocol),K27,kompletnosc,0,0,True,0.96,272.1
"Jev 1.13, order 1",e03,compound (exp 03/04 protocol),K28,kompletnosc,1,1,True,0.92,301.1
"Jev 1.13, order 1",e03,compound (exp 03/04 protocol),K29,kompletnosc,0,0,True,0.97,355.0
"Jev 1.13, order 1",e03,compound (exp 03/04 protocol),K30,kompletnosc,1,1,True,0.94,288.0
"Jev 1.13, order 1",e03,compound (exp 03/04 protocol),K31,kompletnosc,1,1,True,0.95,260.1
"Jev 1.13, order 1",e03,compound (exp 03/04 protocol),K32,kompletnosc,0,0,True,0.94,275.2
"Jev 1.13, order 1",e03,compound (exp 03/04 protocol),K33,kompletnosc,0,0,True,0.95,280.4
"Jev 1.13, order 1",e03,compound (exp 03/04 protocol),K34,kompletnosc,1,1,True,0.91,325.5
"Jev 1.13, order 1",e03,compound (exp 03/04 protocol),K35,kompletnosc,0,0,True,0.91,273.5
"Jev 1.13, order 1",e03,compound (exp 03/04 protocol),K36,kompletnosc,1,1,True,0.94,311.3
"Jev 1.13, order 1",e03,compound (exp 03/04 protocol),K37,kompletnosc,0,0,True,0.9,287.3
"Jev 1.13, order 1",e03,compound (exp 03/04 protocol),K38,kompletnosc,1,1,True,0.82,294.0
"Jev 1.13, order 1",e03,compound (exp 03/04 protocol),K40,kompletnosc,1,1,True,0.97,258.7
"Jev 1.13, order 1",e03,compound (exp 03/04 protocol),S01,irytacja,0,0,True,1,291.5
"Jev 1.13, order 1",e03,compound (exp 03/04 protocol),S02,irytacja,0,0,True,1,285.5
"Jev 1.13, order 1",e03,compound (exp 03/04 protocol),S03,irytacja,0,0,True,0.85,319.8
"Jev 1.13, order 1",e03,compound (exp 03/04 protocol),S04,irytacja,0,0,True,1,277.6
"Jev 1.13, order 1",e03,compound (exp 03/04 protocol),S05,irytacja,0,0,True,0.72,294.3
"Jev 1.13, order 1",e03,compound (exp 03/04 protocol),S06,irytacja,0,0,True,1,356.5
"Jev 1.13, order 1",e03,compound (exp 03/04 protocol),S07,irytacja,0,0,True,1,265.5
"Jev 1.13, order 1",e03,compound (exp 03/04 protocol),S08,irytacja,1,1,True,0.99,291.8
"Jev 1.13, order 1",e03,compound (exp 03/04 protocol),S09,irytacja,1,1,True,0.97,308.9
"Jev 1.13, order 1",e03,compound (exp 03/04 protocol),S10,irytacja,1,1,True,0.93,276.4
"Jev 1.13, order 1",e03,compound (exp 03/04 protocol),S11,irytacja,1,1,True,0.94,275.7
"Jev 1.13, order 1",e03,compound (exp 03/04 protocol),S12,irytacja,1,1,True,1,274.2
"Jev 1.13, order 1",e03,compound (exp 03/04 protocol),S13,irytacja,1,1,True,0.98,326.0
"Jev 1.13, order 1",e03,compound (exp 03/04 protocol),S15,irytacja,2,2,True,1,296.1
"Jev 1.13, order 1",e03,compound (exp 03/04 protocol),S16,irytacja,2,2,True,1,283.3
"Jev 1.13, order 1",e03,compound (exp 03/04 protocol),S17,irytacja,2,2,True,1,261.9
"Jev 1.13, order 1",e03,compound (exp 03/04 protocol),S18,irytacja,2,2,True,1,336.4
"Jev 1.13, order 1",e03,compound (exp 03/04 protocol),S19,irytacja,2,2,True,1,261.1
"Jev 1.13, order 1",e03,compound (exp 03/04 protocol),S20,irytacja,2,2,True,1,303.6
"Jev 1.13, order 1",e03,compound (exp 03/04 protocol),P01,phishing,0,0,True,0.96,277.8
"Jev 1.13, order 1",e03,compound (exp 03/04 protocol),P02,phishing,0,0,True,0.98,268.2
"Jev 1.13, order 1",e03,compound (exp 03/04 protocol),P03,phishing,0,0,True,0.98,282.4
"Jev 1.13, order 1",e03,compound (exp 03/04 protocol),P04,phishing,0,0,True,0.93,288.5
"Jev 1.13, order 1",e03,compound (exp 03/04 protocol),P05,phishing,0,0,True,0.98,282.1
"Jev 1.13, order 1",e03,compound (exp 03/04 protocol),P06,phishing,0,0,True,0.98,326.0
"Jev 1.13, order 1",e03,compound (exp 03/04 protocol),P07,phishing,0,0,True,0.98,263.1
"Jev 1.13, order 1",e03,compound (exp 03/04 protocol),P08,phishing,0,0,True,0.97,284.8
"Jev 1.13, order 1",e03,compound (exp 03/04 protocol),P09,phishing,0,0,True,0.93,309.7
"Jev 1.13, order 1",e03,compound (exp 03/04 protocol),P10,phishing,0,0,True,0.98,343.5
"Jev 1.13, order 1",e03,compound (exp 03/04 protocol),P11,phishing,1,1,True,0.75,300.7
"Jev 1.13, order 1",e03,compound (exp 03/04 protocol),P12,phishing,1,1,True,0.63,275.1
"Jev 1.13, order 1",e03,compound (exp 03/04 protocol),P13,phishing,1,0,False,0.58,285.7
"Jev 1.13, order 1",e03,compound (exp 03/04 protocol),P14,phishing,1,1,True,0.85,365.6
"Jev 1.13, order 1",e03,compound (exp 03/04 protocol),P15,phishing,1,1,True,0.53,347.5
"Jev 1.13, order 1",e03,compound (exp 03/04 protocol),P16,phishing,1,1,True,0.96,281.8
"Jev 1.13, order 1",e03,compound (exp 03/04 protocol),P17,phishing,1,1,True,0.79,260.9
"Jev 1.13, order 1",e03,compound (exp 03/04 protocol),P18,phishing,1,0,False,0.5,268.5
"Jev 1.13, order 1",e03,compound (exp 03/04 protocol),P19,phishing,1,1,True,0.62,287.7
"Jev 1.13, order 1",e03,compound (exp 03/04 protocol),P20,phishing,1,1,True,0.84,347.9
Gemini 3.8 Flash (medium),e03,compound (exp 03/04 protocol),R01,reklamacja,0,0,True,,11693.1
Gemini 3.8 Flash (medium),e03,compound (exp 03/04 protocol),R02,reklamacja,1,1,True,,1929.4
Gemini 3.8 Flash (medium),e03,compound (exp 03/04 protocol),R03,reklamacja,0,0,True,,6695.1
Gemini 3.8 Flash (medium),e03,compound (exp 03/04 protocol),R04,reklamacja,0,0,True,,12099.7
Gemini 3.8 Flash (medium),e03,compound (exp 03/04 protocol),R05,reklamacja,1,1,True,,11416.7
Gemini 3.8 Flash (medium),e03,compound (exp 03/04 protocol),R06,reklamacja,0,0,True,,11883.5
Gemini 3.8 Flash (medium),e03,compound (exp 03/04 protocol),R07,reklamacja,1,1,True,,11691.2
Gemini 3.8 Flash (medium),e03,compound (exp 03/04 protocol),R08,reklamacja,0,0,True,,2833.1
Gemini 3.8 Flash (medium),e03,compound (exp 03/04 protocol),R09,reklamacja,1,1,True,,2439.8
Gemini 3.8 Flash (medium),e03,compound (exp 03/04 protocol),R10,reklamacja,1,1,True,,11785.6
Gemini 3.8 Flash (medium),e03,compound (exp 03/04 protocol),R11,reklamacja,0,0,True,,2536.4
Gemini 3.8 Flash (medium),e03,compound (exp 03/04 protocol),R12,reklamacja,1,1,True,,11673.1
Gemini 3.8 Flash (medium),e03,compound (exp 03/04 protocol),R13,reklamacja,0,0,True,,4211.1
Gemini 3.8 Flash (medium),e03,compound (exp 03/04 protocol),R14,reklamacja,1,1,True,,3704.1
Gemini 3.8 Flash (medium),e03,compound (exp 03/04 protocol),R15,reklamacja,0,0,True,,3887.5
Gemini 3.8 Flash (medium),e03,compound (exp 03/04 protocol),R16,reklamacja,1,1,True,,2934.0
Gemini 3.8 Flash (medium),e03,compound (exp 03/04 protocol),R17,reklamacja,0,0,True,,11678.8
Gemini 3.8 Flash (medium),e03,compound (exp 03/04 protocol),R18,reklamacja,1,1,True,,13369.0
Gemini 3.8 Flash (medium),e03,compound (exp 03/04 protocol),R19,reklamacja,0,0,True,,2584.2
Gemini 3.8 Flash (medium),e03,compound (exp 03/04 protocol),R20,reklamacja,1,1,True,,2204.0
Gemini 3.8 Flash (medium),e03,compound (exp 03/04 protocol),R21,reklamacja,0,0,True,,2091.9
Gemini 3.8 Flash (medium),e03,compound (exp 03/04 protocol),R22,reklamacja,1,1,True,,11373.9
Gemini 3.8 Flash (medium),e03,compound (exp 03/04 protocol),R23,reklamacja,0,0,True,,12584.9
Gemini 3.8 Flash (medium),e03,compound (exp 03/04 protocol),R24,reklamacja,1,1,True,,5983.6
Gemini 3.8 Flash (medium),e03,compound (exp 03/04 protocol),R25,reklamacja,0,0,True,,11710.8
Gemini 3.8 Flash (medium),e03,compound (exp 03/04 protocol),R26,reklamacja,1,1,True,,11736.6
Gemini 3.8 Flash (medium),e03,compound (exp 03/04 protocol),R27,reklamacja,0,0,True,,1595.3
Gemini 3.8 Flash (medium),e03,compound (exp 03/04 protocol),R28,reklamacja,1,1,True,,2015.5
Gemini 3.8 Flash (medium),e03,compound (exp 03/04 protocol),R29,reklamacja,0,0,True,,2649.5
Gemini 3.8 Flash (medium),e03,compound (exp 03/04 protocol),R30,reklamacja,1,1,True,,2331.9
Gemini 3.8 Flash (medium),e03,compound (exp 03/04 protocol),R31,reklamacja,0,0,True,,3094.1
Gemini 3.8 Flash (medium),e03,compound (exp 03/04 protocol),R32,reklamacja,1,1,True,,2212.9
Gemini 3.8 Flash (medium),e03,compound (exp 03/04 protocol),R33,reklamacja,0,0,True,,2570.8
Gemini 3.8 Flash (medium),e03,compound (exp 03/04 protocol),R34,reklamacja,1,1,True,,12297.3
Gemini 3.8 Flash (medium),e03,compound (exp 03/04 protocol),R35,reklamacja,0,0,True,,2299.4
Gemini 3.8 Flash (medium),e03,compound (exp 03/04 protocol),R36,reklamacja,1,1,True,,5708.5
Gemini 3.8 Flash (medium),e03,compound (exp 03/04 protocol),R37,reklamacja,0,0,True,,2608.8
Gemini 3.8 Flash (medium),e03,compound (exp 03/04 protocol),R38,reklamacja,1,1,True,,1833.2
Gemini 3.8 Flash (medium),e03,compound (exp 03/04 protocol),R39,reklamacja,0,0,True,,11755.6
Gemini 3.8 Flash (medium),e03,compound (exp 03/04 protocol),R40,reklamacja,1,1,True,,3297.1
Gemini 3.8 Flash (medium),e03,compound (exp 03/04 protocol),D01,routing,2,2,True,,11618.8
Gemini 3.8 Flash (medium),e03,compound (exp 03/04 protocol),D02,routing,1,1,True,,2191.0
Gemini 3.8 Flash (medium),e03,compound (exp 03/04 protocol),D03,routing,3,3,True,,2604.1
Gemini 3.8 Flash (medium),e03,compound (exp 03/04 protocol),D04,routing,4,4,True,,2411.7
Gemini 3.8 Flash (medium),e03,compound (exp 03/04 protocol),D05,routing,0,0,True,,11686.7
Gemini 3.8 Flash (medium),e03,compound (exp 03/04 protocol),D06,routing,1,1,True,,4364.3
Gemini 3.8 Flash (medium),e03,compound (exp 03/04 protocol),D07,routing,4,4,True,,2692.5
Gemini 3.8 Flash (medium),e03,compound (exp 03/04 protocol),D08,routing,2,2,True,,12405.0
Gemini 3.8 Flash (medium),e03,compound (exp 03/04 protocol),D09,routing,3,3,True,,1560.3
Gemini 3.8 Flash (medium),e03,compound (exp 03/04 protocol),D10,routing,0,0,True,,2979.0
Gemini 3.8 Flash (medium),e03,compound (exp 03/04 protocol),D11,routing,0,0,True,,11624.9
Gemini 3.8 Flash (medium),e03,compound (exp 03/04 protocol),D12,routing,0,0,True,,2471.0
Gemini 3.8 Flash (medium),e03,compound (exp 03/04 protocol),D13,routing,0,0,True,,2601.3
Gemini 3.8 Flash (medium),e03,compound (exp 03/04 protocol),D14,routing,0,0,True,,3207.4
Gemini 3.8 Flash (medium),e03,compound (exp 03/04 protocol),D15,routing,0,0,True,,11573.8
Gemini 3.8 Flash (medium),e03,compound (exp 03/04 protocol),D16,routing,0,0,True,,12681.5
Gemini 3.8 Flash (medium),e03,compound (exp 03/04 protocol),D17,routing,1,1,True,,3104.1
Gemini 3.8 Flash (medium),e03,compound (exp 03/04 protocol),D18,routing,1,1,True,,11701.6
Gemini 3.8 Flash (medium),e03,compound (exp 03/04 protocol),D19,routing,1,1,True,,4054.4
Gemini 3.8 Flash (medium),e03,compound (exp 03/04 protocol),D20,routing,1,1,True,,11203.3
Gemini 3.8 Flash (medium),e03,compound (exp 03/04 protocol),D21,routing,1,1,True,,12078.1
Gemini 3.8 Flash (medium),e03,compound (exp 03/04 protocol),D22,routing,1,1,True,,2705.6
Gemini 3.8 Flash (medium),e03,compound (exp 03/04 protocol),D23,routing,2,2,True,,2447.3
Gemini 3.8 Flash (medium),e03,compound (exp 03/04 protocol),D24,routing,2,2,True,,11824.8
Gemini 3.8 Flash (medium),e03,compound (exp 03/04 protocol),D25,routing,2,2,True,,7822.4
Gemini 3.8 Flash (medium),e03,compound (exp 03/04 protocol),D26,routing,2,2,True,,11645.6
Gemini 3.8 Flash (medium),e03,compound (exp 03/04 protocol),D27,routing,2,2,True,,1917.5
Gemini 3.8 Flash (medium),e03,compound (exp 03/04 protocol),D28,routing,2,2,True,,11396.5
Gemini 3.8 Flash (medium),e03,compound (exp 03/04 protocol),D29,routing,3,3,True,,2293.9
Gemini 3.8 Flash (medium),e03,compound (exp 03/04 protocol),D30,routing,3,3,True,,11768.1
Gemini 3.8 Flash (medium),e03,compound (exp 03/04 protocol),D31,routing,3,3,True,,11465.8
Gemini 3.8 Flash (medium),e03,compound (exp 03/04 protocol),D32,routing,3,3,True,,14091.9
Gemini 3.8 Flash (medium),e03,compound (exp 03/04 protocol),D33,routing,3,3,True,,4505.2
Gemini 3.8 Flash (medium),e03,compound (exp 03/04 protocol),D34,routing,3,3,True,,11673.5
Gemini 3.8 Flash (medium),e03,compound (exp 03/04 protocol),D35,routing,4,4,True,,2508.3
Gemini 3.8 Flash (medium),e03,compound (exp 03/04 protocol),D36,routing,4,4,True,,12028.9
Gemini 3.8 Flash (medium),e03,compound (exp 03/04 protocol),D37,routing,4,4,True,,1983.9
Gemini 3.8 Flash (medium),e03,compound (exp 03/04 protocol),D38,routing,4,4,True,,4920.0
Gemini 3.8 Flash (medium),e03,compound (exp 03/04 protocol),D39,routing,4,4,True,,1602.5
Gemini 3.8 Flash (medium),e03,compound (exp 03/04 protocol),D40,routing,4,4,True,,2807.5
Gemini 3.8 Flash (medium),e03,compound (exp 03/04 protocol),E01,eskalacja,0,0,True,,10275.9
Gemini 3.8 Flash (medium),e03,compound (exp 03/04 protocol),E02,eskalacja,1,1,True,,11563.2
Gemini 3.8 Flash (medium),e03,compound (exp 03/04 protocol),E03,eskalacja,0,0,True,,11523.6
Gemini 3.8 Flash (medium),e03,compound (exp 03/04 protocol),E04,eskalacja,1,1,True,,2463.6
Gemini 3.8 Flash (medium),e03,compound (exp 03/04 protocol),E05,eskalacja,0,0,True,,3262.2
Gemini 3.8 Flash (medium),e03,compound (exp 03/04 protocol),E06,eskalacja,0,0,True,,2635.5
Gemini 3.8 Flash (medium),e03,compound (exp 03/04 protocol),E07,eskalacja,0,0,True,,7683.6
Gemini 3.8 Flash (medium),e03,compound (exp 03/04 protocol),E08,eskalacja,0,0,True,,9957.4
Gemini 3.8 Flash (medium),e03,compound (exp 03/04 protocol),E09,eskalacja,0,0,True,,2360.1
Gemini 3.8 Flash (medium),e03,compound (exp 03/04 protocol),E10,eskalacja,0,0,True,,2619.8
Gemini 3.8 Flash (medium),e03,compound (exp 03/04 protocol),E11,eskalacja,0,0,True,,13977.5
Gemini 3.8 Flash (medium),e03,compound (exp 03/04 protocol),E12,eskalacja,0,0,True,,5896.1
Gemini 3.8 Flash (medium),e03,compound (exp 03/04 protocol),E13,eskalacja,0,0,True,,1923.2
Gemini 3.8 Flash (medium),e03,compound (exp 03/04 protocol),E14,eskalacja,0,0,True,,7452.3
Gemini 3.8 Flash (medium),e03,compound (exp 03/04 protocol),E15,eskalacja,0,0,True,,6239.0
Gemini 3.8 Flash (medium),e03,compound (exp 03/04 protocol),E16,eskalacja,0,0,True,,2556.2
Gemini 3.8 Flash (medium),e03,compound (exp 03/04 protocol),E17,eskalacja,0,0,True,,3352.8
Gemini 3.8 Flash (medium),e03,compound (exp 03/04 protocol),E18,eskalacja,0,0,True,,6610.7
Gemini 3.8 Flash (medium),e03,compound (exp 03/04 protocol),E19,eskalacja,0,0,True,,5111.0
Gemini 3.8 Flash (medium),e03,compound (exp 03/04 protocol),E20,eskalacja,0,0,True,,2631.6
Gemini 3.8 Flash (medium),e03,compound (exp 03/04 protocol),E21,eskalacja,0,0,True,,2911.7
Gemini 3.8 Flash (medium),e03,compound (exp 03/04 protocol),E22,eskalacja,0,0,True,,3385.6
Gemini 3.8 Flash (medium),e03,compound (exp 03/04 protocol),E23,eskalacja,1,1,True,,2469.5
Gemini 3.8 Flash (medium),e03,compound (exp 03/04 protocol),E24,eskalacja,1,1,True,,6907.2
Gemini 3.8 Flash (medium),e03,compound (exp 03/04 protocol),E25,eskalacja,1,1,True,,1803.2
Gemini 3.8 Flash (medium),e03,compound (exp 03/04 protocol),E26,eskalacja,1,1,True,,3001.3
Gemini 3.8 Flash (medium),e03,compound (exp 03/04 protocol),E27,eskalacja,1,1,True,,11804.4
Gemini 3.8 Flash (medium),e03,compound (exp 03/04 protocol),E28,eskalacja,1,1,True,,3604.9
Gemini 3.8 Flash (medium),e03,compound (exp 03/04 protocol),E29,eskalacja,1,1,True,,5260.0
Gemini 3.8 Flash (medium),e03,compound (exp 03/04 protocol),E30,eskalacja,1,1,True,,2690.6
Gemini 3.8 Flash (medium),e03,compound (exp 03/04 protocol),E31,eskalacja,1,1,True,,4461.0
Gemini 3.8 Flash (medium),e03,compound (exp 03/04 protocol),E32,eskalacja,1,1,True,,11635.9
Gemini 3.8 Flash (medium),e03,compound (exp 03/04 protocol),E33,eskalacja,1,1,True,,11695.0
Gemini 3.8 Flash (medium),e03,compound (exp 03/04 protocol),E34,eskalacja,1,1,True,,6543.9
Gemini 3.8 Flash (medium),e03,compound (exp 03/04 protocol),E35,eskalacja,1,1,True,,2614.1
Gemini 3.8 Flash (medium),e03,compound (exp 03/04 protocol),E36,eskalacja,1,1,True,,2580.7
Gemini 3.8 Flash (medium),e03,compound (exp 03/04 protocol),E37,eskalacja,1,1,True,,5657.6
Gemini 3.8 Flash (medium),e03,compound (exp 03/04 protocol),E38,eskalacja,1,1,True,,5172.4
Gemini 3.8 Flash (medium),e03,compound (exp 03/04 protocol),E39,eskalacja,1,1,True,,2920.8
Gemini 3.8 Flash (medium),e03,compound (exp 03/04 protocol),E40,eskalacja,1,1,True,,6225.6
Gemini 3.8 Flash (medium),e03,compound (exp 03/04 protocol),K01,kompletnosc,0,0,True,,3077.1
Gemini 3.8 Flash (medium),e03,compound (exp 03/04 protocol),K02,kompletnosc,1,1,True,,10019.7
Gemini 3.8 Flash (medium),e03,compound (exp 03/04 protocol),K03,kompletnosc,1,1,True,,2503.7
Gemini 3.8 Flash (medium),e03,compound (exp 03/04 protocol),K04,kompletnosc,0,0,True,,5435.2
Gemini 3.8 Flash (medium),e03,compound (exp 03/04 protocol),K05,kompletnosc,1,1,True,,10607.8
Gemini 3.8 Flash (medium),e03,compound (exp 03/04 protocol),K06,kompletnosc,0,0,True,,3161.1
Gemini 3.8 Flash (medium),e03,compound (exp 03/04 protocol),K07,kompletnosc,1,1,True,,11444.9
Gemini 3.8 Flash (medium),e03,compound (exp 03/04 protocol),K08,kompletnosc,0,0,True,,4512.9
Gemini 3.8 Flash (medium),e03,compound (exp 03/04 protocol),K09,kompletnosc,1,1,True,,2605.5
Gemini 3.8 Flash (medium),e03,compound (exp 03/04 protocol),K10,kompletnosc,0,0,True,,6470.8
Gemini 3.8 Flash (medium),e03,compound (exp 03/04 protocol),K11,kompletnosc,1,1,True,,3147.5
Gemini 3.8 Flash (medium),e03,compound (exp 03/04 protocol),K12,kompletnosc,0,0,True,,3255.0
Gemini 3.8 Flash (medium),e03,compound (exp 03/04 protocol),K13,kompletnosc,1,1,True,,11695.6
Gemini 3.8 Flash (medium),e03,compound (exp 03/04 protocol),K14,kompletnosc,1,1,True,,9999.3
Gemini 3.8 Flash (medium),e03,compound (exp 03/04 protocol),K15,kompletnosc,0,0,True,,2273.1
Gemini 3.8 Flash (medium),e03,compound (exp 03/04 protocol),K16,kompletnosc,1,1,True,,5462.2
Gemini 3.8 Flash (medium),e03,compound (exp 03/04 protocol),K17,kompletnosc,0,0,True,,3512.8
Gemini 3.8 Flash (medium),e03,compound (exp 03/04 protocol),K18,kompletnosc,1,1,True,,2146.0
Gemini 3.8 Flash (medium),e03,compound (exp 03/04 protocol),K19,kompletnosc,1,1,True,,1708.1
Gemini 3.8 Flash (medium),e03,compound (exp 03/04 protocol),K20,kompletnosc,0,0,True,,11721.7
Gemini 3.8 Flash (medium),e03,compound (exp 03/04 protocol),K21,kompletnosc,0,0,True,,2856.4
Gemini 3.8 Flash (medium),e03,compound (exp 03/04 protocol),K22,kompletnosc,0,0,True,,3852.0
Gemini 3.8 Flash (medium),e03,compound (exp 03/04 protocol),K23,kompletnosc,1,1,True,,5895.3
Gemini 3.8 Flash (medium),e03,compound (exp 03/04 protocol),K24,kompletnosc,1,1,True,,3036.8
Gemini 3.8 Flash (medium),e03,compound (exp 03/04 protocol),K25,kompletnosc,0,0,True,,2371.6
Gemini 3.8 Flash (medium),e03,compound (exp 03/04 protocol),K26,kompletnosc,1,1,True,,5705.3
Gemini 3.8 Flash (medium),e03,compound (exp 03/04 protocol),K27,kompletnosc,0,0,True,,1836.6
Gemini 3.8 Flash (medium),e03,compound (exp 03/04 protocol),K28,kompletnosc,1,1,True,,2595.7
Gemini 3.8 Flash (medium),e03,compound (exp 03/04 protocol),K29,kompletnosc,0,0,True,,2989.4
Gemini 3.8 Flash (medium),e03,compound (exp 03/04 protocol),K30,kompletnosc,1,1,True,,3528.9
Gemini 3.8 Flash (medium),e03,compound (exp 03/04 protocol),K31,kompletnosc,1,1,True,,7666.1
Gemini 3.8 Flash (medium),e03,compound (exp 03/04 protocol),K32,kompletnosc,0,0,True,,11758.4
Gemini 3.8 Flash (medium),e03,compound (exp 03/04 protocol),K33,kompletnosc,0,0,True,,3392.5
Gemini 3.8 Flash (medium),e03,compound (exp 03/04 protocol),K34,kompletnosc,1,1,True,,11757.8
Gemini 3.8 Flash (medium),e03,compound (exp 03/04 protocol),K35,kompletnosc,0,0,True,,11927.8
Gemini 3.8 Flash (medium),e03,compound (exp 03/04 protocol),K36,kompletnosc,1,1,True,,2596.1
Gemini 3.8 Flash (medium),e03,compound (exp 03/04 protocol),K37,kompletnosc,0,0,True,,4114.5
Gemini 3.8 Flash (medium),e03,compound (exp 03/04 protocol),K38,kompletnosc,1,1,True,,2601.0
Gemini 3.8 Flash (medium),e03,compound (exp 03/04 protocol),K40,kompletnosc,1,1,True,,11668.9
Gemini 3.8 Flash (medium),e03,compound (exp 03/04 protocol),S01,irytacja,0,0,True,,2011.5
Gemini 3.8 Flash (medium),e03,compound (exp 03/04 protocol),S02,irytacja,0,0,True,,3659.4
Gemini 3.8 Flash (medium),e03,compound (exp 03/04 protocol),S03,irytacja,0,0,True,,11181.7
Gemini 3.8 Flash (medium),e03,compound (exp 03/04 protocol),S04,irytacja,0,0,True,,12235.5
Gemini 3.8 Flash (medium),e03,compound (exp 03/04 protocol),S05,irytacja,0,0,True,,11595.9
Gemini 3.8 Flash (medium),e03,compound (exp 03/04 protocol),S06,irytacja,0,0,True,,11696.4
Gemini 3.8 Flash (medium),e03,compound (exp 03/04 protocol),S07,irytacja,0,0,True,,3032.8
Gemini 3.8 Flash (medium),e03,compound (exp 03/04 protocol),S08,irytacja,1,1,True,,4238.1
Gemini 3.8 Flash (medium),e03,compound (exp 03/04 protocol),S09,irytacja,1,1,True,,11665.6
Gemini 3.8 Flash (medium),e03,compound (exp 03/04 protocol),S10,irytacja,1,1,True,,3102.2
Gemini 3.8 Flash (medium),e03,compound (exp 03/04 protocol),S11,irytacja,1,1,True,,12114.7
Gemini 3.8 Flash (medium),e03,compound (exp 03/04 protocol),S12,irytacja,1,1,True,,2659.3
Gemini 3.8 Flash (medium),e03,compound (exp 03/04 protocol),S13,irytacja,1,1,True,,3939.7
Gemini 3.8 Flash (medium),e03,compound (exp 03/04 protocol),S15,irytacja,2,2,True,,5806.5
Gemini 3.8 Flash (medium),e03,compound (exp 03/04 protocol),S16,irytacja,2,2,True,,12037.2
Gemini 3.8 Flash (medium),e03,compound (exp 03/04 protocol),S17,irytacja,2,2,True,,11333.5
Gemini 3.8 Flash (medium),e03,compound (exp 03/04 protocol),S18,irytacja,2,2,True,,2926.7
Gemini 3.8 Flash (medium),e03,compound (exp 03/04 protocol),S19,irytacja,2,2,True,,2931.3
Gemini 3.8 Flash (medium),e03,compound (exp 03/04 protocol),S20,irytacja,2,2,True,,3607.5
Gemini 3.8 Flash (medium),e03,compound (exp 03/04 protocol),P01,phishing,0,0,True,,3653.0
Gemini 3.8 Flash (medium),e03,compound (exp 03/04 protocol),P02,phishing,0,0,True,,4069.4
Gemini 3.8 Flash (medium),e03,compound (exp 03/04 protocol),P03,phishing,0,0,True,,15242.7
Gemini 3.8 Flash (medium),e03,compound (exp 03/04 protocol),P04,phishing,0,0,True,,3214.3
Gemini 3.8 Flash (medium),e03,compound (exp 03/04 protocol),P05,phishing,0,0,True,,5398.5
Gemini 3.8 Flash (medium),e03,compound (exp 03/04 protocol),P06,phishing,0,0,True,,4503.0
Gemini 3.8 Flash (medium),e03,compound (exp 03/04 protocol),P07,phishing,0,0,True,,15238.4
Gemini 3.8 Flash (medium),e03,compound (exp 03/04 protocol),P08,phishing,0,0,True,,5163.3
Gemini 3.8 Flash (medium),e03,compound (exp 03/04 protocol),P09,phishing,0,0,True,,2643.6
Gemini 3.8 Flash (medium),e03,compound (exp 03/04 protocol),P10,phishing,0,0,True,,5041.3
Gemini 3.8 Flash (medium),e03,compound (exp 03/04 protocol),P11,phishing,1,1,True,,14343.6
Gemini 3.8 Flash (medium),e03,compound (exp 03/04 protocol),P12,phishing,1,1,True,,8730.9
Gemini 3.8 Flash (medium),e03,compound (exp 03/04 protocol),P13,phishing,1,1,True,,3753.4
Gemini 3.8 Flash (medium),e03,compound (exp 03/04 protocol),P14,phishing,1,1,True,,14418.2
Gemini 3.8 Flash (medium),e03,compound (exp 03/04 protocol),P15,phishing,1,1,True,,13899.0
Gemini 3.8 Flash (medium),e03,compound (exp 03/04 protocol),P16,phishing,1,1,True,,3137.8
Gemini 3.8 Flash (medium),e03,compound (exp 03/04 protocol),P17,phishing,1,1,True,,14047.9
Gemini 3.8 Flash (medium),e03,compound (exp 03/04 protocol),P18,phishing,1,1,True,,14606.8
Gemini 3.8 Flash (medium),e03,compound (exp 03/04 protocol),P19,phishing,1,1,True,,4096.1
Gemini 3.8 Flash (medium),e03,compound (exp 03/04 protocol),P20,phishing,1,1,True,,2876.6
basal-1.0-4.5B,e04,compound (exp 03/04 protocol),ADM01,administracja,0,0,True,0.7147,135.5
basal-1.0-4.5B,e04,compound (exp 03/04 protocol),ADM02,administracja,0,0,True,0.8692,134.9
basal-1.0-4.5B,e04,compound (exp 03/04 protocol),ADM03,administracja,1,0,False,0.5933,135.6
basal-1.0-4.5B,e04,compound (exp 03/04 protocol),ADM04,administracja,0,0,True,0.7927,142.6
basal-1.0-4.5B,e04,compound (exp 03/04 protocol),ADM05,administracja,1,1,True,0.7982,120.9
basal-1.0-4.5B,e04,compound (exp 03/04 protocol),ADM06,administracja,0,0,True,0.9666,112.8
basal-1.0-4.5B,e04,compound (exp 03/04 protocol),ADM07,administracja,1,1,True,0.9878,115.3
basal-1.0-4.5B,e04,compound (exp 03/04 protocol),ADM08,administracja,1,0,False,0.7131,110.5
basal-1.0-4.5B,e04,compound (exp 03/04 protocol),ADM09,administracja,2,2,True,0.9996,125.2
basal-1.0-4.5B,e04,compound (exp 03/04 protocol),ADM10,administracja,0,0,True,0.9346,139.0
basal-1.0-4.5B,e04,compound (exp 03/04 protocol),ADM11,administracja,1,1,True,0.9981,124.1
basal-1.0-4.5B,e04,compound (exp 03/04 protocol),ADM12,administracja,2,2,True,0.5249,145.6
basal-1.0-4.5B,e04,compound (exp 03/04 protocol),ADM13,administracja,3,3,True,0.984,120.9
basal-1.0-4.5B,e04,compound (exp 03/04 protocol),ADM14,administracja,4,4,True,0.9998,116.6
basal-1.0-4.5B,e04,compound (exp 03/04 protocol),ADM15,administracja,1,1,True,0.7537,149.3
basal-1.0-4.5B,e04,compound (exp 03/04 protocol),ADM16,administracja,2,2,True,0.976,145.7
basal-1.0-4.5B,e04,compound (exp 03/04 protocol),ADM17,administracja,3,3,True,0.9844,144.2
basal-1.0-4.5B,e04,compound (exp 03/04 protocol),LAW01,kancelaria,0,0,True,0.6094,125.7
basal-1.0-4.5B,e04,compound (exp 03/04 protocol),LAW02,kancelaria,1,1,True,0.6434,140.8
basal-1.0-4.5B,e04,compound (exp 03/04 protocol),LAW03,kancelaria,1,1,True,0.625,144.7
basal-1.0-4.5B,e04,compound (exp 03/04 protocol),LAW04,kancelaria,1,0,False,0.7502,142.2
basal-1.0-4.5B,e04,compound (exp 03/04 protocol),LAW05,kancelaria,0,1,False,0.5826,111.0
basal-1.0-4.5B,e04,compound (exp 03/04 protocol),LAW06,kancelaria,1,1,True,0.9347,108.0
basal-1.0-4.5B,e04,compound (exp 03/04 protocol),LAW07,kancelaria,0,0,True,0.9676,114.4
basal-1.0-4.5B,e04,compound (exp 03/04 protocol),LAW08,kancelaria,0,0,True,0.9802,110.3
basal-1.0-4.5B,e04,compound (exp 03/04 protocol),LAW09,kancelaria,5,5,True,0.9966,145.0
basal-1.0-4.5B,e04,compound (exp 03/04 protocol),LAW10,kancelaria,2,2,True,0.9906,147.3
basal-1.0-4.5B,e04,compound (exp 03/04 protocol),LAW11,kancelaria,0,0,True,0.9987,142.0
basal-1.0-4.5B,e04,compound (exp 03/04 protocol),LAW12,kancelaria,3,3,True,0.9983,135.7
basal-1.0-4.5B,e04,compound (exp 03/04 protocol),LAW13,kancelaria,4,4,True,0.9991,137.4
basal-1.0-4.5B,e04,compound (exp 03/04 protocol),LAW14,kancelaria,2,1,False,0.7929,137.9
basal-1.0-4.5B,e04,compound (exp 03/04 protocol),LAW15,kancelaria,0,0,True,0.8402,144.5
basal-1.0-4.5B,e04,compound (exp 03/04 protocol),LAW16,kancelaria,2,2,True,0.7563,155.6
basal-1.0-4.5B,e04,compound (exp 03/04 protocol),LAW17,kancelaria,1,1,True,0.6977,151.0
basal-1.0-4.5B,e04,compound (exp 03/04 protocol),HR01,hr,0,0,True,0.6341,139.2
basal-1.0-4.5B,e04,compound (exp 03/04 protocol),HR02,hr,1,1,True,0.8233,132.0
basal-1.0-4.5B,e04,compound (exp 03/04 protocol),HR03,hr,0,0,True,0.7256,136.4
basal-1.0-4.5B,e04,compound (exp 03/04 protocol),HR04,hr,0,1,False,0.9465,134.2
basal-1.0-4.5B,e04,compound (exp 03/04 protocol),HR05,hr,1,1,True,0.9841,105.5
basal-1.0-4.5B,e04,compound (exp 03/04 protocol),HR06,hr,1,1,True,0.9809,105.2
basal-1.0-4.5B,e04,compound (exp 03/04 protocol),HR07,hr,0,0,True,0.9856,106.1
basal-1.0-4.5B,e04,compound (exp 03/04 protocol),HR08,hr,1,1,True,0.5408,112.7
basal-1.0-4.5B,e04,compound (exp 03/04 protocol),HR09,hr,1,1,True,0.9988,125.4
basal-1.0-4.5B,e04,compound (exp 03/04 protocol),HR10,hr,2,2,True,0.9951,131.4
basal-1.0-4.5B,e04,compound (exp 03/04 protocol),HR11,hr,0,0,True,0.9974,124.8
basal-1.0-4.5B,e04,compound (exp 03/04 protocol),HR12,hr,4,4,True,0.9993,136.2
basal-1.0-4.5B,e04,compound (exp 03/04 protocol),HR13,hr,5,5,True,0.9949,127.8
basal-1.0-4.5B,e04,compound (exp 03/04 protocol),HR14,hr,1,0,False,0.8782,143.8
basal-1.0-4.5B,e04,compound (exp 03/04 protocol),HR15,hr,1,1,True,0.9589,140.1
basal-1.0-4.5B,e04,compound (exp 03/04 protocol),HR16,hr,3,3,True,0.9968,144.0
basal-1.0-4.5B,e04,compound (exp 03/04 protocol),HR17,hr,2,2,True,0.9941,135.5
basal-1.0-4.5B,e04,compound (exp 03/04 protocol),MED01,przychodnia,0,0,True,0.8146,169.5
basal-1.0-4.5B,e04,compound (exp 03/04 protocol),MED02,przychodnia,1,1,True,0.5422,146.3
basal-1.0-4.5B,e04,compound (exp 03/04 protocol),MED03,przychodnia,1,1,True,0.6626,124.1
basal-1.0-4.5B,e04,compound (exp 03/04 protocol),MED04,przychodnia,0,0,True,0.8593,137.3
basal-1.0-4.5B,e04,compound (exp 03/04 protocol),MED05,przychodnia,0,0,True,0.9837,110.6
basal-1.0-4.5B,e04,compound (exp 03/04 protocol),MED06,przychodnia,1,1,True,0.9904,120.8
basal-1.0-4.5B,e04,compound (exp 03/04 protocol),MED07,przychodnia,0,0,True,0.9838,107.9
basal-1.0-4.5B,e04,compound (exp 03/04 protocol),MED08,przychodnia,1,1,True,0.789,111.0
basal-1.0-4.5B,e04,compound (exp 03/04 protocol),MED09,przychodnia,2,2,True,0.9911,122.6
basal-1.0-4.5B,e04,compound (exp 03/04 protocol),MED10,przychodnia,3,3,True,0.9908,128.0
basal-1.0-4.5B,e04,compound (exp 03/04 protocol),MED11,przychodnia,1,1,True,0.9992,125.2
basal-1.0-4.5B,e04,compound (exp 03/04 protocol),MED12,przychodnia,4,4,True,0.9995,122.0
basal-1.0-4.5B,e04,compound (exp 03/04 protocol),MED13,przychodnia,1,2,False,0.6554,126.9
basal-1.0-4.5B,e04,compound (exp 03/04 protocol),MED14,przychodnia,0,0,True,0.9927,129.5
basal-1.0-4.5B,e04,compound (exp 03/04 protocol),MED15,przychodnia,1,0,False,0.5892,173.8
basal-1.0-4.5B,e04,compound (exp 03/04 protocol),MED16,przychodnia,2,2,True,0.9973,178.9
basal-1.0-4.5B,e04,compound (exp 03/04 protocol),MED17,przychodnia,3,0,False,0.4682,185.1
basal-1.0-4.5B,e04,compound (exp 03/04 protocol),INS01,ubezpieczenia,1,1,True,0.5984,153.0
basal-1.0-4.5B,e04,compound (exp 03/04 protocol),INS02,ubezpieczenia,0,1,False,0.6626,143.3
basal-1.0-4.5B,e04,compound (exp 03/04 protocol),INS03,ubezpieczenia,0,0,True,0.865,181.6
basal-1.0-4.5B,e04,compound (exp 03/04 protocol),INS04,ubezpieczenia,1,0,False,0.6837,168.9
basal-1.0-4.5B,e04,compound (exp 03/04 protocol),INS05,ubezpieczenia,0,0,True,0.9895,127.1
basal-1.0-4.5B,e04,compound (exp 03/04 protocol),INS06,ubezpieczenia,1,1,True,0.7503,166.4
basal-1.0-4.5B,e04,compound (exp 03/04 protocol),INS07,ubezpieczenia,1,1,True,0.9864,117.1
basal-1.0-4.5B,e04,compound (exp 03/04 protocol),INS08,ubezpieczenia,0,0,True,0.9856,126.6
basal-1.0-4.5B,e04,compound (exp 03/04 protocol),INS09,ubezpieczenia,3,3,True,0.9934,136.2
basal-1.0-4.5B,e04,compound (exp 03/04 protocol),INS10,ubezpieczenia,4,4,True,0.9931,143.6
basal-1.0-4.5B,e04,compound (exp 03/04 protocol),INS11,ubezpieczenia,2,2,True,0.6736,113.5
basal-1.0-4.5B,e04,compound (exp 03/04 protocol),INS12,ubezpieczenia,1,1,True,0.9336,125.4
basal-1.0-4.5B,e04,compound (exp 03/04 protocol),INS13,ubezpieczenia,0,0,True,0.9987,144.0
basal-1.0-4.5B,e04,compound (exp 03/04 protocol),INS14,ubezpieczenia,0,0,True,0.8723,165.3
basal-1.0-4.5B,e04,compound (exp 03/04 protocol),INS15,ubezpieczenia,2,2,True,0.999,167.2
basal-1.0-4.5B,e04,compound (exp 03/04 protocol),INS16,ubezpieczenia,1,1,True,0.8475,150.1
basal-1.0-4.5B,e04,compound (exp 03/04 protocol),INS17,ubezpieczenia,3,3,True,0.9972,163.0
basal-1.0-4.5B,e04,compound (exp 03/04 protocol),BNK01,bank_aml,1,1,True,0.958,193.5
basal-1.0-4.5B,e04,compound (exp 03/04 protocol),BNK02,bank_aml,0,1,False,0.8554,208.6
basal-1.0-4.5B,e04,compound (exp 03/04 protocol),BNK03,bank_aml,0,0,True,0.6524,149.7
basal-1.0-4.5B,e04,compound (exp 03/04 protocol),BNK04,bank_aml,1,0,False,0.5629,152.1
basal-1.0-4.5B,e04,compound (exp 03/04 protocol),BNK05,bank_aml,1,0,False,0.7477,145.5
basal-1.0-4.5B,e04,compound (exp 03/04 protocol),BNK06,bank_aml,0,0,True,0.9752,123.1
basal-1.0-4.5B,e04,compound (exp 03/04 protocol),BNK07,bank_aml,0,0,True,0.9141,128.6
basal-1.0-4.5B,e04,compound (exp 03/04 protocol),BNK08,bank_aml,1,1,True,0.9966,115.2
basal-1.0-4.5B,e04,compound (exp 03/04 protocol),BNK09,bank_aml,4,4,True,0.6834,141.1
basal-1.0-4.5B,e04,compound (exp 03/04 protocol),BNK10,bank_aml,2,2,True,0.9958,141.0
basal-1.0-4.5B,e04,compound (exp 03/04 protocol),BNK11,bank_aml,1,1,True,0.9995,136.9
basal-1.0-4.5B,e04,compound (exp 03/04 protocol),BNK12,bank_aml,3,3,True,0.9946,137.8
basal-1.0-4.5B,e04,compound (exp 03/04 protocol),BNK13,bank_aml,0,0,True,0.9981,134.5
basal-1.0-4.5B,e04,compound (exp 03/04 protocol),BNK14,bank_aml,0,0,True,0.9578,167.5
basal-1.0-4.5B,e04,compound (exp 03/04 protocol),BNK15,bank_aml,1,1,True,0.9958,170.7
basal-1.0-4.5B,e04,compound (exp 03/04 protocol),BNK16,bank_aml,2,2,True,0.9926,176.1
basal-1.0-4.5B,e04,compound (exp 03/04 protocol),BNK17,bank_aml,3,3,True,0.9463,167.4
basal-1.0-4.5B,e04,compound (exp 03/04 protocol),LOG01,logistyka,1,0,False,0.5317,148.7
basal-1.0-4.5B,e04,compound (exp 03/04 protocol),LOG02,logistyka,0,0,True,0.6142,170.0
basal-1.0-4.5B,e04,compound (exp 03/04 protocol),LOG03,logistyka,1,1,True,0.8197,153.5
basal-1.0-4.5B,e04,compound (exp 03/04 protocol),LOG04,logistyka,0,0,True,0.892,145.1
basal-1.0-4.5B,e04,compound (exp 03/04 protocol),LOG05,logistyka,1,0,False,0.7335,147.3
basal-1.0-4.5B,e04,compound (exp 03/04 protocol),LOG06,logistyka,0,0,True,0.9789,114.2
basal-1.0-4.5B,e04,compound (exp 03/04 protocol),LOG07,logistyka,0,0,True,0.9831,127.6
basal-1.0-4.5B,e04,compound (exp 03/04 protocol),LOG08,logistyka,1,1,True,0.9501,117.4
basal-1.0-4.5B,e04,compound (exp 03/04 protocol),LOG09,logistyka,2,2,True,0.9528,149.5
basal-1.0-4.5B,e04,compound (exp 03/04 protocol),LOG10,logistyka,1,1,True,0.9837,135.3
basal-1.0-4.5B,e04,compound (exp 03/04 protocol),LOG11,logistyka,3,3,True,0.9911,148.2
basal-1.0-4.5B,e04,compound (exp 03/04 protocol),LOG12,logistyka,0,0,True,0.994,147.6
basal-1.0-4.5B,e04,compound (exp 03/04 protocol),LOG13,logistyka,4,4,True,0.9915,146.6
basal-1.0-4.5B,e04,compound (exp 03/04 protocol),LOG14,logistyka,0,0,True,0.9789,145.0
basal-1.0-4.5B,e04,compound (exp 03/04 protocol),LOG15,logistyka,2,1,False,0.9089,152.4
basal-1.0-4.5B,e04,compound (exp 03/04 protocol),LOG16,logistyka,1,1,True,0.9636,146.9
basal-1.0-4.5B,e04,compound (exp 03/04 protocol),LOG17,logistyka,3,3,True,0.9968,165.5
basal-1.0-4.5B,e04,compound (exp 03/04 protocol),ITS01,it_security,0,0,True,0.8548,142.4
basal-1.0-4.5B,e04,compound (exp 03/04 protocol),ITS02,it_security,1,0,False,0.8146,144.6
basal-1.0-4.5B,e04,compound (exp 03/04 protocol),ITS03,it_security,1,0,False,0.8204,150.7
basal-1.0-4.5B,e04,compound (exp 03/04 protocol),ITS04,it_security,0,1,False,0.8963,135.7
basal-1.0-4.5B,e04,compound (exp 03/04 protocol),ITS05,it_security,1,1,True,0.8883,130.3
basal-1.0-4.5B,e04,compound (exp 03/04 protocol),ITS06,it_security,1,1,True,0.9743,174.2
basal-1.0-4.5B,e04,compound (exp 03/04 protocol),ITS07,it_security,0,1,False,0.8465,182.3
basal-1.0-4.5B,e04,compound (exp 03/04 protocol),ITS08,it_security,0,0,True,0.7534,143.9
basal-1.0-4.5B,e04,compound (exp 03/04 protocol),ITS09,it_security,4,4,True,0.9156,150.3
basal-1.0-4.5B,e04,compound (exp 03/04 protocol),ITS10,it_security,3,3,True,0.9612,144.8
basal-1.0-4.5B,e04,compound (exp 03/04 protocol),ITS11,it_security,2,2,True,0.9737,145.4
basal-1.0-4.5B,e04,compound (exp 03/04 protocol),ITS12,it_security,0,0,True,0.9978,142.9
basal-1.0-4.5B,e04,compound (exp 03/04 protocol),ITS13,it_security,1,1,True,0.9461,151.3
basal-1.0-4.5B,e04,compound (exp 03/04 protocol),ITS14,it_security,0,1,False,0.9637,146.9
basal-1.0-4.5B,e04,compound (exp 03/04 protocol),ITS15,it_security,2,2,True,0.9951,145.0
basal-1.0-4.5B,e04,compound (exp 03/04 protocol),ITS16,it_security,1,1,True,0.9847,142.3
basal-1.0-4.5B,e04,compound (exp 03/04 protocol),ITS17,it_security,3,2,False,0.9076,140.9
basal-1.0-4.5B,e04,compound (exp 03/04 protocol),MFG01,produkcja,1,0,False,0.6792,139.6
basal-1.0-4.5B,e04,compound (exp 03/04 protocol),MFG02,produkcja,0,0,True,0.6313,190.1
basal-1.0-4.5B,e04,compound (exp 03/04 protocol),MFG03,produkcja,0,0,True,0.5523,141.9
basal-1.0-4.5B,e04,compound (exp 03/04 protocol),MFG04,produkcja,0,0,True,0.6534,141.3
basal-1.0-4.5B,e04,compound (exp 03/04 protocol),MFG05,produkcja,0,1,False,0.8133,124.9
basal-1.0-4.5B,e04,compound (exp 03/04 protocol),MFG06,produkcja,1,1,True,0.9793,121.5
basal-1.0-4.5B,e04,compound (exp 03/04 protocol),MFG07,produkcja,1,1,True,0.9584,121.3
basal-1.0-4.5B,e04,compound (exp 03/04 protocol),MFG08,produkcja,1,1,True,0.6039,120.6
basal-1.0-4.5B,e04,compound (exp 03/04 protocol),MFG09,produkcja,1,1,True,0.9997,150.5
basal-1.0-4.5B,e04,compound (exp 03/04 protocol),MFG10,produkcja,4,4,True,0.9993,153.0
basal-1.0-4.5B,e04,compound (exp 03/04 protocol),MFG11,produkcja,3,3,True,0.9968,156.2
basal-1.0-4.5B,e04,compound (exp 03/04 protocol),MFG12,produkcja,2,2,True,0.9983,155.4
basal-1.0-4.5B,e04,compound (exp 03/04 protocol),MFG13,produkcja,0,0,True,0.9976,152.2
basal-1.0-4.5B,e04,compound (exp 03/04 protocol),MFG14,produkcja,0,0,True,0.9906,130.3
basal-1.0-4.5B,e04,compound (exp 03/04 protocol),MFG15,produkcja,1,1,True,0.9277,135.9
basal-1.0-4.5B,e04,compound (exp 03/04 protocol),MFG16,produkcja,2,2,True,0.9974,140.2
basal-1.0-4.5B,e04,compound (exp 03/04 protocol),MFG17,produkcja,3,3,True,0.6866,138.6
basal-1.0-4.5B,e04,compound (exp 03/04 protocol),EDU01,uczelnia,1,0,False,0.6817,138.5
basal-1.0-4.5B,e04,compound (exp 03/04 protocol),EDU02,uczelnia,0,0,True,0.9935,141.2
basal-1.0-4.5B,e04,compound (exp 03/04 protocol),EDU03,uczelnia,1,0,False,0.5807,123.5
basal-1.0-4.5B,e04,compound (exp 03/04 protocol),EDU04,uczelnia,0,0,True,0.9321,137.0
basal-1.0-4.5B,e04,compound (exp 03/04 protocol),EDU05,uczelnia,1,1,True,0.7732,135.6
basal-1.0-4.5B,e04,compound (exp 03/04 protocol),EDU06,uczelnia,0,0,True,0.9707,115.2
basal-1.0-4.5B,e04,compound (exp 03/04 protocol),EDU07,uczelnia,0,0,True,0.9179,119.6
basal-1.0-4.5B,e04,compound (exp 03/04 protocol),EDU08,uczelnia,1,1,True,0.9915,118.1
basal-1.0-4.5B,e04,compound (exp 03/04 protocol),EDU09,uczelnia,1,1,True,0.9998,143.5
basal-1.0-4.5B,e04,compound (exp 03/04 protocol),EDU10,uczelnia,4,4,True,0.9991,139.7
basal-1.0-4.5B,e04,compound (exp 03/04 protocol),EDU11,uczelnia,2,2,True,0.9995,140.3
basal-1.0-4.5B,e04,compound (exp 03/04 protocol),EDU12,uczelnia,3,3,True,0.9956,144.6
basal-1.0-4.5B,e04,compound (exp 03/04 protocol),EDU13,uczelnia,0,0,True,0.9995,139.3
basal-1.0-4.5B,e04,compound (exp 03/04 protocol),EDU14,uczelnia,0,0,True,0.9259,138.5
basal-1.0-4.5B,e04,compound (exp 03/04 protocol),EDU15,uczelnia,2,3,False,0.9427,145.2
basal-1.0-4.5B,e04,compound (exp 03/04 protocol),EDU16,uczelnia,1,2,False,0.8465,150.6
basal-1.0-4.5B,e04,compound (exp 03/04 protocol),EDU17,uczelnia,3,3,True,0.7797,146.2
basal-1.0-4.5B,e04,compound (exp 03/04 protocol),RE01,wspolnota,1,1,True,0.5984,138.2
basal-1.0-4.5B,e04,compound (exp 03/04 protocol),RE02,wspolnota,0,1,False,0.547,159.5
basal-1.0-4.5B,e04,compound (exp 03/04 protocol),RE03,wspolnota,1,1,True,0.8465,133.2
basal-1.0-4.5B,e04,compound (exp 03/04 protocol),RE04,wspolnota,0,0,True,0.9671,133.8
basal-1.0-4.5B,e04,compound (exp 03/04 protocol),RE05,wspolnota,0,0,True,0.6331,133.0
basal-1.0-4.5B,e04,compound (exp 03/04 protocol),RE06,wspolnota,1,1,True,0.9743,112.8
basal-1.0-4.5B,e04,compound (exp 03/04 protocol),RE07,wspolnota,0,1,False,0.7994,119.8
basal-1.0-4.5B,e04,compound (exp 03/04 protocol),RE08,wspolnota,1,1,True,0.9935,114.5
basal-1.0-4.5B,e04,compound (exp 03/04 protocol),RE09,wspolnota,3,3,True,0.9939,170.7
basal-1.0-4.5B,e04,compound (exp 03/04 protocol),RE10,wspolnota,5,5,True,0.9978,157.8
basal-1.0-4.5B,e04,compound (exp 03/04 protocol),RE11,wspolnota,1,1,True,0.9982,155.3
basal-1.0-4.5B,e04,compound (exp 03/04 protocol),RE12,wspolnota,4,4,True,0.9881,154.4
basal-1.0-4.5B,e04,compound (exp 03/04 protocol),RE13,wspolnota,0,0,True,0.9764,160.6
basal-1.0-4.5B,e04,compound (exp 03/04 protocol),RE14,wspolnota,3,3,True,0.999,170.4
basal-1.0-4.5B,e04,compound (exp 03/04 protocol),RE15,wspolnota,2,2,True,0.9928,170.7
basal-1.0-4.5B,e04,compound (exp 03/04 protocol),RE16,wspolnota,0,0,True,0.9876,161.4
basal-1.0-4.5B,e04,compound (exp 03/04 protocol),RE17,wspolnota,1,1,True,0.9872,178.4
basal-1.0-4.5B,e04,compound (exp 03/04 protocol),ECM01,moderacja,0,0,True,0.5843,190.1
basal-1.0-4.5B,e04,compound (exp 03/04 protocol),ECM02,moderacja,1,1,True,0.7948,181.6
basal-1.0-4.5B,e04,compound (exp 03/04 protocol),ECM03,moderacja,1,1,True,0.8634,184.6
basal-1.0-4.5B,e04,compound (exp 03/04 protocol),ECM04,moderacja,1,0,False,0.8025,177.7
basal-1.0-4.5B,e04,compound (exp 03/04 protocol),ECM05,moderacja,0,0,True,0.7444,185.5
basal-1.0-4.5B,e04,compound (exp 03/04 protocol),ECM06,moderacja,1,1,True,0.9429,132.7
basal-1.0-4.5B,e04,compound (exp 03/04 protocol),ECM07,moderacja,0,1,False,0.9279,124.9
basal-1.0-4.5B,e04,compound (exp 03/04 protocol),ECM08,moderacja,0,1,False,0.5211,126.4
basal-1.0-4.5B,e04,compound (exp 03/04 protocol),ECM09,moderacja,2,0,False,0.5907,178.6
basal-1.0-4.5B,e04,compound (exp 03/04 protocol),ECM10,moderacja,3,3,True,0.9336,159.6
basal-1.0-4.5B,e04,compound (exp 03/04 protocol),ECM11,moderacja,0,0,True,0.662,173.9
basal-1.0-4.5B,e04,compound (exp 03/04 protocol),ECM12,moderacja,5,5,True,0.9976,173.7
basal-1.0-4.5B,e04,compound (exp 03/04 protocol),ECM13,moderacja,1,1,True,0.5978,161.2
basal-1.0-4.5B,e04,compound (exp 03/04 protocol),ECM14,moderacja,4,0,False,0.5353,174.0
basal-1.0-4.5B,e04,compound (exp 03/04 protocol),ECM15,moderacja,3,3,True,0.9152,175.6
basal-1.0-4.5B,e04,compound (exp 03/04 protocol),ECM16,moderacja,1,1,True,0.7186,147.4
basal-1.0-4.5B,e04,compound (exp 03/04 protocol),ECM17,moderacja,0,0,True,0.6671,154.1
basal-1.0-1.5B,e04,compound (exp 03/04 protocol),ADM01,administracja,0,0,True,0.6398,54.3
basal-1.0-1.5B,e04,compound (exp 03/04 protocol),ADM02,administracja,0,0,True,0.6952,52.7
basal-1.0-1.5B,e04,compound (exp 03/04 protocol),ADM03,administracja,1,0,False,0.5805,58.2
basal-1.0-1.5B,e04,compound (exp 03/04 protocol),ADM04,administracja,0,0,True,0.6039,62.3
basal-1.0-1.5B,e04,compound (exp 03/04 protocol),ADM05,administracja,1,1,True,0.6976,50.3
basal-1.0-1.5B,e04,compound (exp 03/04 protocol),ADM06,administracja,0,0,True,0.9097,45.5
basal-1.0-1.5B,e04,compound (exp 03/04 protocol),ADM07,administracja,1,1,True,0.9829,49.5
basal-1.0-1.5B,e04,compound (exp 03/04 protocol),ADM08,administracja,1,0,False,0.6521,46.0
basal-1.0-1.5B,e04,compound (exp 03/04 protocol),ADM09,administracja,2,2,True,0.9935,55.6
basal-1.0-1.5B,e04,compound (exp 03/04 protocol),ADM10,administracja,0,0,True,0.9474,61.0
basal-1.0-1.5B,e04,compound (exp 03/04 protocol),ADM11,administracja,1,1,True,0.9919,52.7
basal-1.0-1.5B,e04,compound (exp 03/04 protocol),ADM12,administracja,2,2,True,0.6179,68.4
basal-1.0-1.5B,e04,compound (exp 03/04 protocol),ADM13,administracja,3,3,True,0.7166,51.0
basal-1.0-1.5B,e04,compound (exp 03/04 protocol),ADM14,administracja,4,4,True,0.9974,46.1
basal-1.0-1.5B,e04,compound (exp 03/04 protocol),ADM15,administracja,1,1,True,0.5353,59.3
basal-1.0-1.5B,e04,compound (exp 03/04 protocol),ADM16,administracja,2,2,True,0.9372,60.3
basal-1.0-1.5B,e04,compound (exp 03/04 protocol),ADM17,administracja,3,3,True,0.9559,62.4
basal-1.0-1.5B,e04,compound (exp 03/04 protocol),LAW01,kancelaria,0,0,True,0.5971,55.1
basal-1.0-1.5B,e04,compound (exp 03/04 protocol),LAW02,kancelaria,1,1,True,0.7368,56.0
basal-1.0-1.5B,e04,compound (exp 03/04 protocol),LAW03,kancelaria,1,1,True,0.759,57.7
basal-1.0-1.5B,e04,compound (exp 03/04 protocol),LAW04,kancelaria,1,1,True,0.614,56.7
basal-1.0-1.5B,e04,compound (exp 03/04 protocol),LAW05,kancelaria,0,1,False,0.6559,44.9
basal-1.0-1.5B,e04,compound (exp 03/04 protocol),LAW06,kancelaria,1,1,True,0.9777,43.9
basal-1.0-1.5B,e04,compound (exp 03/04 protocol),LAW07,kancelaria,0,0,True,0.904,45.2
basal-1.0-1.5B,e04,compound (exp 03/04 protocol),LAW08,kancelaria,0,0,True,0.8938,45.2
basal-1.0-1.5B,e04,compound (exp 03/04 protocol),LAW09,kancelaria,5,5,True,0.9868,57.4
basal-1.0-1.5B,e04,compound (exp 03/04 protocol),LAW10,kancelaria,2,2,True,0.9943,62.0
basal-1.0-1.5B,e04,compound (exp 03/04 protocol),LAW11,kancelaria,0,0,True,0.9954,59.8
basal-1.0-1.5B,e04,compound (exp 03/04 protocol),LAW12,kancelaria,3,3,True,0.9987,58.3
basal-1.0-1.5B,e04,compound (exp 03/04 protocol),LAW13,kancelaria,4,4,True,0.9953,56.8
basal-1.0-1.5B,e04,compound (exp 03/04 protocol),LAW14,kancelaria,2,2,True,0.4384,58.2
basal-1.0-1.5B,e04,compound (exp 03/04 protocol),LAW15,kancelaria,0,0,True,0.5911,57.7
basal-1.0-1.5B,e04,compound (exp 03/04 protocol),LAW16,kancelaria,2,2,True,0.7002,61.6
basal-1.0-1.5B,e04,compound (exp 03/04 protocol),LAW17,kancelaria,1,2,False,0.3924,63.4
basal-1.0-1.5B,e04,compound (exp 03/04 protocol),HR01,hr,0,1,False,0.5922,58.9
basal-1.0-1.5B,e04,compound (exp 03/04 protocol),HR02,hr,1,0,False,0.5,54.8
basal-1.0-1.5B,e04,compound (exp 03/04 protocol),HR03,hr,0,0,True,0.5117,54.1
basal-1.0-1.5B,e04,compound (exp 03/04 protocol),HR04,hr,0,1,False,0.9258,54.8
basal-1.0-1.5B,e04,compound (exp 03/04 protocol),HR05,hr,1,1,True,0.9717,43.5
basal-1.0-1.5B,e04,compound (exp 03/04 protocol),HR06,hr,1,1,True,0.9128,41.9
basal-1.0-1.5B,e04,compound (exp 03/04 protocol),HR07,hr,0,0,True,0.9043,46.5
basal-1.0-1.5B,e04,compound (exp 03/04 protocol),HR08,hr,1,1,True,0.6266,46.3
basal-1.0-1.5B,e04,compound (exp 03/04 protocol),HR09,hr,1,1,True,0.9949,53.1
basal-1.0-1.5B,e04,compound (exp 03/04 protocol),HR10,hr,2,2,True,0.9863,53.9
basal-1.0-1.5B,e04,compound (exp 03/04 protocol),HR11,hr,0,0,True,0.9932,52.7
basal-1.0-1.5B,e04,compound (exp 03/04 protocol),HR12,hr,4,4,True,0.9889,55.7
basal-1.0-1.5B,e04,compound (exp 03/04 protocol),HR13,hr,5,5,True,0.9935,55.4
basal-1.0-1.5B,e04,compound (exp 03/04 protocol),HR14,hr,1,2,False,0.3956,58.3
basal-1.0-1.5B,e04,compound (exp 03/04 protocol),HR15,hr,1,1,True,0.5798,61.7
basal-1.0-1.5B,e04,compound (exp 03/04 protocol),HR16,hr,3,3,True,0.9204,58.2
basal-1.0-1.5B,e04,compound (exp 03/04 protocol),HR17,hr,2,2,True,0.9389,55.3
basal-1.0-1.5B,e04,compound (exp 03/04 protocol),MED01,przychodnia,0,0,True,0.7849,96.0
basal-1.0-1.5B,e04,compound (exp 03/04 protocol),MED02,przychodnia,1,0,False,0.7875,61.4
basal-1.0-1.5B,e04,compound (exp 03/04 protocol),MED03,przychodnia,1,1,True,0.6872,51.1
basal-1.0-1.5B,e04,compound (exp 03/04 protocol),MED04,przychodnia,0,0,True,0.6953,58.5
basal-1.0-1.5B,e04,compound (exp 03/04 protocol),MED05,przychodnia,0,0,True,0.9728,47.9
basal-1.0-1.5B,e04,compound (exp 03/04 protocol),MED06,przychodnia,1,1,True,0.9726,51.0
basal-1.0-1.5B,e04,compound (exp 03/04 protocol),MED07,przychodnia,0,0,True,0.9833,42.5
basal-1.0-1.5B,e04,compound (exp 03/04 protocol),MED08,przychodnia,1,1,True,0.5971,45.6
basal-1.0-1.5B,e04,compound (exp 03/04 protocol),MED09,przychodnia,2,2,True,0.9848,52.1
basal-1.0-1.5B,e04,compound (exp 03/04 protocol),MED10,przychodnia,3,3,True,0.9066,56.4
basal-1.0-1.5B,e04,compound (exp 03/04 protocol),MED11,przychodnia,1,1,True,0.9875,51.7
basal-1.0-1.5B,e04,compound (exp 03/04 protocol),MED12,przychodnia,4,4,True,0.9853,50.7
basal-1.0-1.5B,e04,compound (exp 03/04 protocol),MED13,przychodnia,1,1,True,0.9665,51.6
basal-1.0-1.5B,e04,compound (exp 03/04 protocol),MED14,przychodnia,0,0,True,0.9945,53.1
basal-1.0-1.5B,e04,compound (exp 03/04 protocol),MED15,przychodnia,1,1,True,0.934,66.4
basal-1.0-1.5B,e04,compound (exp 03/04 protocol),MED16,przychodnia,2,2,True,0.9619,66.4
basal-1.0-1.5B,e04,compound (exp 03/04 protocol),MED17,przychodnia,3,2,False,0.517,68.7
basal-1.0-1.5B,e04,compound (exp 03/04 protocol),INS01,ubezpieczenia,1,1,True,0.5869,61.7
basal-1.0-1.5B,e04,compound (exp 03/04 protocol),INS02,ubezpieczenia,0,0,True,0.574,56.0
basal-1.0-1.5B,e04,compound (exp 03/04 protocol),INS03,ubezpieczenia,0,0,True,0.6456,65.2
basal-1.0-1.5B,e04,compound (exp 03/04 protocol),INS04,ubezpieczenia,1,0,False,0.5175,62.1
basal-1.0-1.5B,e04,compound (exp 03/04 protocol),INS05,ubezpieczenia,0,0,True,0.9103,50.9
basal-1.0-1.5B,e04,compound (exp 03/04 protocol),INS06,ubezpieczenia,1,1,True,0.7547,61.0
basal-1.0-1.5B,e04,compound (exp 03/04 protocol),INS07,ubezpieczenia,1,0,False,0.5174,48.2
basal-1.0-1.5B,e04,compound (exp 03/04 protocol),INS08,ubezpieczenia,0,0,True,0.9652,51.4
basal-1.0-1.5B,e04,compound (exp 03/04 protocol),INS09,ubezpieczenia,3,3,True,0.919,56.0
basal-1.0-1.5B,e04,compound (exp 03/04 protocol),INS10,ubezpieczenia,4,4,True,0.9055,61.1
basal-1.0-1.5B,e04,compound (exp 03/04 protocol),INS11,ubezpieczenia,2,2,True,0.9814,48.9
basal-1.0-1.5B,e04,compound (exp 03/04 protocol),INS12,ubezpieczenia,1,1,True,0.7536,51.1
basal-1.0-1.5B,e04,compound (exp 03/04 protocol),INS13,ubezpieczenia,0,0,True,0.9973,59.3
basal-1.0-1.5B,e04,compound (exp 03/04 protocol),INS14,ubezpieczenia,0,0,True,0.8246,62.7
basal-1.0-1.5B,e04,compound (exp 03/04 protocol),INS15,ubezpieczenia,2,2,True,0.9616,61.8
basal-1.0-1.5B,e04,compound (exp 03/04 protocol),INS16,ubezpieczenia,1,2,False,0.7469,59.1
basal-1.0-1.5B,e04,compound (exp 03/04 protocol),INS17,ubezpieczenia,3,3,True,0.9738,65.2
basal-1.0-1.5B,e04,compound (exp 03/04 protocol),BNK01,bank_aml,1,1,True,0.8096,72.1
basal-1.0-1.5B,e04,compound (exp 03/04 protocol),BNK02,bank_aml,0,1,False,0.6777,78.4
basal-1.0-1.5B,e04,compound (exp 03/04 protocol),BNK03,bank_aml,0,0,True,0.732,59.5
basal-1.0-1.5B,e04,compound (exp 03/04 protocol),BNK04,bank_aml,1,0,False,0.6364,62.2
basal-1.0-1.5B,e04,compound (exp 03/04 protocol),BNK05,bank_aml,1,1,True,0.6818,61.2
basal-1.0-1.5B,e04,compound (exp 03/04 protocol),BNK06,bank_aml,0,1,False,0.7569,49.9
basal-1.0-1.5B,e04,compound (exp 03/04 protocol),BNK07,bank_aml,0,0,True,0.8307,51.8
basal-1.0-1.5B,e04,compound (exp 03/04 protocol),BNK08,bank_aml,1,1,True,0.9479,44.8
basal-1.0-1.5B,e04,compound (exp 03/04 protocol),BNK09,bank_aml,4,1,False,0.6616,56.7
basal-1.0-1.5B,e04,compound (exp 03/04 protocol),BNK10,bank_aml,2,2,True,0.9784,59.2
basal-1.0-1.5B,e04,compound (exp 03/04 protocol),BNK11,bank_aml,1,1,True,0.9983,55.7
basal-1.0-1.5B,e04,compound (exp 03/04 protocol),BNK12,bank_aml,3,3,True,0.9982,56.0
basal-1.0-1.5B,e04,compound (exp 03/04 protocol),BNK13,bank_aml,0,0,True,0.9939,56.0
basal-1.0-1.5B,e04,compound (exp 03/04 protocol),BNK14,bank_aml,0,0,True,0.9475,63.3
basal-1.0-1.5B,e04,compound (exp 03/04 protocol),BNK15,bank_aml,1,1,True,0.9539,65.3
basal-1.0-1.5B,e04,compound (exp 03/04 protocol),BNK16,bank_aml,2,2,True,0.9376,66.8
basal-1.0-1.5B,e04,compound (exp 03/04 protocol),BNK17,bank_aml,3,3,True,0.7959,65.8
basal-1.0-1.5B,e04,compound (exp 03/04 protocol),LOG01,logistyka,1,0,False,0.5633,59.7
basal-1.0-1.5B,e04,compound (exp 03/04 protocol),LOG02,logistyka,0,0,True,0.5339,64.2
basal-1.0-1.5B,e04,compound (exp 03/04 protocol),LOG03,logistyka,1,0,False,0.6088,58.0
basal-1.0-1.5B,e04,compound (exp 03/04 protocol),LOG04,logistyka,0,0,True,0.7939,56.3
basal-1.0-1.5B,e04,compound (exp 03/04 protocol),LOG05,logistyka,1,0,False,0.6145,58.6
basal-1.0-1.5B,e04,compound (exp 03/04 protocol),LOG06,logistyka,0,0,True,0.9872,42.7
basal-1.0-1.5B,e04,compound (exp 03/04 protocol),LOG07,logistyka,0,0,True,0.8517,50.5
basal-1.0-1.5B,e04,compound (exp 03/04 protocol),LOG08,logistyka,1,1,True,0.6811,46.5
basal-1.0-1.5B,e04,compound (exp 03/04 protocol),LOG09,logistyka,2,2,True,0.9753,59.3
basal-1.0-1.5B,e04,compound (exp 03/04 protocol),LOG10,logistyka,1,1,True,0.9765,54.7
basal-1.0-1.5B,e04,compound (exp 03/04 protocol),LOG11,logistyka,3,3,True,0.9975,58.9
basal-1.0-1.5B,e04,compound (exp 03/04 protocol),LOG12,logistyka,0,0,True,0.9954,58.9
basal-1.0-1.5B,e04,compound (exp 03/04 protocol),LOG13,logistyka,4,4,True,0.9964,57.4
basal-1.0-1.5B,e04,compound (exp 03/04 protocol),LOG14,logistyka,0,0,True,0.594,57.5
basal-1.0-1.5B,e04,compound (exp 03/04 protocol),LOG15,logistyka,2,3,False,0.346,60.0
basal-1.0-1.5B,e04,compound (exp 03/04 protocol),LOG16,logistyka,1,1,True,0.743,59.6
basal-1.0-1.5B,e04,compound (exp 03/04 protocol),LOG17,logistyka,3,3,True,0.9804,60.7
basal-1.0-1.5B,e04,compound (exp 03/04 protocol),ITS01,it_security,0,0,True,0.8062,58.3
basal-1.0-1.5B,e04,compound (exp 03/04 protocol),ITS02,it_security,1,0,False,0.7881,57.1
basal-1.0-1.5B,e04,compound (exp 03/04 protocol),ITS03,it_security,1,0,False,0.889,60.5
basal-1.0-1.5B,e04,compound (exp 03/04 protocol),ITS04,it_security,0,1,False,0.684,53.8
basal-1.0-1.5B,e04,compound (exp 03/04 protocol),ITS05,it_security,1,1,True,0.551,51.2
basal-1.0-1.5B,e04,compound (exp 03/04 protocol),ITS06,it_security,1,1,True,0.9592,63.4
basal-1.0-1.5B,e04,compound (exp 03/04 protocol),ITS07,it_security,0,1,False,0.9579,67.9
basal-1.0-1.5B,e04,compound (exp 03/04 protocol),ITS08,it_security,0,1,False,0.8526,56.9
basal-1.0-1.5B,e04,compound (exp 03/04 protocol),ITS09,it_security,4,4,True,0.5665,60.2
basal-1.0-1.5B,e04,compound (exp 03/04 protocol),ITS10,it_security,3,3,True,0.9727,55.9
basal-1.0-1.5B,e04,compound (exp 03/04 protocol),ITS11,it_security,2,2,True,0.9861,57.9
basal-1.0-1.5B,e04,compound (exp 03/04 protocol),ITS12,it_security,0,0,True,0.9966,56.7
basal-1.0-1.5B,e04,compound (exp 03/04 protocol),ITS13,it_security,1,1,True,0.9864,59.3
basal-1.0-1.5B,e04,compound (exp 03/04 protocol),ITS14,it_security,0,1,False,0.8053,57.5
basal-1.0-1.5B,e04,compound (exp 03/04 protocol),ITS15,it_security,2,2,True,0.7683,57.6
basal-1.0-1.5B,e04,compound (exp 03/04 protocol),ITS16,it_security,1,1,True,0.9234,55.3
basal-1.0-1.5B,e04,compound (exp 03/04 protocol),ITS17,it_security,3,2,False,0.855,55.4
basal-1.0-1.5B,e04,compound (exp 03/04 protocol),MFG01,produkcja,1,1,True,0.6679,58.4
basal-1.0-1.5B,e04,compound (exp 03/04 protocol),MFG02,produkcja,0,0,True,0.6438,66.0
basal-1.0-1.5B,e04,compound (exp 03/04 protocol),MFG03,produkcja,0,0,True,0.8204,54.9
basal-1.0-1.5B,e04,compound (exp 03/04 protocol),MFG04,produkcja,0,0,True,0.546,57.2
basal-1.0-1.5B,e04,compound (exp 03/04 protocol),MFG05,produkcja,0,1,False,0.9372,51.7
basal-1.0-1.5B,e04,compound (exp 03/04 protocol),MFG06,produkcja,1,1,True,0.9704,46.0
basal-1.0-1.5B,e04,compound (exp 03/04 protocol),MFG07,produkcja,1,1,True,0.9245,50.3
basal-1.0-1.5B,e04,compound (exp 03/04 protocol),MFG08,produkcja,1,0,False,0.6015,49.4
basal-1.0-1.5B,e04,compound (exp 03/04 protocol),MFG09,produkcja,1,1,True,0.9895,58.6
basal-1.0-1.5B,e04,compound (exp 03/04 protocol),MFG10,produkcja,4,4,True,0.9862,59.7
basal-1.0-1.5B,e04,compound (exp 03/04 protocol),MFG11,produkcja,3,3,True,0.5177,58.5
basal-1.0-1.5B,e04,compound (exp 03/04 protocol),MFG12,produkcja,2,3,False,0.4927,60.4
basal-1.0-1.5B,e04,compound (exp 03/04 protocol),MFG13,produkcja,0,0,True,0.9773,58.7
basal-1.0-1.5B,e04,compound (exp 03/04 protocol),MFG14,produkcja,0,0,True,0.7805,56.1
basal-1.0-1.5B,e04,compound (exp 03/04 protocol),MFG15,produkcja,1,1,True,0.6835,53.6
basal-1.0-1.5B,e04,compound (exp 03/04 protocol),MFG16,produkcja,2,2,True,0.9594,55.9
basal-1.0-1.5B,e04,compound (exp 03/04 protocol),MFG17,produkcja,3,0,False,0.832,54.9
basal-1.0-1.5B,e04,compound (exp 03/04 protocol),EDU01,uczelnia,1,0,False,0.5463,58.8
basal-1.0-1.5B,e04,compound (exp 03/04 protocol),EDU02,uczelnia,0,0,True,0.97,61.0
basal-1.0-1.5B,e04,compound (exp 03/04 protocol),EDU03,uczelnia,1,1,True,0.5117,52.8
basal-1.0-1.5B,e04,compound (exp 03/04 protocol),EDU04,uczelnia,0,0,True,0.6935,54.8
basal-1.0-1.5B,e04,compound (exp 03/04 protocol),EDU05,uczelnia,1,1,True,0.5174,56.9
basal-1.0-1.5B,e04,compound (exp 03/04 protocol),EDU06,uczelnia,0,0,True,0.6088,48.6
basal-1.0-1.5B,e04,compound (exp 03/04 protocol),EDU07,uczelnia,0,0,True,0.9209,46.4
basal-1.0-1.5B,e04,compound (exp 03/04 protocol),EDU08,uczelnia,1,1,True,0.9811,46.1
basal-1.0-1.5B,e04,compound (exp 03/04 protocol),EDU09,uczelnia,1,1,True,0.9979,54.9
basal-1.0-1.5B,e04,compound (exp 03/04 protocol),EDU10,uczelnia,4,4,True,0.9834,54.0
basal-1.0-1.5B,e04,compound (exp 03/04 protocol),EDU11,uczelnia,2,2,True,0.9978,57.7
basal-1.0-1.5B,e04,compound (exp 03/04 protocol),EDU12,uczelnia,3,3,True,0.9613,55.7
basal-1.0-1.5B,e04,compound (exp 03/04 protocol),EDU13,uczelnia,0,0,True,0.9951,53.7
basal-1.0-1.5B,e04,compound (exp 03/04 protocol),EDU14,uczelnia,0,3,False,0.7519,58.0
basal-1.0-1.5B,e04,compound (exp 03/04 protocol),EDU15,uczelnia,2,3,False,0.8079,59.7
basal-1.0-1.5B,e04,compound (exp 03/04 protocol),EDU16,uczelnia,1,3,False,0.5603,60.0
basal-1.0-1.5B,e04,compound (exp 03/04 protocol),EDU17,uczelnia,3,3,True,0.9144,56.9
basal-1.0-1.5B,e04,compound (exp 03/04 protocol),RE01,wspolnota,1,0,False,0.5741,55.5
basal-1.0-1.5B,e04,compound (exp 03/04 protocol),RE02,wspolnota,0,0,True,0.6581,64.3
basal-1.0-1.5B,e04,compound (exp 03/04 protocol),RE03,wspolnota,1,1,True,0.6583,52.9
basal-1.0-1.5B,e04,compound (exp 03/04 protocol),RE04,wspolnota,0,1,False,0.5057,51.5
basal-1.0-1.5B,e04,compound (exp 03/04 protocol),RE05,wspolnota,0,0,True,0.5636,52.1
basal-1.0-1.5B,e04,compound (exp 03/04 protocol),RE06,wspolnota,1,1,True,0.8678,46.4
basal-1.0-1.5B,e04,compound (exp 03/04 protocol),RE07,wspolnota,0,1,False,0.9696,46.0
basal-1.0-1.5B,e04,compound (exp 03/04 protocol),RE08,wspolnota,1,1,True,0.9681,45.3
basal-1.0-1.5B,e04,compound (exp 03/04 protocol),RE09,wspolnota,3,3,True,0.9199,63.6
basal-1.0-1.5B,e04,compound (exp 03/04 protocol),RE10,wspolnota,5,5,True,0.9885,59.4
basal-1.0-1.5B,e04,compound (exp 03/04 protocol),RE11,wspolnota,1,1,True,0.9838,60.1
basal-1.0-1.5B,e04,compound (exp 03/04 protocol),RE12,wspolnota,4,4,True,0.7028,59.0
basal-1.0-1.5B,e04,compound (exp 03/04 protocol),RE13,wspolnota,0,0,True,0.9891,60.4
basal-1.0-1.5B,e04,compound (exp 03/04 protocol),RE14,wspolnota,3,3,True,0.9632,62.6
basal-1.0-1.5B,e04,compound (exp 03/04 protocol),RE15,wspolnota,2,2,True,0.9523,62.3
basal-1.0-1.5B,e04,compound (exp 03/04 protocol),RE16,wspolnota,0,0,True,0.772,64.3
basal-1.0-1.5B,e04,compound (exp 03/04 protocol),RE17,wspolnota,1,1,True,0.9172,64.3
basal-1.0-1.5B,e04,compound (exp 03/04 protocol),ECM01,moderacja,0,1,False,0.7136,70.6
basal-1.0-1.5B,e04,compound (exp 03/04 protocol),ECM02,moderacja,1,0,False,0.6583,65.8
basal-1.0-1.5B,e04,compound (exp 03/04 protocol),ECM03,moderacja,1,1,True,0.649,68.7
basal-1.0-1.5B,e04,compound (exp 03/04 protocol),ECM04,moderacja,1,1,True,0.5408,68.5
basal-1.0-1.5B,e04,compound (exp 03/04 protocol),ECM05,moderacja,0,1,False,0.5059,64.5
basal-1.0-1.5B,e04,compound (exp 03/04 protocol),ECM06,moderacja,1,1,True,0.9388,52.0
basal-1.0-1.5B,e04,compound (exp 03/04 protocol),ECM07,moderacja,0,0,True,0.5349,43.9
basal-1.0-1.5B,e04,compound (exp 03/04 protocol),ECM08,moderacja,0,0,True,0.5465,50.2
basal-1.0-1.5B,e04,compound (exp 03/04 protocol),ECM09,moderacja,2,3,False,0.7864,65.9
basal-1.0-1.5B,e04,compound (exp 03/04 protocol),ECM10,moderacja,3,3,True,0.936,64.1
basal-1.0-1.5B,e04,compound (exp 03/04 protocol),ECM11,moderacja,0,3,False,0.578,64.6
basal-1.0-1.5B,e04,compound (exp 03/04 protocol),ECM12,moderacja,5,5,True,0.9299,66.7
basal-1.0-1.5B,e04,compound (exp 03/04 protocol),ECM13,moderacja,1,1,True,0.6553,61.8
basal-1.0-1.5B,e04,compound (exp 03/04 protocol),ECM14,moderacja,4,3,False,0.9341,66.5
basal-1.0-1.5B,e04,compound (exp 03/04 protocol),ECM15,moderacja,3,0,False,0.4479,67.5
basal-1.0-1.5B,e04,compound (exp 03/04 protocol),ECM16,moderacja,1,1,True,0.683,59.2
basal-1.0-1.5B,e04,compound (exp 03/04 protocol),ECM17,moderacja,0,0,True,0.459,63.6
basal-1.5-mini,e04,compound (exp 03/04 protocol),ADM01,administracja,0,0,True,0.8901,68.5
basal-1.5-mini,e04,compound (exp 03/04 protocol),ADM02,administracja,0,1,False,0.6457,60.4
basal-1.5-mini,e04,compound (exp 03/04 protocol),ADM03,administracja,1,0,False,0.8035,63.1
basal-1.5-mini,e04,compound (exp 03/04 protocol),ADM04,administracja,0,0,True,0.9566,63.4
basal-1.5-mini,e04,compound (exp 03/04 protocol),ADM05,administracja,1,0,False,0.6309,54.6
basal-1.5-mini,e04,compound (exp 03/04 protocol),ADM06,administracja,0,0,True,0.9888,48.9
basal-1.5-mini,e04,compound (exp 03/04 protocol),ADM07,administracja,1,1,True,0.984,53.8
basal-1.5-mini,e04,compound (exp 03/04 protocol),ADM08,administracja,1,0,False,0.8755,52.4
basal-1.5-mini,e04,compound (exp 03/04 protocol),ADM09,administracja,2,2,True,0.9972,55.9
basal-1.5-mini,e04,compound (exp 03/04 protocol),ADM10,administracja,0,0,True,0.9683,63.4
basal-1.5-mini,e04,compound (exp 03/04 protocol),ADM11,administracja,1,1,True,0.9959,58.8
basal-1.5-mini,e04,compound (exp 03/04 protocol),ADM12,administracja,2,2,True,0.9458,62.8
basal-1.5-mini,e04,compound (exp 03/04 protocol),ADM13,administracja,3,3,True,0.6795,54.1
basal-1.5-mini,e04,compound (exp 03/04 protocol),ADM14,administracja,4,4,True,0.9987,49.6
basal-1.5-mini,e04,compound (exp 03/04 protocol),ADM15,administracja,1,1,True,0.9043,61.3
basal-1.5-mini,e04,compound (exp 03/04 protocol),ADM16,administracja,2,2,True,0.9101,60.2
basal-1.5-mini,e04,compound (exp 03/04 protocol),ADM17,administracja,3,3,True,0.9449,59.9
basal-1.5-mini,e04,compound (exp 03/04 protocol),LAW01,kancelaria,0,0,True,0.813,54.6
basal-1.5-mini,e04,compound (exp 03/04 protocol),LAW02,kancelaria,1,1,True,0.5831,59.4
basal-1.5-mini,e04,compound (exp 03/04 protocol),LAW03,kancelaria,1,1,True,0.7458,60.2
basal-1.5-mini,e04,compound (exp 03/04 protocol),LAW04,kancelaria,1,1,True,0.7047,58.8
basal-1.5-mini,e04,compound (exp 03/04 protocol),LAW05,kancelaria,0,1,False,0.5719,48.8
basal-1.5-mini,e04,compound (exp 03/04 protocol),LAW06,kancelaria,1,1,True,0.9851,48.8
basal-1.5-mini,e04,compound (exp 03/04 protocol),LAW07,kancelaria,0,0,True,0.9697,52.9
basal-1.5-mini,e04,compound (exp 03/04 protocol),LAW08,kancelaria,0,0,True,0.9919,50.0
basal-1.5-mini,e04,compound (exp 03/04 protocol),LAW09,kancelaria,5,5,True,0.9972,73.5
basal-1.5-mini,e04,compound (exp 03/04 protocol),LAW10,kancelaria,2,2,True,0.9985,85.5
basal-1.5-mini,e04,compound (exp 03/04 protocol),LAW11,kancelaria,0,0,True,0.9993,67.7
basal-1.5-mini,e04,compound (exp 03/04 protocol),LAW12,kancelaria,3,3,True,0.9996,62.0
basal-1.5-mini,e04,compound (exp 03/04 protocol),LAW13,kancelaria,4,4,True,0.9975,62.3
basal-1.5-mini,e04,compound (exp 03/04 protocol),LAW14,kancelaria,2,1,False,0.5146,60.6
basal-1.5-mini,e04,compound (exp 03/04 protocol),LAW15,kancelaria,0,0,True,0.6704,62.4
basal-1.5-mini,e04,compound (exp 03/04 protocol),LAW16,kancelaria,2,2,True,0.5553,63.5
basal-1.5-mini,e04,compound (exp 03/04 protocol),LAW17,kancelaria,1,1,True,0.5724,64.0
basal-1.5-mini,e04,compound (exp 03/04 protocol),HR01,hr,0,0,True,0.6155,58.9
basal-1.5-mini,e04,compound (exp 03/04 protocol),HR02,hr,1,1,True,0.5223,56.8
basal-1.5-mini,e04,compound (exp 03/04 protocol),HR03,hr,0,0,True,0.5503,57.7
basal-1.5-mini,e04,compound (exp 03/04 protocol),HR04,hr,0,1,False,0.9285,60.7
basal-1.5-mini,e04,compound (exp 03/04 protocol),HR05,hr,1,1,True,0.9817,47.3
basal-1.5-mini,e04,compound (exp 03/04 protocol),HR06,hr,1,1,True,0.8979,47.6
basal-1.5-mini,e04,compound (exp 03/04 protocol),HR07,hr,0,0,True,0.9856,49.5
basal-1.5-mini,e04,compound (exp 03/04 protocol),HR08,hr,1,1,True,0.528,50.2
basal-1.5-mini,e04,compound (exp 03/04 protocol),HR09,hr,1,1,True,0.9953,57.8
basal-1.5-mini,e04,compound (exp 03/04 protocol),HR10,hr,2,2,True,0.9973,57.8
basal-1.5-mini,e04,compound (exp 03/04 protocol),HR11,hr,0,0,True,0.994,54.9
basal-1.5-mini,e04,compound (exp 03/04 protocol),HR12,hr,4,4,True,0.9953,60.3
basal-1.5-mini,e04,compound (exp 03/04 protocol),HR13,hr,5,5,True,0.9978,55.7
basal-1.5-mini,e04,compound (exp 03/04 protocol),HR14,hr,1,0,False,0.4384,60.1
basal-1.5-mini,e04,compound (exp 03/04 protocol),HR15,hr,1,1,True,0.6437,60.5
basal-1.5-mini,e04,compound (exp 03/04 protocol),HR16,hr,3,3,True,0.9652,59.4
basal-1.5-mini,e04,compound (exp 03/04 protocol),HR17,hr,2,2,True,0.9245,57.3
basal-1.5-mini,e04,compound (exp 03/04 protocol),MED01,przychodnia,0,0,True,0.7037,101.4
basal-1.5-mini,e04,compound (exp 03/04 protocol),MED02,przychodnia,1,0,False,0.7442,64.1
basal-1.5-mini,e04,compound (exp 03/04 protocol),MED03,przychodnia,1,1,True,0.8777,53.0
basal-1.5-mini,e04,compound (exp 03/04 protocol),MED04,przychodnia,0,1,False,0.588,57.7
basal-1.5-mini,e04,compound (exp 03/04 protocol),MED05,przychodnia,0,0,True,0.9979,51.5
basal-1.5-mini,e04,compound (exp 03/04 protocol),MED06,przychodnia,1,1,True,0.9778,53.2
basal-1.5-mini,e04,compound (exp 03/04 protocol),MED07,przychodnia,0,0,True,0.9961,44.8
basal-1.5-mini,e04,compound (exp 03/04 protocol),MED08,przychodnia,1,0,False,0.6261,46.9
basal-1.5-mini,e04,compound (exp 03/04 protocol),MED09,przychodnia,2,2,True,0.9268,55.4
basal-1.5-mini,e04,compound (exp 03/04 protocol),MED10,przychodnia,3,3,True,0.9509,64.6
basal-1.5-mini,e04,compound (exp 03/04 protocol),MED11,przychodnia,1,1,True,0.9388,54.7
basal-1.5-mini,e04,compound (exp 03/04 protocol),MED12,przychodnia,4,4,True,0.9923,51.9
basal-1.5-mini,e04,compound (exp 03/04 protocol),MED13,przychodnia,1,1,True,0.9925,54.5
basal-1.5-mini,e04,compound (exp 03/04 protocol),MED14,przychodnia,0,0,True,0.9961,55.3
basal-1.5-mini,e04,compound (exp 03/04 protocol),MED15,przychodnia,1,1,True,0.816,68.3
basal-1.5-mini,e04,compound (exp 03/04 protocol),MED16,przychodnia,2,2,True,0.9769,68.8
basal-1.5-mini,e04,compound (exp 03/04 protocol),MED17,przychodnia,3,3,True,0.6021,70.9
basal-1.5-mini,e04,compound (exp 03/04 protocol),INS01,ubezpieczenia,1,1,True,0.6363,61.4
basal-1.5-mini,e04,compound (exp 03/04 protocol),INS02,ubezpieczenia,0,0,True,0.5503,59.3
basal-1.5-mini,e04,compound (exp 03/04 protocol),INS03,ubezpieczenia,0,0,True,0.5443,68.2
basal-1.5-mini,e04,compound (exp 03/04 protocol),INS04,ubezpieczenia,1,1,True,0.6466,66.2
basal-1.5-mini,e04,compound (exp 03/04 protocol),INS05,ubezpieczenia,0,0,True,0.9927,52.8
basal-1.5-mini,e04,compound (exp 03/04 protocol),INS06,ubezpieczenia,1,1,True,0.6899,63.6
basal-1.5-mini,e04,compound (exp 03/04 protocol),INS07,ubezpieczenia,1,1,True,0.5994,46.8
basal-1.5-mini,e04,compound (exp 03/04 protocol),INS08,ubezpieczenia,0,0,True,0.9888,53.6
basal-1.5-mini,e04,compound (exp 03/04 protocol),INS09,ubezpieczenia,3,3,True,0.991,62.5
basal-1.5-mini,e04,compound (exp 03/04 protocol),INS10,ubezpieczenia,4,4,True,0.9757,60.5
basal-1.5-mini,e04,compound (exp 03/04 protocol),INS11,ubezpieczenia,2,2,True,0.8863,47.9
basal-1.5-mini,e04,compound (exp 03/04 protocol),INS12,ubezpieczenia,1,1,True,0.9422,52.6
basal-1.5-mini,e04,compound (exp 03/04 protocol),INS13,ubezpieczenia,0,0,True,0.9978,58.1
basal-1.5-mini,e04,compound (exp 03/04 protocol),INS14,ubezpieczenia,0,0,True,0.9294,67.3
basal-1.5-mini,e04,compound (exp 03/04 protocol),INS15,ubezpieczenia,2,2,True,0.9231,67.1
basal-1.5-mini,e04,compound (exp 03/04 protocol),INS16,ubezpieczenia,1,2,False,0.8861,62.0
basal-1.5-mini,e04,compound (exp 03/04 protocol),INS17,ubezpieczenia,3,3,True,0.9441,63.5
basal-1.5-mini,e04,compound (exp 03/04 protocol),BNK01,bank_aml,1,1,True,0.7787,79.3
basal-1.5-mini,e04,compound (exp 03/04 protocol),BNK02,bank_aml,0,1,False,0.8101,88.1
basal-1.5-mini,e04,compound (exp 03/04 protocol),BNK03,bank_aml,0,0,True,0.5056,66.6
basal-1.5-mini,e04,compound (exp 03/04 protocol),BNK04,bank_aml,1,1,True,0.5556,68.0
basal-1.5-mini,e04,compound (exp 03/04 protocol),BNK05,bank_aml,1,1,True,0.6365,64.7
basal-1.5-mini,e04,compound (exp 03/04 protocol),BNK06,bank_aml,0,0,True,0.6312,57.8
basal-1.5-mini,e04,compound (exp 03/04 protocol),BNK07,bank_aml,0,0,True,0.9858,58.8
basal-1.5-mini,e04,compound (exp 03/04 protocol),BNK08,bank_aml,1,1,True,0.9826,53.1
basal-1.5-mini,e04,compound (exp 03/04 protocol),BNK09,bank_aml,4,4,True,0.7389,80.3
basal-1.5-mini,e04,compound (exp 03/04 protocol),BNK10,bank_aml,2,2,True,0.9944,62.9
basal-1.5-mini,e04,compound (exp 03/04 protocol),BNK11,bank_aml,1,1,True,0.999,61.3
basal-1.5-mini,e04,compound (exp 03/04 protocol),BNK12,bank_aml,3,3,True,0.9979,60.7
basal-1.5-mini,e04,compound (exp 03/04 protocol),BNK13,bank_aml,0,0,True,0.9873,59.8
basal-1.5-mini,e04,compound (exp 03/04 protocol),BNK14,bank_aml,0,0,True,0.8405,68.0
basal-1.5-mini,e04,compound (exp 03/04 protocol),BNK15,bank_aml,1,1,True,0.7722,69.1
basal-1.5-mini,e04,compound (exp 03/04 protocol),BNK16,bank_aml,2,2,True,0.7709,74.2
basal-1.5-mini,e04,compound (exp 03/04 protocol),BNK17,bank_aml,3,3,True,0.7109,71.6
basal-1.5-mini,e04,compound (exp 03/04 protocol),LOG01,logistyka,1,0,False,0.5939,63.5
basal-1.5-mini,e04,compound (exp 03/04 protocol),LOG02,logistyka,0,1,False,0.6599,69.9
basal-1.5-mini,e04,compound (exp 03/04 protocol),LOG03,logistyka,1,0,False,0.912,63.5
basal-1.5-mini,e04,compound (exp 03/04 protocol),LOG04,logistyka,0,0,True,0.7733,61.9
basal-1.5-mini,e04,compound (exp 03/04 protocol),LOG05,logistyka,1,0,False,0.8897,61.6
basal-1.5-mini,e04,compound (exp 03/04 protocol),LOG06,logistyka,0,0,True,0.9967,50.5
basal-1.5-mini,e04,compound (exp 03/04 protocol),LOG07,logistyka,0,0,True,0.9687,58.3
basal-1.5-mini,e04,compound (exp 03/04 protocol),LOG08,logistyka,1,1,True,0.945,51.4
basal-1.5-mini,e04,compound (exp 03/04 protocol),LOG09,logistyka,2,2,True,0.9938,63.2
basal-1.5-mini,e04,compound (exp 03/04 protocol),LOG10,logistyka,1,1,True,0.9946,59.0
basal-1.5-mini,e04,compound (exp 03/04 protocol),LOG11,logistyka,3,3,True,0.9985,65.0
basal-1.5-mini,e04,compound (exp 03/04 protocol),LOG12,logistyka,0,0,True,0.998,62.3
basal-1.5-mini,e04,compound (exp 03/04 protocol),LOG13,logistyka,4,4,True,0.9972,62.1
basal-1.5-mini,e04,compound (exp 03/04 protocol),LOG14,logistyka,0,0,True,0.8008,60.9
basal-1.5-mini,e04,compound (exp 03/04 protocol),LOG15,logistyka,2,2,True,0.5249,66.9
basal-1.5-mini,e04,compound (exp 03/04 protocol),LOG16,logistyka,1,1,True,0.8741,73.9
basal-1.5-mini,e04,compound (exp 03/04 protocol),LOG17,logistyka,3,3,True,0.95,68.8
basal-1.5-mini,e04,compound (exp 03/04 protocol),ITS01,it_security,0,0,True,0.8038,67.8
basal-1.5-mini,e04,compound (exp 03/04 protocol),ITS02,it_security,1,0,False,0.9308,62.7
basal-1.5-mini,e04,compound (exp 03/04 protocol),ITS03,it_security,1,0,False,0.9294,59.8
basal-1.5-mini,e04,compound (exp 03/04 protocol),ITS04,it_security,0,0,True,0.7325,53.8
basal-1.5-mini,e04,compound (exp 03/04 protocol),ITS05,it_security,1,1,True,0.8144,54.9
basal-1.5-mini,e04,compound (exp 03/04 protocol),ITS06,it_security,1,1,True,0.9557,71.4
basal-1.5-mini,e04,compound (exp 03/04 protocol),ITS07,it_security,0,1,False,0.8778,82.4
basal-1.5-mini,e04,compound (exp 03/04 protocol),ITS08,it_security,0,0,True,0.8849,63.3
basal-1.5-mini,e04,compound (exp 03/04 protocol),ITS09,it_security,4,4,True,0.9839,65.3
basal-1.5-mini,e04,compound (exp 03/04 protocol),ITS10,it_security,3,3,True,0.9784,61.2
basal-1.5-mini,e04,compound (exp 03/04 protocol),ITS11,it_security,2,2,True,0.9969,61.3
basal-1.5-mini,e04,compound (exp 03/04 protocol),ITS12,it_security,0,0,True,0.9981,61.0
basal-1.5-mini,e04,compound (exp 03/04 protocol),ITS13,it_security,1,1,True,0.99,65.5
basal-1.5-mini,e04,compound (exp 03/04 protocol),ITS14,it_security,0,1,False,0.8736,63.2
basal-1.5-mini,e04,compound (exp 03/04 protocol),ITS15,it_security,2,2,True,0.5843,61.1
basal-1.5-mini,e04,compound (exp 03/04 protocol),ITS16,it_security,1,1,True,0.8493,60.1
basal-1.5-mini,e04,compound (exp 03/04 protocol),ITS17,it_security,3,3,True,0.497,58.5
basal-1.5-mini,e04,compound (exp 03/04 protocol),MFG01,produkcja,1,1,True,0.8705,60.8
basal-1.5-mini,e04,compound (exp 03/04 protocol),MFG02,produkcja,0,0,True,0.5223,71.6
basal-1.5-mini,e04,compound (exp 03/04 protocol),MFG03,produkcja,0,0,True,0.9336,57.9
basal-1.5-mini,e04,compound (exp 03/04 protocol),MFG04,produkcja,0,0,True,0.6909,59.2
basal-1.5-mini,e04,compound (exp 03/04 protocol),MFG05,produkcja,0,1,False,0.8543,55.1
basal-1.5-mini,e04,compound (exp 03/04 protocol),MFG06,produkcja,1,1,True,0.9561,49.8
basal-1.5-mini,e04,compound (exp 03/04 protocol),MFG07,produkcja,1,1,True,0.9649,51.9
basal-1.5-mini,e04,compound (exp 03/04 protocol),MFG08,produkcja,1,0,False,0.9389,51.5
basal-1.5-mini,e04,compound (exp 03/04 protocol),MFG09,produkcja,1,1,True,0.995,63.5
basal-1.5-mini,e04,compound (exp 03/04 protocol),MFG10,produkcja,4,4,True,0.9977,65.1
basal-1.5-mini,e04,compound (exp 03/04 protocol),MFG11,produkcja,3,3,True,0.9271,61.6
basal-1.5-mini,e04,compound (exp 03/04 protocol),MFG12,produkcja,2,2,True,0.908,67.0
basal-1.5-mini,e04,compound (exp 03/04 protocol),MFG13,produkcja,0,0,True,0.9908,61.8
basal-1.5-mini,e04,compound (exp 03/04 protocol),MFG14,produkcja,0,0,True,0.5999,58.3
basal-1.5-mini,e04,compound (exp 03/04 protocol),MFG15,produkcja,1,1,True,0.6671,62.5
basal-1.5-mini,e04,compound (exp 03/04 protocol),MFG16,produkcja,2,2,True,0.8954,59.1
basal-1.5-mini,e04,compound (exp 03/04 protocol),MFG17,produkcja,3,0,False,0.7177,58.8
basal-1.5-mini,e04,compound (exp 03/04 protocol),EDU01,uczelnia,1,0,False,0.6562,62.9
basal-1.5-mini,e04,compound (exp 03/04 protocol),EDU02,uczelnia,0,0,True,0.984,59.1
basal-1.5-mini,e04,compound (exp 03/04 protocol),EDU03,uczelnia,1,0,False,0.5224,54.0
basal-1.5-mini,e04,compound (exp 03/04 protocol),EDU04,uczelnia,0,0,True,0.9556,60.6
basal-1.5-mini,e04,compound (exp 03/04 protocol),EDU05,uczelnia,1,1,True,0.6962,58.3
basal-1.5-mini,e04,compound (exp 03/04 protocol),EDU06,uczelnia,0,0,True,0.9166,62.8
basal-1.5-mini,e04,compound (exp 03/04 protocol),EDU07,uczelnia,0,0,True,0.9354,49.9
basal-1.5-mini,e04,compound (exp 03/04 protocol),EDU08,uczelnia,1,1,True,0.9912,49.7
basal-1.5-mini,e04,compound (exp 03/04 protocol),EDU09,uczelnia,1,1,True,0.9996,63.1
basal-1.5-mini,e04,compound (exp 03/04 protocol),EDU10,uczelnia,4,4,True,0.9963,59.9
basal-1.5-mini,e04,compound (exp 03/04 protocol),EDU11,uczelnia,2,2,True,0.9995,59.4
basal-1.5-mini,e04,compound (exp 03/04 protocol),EDU12,uczelnia,3,3,True,0.9937,61.7
basal-1.5-mini,e04,compound (exp 03/04 protocol),EDU13,uczelnia,0,0,True,0.9991,59.1
basal-1.5-mini,e04,compound (exp 03/04 protocol),EDU14,uczelnia,0,0,True,0.7757,61.9
basal-1.5-mini,e04,compound (exp 03/04 protocol),EDU15,uczelnia,2,2,True,0.5372,62.6
basal-1.5-mini,e04,compound (exp 03/04 protocol),EDU16,uczelnia,1,2,False,0.5419,62.5
basal-1.5-mini,e04,compound (exp 03/04 protocol),EDU17,uczelnia,3,3,True,0.7936,65.6
basal-1.5-mini,e04,compound (exp 03/04 protocol),RE01,wspolnota,1,0,False,0.7047,58.1
basal-1.5-mini,e04,compound (exp 03/04 protocol),RE02,wspolnota,0,1,False,0.5778,65.2
basal-1.5-mini,e04,compound (exp 03/04 protocol),RE03,wspolnota,1,0,False,0.8076,58.4
basal-1.5-mini,e04,compound (exp 03/04 protocol),RE04,wspolnota,0,1,False,0.5941,55.0
basal-1.5-mini,e04,compound (exp 03/04 protocol),RE05,wspolnota,0,0,True,0.7096,55.9
basal-1.5-mini,e04,compound (exp 03/04 protocol),RE06,wspolnota,1,1,True,0.8324,47.3
basal-1.5-mini,e04,compound (exp 03/04 protocol),RE07,wspolnota,0,1,False,0.9165,50.0
basal-1.5-mini,e04,compound (exp 03/04 protocol),RE08,wspolnota,1,1,True,0.9922,49.3
basal-1.5-mini,e04,compound (exp 03/04 protocol),RE09,wspolnota,3,3,True,0.9845,68.9
basal-1.5-mini,e04,compound (exp 03/04 protocol),RE10,wspolnota,5,5,True,0.9941,68.8
basal-1.5-mini,e04,compound (exp 03/04 protocol),RE11,wspolnota,1,1,True,0.9966,67.5
basal-1.5-mini,e04,compound (exp 03/04 protocol),RE12,wspolnota,4,4,True,0.9969,66.2
basal-1.5-mini,e04,compound (exp 03/04 protocol),RE13,wspolnota,0,0,True,0.9964,71.5
basal-1.5-mini,e04,compound (exp 03/04 protocol),RE14,wspolnota,3,3,True,0.822,71.4
basal-1.5-mini,e04,compound (exp 03/04 protocol),RE15,wspolnota,2,2,True,0.9519,70.4
basal-1.5-mini,e04,compound (exp 03/04 protocol),RE16,wspolnota,0,0,True,0.774,65.4
basal-1.5-mini,e04,compound (exp 03/04 protocol),RE17,wspolnota,1,1,True,0.8095,72.3
basal-1.5-mini,e04,compound (exp 03/04 protocol),ECM01,moderacja,0,0,True,0.6608,77.9
basal-1.5-mini,e04,compound (exp 03/04 protocol),ECM02,moderacja,1,0,False,0.9189,74.4
basal-1.5-mini,e04,compound (exp 03/04 protocol),ECM03,moderacja,1,1,True,0.6849,76.2
basal-1.5-mini,e04,compound (exp 03/04 protocol),ECM04,moderacja,1,0,False,0.8986,89.5
basal-1.5-mini,e04,compound (exp 03/04 protocol),ECM05,moderacja,0,0,True,0.9258,75.1
basal-1.5-mini,e04,compound (exp 03/04 protocol),ECM06,moderacja,1,1,True,0.9684,59.2
basal-1.5-mini,e04,compound (exp 03/04 protocol),ECM07,moderacja,0,0,True,0.9621,48.3
basal-1.5-mini,e04,compound (exp 03/04 protocol),ECM08,moderacja,0,0,True,0.5715,54.8
basal-1.5-mini,e04,compound (exp 03/04 protocol),ECM09,moderacja,2,3,False,0.5792,71.3
basal-1.5-mini,e04,compound (exp 03/04 protocol),ECM10,moderacja,3,3,True,0.9626,69.4
basal-1.5-mini,e04,compound (exp 03/04 protocol),ECM11,moderacja,0,3,False,0.7441,70.7
basal-1.5-mini,e04,compound (exp 03/04 protocol),ECM12,moderacja,5,5,True,0.9597,70.4
basal-1.5-mini,e04,compound (exp 03/04 protocol),ECM13,moderacja,1,1,True,0.94,71.2
basal-1.5-mini,e04,compound (exp 03/04 protocol),ECM14,moderacja,4,3,False,0.7275,72.1
basal-1.5-mini,e04,compound (exp 03/04 protocol),ECM15,moderacja,3,0,False,0.5791,70.9
basal-1.5-mini,e04,compound (exp 03/04 protocol),ECM16,moderacja,1,1,True,0.7323,64.7
basal-1.5-mini,e04,compound (exp 03/04 protocol),ECM17,moderacja,0,0,True,0.7585,66.6
basal-1.5 (4.5B),e04,compound (exp 03/04 protocol),ADM01,administracja,0,0,True,0.8021,138.9
basal-1.5 (4.5B),e04,compound (exp 03/04 protocol),ADM02,administracja,0,0,True,0.9669,134.5
basal-1.5 (4.5B),e04,compound (exp 03/04 protocol),ADM03,administracja,1,0,False,0.7907,149.9
basal-1.5 (4.5B),e04,compound (exp 03/04 protocol),ADM04,administracja,0,0,True,0.9813,178.3
basal-1.5 (4.5B),e04,compound (exp 03/04 protocol),ADM05,administracja,1,1,True,0.8766,164.0
basal-1.5 (4.5B),e04,compound (exp 03/04 protocol),ADM06,administracja,0,0,True,0.9944,155.2
basal-1.5 (4.5B),e04,compound (exp 03/04 protocol),ADM07,administracja,1,1,True,0.9952,155.8
basal-1.5 (4.5B),e04,compound (exp 03/04 protocol),ADM08,administracja,1,0,False,0.5493,147.2
basal-1.5 (4.5B),e04,compound (exp 03/04 protocol),ADM09,administracja,2,2,True,0.9978,156.4
basal-1.5 (4.5B),e04,compound (exp 03/04 protocol),ADM10,administracja,0,0,True,0.9936,184.0
basal-1.5 (4.5B),e04,compound (exp 03/04 protocol),ADM11,administracja,1,1,True,0.9974,156.1
basal-1.5 (4.5B),e04,compound (exp 03/04 protocol),ADM12,administracja,2,2,True,0.9952,182.7
basal-1.5 (4.5B),e04,compound (exp 03/04 protocol),ADM13,administracja,3,3,True,0.9924,153.5
basal-1.5 (4.5B),e04,compound (exp 03/04 protocol),ADM14,administracja,4,4,True,0.9996,138.5
basal-1.5 (4.5B),e04,compound (exp 03/04 protocol),ADM15,administracja,1,1,True,0.9592,182.1
basal-1.5 (4.5B),e04,compound (exp 03/04 protocol),ADM16,administracja,2,2,True,0.9276,179.0
basal-1.5 (4.5B),e04,compound (exp 03/04 protocol),ADM17,administracja,3,3,True,0.9779,178.5
basal-1.5 (4.5B),e04,compound (exp 03/04 protocol),LAW01,kancelaria,0,0,True,0.7049,154.0
basal-1.5 (4.5B),e04,compound (exp 03/04 protocol),LAW02,kancelaria,1,0,False,0.8323,171.1
basal-1.5 (4.5B),e04,compound (exp 03/04 protocol),LAW03,kancelaria,1,1,True,0.9621,180.1
basal-1.5 (4.5B),e04,compound (exp 03/04 protocol),LAW04,kancelaria,1,1,True,0.9326,176.1
basal-1.5 (4.5B),e04,compound (exp 03/04 protocol),LAW05,kancelaria,0,0,True,0.9389,134.7
basal-1.5 (4.5B),e04,compound (exp 03/04 protocol),LAW06,kancelaria,1,1,True,0.9914,128.0
basal-1.5 (4.5B),e04,compound (exp 03/04 protocol),LAW07,kancelaria,0,0,True,0.9929,133.4
basal-1.5 (4.5B),e04,compound (exp 03/04 protocol),LAW08,kancelaria,0,0,True,0.9942,134.7
basal-1.5 (4.5B),e04,compound (exp 03/04 protocol),LAW09,kancelaria,5,5,True,0.9951,168.7
basal-1.5 (4.5B),e04,compound (exp 03/04 protocol),LAW10,kancelaria,2,2,True,0.9966,179.0
basal-1.5 (4.5B),e04,compound (exp 03/04 protocol),LAW11,kancelaria,0,0,True,0.9985,168.9
basal-1.5 (4.5B),e04,compound (exp 03/04 protocol),LAW12,kancelaria,3,3,True,0.9988,174.5
basal-1.5 (4.5B),e04,compound (exp 03/04 protocol),LAW13,kancelaria,4,4,True,0.9959,164.4
basal-1.5 (4.5B),e04,compound (exp 03/04 protocol),LAW14,kancelaria,2,1,False,0.6454,166.2
basal-1.5 (4.5B),e04,compound (exp 03/04 protocol),LAW15,kancelaria,0,0,True,0.8064,180.1
basal-1.5 (4.5B),e04,compound (exp 03/04 protocol),LAW16,kancelaria,2,2,True,0.8281,182.5
basal-1.5 (4.5B),e04,compound (exp 03/04 protocol),LAW17,kancelaria,1,1,True,0.9503,182.4
basal-1.5 (4.5B),e04,compound (exp 03/04 protocol),HR01,hr,0,0,True,0.8938,170.3
basal-1.5 (4.5B),e04,compound (exp 03/04 protocol),HR02,hr,1,1,True,0.7477,160.9
basal-1.5 (4.5B),e04,compound (exp 03/04 protocol),HR03,hr,0,0,True,0.8135,160.3
basal-1.5 (4.5B),e04,compound (exp 03/04 protocol),HR04,hr,0,0,True,0.9303,160.5
basal-1.5 (4.5B),e04,compound (exp 03/04 protocol),HR05,hr,1,1,True,0.9912,129.8
basal-1.5 (4.5B),e04,compound (exp 03/04 protocol),HR06,hr,1,1,True,0.9859,125.4
basal-1.5 (4.5B),e04,compound (exp 03/04 protocol),HR07,hr,0,0,True,0.996,125.1
basal-1.5 (4.5B),e04,compound (exp 03/04 protocol),HR08,hr,1,0,False,0.6354,131.8
basal-1.5 (4.5B),e04,compound (exp 03/04 protocol),HR09,hr,1,1,True,0.9958,148.9
basal-1.5 (4.5B),e04,compound (exp 03/04 protocol),HR10,hr,2,2,True,0.9964,159.5
basal-1.5 (4.5B),e04,compound (exp 03/04 protocol),HR11,hr,0,0,True,0.9923,153.9
basal-1.5 (4.5B),e04,compound (exp 03/04 protocol),HR12,hr,4,4,True,0.996,163.2
basal-1.5 (4.5B),e04,compound (exp 03/04 protocol),HR13,hr,5,5,True,0.9958,157.1
basal-1.5 (4.5B),e04,compound (exp 03/04 protocol),HR14,hr,1,0,False,0.8068,178.2
basal-1.5 (4.5B),e04,compound (exp 03/04 protocol),HR15,hr,1,1,True,0.9607,169.8
basal-1.5 (4.5B),e04,compound (exp 03/04 protocol),HR16,hr,3,3,True,0.9913,179.3
basal-1.5 (4.5B),e04,compound (exp 03/04 protocol),HR17,hr,2,2,True,0.9707,168.1
basal-1.5 (4.5B),e04,compound (exp 03/04 protocol),MED01,przychodnia,0,0,True,0.921,212.8
basal-1.5 (4.5B),e04,compound (exp 03/04 protocol),MED02,przychodnia,1,0,False,0.668,182.1
basal-1.5 (4.5B),e04,compound (exp 03/04 protocol),MED03,przychodnia,1,0,False,0.7221,150.5
basal-1.5 (4.5B),e04,compound (exp 03/04 protocol),MED04,przychodnia,0,0,True,0.8537,172.6
basal-1.5 (4.5B),e04,compound (exp 03/04 protocol),MED05,przychodnia,0,0,True,0.993,135.2
basal-1.5 (4.5B),e04,compound (exp 03/04 protocol),MED06,przychodnia,1,1,True,0.9937,147.8
basal-1.5 (4.5B),e04,compound (exp 03/04 protocol),MED07,przychodnia,0,0,True,0.9952,125.0
basal-1.5 (4.5B),e04,compound (exp 03/04 protocol),MED08,przychodnia,1,1,True,0.6845,132.4
basal-1.5 (4.5B),e04,compound (exp 03/04 protocol),MED09,przychodnia,2,2,True,0.9908,146.1
basal-1.5 (4.5B),e04,compound (exp 03/04 protocol),MED10,przychodnia,3,3,True,0.9825,150.8
basal-1.5 (4.5B),e04,compound (exp 03/04 protocol),MED11,przychodnia,1,1,True,0.9945,150.3
basal-1.5 (4.5B),e04,compound (exp 03/04 protocol),MED12,przychodnia,4,4,True,0.9968,148.4
basal-1.5 (4.5B),e04,compound (exp 03/04 protocol),MED13,przychodnia,1,1,True,0.9707,146.1
basal-1.5 (4.5B),e04,compound (exp 03/04 protocol),MED14,przychodnia,0,0,True,0.9976,153.5
basal-1.5 (4.5B),e04,compound (exp 03/04 protocol),MED15,przychodnia,1,1,True,0.535,213.2
basal-1.5 (4.5B),e04,compound (exp 03/04 protocol),MED16,przychodnia,2,2,True,0.9656,208.6
basal-1.5 (4.5B),e04,compound (exp 03/04 protocol),MED17,przychodnia,3,3,True,0.9658,216.6
basal-1.5 (4.5B),e04,compound (exp 03/04 protocol),INS01,ubezpieczenia,1,1,True,0.6602,185.5
basal-1.5 (4.5B),e04,compound (exp 03/04 protocol),INS02,ubezpieczenia,0,1,False,0.9256,171.0
basal-1.5 (4.5B),e04,compound (exp 03/04 protocol),INS03,ubezpieczenia,0,0,True,0.9265,213.7
basal-1.5 (4.5B),e04,compound (exp 03/04 protocol),INS04,ubezpieczenia,1,0,False,0.9322,201.4
basal-1.5 (4.5B),e04,compound (exp 03/04 protocol),INS05,ubezpieczenia,0,0,True,0.9944,154.5
basal-1.5 (4.5B),e04,compound (exp 03/04 protocol),INS06,ubezpieczenia,1,1,True,0.8003,203.0
basal-1.5 (4.5B),e04,compound (exp 03/04 protocol),INS07,ubezpieczenia,1,1,True,0.9974,139.4
basal-1.5 (4.5B),e04,compound (exp 03/04 protocol),INS08,ubezpieczenia,0,0,True,0.9778,151.5
basal-1.5 (4.5B),e04,compound (exp 03/04 protocol),INS09,ubezpieczenia,3,3,True,0.9957,164.9
basal-1.5 (4.5B),e04,compound (exp 03/04 protocol),INS10,ubezpieczenia,4,4,True,0.992,171.1
basal-1.5 (4.5B),e04,compound (exp 03/04 protocol),INS11,ubezpieczenia,2,2,True,0.7015,151.1
basal-1.5 (4.5B),e04,compound (exp 03/04 protocol),INS12,ubezpieczenia,1,1,True,0.9879,148.6
basal-1.5 (4.5B),e04,compound (exp 03/04 protocol),INS13,ubezpieczenia,0,0,True,0.9991,168.2
basal-1.5 (4.5B),e04,compound (exp 03/04 protocol),INS14,ubezpieczenia,0,0,True,0.9259,201.1
basal-1.5 (4.5B),e04,compound (exp 03/04 protocol),INS15,ubezpieczenia,2,2,True,0.9889,201.5
basal-1.5 (4.5B),e04,compound (exp 03/04 protocol),INS16,ubezpieczenia,1,1,True,0.8766,180.8
basal-1.5 (4.5B),e04,compound (exp 03/04 protocol),INS17,ubezpieczenia,3,3,True,0.9864,202.2
basal-1.5 (4.5B),e04,compound (exp 03/04 protocol),BNK01,bank_aml,1,1,True,0.9724,238.1
basal-1.5 (4.5B),e04,compound (exp 03/04 protocol),BNK02,bank_aml,0,1,False,0.8976,252.1
basal-1.5 (4.5B),e04,compound (exp 03/04 protocol),BNK03,bank_aml,0,0,True,0.7607,183.5
basal-1.5 (4.5B),e04,compound (exp 03/04 protocol),BNK04,bank_aml,1,0,False,0.8478,181.2
basal-1.5 (4.5B),e04,compound (exp 03/04 protocol),BNK05,bank_aml,1,0,False,0.8478,172.9
basal-1.5 (4.5B),e04,compound (exp 03/04 protocol),BNK06,bank_aml,0,0,True,0.9931,142.8
basal-1.5 (4.5B),e04,compound (exp 03/04 protocol),BNK07,bank_aml,0,0,True,0.9617,151.5
basal-1.5 (4.5B),e04,compound (exp 03/04 protocol),BNK08,bank_aml,1,1,True,0.9977,135.9
basal-1.5 (4.5B),e04,compound (exp 03/04 protocol),BNK09,bank_aml,4,4,True,0.8744,169.6
basal-1.5 (4.5B),e04,compound (exp 03/04 protocol),BNK10,bank_aml,2,2,True,0.997,165.8
basal-1.5 (4.5B),e04,compound (exp 03/04 protocol),BNK11,bank_aml,1,1,True,0.9939,161.7
basal-1.5 (4.5B),e04,compound (exp 03/04 protocol),BNK12,bank_aml,3,3,True,0.996,172.7
basal-1.5 (4.5B),e04,compound (exp 03/04 protocol),BNK13,bank_aml,0,0,True,0.9933,161.4
basal-1.5 (4.5B),e04,compound (exp 03/04 protocol),BNK14,bank_aml,0,0,True,0.9387,202.8
basal-1.5 (4.5B),e04,compound (exp 03/04 protocol),BNK15,bank_aml,1,1,True,0.935,206.3
basal-1.5 (4.5B),e04,compound (exp 03/04 protocol),BNK16,bank_aml,2,2,True,0.9594,206.2
basal-1.5 (4.5B),e04,compound (exp 03/04 protocol),BNK17,bank_aml,3,3,True,0.941,200.6
basal-1.5 (4.5B),e04,compound (exp 03/04 protocol),LOG01,logistyka,1,0,False,0.7331,180.3
basal-1.5 (4.5B),e04,compound (exp 03/04 protocol),LOG02,logistyka,0,0,True,0.5165,203.9
basal-1.5 (4.5B),e04,compound (exp 03/04 protocol),LOG03,logistyka,1,1,True,0.6367,178.0
basal-1.5 (4.5B),e04,compound (exp 03/04 protocol),LOG04,logistyka,0,0,True,0.8976,178.2
basal-1.5 (4.5B),e04,compound (exp 03/04 protocol),LOG05,logistyka,1,0,False,0.7412,171.0
basal-1.5 (4.5B),e04,compound (exp 03/04 protocol),LOG06,logistyka,0,0,True,0.9892,129.4
basal-1.5 (4.5B),e04,compound (exp 03/04 protocol),LOG07,logistyka,0,0,True,0.9784,151.8
basal-1.5 (4.5B),e04,compound (exp 03/04 protocol),LOG08,logistyka,1,1,True,0.9308,135.4
basal-1.5 (4.5B),e04,compound (exp 03/04 protocol),LOG09,logistyka,2,2,True,0.9889,177.8
basal-1.5 (4.5B),e04,compound (exp 03/04 protocol),LOG10,logistyka,1,1,True,0.9938,161.9
basal-1.5 (4.5B),e04,compound (exp 03/04 protocol),LOG11,logistyka,3,3,True,0.9949,172.1
basal-1.5 (4.5B),e04,compound (exp 03/04 protocol),LOG12,logistyka,0,0,True,0.9965,179.4
basal-1.5 (4.5B),e04,compound (exp 03/04 protocol),LOG13,logistyka,4,4,True,0.9986,179.4
basal-1.5 (4.5B),e04,compound (exp 03/04 protocol),LOG14,logistyka,0,0,True,0.9662,179.2
basal-1.5 (4.5B),e04,compound (exp 03/04 protocol),LOG15,logistyka,2,1,False,0.8043,185.8
basal-1.5 (4.5B),e04,compound (exp 03/04 protocol),LOG16,logistyka,1,1,True,0.9628,180.4
basal-1.5 (4.5B),e04,compound (exp 03/04 protocol),LOG17,logistyka,3,3,True,0.99,185.4
basal-1.5 (4.5B),e04,compound (exp 03/04 protocol),ITS01,it_security,0,0,True,0.9771,169.8
basal-1.5 (4.5B),e04,compound (exp 03/04 protocol),ITS02,it_security,1,0,False,0.963,170.9
basal-1.5 (4.5B),e04,compound (exp 03/04 protocol),ITS03,it_security,1,0,False,0.9631,170.5
basal-1.5 (4.5B),e04,compound (exp 03/04 protocol),ITS04,it_security,0,1,False,0.808,150.8
basal-1.5 (4.5B),e04,compound (exp 03/04 protocol),ITS05,it_security,1,1,True,0.9718,151.7
basal-1.5 (4.5B),e04,compound (exp 03/04 protocol),ITS06,it_security,1,1,True,0.9895,195.4
basal-1.5 (4.5B),e04,compound (exp 03/04 protocol),ITS07,it_security,0,0,True,0.9003,219.3
basal-1.5 (4.5B),e04,compound (exp 03/04 protocol),ITS08,it_security,0,0,True,0.9486,175.2
basal-1.5 (4.5B),e04,compound (exp 03/04 protocol),ITS09,it_security,4,4,True,0.9952,182.7
basal-1.5 (4.5B),e04,compound (exp 03/04 protocol),ITS10,it_security,3,3,True,0.9626,173.2
basal-1.5 (4.5B),e04,compound (exp 03/04 protocol),ITS11,it_security,2,2,True,0.9643,173.6
basal-1.5 (4.5B),e04,compound (exp 03/04 protocol),ITS12,it_security,0,0,True,0.9793,172.8
basal-1.5 (4.5B),e04,compound (exp 03/04 protocol),ITS13,it_security,1,1,True,0.9725,180.9
basal-1.5 (4.5B),e04,compound (exp 03/04 protocol),ITS14,it_security,0,1,False,0.9028,174.1
basal-1.5 (4.5B),e04,compound (exp 03/04 protocol),ITS15,it_security,2,2,True,0.9778,171.9
basal-1.5 (4.5B),e04,compound (exp 03/04 protocol),ITS16,it_security,1,1,True,0.9667,171.2
basal-1.5 (4.5B),e04,compound (exp 03/04 protocol),ITS17,it_security,3,2,False,0.5949,166.6
basal-1.5 (4.5B),e04,compound (exp 03/04 protocol),MFG01,produkcja,1,1,True,0.7853,166.1
basal-1.5 (4.5B),e04,compound (exp 03/04 protocol),MFG02,produkcja,0,0,True,0.6276,214.4
basal-1.5 (4.5B),e04,compound (exp 03/04 protocol),MFG03,produkcja,0,0,True,0.8641,164.4
basal-1.5 (4.5B),e04,compound (exp 03/04 protocol),MFG04,produkcja,0,0,True,0.7544,163.1
basal-1.5 (4.5B),e04,compound (exp 03/04 protocol),MFG05,produkcja,0,0,True,0.8878,150.7
basal-1.5 (4.5B),e04,compound (exp 03/04 protocol),MFG06,produkcja,1,1,True,0.9652,139.3
basal-1.5 (4.5B),e04,compound (exp 03/04 protocol),MFG07,produkcja,1,1,True,0.9819,140.1
basal-1.5 (4.5B),e04,compound (exp 03/04 protocol),MFG08,produkcja,1,0,False,0.9108,140.0
basal-1.5 (4.5B),e04,compound (exp 03/04 protocol),MFG09,produkcja,1,1,True,0.998,172.7
basal-1.5 (4.5B),e04,compound (exp 03/04 protocol),MFG10,produkcja,4,4,True,0.9989,182.7
basal-1.5 (4.5B),e04,compound (exp 03/04 protocol),MFG11,produkcja,3,3,True,0.9939,186.5
basal-1.5 (4.5B),e04,compound (exp 03/04 protocol),MFG12,produkcja,2,2,True,0.9947,175.5
basal-1.5 (4.5B),e04,compound (exp 03/04 protocol),MFG13,produkcja,0,0,True,0.9958,180.2
basal-1.5 (4.5B),e04,compound (exp 03/04 protocol),MFG14,produkcja,0,0,True,0.9823,158.5
basal-1.5 (4.5B),e04,compound (exp 03/04 protocol),MFG15,produkcja,1,1,True,0.9501,160.1
basal-1.5 (4.5B),e04,compound (exp 03/04 protocol),MFG16,produkcja,2,2,True,0.9662,171.2
basal-1.5 (4.5B),e04,compound (exp 03/04 protocol),MFG17,produkcja,3,3,True,0.6278,170.1
basal-1.5 (4.5B),e04,compound (exp 03/04 protocol),EDU01,uczelnia,1,0,False,0.668,171.6
basal-1.5 (4.5B),e04,compound (exp 03/04 protocol),EDU02,uczelnia,0,0,True,0.9977,166.6
basal-1.5 (4.5B),e04,compound (exp 03/04 protocol),EDU03,uczelnia,1,0,False,0.612,147.3
basal-1.5 (4.5B),e04,compound (exp 03/04 protocol),EDU04,uczelnia,0,0,True,0.992,167.7
basal-1.5 (4.5B),e04,compound (exp 03/04 protocol),EDU05,uczelnia,1,1,True,0.9352,156.9
basal-1.5 (4.5B),e04,compound (exp 03/04 protocol),EDU06,uczelnia,0,0,True,0.9864,138.3
basal-1.5 (4.5B),e04,compound (exp 03/04 protocol),EDU07,uczelnia,0,0,True,0.963,138.4
basal-1.5 (4.5B),e04,compound (exp 03/04 protocol),EDU08,uczelnia,1,1,True,0.9946,133.5
basal-1.5 (4.5B),e04,compound (exp 03/04 protocol),EDU09,uczelnia,1,1,True,0.999,163.4
basal-1.5 (4.5B),e04,compound (exp 03/04 protocol),EDU10,uczelnia,4,4,True,0.9978,164.2
basal-1.5 (4.5B),e04,compound (exp 03/04 protocol),EDU11,uczelnia,2,2,True,0.9993,165.8
basal-1.5 (4.5B),e04,compound (exp 03/04 protocol),EDU12,uczelnia,3,3,True,0.9974,167.8
basal-1.5 (4.5B),e04,compound (exp 03/04 protocol),EDU13,uczelnia,0,0,True,0.999,165.3
basal-1.5 (4.5B),e04,compound (exp 03/04 protocol),EDU14,uczelnia,0,0,True,0.8847,166.2
basal-1.5 (4.5B),e04,compound (exp 03/04 protocol),EDU15,uczelnia,2,2,True,0.7858,172.5
basal-1.5 (4.5B),e04,compound (exp 03/04 protocol),EDU16,uczelnia,1,1,True,0.7806,176.0
basal-1.5 (4.5B),e04,compound (exp 03/04 protocol),EDU17,uczelnia,3,3,True,0.786,174.0
basal-1.5 (4.5B),e04,compound (exp 03/04 protocol),RE01,wspolnota,1,1,True,0.8046,163.3
basal-1.5 (4.5B),e04,compound (exp 03/04 protocol),RE02,wspolnota,0,1,False,0.7913,175.8
basal-1.5 (4.5B),e04,compound (exp 03/04 protocol),RE03,wspolnota,1,1,True,0.561,154.4
basal-1.5 (4.5B),e04,compound (exp 03/04 protocol),RE04,wspolnota,0,0,True,0.9605,155.8
basal-1.5 (4.5B),e04,compound (exp 03/04 protocol),RE05,wspolnota,0,0,True,0.7841,163.2
basal-1.5 (4.5B),e04,compound (exp 03/04 protocol),RE06,wspolnota,1,1,True,0.9819,134.3
basal-1.5 (4.5B),e04,compound (exp 03/04 protocol),RE07,wspolnota,0,0,True,0.6383,142.3
basal-1.5 (4.5B),e04,compound (exp 03/04 protocol),RE08,wspolnota,1,1,True,0.9945,138.3
basal-1.5 (4.5B),e04,compound (exp 03/04 protocol),RE09,wspolnota,3,3,True,0.996,209.3
basal-1.5 (4.5B),e04,compound (exp 03/04 protocol),RE10,wspolnota,5,5,True,0.9991,191.1
basal-1.5 (4.5B),e04,compound (exp 03/04 protocol),RE11,wspolnota,1,1,True,0.9977,191.3
basal-1.5 (4.5B),e04,compound (exp 03/04 protocol),RE12,wspolnota,4,4,True,0.9968,189.4
basal-1.5 (4.5B),e04,compound (exp 03/04 protocol),RE13,wspolnota,0,0,True,0.9941,187.9
basal-1.5 (4.5B),e04,compound (exp 03/04 protocol),RE14,wspolnota,3,3,True,0.9798,207.0
basal-1.5 (4.5B),e04,compound (exp 03/04 protocol),RE15,wspolnota,2,2,True,0.9579,198.9
basal-1.5 (4.5B),e04,compound (exp 03/04 protocol),RE16,wspolnota,0,0,True,0.943,185.3
basal-1.5 (4.5B),e04,compound (exp 03/04 protocol),RE17,wspolnota,1,1,True,0.9105,216.0
basal-1.5 (4.5B),e04,compound (exp 03/04 protocol),ECM01,moderacja,0,0,True,0.9256,220.1
basal-1.5 (4.5B),e04,compound (exp 03/04 protocol),ECM02,moderacja,1,1,True,0.9369,225.8
basal-1.5 (4.5B),e04,compound (exp 03/04 protocol),ECM03,moderacja,1,0,False,0.5,225.0
basal-1.5 (4.5B),e04,compound (exp 03/04 protocol),ECM04,moderacja,1,0,False,0.9262,219.9
basal-1.5 (4.5B),e04,compound (exp 03/04 protocol),ECM05,moderacja,0,0,True,0.9216,222.2
basal-1.5 (4.5B),e04,compound (exp 03/04 protocol),ECM06,moderacja,1,1,True,0.9226,155.7
basal-1.5 (4.5B),e04,compound (exp 03/04 protocol),ECM07,moderacja,0,0,True,0.7477,133.2
basal-1.5 (4.5B),e04,compound (exp 03/04 protocol),ECM08,moderacja,0,1,False,0.6751,144.7
basal-1.5 (4.5B),e04,compound (exp 03/04 protocol),ECM09,moderacja,2,2,True,0.971,207.3
basal-1.5 (4.5B),e04,compound (exp 03/04 protocol),ECM10,moderacja,3,3,True,0.8893,191.2
basal-1.5 (4.5B),e04,compound (exp 03/04 protocol),ECM11,moderacja,0,3,False,0.696,210.0
basal-1.5 (4.5B),e04,compound (exp 03/04 protocol),ECM12,moderacja,5,5,True,0.9962,207.7
basal-1.5 (4.5B),e04,compound (exp 03/04 protocol),ECM13,moderacja,1,1,True,0.6792,188.8
basal-1.5 (4.5B),e04,compound (exp 03/04 protocol),ECM14,moderacja,4,4,True,0.5967,206.7
basal-1.5 (4.5B),e04,compound (exp 03/04 protocol),ECM15,moderacja,3,3,True,0.8997,206.4
basal-1.5 (4.5B),e04,compound (exp 03/04 protocol),ECM16,moderacja,1,1,True,0.8128,172.1
basal-1.5 (4.5B),e04,compound (exp 03/04 protocol),ECM17,moderacja,0,0,True,0.8658,181.3
basal-1.5-max,e04,compound (exp 03/04 protocol),ADM01,administracja,0,0,True,0.9543,256.0
basal-1.5-max,e04,compound (exp 03/04 protocol),ADM02,administracja,0,0,True,0.9897,248.6
basal-1.5-max,e04,compound (exp 03/04 protocol),ADM03,administracja,1,0,False,0.9746,280.4
basal-1.5-max,e04,compound (exp 03/04 protocol),ADM04,administracja,0,0,True,0.9774,312.8
basal-1.5-max,e04,compound (exp 03/04 protocol),ADM05,administracja,1,1,True,0.9969,263.0
basal-1.5-max,e04,compound (exp 03/04 protocol),ADM06,administracja,0,0,True,0.9983,219.5
basal-1.5-max,e04,compound (exp 03/04 protocol),ADM07,administracja,1,1,True,0.9995,239.5
basal-1.5-max,e04,compound (exp 03/04 protocol),ADM08,administracja,1,1,True,0.9617,214.1
basal-1.5-max,e04,compound (exp 03/04 protocol),ADM09,administracja,2,2,True,0.9997,245.6
basal-1.5-max,e04,compound (exp 03/04 protocol),ADM10,administracja,0,0,True,0.963,284.1
basal-1.5-max,e04,compound (exp 03/04 protocol),ADM11,administracja,1,1,True,0.9993,259.1
basal-1.5-max,e04,compound (exp 03/04 protocol),ADM12,administracja,2,2,True,0.9954,304.4
basal-1.5-max,e04,compound (exp 03/04 protocol),ADM13,administracja,3,3,True,0.9992,252.9
basal-1.5-max,e04,compound (exp 03/04 protocol),ADM14,administracja,4,4,True,0.9998,236.7
basal-1.5-max,e04,compound (exp 03/04 protocol),ADM15,administracja,1,1,True,0.9856,307.5
basal-1.5-max,e04,compound (exp 03/04 protocol),ADM16,administracja,2,2,True,0.9334,294.9
basal-1.5-max,e04,compound (exp 03/04 protocol),ADM17,administracja,3,3,True,0.9761,313.9
basal-1.5-max,e04,compound (exp 03/04 protocol),LAW01,kancelaria,0,1,False,0.9271,258.2
basal-1.5-max,e04,compound (exp 03/04 protocol),LAW02,kancelaria,1,0,False,0.8875,282.4
basal-1.5-max,e04,compound (exp 03/04 protocol),LAW03,kancelaria,1,1,True,0.9756,303.4
basal-1.5-max,e04,compound (exp 03/04 protocol),LAW04,kancelaria,1,1,True,0.5398,304.8
basal-1.5-max,e04,compound (exp 03/04 protocol),LAW05,kancelaria,0,0,True,0.9935,219.5
basal-1.5-max,e04,compound (exp 03/04 protocol),LAW06,kancelaria,1,1,True,0.9998,201.5
basal-1.5-max,e04,compound (exp 03/04 protocol),LAW07,kancelaria,0,0,True,0.9953,216.3
basal-1.5-max,e04,compound (exp 03/04 protocol),LAW08,kancelaria,0,0,True,0.9988,224.3
basal-1.5-max,e04,compound (exp 03/04 protocol),LAW09,kancelaria,5,5,True,0.9937,285.8
basal-1.5-max,e04,compound (exp 03/04 protocol),LAW10,kancelaria,2,2,True,0.9994,308.9
basal-1.5-max,e04,compound (exp 03/04 protocol),LAW11,kancelaria,0,0,True,0.9994,288.0
basal-1.5-max,e04,compound (exp 03/04 protocol),LAW12,kancelaria,3,3,True,0.9996,291.3
basal-1.5-max,e04,compound (exp 03/04 protocol),LAW13,kancelaria,4,4,True,0.9997,296.5
basal-1.5-max,e04,compound (exp 03/04 protocol),LAW14,kancelaria,2,1,False,0.6983,295.3
basal-1.5-max,e04,compound (exp 03/04 protocol),LAW15,kancelaria,0,0,True,0.9804,310.0
basal-1.5-max,e04,compound (exp 03/04 protocol),LAW16,kancelaria,2,2,True,0.929,312.8
basal-1.5-max,e04,compound (exp 03/04 protocol),LAW17,kancelaria,1,1,True,0.9818,309.5
basal-1.5-max,e04,compound (exp 03/04 protocol),HR01,hr,0,0,True,0.6994,291.2
basal-1.5-max,e04,compound (exp 03/04 protocol),HR02,hr,1,1,True,0.933,290.7
basal-1.5-max,e04,compound (exp 03/04 protocol),HR03,hr,0,0,True,0.9352,291.6
basal-1.5-max,e04,compound (exp 03/04 protocol),HR04,hr,0,0,True,0.9747,294.5
basal-1.5-max,e04,compound (exp 03/04 protocol),HR05,hr,1,1,True,0.9995,215.7
basal-1.5-max,e04,compound (exp 03/04 protocol),HR06,hr,1,1,True,0.9995,211.4
basal-1.5-max,e04,compound (exp 03/04 protocol),HR07,hr,0,0,True,0.9996,211.8
basal-1.5-max,e04,compound (exp 03/04 protocol),HR08,hr,1,1,True,0.933,231.2
basal-1.5-max,e04,compound (exp 03/04 protocol),HR09,hr,1,1,True,0.9996,280.1
basal-1.5-max,e04,compound (exp 03/04 protocol),HR10,hr,2,2,True,0.9988,295.4
basal-1.5-max,e04,compound (exp 03/04 protocol),HR11,hr,0,0,True,0.9953,279.5
basal-1.5-max,e04,compound (exp 03/04 protocol),HR12,hr,4,4,True,0.9994,298.7
basal-1.5-max,e04,compound (exp 03/04 protocol),HR13,hr,5,5,True,0.9986,287.5
basal-1.5-max,e04,compound (exp 03/04 protocol),HR14,hr,1,1,True,0.5388,320.3
basal-1.5-max,e04,compound (exp 03/04 protocol),HR15,hr,1,1,True,0.9911,306.8
basal-1.5-max,e04,compound (exp 03/04 protocol),HR16,hr,3,3,True,0.9969,322.9
basal-1.5-max,e04,compound (exp 03/04 protocol),HR17,hr,2,2,True,0.9954,305.2
basal-1.5-max,e04,compound (exp 03/04 protocol),MED01,przychodnia,0,0,True,0.7827,391.1
basal-1.5-max,e04,compound (exp 03/04 protocol),MED02,przychodnia,1,1,True,0.798,326.4
basal-1.5-max,e04,compound (exp 03/04 protocol),MED03,przychodnia,1,1,True,0.7687,274.2
basal-1.5-max,e04,compound (exp 03/04 protocol),MED04,przychodnia,0,0,True,0.98,310.6
basal-1.5-max,e04,compound (exp 03/04 protocol),MED05,przychodnia,0,0,True,0.9998,233.1
basal-1.5-max,e04,compound (exp 03/04 protocol),MED06,przychodnia,1,1,True,0.9997,270.9
basal-1.5-max,e04,compound (exp 03/04 protocol),MED07,przychodnia,0,0,True,0.9999,215.2
basal-1.5-max,e04,compound (exp 03/04 protocol),MED08,przychodnia,1,1,True,0.9947,234.1
basal-1.5-max,e04,compound (exp 03/04 protocol),MED09,przychodnia,2,2,True,0.9993,273.3
basal-1.5-max,e04,compound (exp 03/04 protocol),MED10,przychodnia,3,3,True,0.9923,284.1
basal-1.5-max,e04,compound (exp 03/04 protocol),MED11,przychodnia,1,1,True,0.999,273.4
basal-1.5-max,e04,compound (exp 03/04 protocol),MED12,przychodnia,4,4,True,0.9997,271.6
basal-1.5-max,e04,compound (exp 03/04 protocol),MED13,przychodnia,1,1,True,0.9994,272.4
basal-1.5-max,e04,compound (exp 03/04 protocol),MED14,przychodnia,0,0,True,0.9995,282.3
basal-1.5-max,e04,compound (exp 03/04 protocol),MED15,przychodnia,1,1,True,0.9653,397.6
basal-1.5-max,e04,compound (exp 03/04 protocol),MED16,przychodnia,2,2,True,0.996,401.4
basal-1.5-max,e04,compound (exp 03/04 protocol),MED17,przychodnia,3,3,True,0.9294,409.8
basal-1.5-max,e04,compound (exp 03/04 protocol),INS01,ubezpieczenia,1,0,False,0.6095,334.2
basal-1.5-max,e04,compound (exp 03/04 protocol),INS02,ubezpieczenia,0,0,True,0.9179,310.0
basal-1.5-max,e04,compound (exp 03/04 protocol),INS03,ubezpieczenia,0,0,True,0.9423,399.8
basal-1.5-max,e04,compound (exp 03/04 protocol),INS04,ubezpieczenia,1,1,True,0.8107,374.7
basal-1.5-max,e04,compound (exp 03/04 protocol),INS05,ubezpieczenia,0,0,True,0.9985,276.2
basal-1.5-max,e04,compound (exp 03/04 protocol),INS06,ubezpieczenia,1,1,True,0.8475,370.8
basal-1.5-max,e04,compound (exp 03/04 protocol),INS07,ubezpieczenia,1,1,True,0.9997,240.2
basal-1.5-max,e04,compound (exp 03/04 protocol),INS08,ubezpieczenia,0,0,True,0.9997,275.6
basal-1.5-max,e04,compound (exp 03/04 protocol),INS09,ubezpieczenia,3,3,True,0.999,307.3
basal-1.5-max,e04,compound (exp 03/04 protocol),INS10,ubezpieczenia,4,4,True,0.9983,314.7
basal-1.5-max,e04,compound (exp 03/04 protocol),INS11,ubezpieczenia,2,2,True,0.9621,240.4
basal-1.5-max,e04,compound (exp 03/04 protocol),INS12,ubezpieczenia,1,1,True,0.9986,279.3
basal-1.5-max,e04,compound (exp 03/04 protocol),INS13,ubezpieczenia,0,0,True,0.9996,314.5
basal-1.5-max,e04,compound (exp 03/04 protocol),INS14,ubezpieczenia,0,0,True,0.9925,376.0
basal-1.5-max,e04,compound (exp 03/04 protocol),INS15,ubezpieczenia,2,2,True,0.995,377.1
basal-1.5-max,e04,compound (exp 03/04 protocol),INS16,ubezpieczenia,1,1,True,0.9744,340.7
basal-1.5-max,e04,compound (exp 03/04 protocol),INS17,ubezpieczenia,3,3,True,0.9737,380.0
basal-1.5-max,e04,compound (exp 03/04 protocol),BNK01,bank_aml,1,0,False,0.7086,451.9
basal-1.5-max,e04,compound (exp 03/04 protocol),BNK02,bank_aml,0,0,True,0.8792,472.1
basal-1.5-max,e04,compound (exp 03/04 protocol),BNK03,bank_aml,0,0,True,0.8334,334.3
basal-1.5-max,e04,compound (exp 03/04 protocol),BNK04,bank_aml,1,1,True,0.7853,334.6
basal-1.5-max,e04,compound (exp 03/04 protocol),BNK05,bank_aml,1,0,False,0.6087,311.7
basal-1.5-max,e04,compound (exp 03/04 protocol),BNK06,bank_aml,0,0,True,0.9995,255.6
basal-1.5-max,e04,compound (exp 03/04 protocol),BNK07,bank_aml,0,0,True,0.9968,279.1
basal-1.5-max,e04,compound (exp 03/04 protocol),BNK08,bank_aml,1,1,True,0.9997,237.3
basal-1.5-max,e04,compound (exp 03/04 protocol),BNK09,bank_aml,4,4,True,0.9368,316.6
basal-1.5-max,e04,compound (exp 03/04 protocol),BNK10,bank_aml,2,2,True,0.9964,315.6
basal-1.5-max,e04,compound (exp 03/04 protocol),BNK11,bank_aml,1,1,True,0.9995,308.7
basal-1.5-max,e04,compound (exp 03/04 protocol),BNK12,bank_aml,3,3,True,0.9997,310.2
basal-1.5-max,e04,compound (exp 03/04 protocol),BNK13,bank_aml,0,0,True,0.999,308.4
basal-1.5-max,e04,compound (exp 03/04 protocol),BNK14,bank_aml,0,0,True,0.989,378.1
basal-1.5-max,e04,compound (exp 03/04 protocol),BNK15,bank_aml,1,1,True,0.9666,384.8
basal-1.5-max,e04,compound (exp 03/04 protocol),BNK16,bank_aml,2,2,True,0.9814,399.6
basal-1.5-max,e04,compound (exp 03/04 protocol),BNK17,bank_aml,3,3,True,0.9081,385.9
basal-1.5-max,e04,compound (exp 03/04 protocol),LOG01,logistyka,1,1,True,0.7713,334.4
basal-1.5-max,e04,compound (exp 03/04 protocol),LOG02,logistyka,0,0,True,0.7541,375.4
basal-1.5-max,e04,compound (exp 03/04 protocol),LOG03,logistyka,1,1,True,0.9391,333.3
basal-1.5-max,e04,compound (exp 03/04 protocol),LOG04,logistyka,0,0,True,0.8988,330.2
basal-1.5-max,e04,compound (exp 03/04 protocol),LOG05,logistyka,1,1,True,0.7256,321.0
basal-1.5-max,e04,compound (exp 03/04 protocol),LOG06,logistyka,0,0,True,0.9993,231.4
basal-1.5-max,e04,compound (exp 03/04 protocol),LOG07,logistyka,0,0,True,0.9591,286.2
basal-1.5-max,e04,compound (exp 03/04 protocol),LOG08,logistyka,1,1,True,0.9996,243.9
basal-1.5-max,e04,compound (exp 03/04 protocol),LOG09,logistyka,2,2,True,0.9945,339.1
basal-1.5-max,e04,compound (exp 03/04 protocol),LOG10,logistyka,1,1,True,0.9952,311.0
basal-1.5-max,e04,compound (exp 03/04 protocol),LOG11,logistyka,3,3,True,0.9981,334.9
basal-1.5-max,e04,compound (exp 03/04 protocol),LOG12,logistyka,0,0,True,0.9995,328.9
basal-1.5-max,e04,compound (exp 03/04 protocol),LOG13,logistyka,4,4,True,0.9978,328.3
basal-1.5-max,e04,compound (exp 03/04 protocol),LOG14,logistyka,0,0,True,0.9911,331.7
basal-1.5-max,e04,compound (exp 03/04 protocol),LOG15,logistyka,2,2,True,0.9943,341.9
basal-1.5-max,e04,compound (exp 03/04 protocol),LOG16,logistyka,1,1,True,0.8707,332.0
basal-1.5-max,e04,compound (exp 03/04 protocol),LOG17,logistyka,3,3,True,0.9949,342.2
basal-1.5-max,e04,compound (exp 03/04 protocol),ITS01,it_security,0,0,True,0.8037,314.8
basal-1.5-max,e04,compound (exp 03/04 protocol),ITS02,it_security,1,0,False,0.9605,320.4
basal-1.5-max,e04,compound (exp 03/04 protocol),ITS03,it_security,1,0,False,0.5704,318.8
basal-1.5-max,e04,compound (exp 03/04 protocol),ITS04,it_security,0,1,False,0.6286,278.1
basal-1.5-max,e04,compound (exp 03/04 protocol),ITS05,it_security,1,1,True,0.9881,278.2
basal-1.5-max,e04,compound (exp 03/04 protocol),ITS06,it_security,1,1,True,0.9982,385.8
basal-1.5-max,e04,compound (exp 03/04 protocol),ITS07,it_security,0,0,True,0.8954,419.0
basal-1.5-max,e04,compound (exp 03/04 protocol),ITS08,it_security,0,0,True,0.9701,318.4
basal-1.5-max,e04,compound (exp 03/04 protocol),ITS09,it_security,4,4,True,0.998,335.5
basal-1.5-max,e04,compound (exp 03/04 protocol),ITS10,it_security,3,3,True,0.9922,318.5
basal-1.5-max,e04,compound (exp 03/04 protocol),ITS11,it_security,2,2,True,0.9944,320.8
basal-1.5-max,e04,compound (exp 03/04 protocol),ITS12,it_security,0,0,True,0.9984,321.5
basal-1.5-max,e04,compound (exp 03/04 protocol),ITS13,it_security,1,1,True,0.9981,339.5
basal-1.5-max,e04,compound (exp 03/04 protocol),ITS14,it_security,0,1,False,0.7694,318.5
basal-1.5-max,e04,compound (exp 03/04 protocol),ITS15,it_security,2,2,True,0.9959,322.0
basal-1.5-max,e04,compound (exp 03/04 protocol),ITS16,it_security,1,1,True,0.8391,322.7
basal-1.5-max,e04,compound (exp 03/04 protocol),ITS17,it_security,3,3,True,0.9286,320.5
basal-1.5-max,e04,compound (exp 03/04 protocol),MFG01,produkcja,1,1,True,0.9842,311.1
basal-1.5-max,e04,compound (exp 03/04 protocol),MFG02,produkcja,0,1,False,0.5094,404.7
basal-1.5-max,e04,compound (exp 03/04 protocol),MFG03,produkcja,0,0,True,0.5504,309.8
basal-1.5-max,e04,compound (exp 03/04 protocol),MFG04,produkcja,0,1,False,0.8291,310.0
basal-1.5-max,e04,compound (exp 03/04 protocol),MFG05,produkcja,0,0,True,0.9975,282.0
basal-1.5-max,e04,compound (exp 03/04 protocol),MFG06,produkcja,1,1,True,0.9988,243.7
basal-1.5-max,e04,compound (exp 03/04 protocol),MFG07,produkcja,1,1,True,0.9937,256.6
basal-1.5-max,e04,compound (exp 03/04 protocol),MFG08,produkcja,1,1,True,0.9188,253.3
basal-1.5-max,e04,compound (exp 03/04 protocol),MFG09,produkcja,1,1,True,0.9996,334.5
basal-1.5-max,e04,compound (exp 03/04 protocol),MFG10,produkcja,4,4,True,0.9996,339.6
basal-1.5-max,e04,compound (exp 03/04 protocol),MFG11,produkcja,3,3,True,0.9945,330.7
basal-1.5-max,e04,compound (exp 03/04 protocol),MFG12,produkcja,2,2,True,0.9977,342.0
basal-1.5-max,e04,compound (exp 03/04 protocol),MFG13,produkcja,0,0,True,0.9984,331.1
basal-1.5-max,e04,compound (exp 03/04 protocol),MFG14,produkcja,0,0,True,0.9845,290.8
basal-1.5-max,e04,compound (exp 03/04 protocol),MFG15,produkcja,1,1,True,0.9804,293.7
basal-1.5-max,e04,compound (exp 03/04 protocol),MFG16,produkcja,2,2,True,0.9846,309.8
basal-1.5-max,e04,compound (exp 03/04 protocol),MFG17,produkcja,3,3,True,0.9476,312.5
basal-1.5-max,e04,compound (exp 03/04 protocol),EDU01,uczelnia,1,1,True,0.5404,313.3
basal-1.5-max,e04,compound (exp 03/04 protocol),EDU02,uczelnia,0,0,True,0.9991,313.4
basal-1.5-max,e04,compound (exp 03/04 protocol),EDU03,uczelnia,1,0,False,0.6087,258.6
basal-1.5-max,e04,compound (exp 03/04 protocol),EDU04,uczelnia,0,0,True,0.9789,308.3
basal-1.5-max,e04,compound (exp 03/04 protocol),EDU05,uczelnia,1,1,True,0.9178,290.9
basal-1.5-max,e04,compound (exp 03/04 protocol),EDU06,uczelnia,0,0,True,0.9982,239.1
basal-1.5-max,e04,compound (exp 03/04 protocol),EDU07,uczelnia,0,0,True,0.9996,246.0
basal-1.5-max,e04,compound (exp 03/04 protocol),EDU08,uczelnia,1,1,True,0.9997,239.5
basal-1.5-max,e04,compound (exp 03/04 protocol),EDU09,uczelnia,1,1,True,0.9999,311.2
basal-1.5-max,e04,compound (exp 03/04 protocol),EDU10,uczelnia,4,4,True,0.9996,313.4
basal-1.5-max,e04,compound (exp 03/04 protocol),EDU11,uczelnia,2,2,True,0.9998,309.1
basal-1.5-max,e04,compound (exp 03/04 protocol),EDU12,uczelnia,3,3,True,0.9997,311.4
basal-1.5-max,e04,compound (exp 03/04 protocol),EDU13,uczelnia,0,0,True,0.9999,307.7
basal-1.5-max,e04,compound (exp 03/04 protocol),EDU14,uczelnia,0,0,True,0.9519,310.7
basal-1.5-max,e04,compound (exp 03/04 protocol),EDU15,uczelnia,2,2,True,0.9603,318.0
basal-1.5-max,e04,compound (exp 03/04 protocol),EDU16,uczelnia,1,1,True,0.9388,320.6
basal-1.5-max,e04,compound (exp 03/04 protocol),EDU17,uczelnia,3,3,True,0.8734,321.6
basal-1.5-max,e04,compound (exp 03/04 protocol),RE01,wspolnota,1,1,True,0.971,291.8
basal-1.5-max,e04,compound (exp 03/04 protocol),RE02,wspolnota,0,1,False,0.6834,342.5
basal-1.5-max,e04,compound (exp 03/04 protocol),RE03,wspolnota,1,1,True,0.9913,289.2
basal-1.5-max,e04,compound (exp 03/04 protocol),RE04,wspolnota,0,0,True,0.9854,280.2
basal-1.5-max,e04,compound (exp 03/04 protocol),RE05,wspolnota,0,0,True,0.8173,289.5
basal-1.5-max,e04,compound (exp 03/04 protocol),RE06,wspolnota,1,1,True,0.9881,221.8
basal-1.5-max,e04,compound (exp 03/04 protocol),RE07,wspolnota,0,0,True,0.8875,240.0
basal-1.5-max,e04,compound (exp 03/04 protocol),RE08,wspolnota,1,1,True,0.9996,245.7
basal-1.5-max,e04,compound (exp 03/04 protocol),RE09,wspolnota,3,3,True,0.9993,389.6
basal-1.5-max,e04,compound (exp 03/04 protocol),RE10,wspolnota,5,5,True,0.9997,346.6
basal-1.5-max,e04,compound (exp 03/04 protocol),RE11,wspolnota,1,1,True,0.9997,340.4
basal-1.5-max,e04,compound (exp 03/04 protocol),RE12,wspolnota,4,4,True,0.9993,332.2
basal-1.5-max,e04,compound (exp 03/04 protocol),RE13,wspolnota,0,0,True,0.9993,340.3
basal-1.5-max,e04,compound (exp 03/04 protocol),RE14,wspolnota,3,3,True,0.9919,375.2
basal-1.5-max,e04,compound (exp 03/04 protocol),RE15,wspolnota,2,2,True,0.977,382.7
basal-1.5-max,e04,compound (exp 03/04 protocol),RE16,wspolnota,0,0,True,0.9145,342.7
basal-1.5-max,e04,compound (exp 03/04 protocol),RE17,wspolnota,1,1,True,0.9665,383.7
basal-1.5-max,e04,compound (exp 03/04 protocol),ECM01,moderacja,0,0,True,0.7713,418.6
basal-1.5-max,e04,compound (exp 03/04 protocol),ECM02,moderacja,1,1,True,0.995,406.8
basal-1.5-max,e04,compound (exp 03/04 protocol),ECM03,moderacja,1,1,True,0.9478,406.6
basal-1.5-max,e04,compound (exp 03/04 protocol),ECM04,moderacja,1,0,False,0.9192,391.6
basal-1.5-max,e04,compound (exp 03/04 protocol),ECM05,moderacja,0,0,True,0.9871,404.7
basal-1.5-max,e04,compound (exp 03/04 protocol),ECM06,moderacja,1,1,True,0.9559,279.7
basal-1.5-max,e04,compound (exp 03/04 protocol),ECM07,moderacja,0,0,True,0.9956,225.8
basal-1.5-max,e04,compound (exp 03/04 protocol),ECM08,moderacja,0,0,True,0.9192,257.9
basal-1.5-max,e04,compound (exp 03/04 protocol),ECM09,moderacja,2,2,True,0.983,391.6
basal-1.5-max,e04,compound (exp 03/04 protocol),ECM10,moderacja,3,0,False,0.5617,343.6
basal-1.5-max,e04,compound (exp 03/04 protocol),ECM11,moderacja,0,0,True,0.9611,379.2
basal-1.5-max,e04,compound (exp 03/04 protocol),ECM12,moderacja,5,5,True,0.9994,381.2
basal-1.5-max,e04,compound (exp 03/04 protocol),ECM13,moderacja,1,1,True,0.9976,344.2
basal-1.5-max,e04,compound (exp 03/04 protocol),ECM14,moderacja,4,4,True,0.8811,378.8
basal-1.5-max,e04,compound (exp 03/04 protocol),ECM15,moderacja,3,3,True,0.9802,381.6
basal-1.5-max,e04,compound (exp 03/04 protocol),ECM16,moderacja,1,1,True,0.9374,319.1
basal-1.5-max,e04,compound (exp 03/04 protocol),ECM17,moderacja,0,0,True,0.5618,334.4
"Jev 1.13, 2 orders",e04,compound (exp 03/04 protocol),ADM01,administracja,0,0,True,0.78,549.8
"Jev 1.13, 2 orders",e04,compound (exp 03/04 protocol),ADM02,administracja,0,0,True,0.94,581.2
"Jev 1.13, 2 orders",e04,compound (exp 03/04 protocol),ADM03,administracja,1,0,False,0.765,690.9
"Jev 1.13, 2 orders",e04,compound (exp 03/04 protocol),ADM04,administracja,0,0,True,0.95,726.1
"Jev 1.13, 2 orders",e04,compound (exp 03/04 protocol),ADM05,administracja,1,1,True,0.95,532.5
"Jev 1.13, 2 orders",e04,compound (exp 03/04 protocol),ADM06,administracja,0,0,True,0.94,636.7
"Jev 1.13, 2 orders",e04,compound (exp 03/04 protocol),ADM07,administracja,1,1,True,0.97,595.2
"Jev 1.13, 2 orders",e04,compound (exp 03/04 protocol),ADM08,administracja,1,1,True,0.885,554.2
"Jev 1.13, 2 orders",e04,compound (exp 03/04 protocol),ADM09,administracja,2,2,True,1.0,711.5
"Jev 1.13, 2 orders",e04,compound (exp 03/04 protocol),ADM10,administracja,0,0,True,1.0,625.9
"Jev 1.13, 2 orders",e04,compound (exp 03/04 protocol),ADM11,administracja,1,1,True,1.0,680.5
"Jev 1.13, 2 orders",e04,compound (exp 03/04 protocol),ADM12,administracja,2,2,True,0.98,572.0
"Jev 1.13, 2 orders",e04,compound (exp 03/04 protocol),ADM13,administracja,3,3,True,1.0,581.0
"Jev 1.13, 2 orders",e04,compound (exp 03/04 protocol),ADM14,administracja,4,4,True,1.0,645.8
"Jev 1.13, 2 orders",e04,compound (exp 03/04 protocol),ADM15,administracja,1,1,True,0.995,566.2
"Jev 1.13, 2 orders",e04,compound (exp 03/04 protocol),ADM16,administracja,2,2,True,0.995,586.6
"Jev 1.13, 2 orders",e04,compound (exp 03/04 protocol),ADM17,administracja,3,3,True,1.0,567.9
"Jev 1.13, 2 orders",e04,compound (exp 03/04 protocol),LAW01,kancelaria,0,0,True,0.865,706.7
"Jev 1.13, 2 orders",e04,compound (exp 03/04 protocol),LAW02,kancelaria,1,0,False,0.71,575.7
"Jev 1.13, 2 orders",e04,compound (exp 03/04 protocol),LAW03,kancelaria,1,1,True,0.795,542.5
"Jev 1.13, 2 orders",e04,compound (exp 03/04 protocol),LAW04,kancelaria,1,1,True,0.895,1070.9
"Jev 1.13, 2 orders",e04,compound (exp 03/04 protocol),LAW05,kancelaria,0,0,True,0.95,595.8
"Jev 1.13, 2 orders",e04,compound (exp 03/04 protocol),LAW06,kancelaria,1,1,True,0.97,578.2
"Jev 1.13, 2 orders",e04,compound (exp 03/04 protocol),LAW07,kancelaria,0,0,True,0.96,608.0
"Jev 1.13, 2 orders",e04,compound (exp 03/04 protocol),LAW08,kancelaria,0,0,True,0.97,610.4
"Jev 1.13, 2 orders",e04,compound (exp 03/04 protocol),LAW09,kancelaria,5,5,True,1.0,628.8
"Jev 1.13, 2 orders",e04,compound (exp 03/04 protocol),LAW10,kancelaria,2,2,True,1.0,612.8
"Jev 1.13, 2 orders",e04,compound (exp 03/04 protocol),LAW11,kancelaria,0,0,True,1.0,556.1
"Jev 1.13, 2 orders",e04,compound (exp 03/04 protocol),LAW12,kancelaria,3,3,True,1.0,683.8
"Jev 1.13, 2 orders",e04,compound (exp 03/04 protocol),LAW13,kancelaria,4,4,True,1.0,648.0
"Jev 1.13, 2 orders",e04,compound (exp 03/04 protocol),LAW14,kancelaria,2,2,True,0.805,567.3
"Jev 1.13, 2 orders",e04,compound (exp 03/04 protocol),LAW15,kancelaria,0,0,True,1.0,611.5
"Jev 1.13, 2 orders",e04,compound (exp 03/04 protocol),LAW16,kancelaria,2,2,True,0.99,584.7
"Jev 1.13, 2 orders",e04,compound (exp 03/04 protocol),LAW17,kancelaria,1,1,True,0.995,595.9
"Jev 1.13, 2 orders",e04,compound (exp 03/04 protocol),HR01,hr,0,0,True,0.79,584.5
"Jev 1.13, 2 orders",e04,compound (exp 03/04 protocol),HR02,hr,1,1,True,0.93,590.5
"Jev 1.13, 2 orders",e04,compound (exp 03/04 protocol),HR03,hr,0,0,True,0.92,624.6
"Jev 1.13, 2 orders",e04,compound (exp 03/04 protocol),HR04,hr,0,0,True,0.93,601.2
"Jev 1.13, 2 orders",e04,compound (exp 03/04 protocol),HR05,hr,1,1,True,0.97,617.3
"Jev 1.13, 2 orders",e04,compound (exp 03/04 protocol),HR06,hr,1,1,True,0.95,594.4
"Jev 1.13, 2 orders",e04,compound (exp 03/04 protocol),HR07,hr,0,0,True,0.99,533.9
"Jev 1.13, 2 orders",e04,compound (exp 03/04 protocol),HR08,hr,1,1,True,0.87,544.6
"Jev 1.13, 2 orders",e04,compound (exp 03/04 protocol),HR09,hr,1,1,True,1.0,598.4
"Jev 1.13, 2 orders",e04,compound (exp 03/04 protocol),HR10,hr,2,2,True,1.0,698.3
"Jev 1.13, 2 orders",e04,compound (exp 03/04 protocol),HR11,hr,0,0,True,1.0,597.4
"Jev 1.13, 2 orders",e04,compound (exp 03/04 protocol),HR12,hr,4,4,True,1.0,584.4
"Jev 1.13, 2 orders",e04,compound (exp 03/04 protocol),HR13,hr,5,5,True,1.0,656.2
"Jev 1.13, 2 orders",e04,compound (exp 03/04 protocol),HR14,hr,1,1,True,0.66,662.6
"Jev 1.13, 2 orders",e04,compound (exp 03/04 protocol),HR15,hr,1,1,True,1.0,581.7
"Jev 1.13, 2 orders",e04,compound (exp 03/04 protocol),HR16,hr,3,3,True,1.0,651.0
"Jev 1.13, 2 orders",e04,compound (exp 03/04 protocol),HR17,hr,2,2,True,1.0,701.9
"Jev 1.13, 2 orders",e04,compound (exp 03/04 protocol),MED01,przychodnia,0,0,True,0.925,625.5
"Jev 1.13, 2 orders",e04,compound (exp 03/04 protocol),MED02,przychodnia,1,1,True,0.675,781.8
"Jev 1.13, 2 orders",e04,compound (exp 03/04 protocol),MED03,przychodnia,1,0,False,0.575,653.1
"Jev 1.13, 2 orders",e04,compound (exp 03/04 protocol),MED04,przychodnia,0,0,True,0.835,546.9
"Jev 1.13, 2 orders",e04,compound (exp 03/04 protocol),MED05,przychodnia,0,0,True,0.98,714.7
"Jev 1.13, 2 orders",e04,compound (exp 03/04 protocol),MED06,przychodnia,1,1,True,0.975,636.2
"Jev 1.13, 2 orders",e04,compound (exp 03/04 protocol),MED07,przychodnia,0,0,True,0.98,560.9
"Jev 1.13, 2 orders",e04,compound (exp 03/04 protocol),MED08,przychodnia,1,1,True,0.94,578.4
"Jev 1.13, 2 orders",e04,compound (exp 03/04 protocol),MED09,przychodnia,2,2,True,1.0,703.4
"Jev 1.13, 2 orders",e04,compound (exp 03/04 protocol),MED10,przychodnia,3,3,True,1.0,707.0
"Jev 1.13, 2 orders",e04,compound (exp 03/04 protocol),MED11,przychodnia,1,1,True,1.0,562.4
"Jev 1.13, 2 orders",e04,compound (exp 03/04 protocol),MED12,przychodnia,4,4,True,1.0,656.4
"Jev 1.13, 2 orders",e04,compound (exp 03/04 protocol),MED13,przychodnia,1,1,True,1.0,662.5
"Jev 1.13, 2 orders",e04,compound (exp 03/04 protocol),MED14,przychodnia,0,0,True,1.0,542.5
"Jev 1.13, 2 orders",e04,compound (exp 03/04 protocol),MED15,przychodnia,1,1,True,0.965,533.6
"Jev 1.13, 2 orders",e04,compound (exp 03/04 protocol),MED16,przychodnia,2,2,True,0.995,575.6
"Jev 1.13, 2 orders",e04,compound (exp 03/04 protocol),MED17,przychodnia,3,3,True,1.0,613.7
"Jev 1.13, 2 orders",e04,compound (exp 03/04 protocol),INS01,ubezpieczenia,1,1,True,0.55,562.3
"Jev 1.13, 2 orders",e04,compound (exp 03/04 protocol),INS02,ubezpieczenia,0,0,True,0.945,692.2
"Jev 1.13, 2 orders",e04,compound (exp 03/04 protocol),INS03,ubezpieczenia,0,0,True,0.845,586.8
"Jev 1.13, 2 orders",e04,compound (exp 03/04 protocol),INS04,ubezpieczenia,1,1,True,0.92,701.8
"Jev 1.13, 2 orders",e04,compound (exp 03/04 protocol),INS05,ubezpieczenia,0,0,True,0.97,1096.9
"Jev 1.13, 2 orders",e04,compound (exp 03/04 protocol),INS06,ubezpieczenia,1,0,False,0.685,609.3
"Jev 1.13, 2 orders",e04,compound (exp 03/04 protocol),INS07,ubezpieczenia,1,1,True,0.97,634.9
"Jev 1.13, 2 orders",e04,compound (exp 03/04 protocol),INS08,ubezpieczenia,0,0,True,0.985,618.3
"Jev 1.13, 2 orders",e04,compound (exp 03/04 protocol),INS09,ubezpieczenia,3,3,True,1.0,562.3
"Jev 1.13, 2 orders",e04,compound (exp 03/04 protocol),INS10,ubezpieczenia,4,4,True,1.0,767.3
"Jev 1.13, 2 orders",e04,compound (exp 03/04 protocol),INS11,ubezpieczenia,2,2,True,0.995,670.7
"Jev 1.13, 2 orders",e04,compound (exp 03/04 protocol),INS12,ubezpieczenia,1,1,True,1.0,681.9
"Jev 1.13, 2 orders",e04,compound (exp 03/04 protocol),INS13,ubezpieczenia,0,0,True,1.0,816.3
"Jev 1.13, 2 orders",e04,compound (exp 03/04 protocol),INS14,ubezpieczenia,0,0,True,1.0,627.4
"Jev 1.13, 2 orders",e04,compound (exp 03/04 protocol),INS15,ubezpieczenia,2,2,True,0.995,711.2
"Jev 1.13, 2 orders",e04,compound (exp 03/04 protocol),INS16,ubezpieczenia,1,1,True,0.99,575.9
"Jev 1.13, 2 orders",e04,compound (exp 03/04 protocol),INS17,ubezpieczenia,3,3,True,1.0,601.1
"Jev 1.13, 2 orders",e04,compound (exp 03/04 protocol),BNK01,bank_aml,1,1,True,0.89,616.6
"Jev 1.13, 2 orders",e04,compound (exp 03/04 protocol),BNK02,bank_aml,0,0,True,0.81,572.6
"Jev 1.13, 2 orders",e04,compound (exp 03/04 protocol),BNK03,bank_aml,0,0,True,0.855,585.5
"Jev 1.13, 2 orders",e04,compound (exp 03/04 protocol),BNK04,bank_aml,1,0,False,0.605,622.3
"Jev 1.13, 2 orders",e04,compound (exp 03/04 protocol),BNK05,bank_aml,1,0,False,0.735,576.0
"Jev 1.13, 2 orders",e04,compound (exp 03/04 protocol),BNK06,bank_aml,0,0,True,0.98,630.7
"Jev 1.13, 2 orders",e04,compound (exp 03/04 protocol),BNK07,bank_aml,0,0,True,0.98,602.5
"Jev 1.13, 2 orders",e04,compound (exp 03/04 protocol),BNK08,bank_aml,1,1,True,0.97,613.2
"Jev 1.13, 2 orders",e04,compound (exp 03/04 protocol),BNK09,bank_aml,4,4,True,1.0,605.5
"Jev 1.13, 2 orders",e04,compound (exp 03/04 protocol),BNK10,bank_aml,2,2,True,1.0,601.8
"Jev 1.13, 2 orders",e04,compound (exp 03/04 protocol),BNK11,bank_aml,1,1,True,1.0,591.3
"Jev 1.13, 2 orders",e04,compound (exp 03/04 protocol),BNK12,bank_aml,3,3,True,1.0,582.7
"Jev 1.13, 2 orders",e04,compound (exp 03/04 protocol),BNK13,bank_aml,0,0,True,1.0,625.7
"Jev 1.13, 2 orders",e04,compound (exp 03/04 protocol),BNK14,bank_aml,0,0,True,1.0,579.2
"Jev 1.13, 2 orders",e04,compound (exp 03/04 protocol),BNK15,bank_aml,1,1,True,0.995,609.9
"Jev 1.13, 2 orders",e04,compound (exp 03/04 protocol),BNK16,bank_aml,2,2,True,0.99,610.2
"Jev 1.13, 2 orders",e04,compound (exp 03/04 protocol),BNK17,bank_aml,3,3,True,1.0,549.0
"Jev 1.13, 2 orders",e04,compound (exp 03/04 protocol),LOG01,logistyka,1,0,False,0.565,659.3
"Jev 1.13, 2 orders",e04,compound (exp 03/04 protocol),LOG02,logistyka,0,0,True,0.855,598.7
"Jev 1.13, 2 orders",e04,compound (exp 03/04 protocol),LOG03,logistyka,1,1,True,0.94,602.1
"Jev 1.13, 2 orders",e04,compound (exp 03/04 protocol),LOG04,logistyka,0,0,True,0.94,585.5
"Jev 1.13, 2 orders",e04,compound (exp 03/04 protocol),LOG05,logistyka,1,1,True,0.65,692.1
"Jev 1.13, 2 orders",e04,compound (exp 03/04 protocol),LOG06,logistyka,0,0,True,0.98,558.7
"Jev 1.13, 2 orders",e04,compound (exp 03/04 protocol),LOG07,logistyka,0,0,True,0.965,669.7
"Jev 1.13, 2 orders",e04,compound (exp 03/04 protocol),LOG08,logistyka,1,1,True,0.95,624.8
"Jev 1.13, 2 orders",e04,compound (exp 03/04 protocol),LOG09,logistyka,2,2,True,1.0,642.7
"Jev 1.13, 2 orders",e04,compound (exp 03/04 protocol),LOG10,logistyka,1,1,True,1.0,653.6
"Jev 1.13, 2 orders",e04,compound (exp 03/04 protocol),LOG11,logistyka,3,3,True,1.0,633.2
"Jev 1.13, 2 orders",e04,compound (exp 03/04 protocol),LOG12,logistyka,0,0,True,1.0,554.0
"Jev 1.13, 2 orders",e04,compound (exp 03/04 protocol),LOG13,logistyka,4,4,True,1.0,607.1
"Jev 1.13, 2 orders",e04,compound (exp 03/04 protocol),LOG14,logistyka,0,0,True,1.0,562.2
"Jev 1.13, 2 orders",e04,compound (exp 03/04 protocol),LOG15,logistyka,2,2,True,0.985,829.4
"Jev 1.13, 2 orders",e04,compound (exp 03/04 protocol),LOG16,logistyka,1,1,True,0.8,631.4
"Jev 1.13, 2 orders",e04,compound (exp 03/04 protocol),LOG17,logistyka,3,3,True,1.0,608.3
"Jev 1.13, 2 orders",e04,compound (exp 03/04 protocol),ITS01,it_security,0,0,True,0.67,622.2
"Jev 1.13, 2 orders",e04,compound (exp 03/04 protocol),ITS02,it_security,1,1,True,0.65,549.4
"Jev 1.13, 2 orders",e04,compound (exp 03/04 protocol),ITS03,it_security,1,1,True,0.71,734.0
"Jev 1.13, 2 orders",e04,compound (exp 03/04 protocol),ITS04,it_security,0,0,True,0.935,629.0
"Jev 1.13, 2 orders",e04,compound (exp 03/04 protocol),ITS05,it_security,1,1,True,0.93,549.1
"Jev 1.13, 2 orders",e04,compound (exp 03/04 protocol),ITS06,it_security,1,1,True,0.94,569.7
"Jev 1.13, 2 orders",e04,compound (exp 03/04 protocol),ITS07,it_security,0,0,True,0.835,583.0
"Jev 1.13, 2 orders",e04,compound (exp 03/04 protocol),ITS08,it_security,0,0,True,0.96,582.1
"Jev 1.13, 2 orders",e04,compound (exp 03/04 protocol),ITS09,it_security,4,4,True,1.0,514.5
"Jev 1.13, 2 orders",e04,compound (exp 03/04 protocol),ITS10,it_security,3,3,True,1.0,557.1
"Jev 1.13, 2 orders",e04,compound (exp 03/04 protocol),ITS11,it_security,2,2,True,1.0,633.1
"Jev 1.13, 2 orders",e04,compound (exp 03/04 protocol),ITS12,it_security,0,0,True,1.0,589.3
"Jev 1.13, 2 orders",e04,compound (exp 03/04 protocol),ITS13,it_security,1,1,True,1.0,632.0
"Jev 1.13, 2 orders",e04,compound (exp 03/04 protocol),ITS14,it_security,0,0,True,0.53,669.3
"Jev 1.13, 2 orders",e04,compound (exp 03/04 protocol),ITS15,it_security,2,2,True,1.0,565.3
"Jev 1.13, 2 orders",e04,compound (exp 03/04 protocol),ITS16,it_security,1,1,True,0.985,595.7
"Jev 1.13, 2 orders",e04,compound (exp 03/04 protocol),ITS17,it_security,3,3,True,0.99,552.6
"Jev 1.13, 2 orders",e04,compound (exp 03/04 protocol),MFG01,produkcja,1,1,True,0.93,541.3
"Jev 1.13, 2 orders",e04,compound (exp 03/04 protocol),MFG02,produkcja,0,1,False,0.54,586.4
"Jev 1.13, 2 orders",e04,compound (exp 03/04 protocol),MFG03,produkcja,0,0,True,0.71,537.1
"Jev 1.13, 2 orders",e04,compound (exp 03/04 protocol),MFG04,produkcja,0,0,True,0.565,569.3
"Jev 1.13, 2 orders",e04,compound (exp 03/04 protocol),MFG05,produkcja,0,0,True,0.965,551.8
"Jev 1.13, 2 orders",e04,compound (exp 03/04 protocol),MFG06,produkcja,1,1,True,0.95,602.0
"Jev 1.13, 2 orders",e04,compound (exp 03/04 protocol),MFG07,produkcja,1,1,True,0.935,594.7
"Jev 1.13, 2 orders",e04,compound (exp 03/04 protocol),MFG08,produkcja,1,1,True,0.845,536.7
"Jev 1.13, 2 orders",e04,compound (exp 03/04 protocol),MFG09,produkcja,1,1,True,1.0,530.3
"Jev 1.13, 2 orders",e04,compound (exp 03/04 protocol),MFG10,produkcja,4,4,True,1.0,589.2
"Jev 1.13, 2 orders",e04,compound (exp 03/04 protocol),MFG11,produkcja,3,3,True,1.0,678.8
"Jev 1.13, 2 orders",e04,compound (exp 03/04 protocol),MFG12,produkcja,2,2,True,1.0,728.1
"Jev 1.13, 2 orders",e04,compound (exp 03/04 protocol),MFG13,produkcja,0,0,True,1.0,601.2
"Jev 1.13, 2 orders",e04,compound (exp 03/04 protocol),MFG14,produkcja,0,0,True,0.875,622.9
"Jev 1.13, 2 orders",e04,compound (exp 03/04 protocol),MFG15,produkcja,1,1,True,0.995,655.5
"Jev 1.13, 2 orders",e04,compound (exp 03/04 protocol),MFG16,produkcja,2,2,True,0.975,595.1
"Jev 1.13, 2 orders",e04,compound (exp 03/04 protocol),MFG17,produkcja,3,3,True,0.995,615.2
"Jev 1.13, 2 orders",e04,compound (exp 03/04 protocol),EDU01,uczelnia,1,0,False,0.81,672.4
"Jev 1.13, 2 orders",e04,compound (exp 03/04 protocol),EDU02,uczelnia,0,0,True,0.975,707.2
"Jev 1.13, 2 orders",e04,compound (exp 03/04 protocol),EDU03,uczelnia,1,0,False,0.52,674.1
"Jev 1.13, 2 orders",e04,compound (exp 03/04 protocol),EDU04,uczelnia,0,0,True,0.955,569.0
"Jev 1.13, 2 orders",e04,compound (exp 03/04 protocol),EDU05,uczelnia,1,1,True,0.925,698.2
"Jev 1.13, 2 orders",e04,compound (exp 03/04 protocol),EDU06,uczelnia,0,0,True,0.975,599.9
"Jev 1.13, 2 orders",e04,compound (exp 03/04 protocol),EDU07,uczelnia,0,0,True,0.98,619.5
"Jev 1.13, 2 orders",e04,compound (exp 03/04 protocol),EDU08,uczelnia,1,1,True,0.98,560.9
"Jev 1.13, 2 orders",e04,compound (exp 03/04 protocol),EDU09,uczelnia,1,1,True,1.0,585.4
"Jev 1.13, 2 orders",e04,compound (exp 03/04 protocol),EDU10,uczelnia,4,4,True,1.0,644.8
"Jev 1.13, 2 orders",e04,compound (exp 03/04 protocol),EDU11,uczelnia,2,2,True,1.0,621.0
"Jev 1.13, 2 orders",e04,compound (exp 03/04 protocol),EDU12,uczelnia,3,3,True,1.0,637.0
"Jev 1.13, 2 orders",e04,compound (exp 03/04 protocol),EDU13,uczelnia,0,0,True,1.0,697.8
"Jev 1.13, 2 orders",e04,compound (exp 03/04 protocol),EDU14,uczelnia,0,0,True,1.0,633.9
"Jev 1.13, 2 orders",e04,compound (exp 03/04 protocol),EDU15,uczelnia,2,2,True,0.975,572.9
"Jev 1.13, 2 orders",e04,compound (exp 03/04 protocol),EDU16,uczelnia,1,1,True,0.97,607.6
"Jev 1.13, 2 orders",e04,compound (exp 03/04 protocol),EDU17,uczelnia,3,3,True,1.0,590.0
"Jev 1.13, 2 orders",e04,compound (exp 03/04 protocol),RE01,wspolnota,1,1,True,0.925,714.1
"Jev 1.13, 2 orders",e04,compound (exp 03/04 protocol),RE02,wspolnota,0,0,True,0.625,573.2
"Jev 1.13, 2 orders",e04,compound (exp 03/04 protocol),RE03,wspolnota,1,1,True,0.91,632.3
"Jev 1.13, 2 orders",e04,compound (exp 03/04 protocol),RE04,wspolnota,0,0,True,0.91,649.8
"Jev 1.13, 2 orders",e04,compound (exp 03/04 protocol),RE05,wspolnota,0,0,True,0.855,567.8
"Jev 1.13, 2 orders",e04,compound (exp 03/04 protocol),RE06,wspolnota,1,1,True,0.95,638.9
"Jev 1.13, 2 orders",e04,compound (exp 03/04 protocol),RE07,wspolnota,0,0,True,0.815,620.5
"Jev 1.13, 2 orders",e04,compound (exp 03/04 protocol),RE08,wspolnota,1,1,True,0.96,569.4
"Jev 1.13, 2 orders",e04,compound (exp 03/04 protocol),RE09,wspolnota,3,3,True,1.0,523.1
"Jev 1.13, 2 orders",e04,compound (exp 03/04 protocol),RE10,wspolnota,5,5,True,1.0,739.4
"Jev 1.13, 2 orders",e04,compound (exp 03/04 protocol),RE11,wspolnota,1,1,True,1.0,555.9
"Jev 1.13, 2 orders",e04,compound (exp 03/04 protocol),RE12,wspolnota,4,4,True,1.0,628.3
"Jev 1.13, 2 orders",e04,compound (exp 03/04 protocol),RE13,wspolnota,0,0,True,1.0,702.6
"Jev 1.13, 2 orders",e04,compound (exp 03/04 protocol),RE14,wspolnota,3,3,True,1.0,588.0
"Jev 1.13, 2 orders",e04,compound (exp 03/04 protocol),RE15,wspolnota,2,2,True,0.99,573.9
"Jev 1.13, 2 orders",e04,compound (exp 03/04 protocol),RE16,wspolnota,0,0,True,1.0,667.3
"Jev 1.13, 2 orders",e04,compound (exp 03/04 protocol),RE17,wspolnota,1,1,True,0.935,590.6
"Jev 1.13, 2 orders",e04,compound (exp 03/04 protocol),ECM01,moderacja,0,0,True,0.94,601.2
"Jev 1.13, 2 orders",e04,compound (exp 03/04 protocol),ECM02,moderacja,1,1,True,0.935,606.6
"Jev 1.13, 2 orders",e04,compound (exp 03/04 protocol),ECM03,moderacja,1,1,True,0.915,633.0
"Jev 1.13, 2 orders",e04,compound (exp 03/04 protocol),ECM04,moderacja,1,0,False,0.675,641.8
"Jev 1.13, 2 orders",e04,compound (exp 03/04 protocol),ECM05,moderacja,0,0,True,0.96,607.7
"Jev 1.13, 2 orders",e04,compound (exp 03/04 protocol),ECM06,moderacja,1,1,True,0.91,579.4
"Jev 1.13, 2 orders",e04,compound (exp 03/04 protocol),ECM07,moderacja,0,0,True,0.955,603.5
"Jev 1.13, 2 orders",e04,compound (exp 03/04 protocol),ECM08,moderacja,0,0,True,0.91,570.6
"Jev 1.13, 2 orders",e04,compound (exp 03/04 protocol),ECM09,moderacja,2,2,True,0.995,551.0
"Jev 1.13, 2 orders",e04,compound (exp 03/04 protocol),ECM10,moderacja,3,3,True,0.95,583.2
"Jev 1.13, 2 orders",e04,compound (exp 03/04 protocol),ECM11,moderacja,0,0,True,0.97,560.0
"Jev 1.13, 2 orders",e04,compound (exp 03/04 protocol),ECM12,moderacja,5,5,True,1.0,1431.6
"Jev 1.13, 2 orders",e04,compound (exp 03/04 protocol),ECM13,moderacja,1,1,True,1.0,577.5
"Jev 1.13, 2 orders",e04,compound (exp 03/04 protocol),ECM14,moderacja,4,4,True,1.0,555.0
"Jev 1.13, 2 orders",e04,compound (exp 03/04 protocol),ECM15,moderacja,3,3,True,1.0,537.8
"Jev 1.13, 2 orders",e04,compound (exp 03/04 protocol),ECM16,moderacja,1,1,True,0.57,541.7
"Jev 1.13, 2 orders",e04,compound (exp 03/04 protocol),ECM17,moderacja,0,0,True,0.9197,621.5
"Jev 1.13, order 1",e04,compound (exp 03/04 protocol),ADM01,administracja,0,0,True,0.78,279.0
"Jev 1.13, order 1",e04,compound (exp 03/04 protocol),ADM02,administracja,0,0,True,0.94,288.7
"Jev 1.13, order 1",e04,compound (exp 03/04 protocol),ADM03,administracja,1,0,False,0.8,297.2
"Jev 1.13, order 1",e04,compound (exp 03/04 protocol),ADM04,administracja,0,0,True,0.95,386.8
"Jev 1.13, order 1",e04,compound (exp 03/04 protocol),ADM05,administracja,1,1,True,0.95,272.9
"Jev 1.13, order 1",e04,compound (exp 03/04 protocol),ADM06,administracja,0,0,True,0.94,357.8
"Jev 1.13, order 1",e04,compound (exp 03/04 protocol),ADM07,administracja,1,1,True,0.97,302.1
"Jev 1.13, order 1",e04,compound (exp 03/04 protocol),ADM08,administracja,1,1,True,0.9,264.2
"Jev 1.13, order 1",e04,compound (exp 03/04 protocol),ADM09,administracja,2,2,True,1,288.1
"Jev 1.13, order 1",e04,compound (exp 03/04 protocol),ADM10,administracja,0,0,True,1,322.4
"Jev 1.13, order 1",e04,compound (exp 03/04 protocol),ADM11,administracja,1,1,True,1,399.2
"Jev 1.13, order 1",e04,compound (exp 03/04 protocol),ADM12,administracja,2,2,True,0.97,270.6
"Jev 1.13, order 1",e04,compound (exp 03/04 protocol),ADM13,administracja,3,3,True,1,313.4
"Jev 1.13, order 1",e04,compound (exp 03/04 protocol),ADM14,administracja,4,4,True,1,300.1
"Jev 1.13, order 1",e04,compound (exp 03/04 protocol),ADM15,administracja,1,1,True,0.99,274.2
"Jev 1.13, order 1",e04,compound (exp 03/04 protocol),ADM16,administracja,2,2,True,0.99,296.2
"Jev 1.13, order 1",e04,compound (exp 03/04 protocol),ADM17,administracja,3,3,True,1,260.2
"Jev 1.13, order 1",e04,compound (exp 03/04 protocol),LAW01,kancelaria,0,0,True,0.86,314.4
"Jev 1.13, order 1",e04,compound (exp 03/04 protocol),LAW02,kancelaria,1,0,False,0.73,278.7
"Jev 1.13, order 1",e04,compound (exp 03/04 protocol),LAW03,kancelaria,1,1,True,0.81,267.2
"Jev 1.13, order 1",e04,compound (exp 03/04 protocol),LAW04,kancelaria,1,1,True,0.89,274.8
"Jev 1.13, order 1",e04,compound (exp 03/04 protocol),LAW05,kancelaria,0,0,True,0.95,278.5
"Jev 1.13, order 1",e04,compound (exp 03/04 protocol),LAW06,kancelaria,1,1,True,0.97,266.1
"Jev 1.13, order 1",e04,compound (exp 03/04 protocol),LAW07,kancelaria,0,0,True,0.97,257.8
"Jev 1.13, order 1",e04,compound (exp 03/04 protocol),LAW08,kancelaria,0,0,True,0.97,281.5
"Jev 1.13, order 1",e04,compound (exp 03/04 protocol),LAW09,kancelaria,5,5,True,1,286.0
"Jev 1.13, order 1",e04,compound (exp 03/04 protocol),LAW10,kancelaria,2,2,True,1,311.5
"Jev 1.13, order 1",e04,compound (exp 03/04 protocol),LAW11,kancelaria,0,0,True,1,290.6
"Jev 1.13, order 1",e04,compound (exp 03/04 protocol),LAW12,kancelaria,3,3,True,1,366.9
"Jev 1.13, order 1",e04,compound (exp 03/04 protocol),LAW13,kancelaria,4,4,True,1,309.1
"Jev 1.13, order 1",e04,compound (exp 03/04 protocol),LAW14,kancelaria,2,2,True,0.7,282.7
"Jev 1.13, order 1",e04,compound (exp 03/04 protocol),LAW15,kancelaria,0,0,True,1,331.7
"Jev 1.13, order 1",e04,compound (exp 03/04 protocol),LAW16,kancelaria,2,2,True,0.98,263.3
"Jev 1.13, order 1",e04,compound (exp 03/04 protocol),LAW17,kancelaria,1,1,True,0.99,330.8
"Jev 1.13, order 1",e04,compound (exp 03/04 protocol),HR01,hr,0,0,True,0.8,300.5
"Jev 1.13, order 1",e04,compound (exp 03/04 protocol),HR02,hr,1,1,True,0.93,287.7
"Jev 1.13, order 1",e04,compound (exp 03/04 protocol),HR03,hr,0,0,True,0.92,302.3
"Jev 1.13, order 1",e04,compound (exp 03/04 protocol),HR04,hr,0,0,True,0.93,333.8
"Jev 1.13, order 1",e04,compound (exp 03/04 protocol),HR05,hr,1,1,True,0.97,274.4
"Jev 1.13, order 1",e04,compound (exp 03/04 protocol),HR06,hr,1,1,True,0.95,305.3
"Jev 1.13, order 1",e04,compound (exp 03/04 protocol),HR07,hr,0,0,True,0.99,264.3
"Jev 1.13, order 1",e04,compound (exp 03/04 protocol),HR08,hr,1,1,True,0.87,249.9
"Jev 1.13, order 1",e04,compound (exp 03/04 protocol),HR09,hr,1,1,True,1,283.7
"Jev 1.13, order 1",e04,compound (exp 03/04 protocol),HR10,hr,2,2,True,1,285.5
"Jev 1.13, order 1",e04,compound (exp 03/04 protocol),HR11,hr,0,0,True,1,275.6
"Jev 1.13, order 1",e04,compound (exp 03/04 protocol),HR12,hr,4,4,True,1,297.5
"Jev 1.13, order 1",e04,compound (exp 03/04 protocol),HR13,hr,5,5,True,1,287.2
"Jev 1.13, order 1",e04,compound (exp 03/04 protocol),HR14,hr,1,1,True,0.44,275.8
"Jev 1.13, order 1",e04,compound (exp 03/04 protocol),HR15,hr,1,1,True,1,286.4
"Jev 1.13, order 1",e04,compound (exp 03/04 protocol),HR16,hr,3,3,True,1,321.8
"Jev 1.13, order 1",e04,compound (exp 03/04 protocol),HR17,hr,2,2,True,1,364.6
"Jev 1.13, order 1",e04,compound (exp 03/04 protocol),MED01,przychodnia,0,0,True,0.92,340.3
"Jev 1.13, order 1",e04,compound (exp 03/04 protocol),MED02,przychodnia,1,1,True,0.69,484.9
"Jev 1.13, order 1",e04,compound (exp 03/04 protocol),MED03,przychodnia,1,0,False,0.58,372.6
"Jev 1.13, order 1",e04,compound (exp 03/04 protocol),MED04,przychodnia,0,0,True,0.82,281.2
"Jev 1.13, order 1",e04,compound (exp 03/04 protocol),MED05,przychodnia,0,0,True,0.98,286.2
"Jev 1.13, order 1",e04,compound (exp 03/04 protocol),MED06,przychodnia,1,1,True,0.98,283.4
"Jev 1.13, order 1",e04,compound (exp 03/04 protocol),MED07,przychodnia,0,0,True,0.98,265.7
"Jev 1.13, order 1",e04,compound (exp 03/04 protocol),MED08,przychodnia,1,1,True,0.94,285.9
"Jev 1.13, order 1",e04,compound (exp 03/04 protocol),MED09,przychodnia,2,2,True,1,376.4
"Jev 1.13, order 1",e04,compound (exp 03/04 protocol),MED10,przychodnia,3,3,True,1,409.2
"Jev 1.13, order 1",e04,compound (exp 03/04 protocol),MED11,przychodnia,1,1,True,1,257.8
"Jev 1.13, order 1",e04,compound (exp 03/04 protocol),MED12,przychodnia,4,4,True,1,323.5
"Jev 1.13, order 1",e04,compound (exp 03/04 protocol),MED13,przychodnia,1,1,True,1,359.8
"Jev 1.13, order 1",e04,compound (exp 03/04 protocol),MED14,przychodnia,0,0,True,1,272.2
"Jev 1.13, order 1",e04,compound (exp 03/04 protocol),MED15,przychodnia,1,1,True,0.95,267.5
"Jev 1.13, order 1",e04,compound (exp 03/04 protocol),MED16,przychodnia,2,2,True,0.99,284.5
"Jev 1.13, order 1",e04,compound (exp 03/04 protocol),MED17,przychodnia,3,3,True,1,302.0
"Jev 1.13, order 1",e04,compound (exp 03/04 protocol),INS01,ubezpieczenia,1,1,True,0.55,261.5
"Jev 1.13, order 1",e04,compound (exp 03/04 protocol),INS02,ubezpieczenia,0,0,True,0.95,353.7
"Jev 1.13, order 1",e04,compound (exp 03/04 protocol),INS03,ubezpieczenia,0,0,True,0.83,317.8
"Jev 1.13, order 1",e04,compound (exp 03/04 protocol),INS04,ubezpieczenia,1,1,True,0.92,342.7
"Jev 1.13, order 1",e04,compound (exp 03/04 protocol),INS05,ubezpieczenia,0,0,True,0.97,759.4
"Jev 1.13, order 1",e04,compound (exp 03/04 protocol),INS06,ubezpieczenia,1,0,False,0.65,290.2
"Jev 1.13, order 1",e04,compound (exp 03/04 protocol),INS07,ubezpieczenia,1,1,True,0.97,341.3
"Jev 1.13, order 1",e04,compound (exp 03/04 protocol),INS08,ubezpieczenia,0,0,True,0.98,345.4
"Jev 1.13, order 1",e04,compound (exp 03/04 protocol),INS09,ubezpieczenia,3,3,True,1,276.1
"Jev 1.13, order 1",e04,compound (exp 03/04 protocol),INS10,ubezpieczenia,4,4,True,1,416.2
"Jev 1.13, order 1",e04,compound (exp 03/04 protocol),INS11,ubezpieczenia,2,2,True,0.99,321.6
"Jev 1.13, order 1",e04,compound (exp 03/04 protocol),INS12,ubezpieczenia,1,1,True,1,368.9
"Jev 1.13, order 1",e04,compound (exp 03/04 protocol),INS13,ubezpieczenia,0,0,True,1,316.0
"Jev 1.13, order 1",e04,compound (exp 03/04 protocol),INS14,ubezpieczenia,0,0,True,1,340.4
"Jev 1.13, order 1",e04,compound (exp 03/04 protocol),INS15,ubezpieczenia,2,2,True,0.99,392.9
"Jev 1.13, order 1",e04,compound (exp 03/04 protocol),INS16,ubezpieczenia,1,1,True,0.99,261.0
"Jev 1.13, order 1",e04,compound (exp 03/04 protocol),INS17,ubezpieczenia,3,3,True,1,309.1
"Jev 1.13, order 1",e04,compound (exp 03/04 protocol),BNK01,bank_aml,1,1,True,0.88,280.9
"Jev 1.13, order 1",e04,compound (exp 03/04 protocol),BNK02,bank_aml,0,0,True,0.81,274.8
"Jev 1.13, order 1",e04,compound (exp 03/04 protocol),BNK03,bank_aml,0,0,True,0.86,313.6
"Jev 1.13, order 1",e04,compound (exp 03/04 protocol),BNK04,bank_aml,1,0,False,0.62,324.7
"Jev 1.13, order 1",e04,compound (exp 03/04 protocol),BNK05,bank_aml,1,0,False,0.77,270.4
"Jev 1.13, order 1",e04,compound (exp 03/04 protocol),BNK06,bank_aml,0,0,True,0.98,352.8
"Jev 1.13, order 1",e04,compound (exp 03/04 protocol),BNK07,bank_aml,0,0,True,0.98,294.7
"Jev 1.13, order 1",e04,compound (exp 03/04 protocol),BNK08,bank_aml,1,1,True,0.97,349.4
"Jev 1.13, order 1",e04,compound (exp 03/04 protocol),BNK09,bank_aml,4,4,True,1,338.7
"Jev 1.13, order 1",e04,compound (exp 03/04 protocol),BNK10,bank_aml,2,2,True,1,305.8
"Jev 1.13, order 1",e04,compound (exp 03/04 protocol),BNK11,bank_aml,1,1,True,1,302.6
"Jev 1.13, order 1",e04,compound (exp 03/04 protocol),BNK12,bank_aml,3,3,True,1,292.2
"Jev 1.13, order 1",e04,compound (exp 03/04 protocol),BNK13,bank_aml,0,0,True,1,314.6
"Jev 1.13, order 1",e04,compound (exp 03/04 protocol),BNK14,bank_aml,0,0,True,1,307.7
"Jev 1.13, order 1",e04,compound (exp 03/04 protocol),BNK15,bank_aml,1,1,True,0.99,319.0
"Jev 1.13, order 1",e04,compound (exp 03/04 protocol),BNK16,bank_aml,2,2,True,0.99,295.9
"Jev 1.13, order 1",e04,compound (exp 03/04 protocol),BNK17,bank_aml,3,3,True,1,267.7
"Jev 1.13, order 1",e04,compound (exp 03/04 protocol),LOG01,logistyka,1,0,False,0.57,370.6
"Jev 1.13, order 1",e04,compound (exp 03/04 protocol),LOG02,logistyka,0,0,True,0.85,310.8
"Jev 1.13, order 1",e04,compound (exp 03/04 protocol),LOG03,logistyka,1,1,True,0.94,311.1
"Jev 1.13, order 1",e04,compound (exp 03/04 protocol),LOG04,logistyka,0,0,True,0.95,280.4
"Jev 1.13, order 1",e04,compound (exp 03/04 protocol),LOG05,logistyka,1,1,True,0.68,369.2
"Jev 1.13, order 1",e04,compound (exp 03/04 protocol),LOG06,logistyka,0,0,True,0.98,274.0
"Jev 1.13, order 1",e04,compound (exp 03/04 protocol),LOG07,logistyka,0,0,True,0.97,286.5
"Jev 1.13, order 1",e04,compound (exp 03/04 protocol),LOG08,logistyka,1,1,True,0.95,300.9
"Jev 1.13, order 1",e04,compound (exp 03/04 protocol),LOG09,logistyka,2,2,True,1,322.2
"Jev 1.13, order 1",e04,compound (exp 03/04 protocol),LOG10,logistyka,1,1,True,1,326.6
"Jev 1.13, order 1",e04,compound (exp 03/04 protocol),LOG11,logistyka,3,3,True,1,289.0
"Jev 1.13, order 1",e04,compound (exp 03/04 protocol),LOG12,logistyka,0,0,True,1,260.7
"Jev 1.13, order 1",e04,compound (exp 03/04 protocol),LOG13,logistyka,4,4,True,1,323.0
"Jev 1.13, order 1",e04,compound (exp 03/04 protocol),LOG14,logistyka,0,0,True,1,292.8
"Jev 1.13, order 1",e04,compound (exp 03/04 protocol),LOG15,logistyka,2,2,True,0.99,519.8
"Jev 1.13, order 1",e04,compound (exp 03/04 protocol),LOG16,logistyka,1,1,True,0.75,310.2
"Jev 1.13, order 1",e04,compound (exp 03/04 protocol),LOG17,logistyka,3,3,True,1,320.8
"Jev 1.13, order 1",e04,compound (exp 03/04 protocol),ITS01,it_security,0,0,True,0.71,273.0
"Jev 1.13, order 1",e04,compound (exp 03/04 protocol),ITS02,it_security,1,1,True,0.64,277.1
"Jev 1.13, order 1",e04,compound (exp 03/04 protocol),ITS03,it_security,1,1,True,0.73,284.1
"Jev 1.13, order 1",e04,compound (exp 03/04 protocol),ITS04,it_security,0,0,True,0.94,292.4
"Jev 1.13, order 1",e04,compound (exp 03/04 protocol),ITS05,it_security,1,1,True,0.93,273.3
"Jev 1.13, order 1",e04,compound (exp 03/04 protocol),ITS06,it_security,1,1,True,0.94,301.5
"Jev 1.13, order 1",e04,compound (exp 03/04 protocol),ITS07,it_security,0,0,True,0.84,267.5
"Jev 1.13, order 1",e04,compound (exp 03/04 protocol),ITS08,it_security,0,0,True,0.96,298.9
"Jev 1.13, order 1",e04,compound (exp 03/04 protocol),ITS09,it_security,4,4,True,1,263.4
"Jev 1.13, order 1",e04,compound (exp 03/04 protocol),ITS10,it_security,3,3,True,1,296.6
"Jev 1.13, order 1",e04,compound (exp 03/04 protocol),ITS11,it_security,2,2,True,1,290.9
"Jev 1.13, order 1",e04,compound (exp 03/04 protocol),ITS12,it_security,0,0,True,1,271.0
"Jev 1.13, order 1",e04,compound (exp 03/04 protocol),ITS13,it_security,1,1,True,1,357.5
"Jev 1.13, order 1",e04,compound (exp 03/04 protocol),ITS14,it_security,0,0,True,0.55,395.3
"Jev 1.13, order 1",e04,compound (exp 03/04 protocol),ITS15,it_security,2,2,True,1,294.8
"Jev 1.13, order 1",e04,compound (exp 03/04 protocol),ITS16,it_security,1,1,True,0.99,288.3
"Jev 1.13, order 1",e04,compound (exp 03/04 protocol),ITS17,it_security,3,3,True,0.99,269.6
"Jev 1.13, order 1",e04,compound (exp 03/04 protocol),MFG01,produkcja,1,1,True,0.93,275.3
"Jev 1.13, order 1",e04,compound (exp 03/04 protocol),MFG02,produkcja,0,0,True,0.58,266.7
"Jev 1.13, order 1",e04,compound (exp 03/04 protocol),MFG03,produkcja,0,0,True,0.71,260.1
"Jev 1.13, order 1",e04,compound (exp 03/04 protocol),MFG04,produkcja,0,0,True,0.58,274.1
"Jev 1.13, order 1",e04,compound (exp 03/04 protocol),MFG05,produkcja,0,0,True,0.97,270.4
"Jev 1.13, order 1",e04,compound (exp 03/04 protocol),MFG06,produkcja,1,1,True,0.95,300.9
"Jev 1.13, order 1",e04,compound (exp 03/04 protocol),MFG07,produkcja,1,1,True,0.94,292.4
"Jev 1.13, order 1",e04,compound (exp 03/04 protocol),MFG08,produkcja,1,1,True,0.84,272.5
"Jev 1.13, order 1",e04,compound (exp 03/04 protocol),MFG09,produkcja,1,1,True,1,270.1
"Jev 1.13, order 1",e04,compound (exp 03/04 protocol),MFG10,produkcja,4,4,True,1,288.0
"Jev 1.13, order 1",e04,compound (exp 03/04 protocol),MFG11,produkcja,3,3,True,1,287.0
"Jev 1.13, order 1",e04,compound (exp 03/04 protocol),MFG12,produkcja,2,2,True,1,293.4
"Jev 1.13, order 1",e04,compound (exp 03/04 protocol),MFG13,produkcja,0,0,True,1,304.4
"Jev 1.13, order 1",e04,compound (exp 03/04 protocol),MFG14,produkcja,0,0,True,0.82,369.0
"Jev 1.13, order 1",e04,compound (exp 03/04 protocol),MFG15,produkcja,1,1,True,0.98,284.3
"Jev 1.13, order 1",e04,compound (exp 03/04 protocol),MFG16,produkcja,2,2,True,0.98,346.4
"Jev 1.13, order 1",e04,compound (exp 03/04 protocol),MFG17,produkcja,3,3,True,0.98,300.0
"Jev 1.13, order 1",e04,compound (exp 03/04 protocol),EDU01,uczelnia,1,0,False,0.83,400.7
"Jev 1.13, order 1",e04,compound (exp 03/04 protocol),EDU02,uczelnia,0,0,True,0.98,414.9
"Jev 1.13, order 1",e04,compound (exp 03/04 protocol),EDU03,uczelnia,1,0,False,0.52,345.9
"Jev 1.13, order 1",e04,compound (exp 03/04 protocol),EDU04,uczelnia,0,0,True,0.96,266.3
"Jev 1.13, order 1",e04,compound (exp 03/04 protocol),EDU05,uczelnia,1,1,True,0.92,362.6
"Jev 1.13, order 1",e04,compound (exp 03/04 protocol),EDU06,uczelnia,0,0,True,0.98,273.4
"Jev 1.13, order 1",e04,compound (exp 03/04 protocol),EDU07,uczelnia,0,0,True,0.98,309.7
"Jev 1.13, order 1",e04,compound (exp 03/04 protocol),EDU08,uczelnia,1,1,True,0.98,270.7
"Jev 1.13, order 1",e04,compound (exp 03/04 protocol),EDU09,uczelnia,1,1,True,1,287.1
"Jev 1.13, order 1",e04,compound (exp 03/04 protocol),EDU10,uczelnia,4,4,True,1,271.2
"Jev 1.13, order 1",e04,compound (exp 03/04 protocol),EDU11,uczelnia,2,2,True,1,316.5
"Jev 1.13, order 1",e04,compound (exp 03/04 protocol),EDU12,uczelnia,3,3,True,1,332.0
"Jev 1.13, order 1",e04,compound (exp 03/04 protocol),EDU13,uczelnia,0,0,True,1,309.0
"Jev 1.13, order 1",e04,compound (exp 03/04 protocol),EDU14,uczelnia,0,0,True,1,357.5
"Jev 1.13, order 1",e04,compound (exp 03/04 protocol),EDU15,uczelnia,2,2,True,0.96,305.6
"Jev 1.13, order 1",e04,compound (exp 03/04 protocol),EDU16,uczelnia,1,1,True,0.96,342.4
"Jev 1.13, order 1",e04,compound (exp 03/04 protocol),EDU17,uczelnia,3,3,True,1,271.1
"Jev 1.13, order 1",e04,compound (exp 03/04 protocol),RE01,wspolnota,1,1,True,0.93,364.8
"Jev 1.13, order 1",e04,compound (exp 03/04 protocol),RE02,wspolnota,0,0,True,0.62,311.6
"Jev 1.13, order 1",e04,compound (exp 03/04 protocol),RE03,wspolnota,1,1,True,0.91,336.0
"Jev 1.13, order 1",e04,compound (exp 03/04 protocol),RE04,wspolnota,0,0,True,0.91,325.8
"Jev 1.13, order 1",e04,compound (exp 03/04 protocol),RE05,wspolnota,0,0,True,0.85,298.8
"Jev 1.13, order 1",e04,compound (exp 03/04 protocol),RE06,wspolnota,1,1,True,0.95,310.5
"Jev 1.13, order 1",e04,compound (exp 03/04 protocol),RE07,wspolnota,0,0,True,0.83,283.4
"Jev 1.13, order 1",e04,compound (exp 03/04 protocol),RE08,wspolnota,1,1,True,0.96,287.0
"Jev 1.13, order 1",e04,compound (exp 03/04 protocol),RE09,wspolnota,3,3,True,1,264.8
"Jev 1.13, order 1",e04,compound (exp 03/04 protocol),RE10,wspolnota,5,5,True,1,391.6
"Jev 1.13, order 1",e04,compound (exp 03/04 protocol),RE11,wspolnota,1,1,True,1,252.3
"Jev 1.13, order 1",e04,compound (exp 03/04 protocol),RE12,wspolnota,4,4,True,1,332.1
"Jev 1.13, order 1",e04,compound (exp 03/04 protocol),RE13,wspolnota,0,0,True,1,378.6
"Jev 1.13, order 1",e04,compound (exp 03/04 protocol),RE14,wspolnota,3,3,True,1,269.0
"Jev 1.13, order 1",e04,compound (exp 03/04 protocol),RE15,wspolnota,2,2,True,0.99,300.2
"Jev 1.13, order 1",e04,compound (exp 03/04 protocol),RE16,wspolnota,0,0,True,1,287.2
"Jev 1.13, order 1",e04,compound (exp 03/04 protocol),RE17,wspolnota,1,1,True,0.88,295.8
"Jev 1.13, order 1",e04,compound (exp 03/04 protocol),ECM01,moderacja,0,0,True,0.93,307.0
"Jev 1.13, order 1",e04,compound (exp 03/04 protocol),ECM02,moderacja,1,1,True,0.93,323.8
"Jev 1.13, order 1",e04,compound (exp 03/04 protocol),ECM03,moderacja,1,1,True,0.92,279.2
"Jev 1.13, order 1",e04,compound (exp 03/04 protocol),ECM04,moderacja,1,0,False,0.69,343.8
"Jev 1.13, order 1",e04,compound (exp 03/04 protocol),ECM05,moderacja,0,0,True,0.96,283.7
"Jev 1.13, order 1",e04,compound (exp 03/04 protocol),ECM06,moderacja,1,1,True,0.91,262.4
"Jev 1.13, order 1",e04,compound (exp 03/04 protocol),ECM07,moderacja,0,0,True,0.95,271.9
"Jev 1.13, order 1",e04,compound (exp 03/04 protocol),ECM08,moderacja,0,0,True,0.9,289.1
"Jev 1.13, order 1",e04,compound (exp 03/04 protocol),ECM09,moderacja,2,2,True,0.99,270.6
"Jev 1.13, order 1",e04,compound (exp 03/04 protocol),ECM10,moderacja,3,3,True,0.95,278.0
"Jev 1.13, order 1",e04,compound (exp 03/04 protocol),ECM11,moderacja,0,0,True,0.96,253.4
"Jev 1.13, order 1",e04,compound (exp 03/04 protocol),ECM12,moderacja,5,5,True,1,363.8
"Jev 1.13, order 1",e04,compound (exp 03/04 protocol),ECM13,moderacja,1,1,True,1,290.9
"Jev 1.13, order 1",e04,compound (exp 03/04 protocol),ECM14,moderacja,4,4,True,1,290.3
"Jev 1.13, order 1",e04,compound (exp 03/04 protocol),ECM15,moderacja,3,3,True,0.99,269.3
"Jev 1.13, order 1",e04,compound (exp 03/04 protocol),ECM16,moderacja,1,3,False,0,273.5
"Jev 1.13, order 1",e04,compound (exp 03/04 protocol),ECM17,moderacja,0,0,True,0.84,267.8
Gemini 3.8 Flash (medium),e04,compound (exp 03/04 protocol),ADM01,administracja,0,0,True,,3467.6
Gemini 3.8 Flash (medium),e04,compound (exp 03/04 protocol),ADM02,administracja,0,0,True,,3123.5
Gemini 3.8 Flash (medium),e04,compound (exp 03/04 protocol),ADM03,administracja,1,1,True,,3303.3
Gemini 3.8 Flash (medium),e04,compound (exp 03/04 protocol),ADM04,administracja,0,0,True,,4441.3
Gemini 3.8 Flash (medium),e04,compound (exp 03/04 protocol),ADM05,administracja,1,1,True,,2867.2
Gemini 3.8 Flash (medium),e04,compound (exp 03/04 protocol),ADM06,administracja,0,0,True,,2810.9
Gemini 3.8 Flash (medium),e04,compound (exp 03/04 protocol),ADM07,administracja,1,1,True,,1913.1
Gemini 3.8 Flash (medium),e04,compound (exp 03/04 protocol),ADM08,administracja,1,1,True,,4681.9
Gemini 3.8 Flash (medium),e04,compound (exp 03/04 protocol),ADM09,administracja,2,2,True,,1957.7
Gemini 3.8 Flash (medium),e04,compound (exp 03/04 protocol),ADM10,administracja,0,0,True,,2432.9
Gemini 3.8 Flash (medium),e04,compound (exp 03/04 protocol),ADM11,administracja,1,1,True,,2667.8
Gemini 3.8 Flash (medium),e04,compound (exp 03/04 protocol),ADM12,administracja,2,2,True,,3545.2
Gemini 3.8 Flash (medium),e04,compound (exp 03/04 protocol),ADM13,administracja,3,3,True,,2229.0
Gemini 3.8 Flash (medium),e04,compound (exp 03/04 protocol),ADM14,administracja,4,4,True,,11631.0
Gemini 3.8 Flash (medium),e04,compound (exp 03/04 protocol),ADM15,administracja,1,1,True,,2367.4
Gemini 3.8 Flash (medium),e04,compound (exp 03/04 protocol),ADM16,administracja,2,2,True,,3016.4
Gemini 3.8 Flash (medium),e04,compound (exp 03/04 protocol),ADM17,administracja,3,3,True,,2288.7
Gemini 3.8 Flash (medium),e04,compound (exp 03/04 protocol),LAW01,kancelaria,0,0,True,,2584.3
Gemini 3.8 Flash (medium),e04,compound (exp 03/04 protocol),LAW02,kancelaria,1,1,True,,3087.1
Gemini 3.8 Flash (medium),e04,compound (exp 03/04 protocol),LAW03,kancelaria,1,1,True,,2738.2
Gemini 3.8 Flash (medium),e04,compound (exp 03/04 protocol),LAW04,kancelaria,1,1,True,,3721.7
Gemini 3.8 Flash (medium),e04,compound (exp 03/04 protocol),LAW05,kancelaria,0,0,True,,2992.2
Gemini 3.8 Flash (medium),e04,compound (exp 03/04 protocol),LAW06,kancelaria,1,1,True,,2694.6
Gemini 3.8 Flash (medium),e04,compound (exp 03/04 protocol),LAW07,kancelaria,0,0,True,,1769.9
Gemini 3.8 Flash (medium),e04,compound (exp 03/04 protocol),LAW08,kancelaria,0,0,True,,2922.9
Gemini 3.8 Flash (medium),e04,compound (exp 03/04 protocol),LAW09,kancelaria,5,5,True,,2781.7
Gemini 3.8 Flash (medium),e04,compound (exp 03/04 protocol),LAW10,kancelaria,2,2,True,,2581.2
Gemini 3.8 Flash (medium),e04,compound (exp 03/04 protocol),LAW11,kancelaria,0,0,True,,2175.9
Gemini 3.8 Flash (medium),e04,compound (exp 03/04 protocol),LAW12,kancelaria,3,3,True,,2942.8
Gemini 3.8 Flash (medium),e04,compound (exp 03/04 protocol),LAW13,kancelaria,4,4,True,,1836.3
Gemini 3.8 Flash (medium),e04,compound (exp 03/04 protocol),LAW14,kancelaria,2,2,True,,4095.2
Gemini 3.8 Flash (medium),e04,compound (exp 03/04 protocol),LAW15,kancelaria,0,0,True,,1973.5
Gemini 3.8 Flash (medium),e04,compound (exp 03/04 protocol),LAW16,kancelaria,2,2,True,,2573.8
Gemini 3.8 Flash (medium),e04,compound (exp 03/04 protocol),LAW17,kancelaria,1,1,True,,3585.0
Gemini 3.8 Flash (medium),e04,compound (exp 03/04 protocol),HR01,hr,0,0,True,,3884.6
Gemini 3.8 Flash (medium),e04,compound (exp 03/04 protocol),HR02,hr,1,1,True,,2977.9
Gemini 3.8 Flash (medium),e04,compound (exp 03/04 protocol),HR03,hr,0,0,True,,3707.7
Gemini 3.8 Flash (medium),e04,compound (exp 03/04 protocol),HR04,hr,0,0,True,,2454.1
Gemini 3.8 Flash (medium),e04,compound (exp 03/04 protocol),HR05,hr,1,1,True,,2115.5
Gemini 3.8 Flash (medium),e04,compound (exp 03/04 protocol),HR06,hr,1,1,True,,2874.1
Gemini 3.8 Flash (medium),e04,compound (exp 03/04 protocol),HR07,hr,0,0,True,,2309.9
Gemini 3.8 Flash (medium),e04,compound (exp 03/04 protocol),HR08,hr,1,1,True,,2792.8
Gemini 3.8 Flash (medium),e04,compound (exp 03/04 protocol),HR09,hr,1,1,True,,2878.2
Gemini 3.8 Flash (medium),e04,compound (exp 03/04 protocol),HR10,hr,2,2,True,,2553.8
Gemini 3.8 Flash (medium),e04,compound (exp 03/04 protocol),HR11,hr,0,0,True,,1893.0
Gemini 3.8 Flash (medium),e04,compound (exp 03/04 protocol),HR12,hr,4,4,True,,2780.6
Gemini 3.8 Flash (medium),e04,compound (exp 03/04 protocol),HR13,hr,5,5,True,,1709.6
Gemini 3.8 Flash (medium),e04,compound (exp 03/04 protocol),HR14,hr,1,1,True,,4193.7
Gemini 3.8 Flash (medium),e04,compound (exp 03/04 protocol),HR15,hr,1,1,True,,2936.6
Gemini 3.8 Flash (medium),e04,compound (exp 03/04 protocol),HR16,hr,3,3,True,,2907.0
Gemini 3.8 Flash (medium),e04,compound (exp 03/04 protocol),HR17,hr,2,2,True,,3814.2
Gemini 3.8 Flash (medium),e04,compound (exp 03/04 protocol),MED01,przychodnia,0,0,True,,3886.0
Gemini 3.8 Flash (medium),e04,compound (exp 03/04 protocol),MED02,przychodnia,1,1,True,,4162.2
Gemini 3.8 Flash (medium),e04,compound (exp 03/04 protocol),MED03,przychodnia,1,1,True,,2567.5
Gemini 3.8 Flash (medium),e04,compound (exp 03/04 protocol),MED04,przychodnia,0,0,True,,2991.6
Gemini 3.8 Flash (medium),e04,compound (exp 03/04 protocol),MED05,przychodnia,0,0,True,,2365.0
Gemini 3.8 Flash (medium),e04,compound (exp 03/04 protocol),MED06,przychodnia,1,1,True,,2018.6
Gemini 3.8 Flash (medium),e04,compound (exp 03/04 protocol),MED07,przychodnia,0,0,True,,6500.4
Gemini 3.8 Flash (medium),e04,compound (exp 03/04 protocol),MED08,przychodnia,1,1,True,,3645.9
Gemini 3.8 Flash (medium),e04,compound (exp 03/04 protocol),MED09,przychodnia,2,2,True,,3747.1
Gemini 3.8 Flash (medium),e04,compound (exp 03/04 protocol),MED10,przychodnia,3,3,True,,2072.9
Gemini 3.8 Flash (medium),e04,compound (exp 03/04 protocol),MED11,przychodnia,1,1,True,,1962.5
Gemini 3.8 Flash (medium),e04,compound (exp 03/04 protocol),MED12,przychodnia,4,4,True,,3239.0
Gemini 3.8 Flash (medium),e04,compound (exp 03/04 protocol),MED13,przychodnia,1,1,True,,2916.6
Gemini 3.8 Flash (medium),e04,compound (exp 03/04 protocol),MED14,przychodnia,0,0,True,,1888.6
Gemini 3.8 Flash (medium),e04,compound (exp 03/04 protocol),MED15,przychodnia,1,1,True,,2737.1
Gemini 3.8 Flash (medium),e04,compound (exp 03/04 protocol),MED16,przychodnia,2,2,True,,3454.4
Gemini 3.8 Flash (medium),e04,compound (exp 03/04 protocol),MED17,przychodnia,3,3,True,,3733.9
Gemini 3.8 Flash (medium),e04,compound (exp 03/04 protocol),INS01,ubezpieczenia,1,1,True,,4686.4
Gemini 3.8 Flash (medium),e04,compound (exp 03/04 protocol),INS02,ubezpieczenia,0,0,True,,2918.6
Gemini 3.8 Flash (medium),e04,compound (exp 03/04 protocol),INS03,ubezpieczenia,0,0,True,,4781.2
Gemini 3.8 Flash (medium),e04,compound (exp 03/04 protocol),INS04,ubezpieczenia,1,1,True,,3172.0
Gemini 3.8 Flash (medium),e04,compound (exp 03/04 protocol),INS05,ubezpieczenia,0,0,True,,3412.6
Gemini 3.8 Flash (medium),e04,compound (exp 03/04 protocol),INS06,ubezpieczenia,1,1,True,,4227.6
Gemini 3.8 Flash (medium),e04,compound (exp 03/04 protocol),INS07,ubezpieczenia,1,1,True,,3796.4
Gemini 3.8 Flash (medium),e04,compound (exp 03/04 protocol),INS08,ubezpieczenia,0,0,True,,2721.8
Gemini 3.8 Flash (medium),e04,compound (exp 03/04 protocol),INS09,ubezpieczenia,3,3,True,,2425.1
Gemini 3.8 Flash (medium),e04,compound (exp 03/04 protocol),INS10,ubezpieczenia,4,4,True,,1966.8
Gemini 3.8 Flash (medium),e04,compound (exp 03/04 protocol),INS11,ubezpieczenia,2,2,True,,2813.5
Gemini 3.8 Flash (medium),e04,compound (exp 03/04 protocol),INS12,ubezpieczenia,1,1,True,,2185.1
Gemini 3.8 Flash (medium),e04,compound (exp 03/04 protocol),INS13,ubezpieczenia,0,0,True,,2183.0
Gemini 3.8 Flash (medium),e04,compound (exp 03/04 protocol),INS14,ubezpieczenia,0,0,True,,1755.5
Gemini 3.8 Flash (medium),e04,compound (exp 03/04 protocol),INS15,ubezpieczenia,2,2,True,,2367.6
Gemini 3.8 Flash (medium),e04,compound (exp 03/04 protocol),INS16,ubezpieczenia,1,1,True,,2392.6
Gemini 3.8 Flash (medium),e04,compound (exp 03/04 protocol),INS17,ubezpieczenia,3,3,True,,3140.7
Gemini 3.8 Flash (medium),e04,compound (exp 03/04 protocol),BNK01,bank_aml,1,1,True,,4143.3
Gemini 3.8 Flash (medium),e04,compound (exp 03/04 protocol),BNK02,bank_aml,0,0,True,,5054.7
Gemini 3.8 Flash (medium),e04,compound (exp 03/04 protocol),BNK03,bank_aml,0,0,True,,3285.4
Gemini 3.8 Flash (medium),e04,compound (exp 03/04 protocol),BNK04,bank_aml,1,1,True,,3552.0
Gemini 3.8 Flash (medium),e04,compound (exp 03/04 protocol),BNK05,bank_aml,1,1,True,,2886.1
Gemini 3.8 Flash (medium),e04,compound (exp 03/04 protocol),BNK06,bank_aml,0,0,True,,4060.3
Gemini 3.8 Flash (medium),e04,compound (exp 03/04 protocol),BNK07,bank_aml,0,0,True,,4620.5
Gemini 3.8 Flash (medium),e04,compound (exp 03/04 protocol),BNK08,bank_aml,1,1,True,,3492.3
Gemini 3.8 Flash (medium),e04,compound (exp 03/04 protocol),BNK09,bank_aml,4,4,True,,1955.4
Gemini 3.8 Flash (medium),e04,compound (exp 03/04 protocol),BNK10,bank_aml,2,2,True,,6543.8
Gemini 3.8 Flash (medium),e04,compound (exp 03/04 protocol),BNK11,bank_aml,1,1,True,,3189.4
Gemini 3.8 Flash (medium),e04,compound (exp 03/04 protocol),BNK12,bank_aml,3,3,True,,2283.3
Gemini 3.8 Flash (medium),e04,compound (exp 03/04 protocol),BNK13,bank_aml,0,0,True,,2534.3
Gemini 3.8 Flash (medium),e04,compound (exp 03/04 protocol),BNK14,bank_aml,0,0,True,,3038.7
Gemini 3.8 Flash (medium),e04,compound (exp 03/04 protocol),BNK15,bank_aml,1,1,True,,2902.0
Gemini 3.8 Flash (medium),e04,compound (exp 03/04 protocol),BNK16,bank_aml,2,2,True,,2632.1
Gemini 3.8 Flash (medium),e04,compound (exp 03/04 protocol),BNK17,bank_aml,3,3,True,,2742.5
Gemini 3.8 Flash (medium),e04,compound (exp 03/04 protocol),LOG01,logistyka,1,1,True,,3495.8
Gemini 3.8 Flash (medium),e04,compound (exp 03/04 protocol),LOG02,logistyka,0,0,True,,4807.7
Gemini 3.8 Flash (medium),e04,compound (exp 03/04 protocol),LOG03,logistyka,1,1,True,,2326.0
Gemini 3.8 Flash (medium),e04,compound (exp 03/04 protocol),LOG04,logistyka,0,0,True,,3755.9
Gemini 3.8 Flash (medium),e04,compound (exp 03/04 protocol),LOG05,logistyka,1,1,True,,4388.2
Gemini 3.8 Flash (medium),e04,compound (exp 03/04 protocol),LOG06,logistyka,0,0,True,,6097.9
Gemini 3.8 Flash (medium),e04,compound (exp 03/04 protocol),LOG07,logistyka,0,0,True,,3151.7
Gemini 3.8 Flash (medium),e04,compound (exp 03/04 protocol),LOG08,logistyka,1,1,True,,2698.8
Gemini 3.8 Flash (medium),e04,compound (exp 03/04 protocol),LOG09,logistyka,2,2,True,,2964.4
Gemini 3.8 Flash (medium),e04,compound (exp 03/04 protocol),LOG10,logistyka,1,1,True,,6530.2
Gemini 3.8 Flash (medium),e04,compound (exp 03/04 protocol),LOG11,logistyka,3,3,True,,3411.8
Gemini 3.8 Flash (medium),e04,compound (exp 03/04 protocol),LOG12,logistyka,0,0,True,,2123.5
Gemini 3.8 Flash (medium),e04,compound (exp 03/04 protocol),LOG13,logistyka,4,4,True,,8642.4
Gemini 3.8 Flash (medium),e04,compound (exp 03/04 protocol),LOG14,logistyka,0,0,True,,2084.8
Gemini 3.8 Flash (medium),e04,compound (exp 03/04 protocol),LOG15,logistyka,2,2,True,,2753.0
Gemini 3.8 Flash (medium),e04,compound (exp 03/04 protocol),LOG16,logistyka,1,1,True,,8191.7
Gemini 3.8 Flash (medium),e04,compound (exp 03/04 protocol),LOG17,logistyka,3,3,True,,5193.7
Gemini 3.8 Flash (medium),e04,compound (exp 03/04 protocol),ITS01,it_security,0,0,True,,3869.4
Gemini 3.8 Flash (medium),e04,compound (exp 03/04 protocol),ITS02,it_security,1,1,True,,3664.7
Gemini 3.8 Flash (medium),e04,compound (exp 03/04 protocol),ITS03,it_security,1,1,True,,3960.9
Gemini 3.8 Flash (medium),e04,compound (exp 03/04 protocol),ITS04,it_security,0,0,True,,2715.4
Gemini 3.8 Flash (medium),e04,compound (exp 03/04 protocol),ITS05,it_security,1,1,True,,2815.4
Gemini 3.8 Flash (medium),e04,compound (exp 03/04 protocol),ITS06,it_security,1,1,True,,13786.9
Gemini 3.8 Flash (medium),e04,compound (exp 03/04 protocol),ITS07,it_security,0,0,True,,15334.5
Gemini 3.8 Flash (medium),e04,compound (exp 03/04 protocol),ITS08,it_security,0,0,True,,3202.7
Gemini 3.8 Flash (medium),e04,compound (exp 03/04 protocol),ITS09,it_security,4,4,True,,5747.9
Gemini 3.8 Flash (medium),e04,compound (exp 03/04 protocol),ITS10,it_security,3,3,True,,2142.8
Gemini 3.8 Flash (medium),e04,compound (exp 03/04 protocol),ITS11,it_security,2,2,True,,3999.9
Gemini 3.8 Flash (medium),e04,compound (exp 03/04 protocol),ITS12,it_security,0,0,True,,4452.3
Gemini 3.8 Flash (medium),e04,compound (exp 03/04 protocol),ITS13,it_security,1,1,True,,2243.1
Gemini 3.8 Flash (medium),e04,compound (exp 03/04 protocol),ITS14,it_security,0,0,True,,3309.5
Gemini 3.8 Flash (medium),e04,compound (exp 03/04 protocol),ITS15,it_security,2,2,True,,2446.1
Gemini 3.8 Flash (medium),e04,compound (exp 03/04 protocol),ITS16,it_security,1,1,True,,4244.4
Gemini 3.8 Flash (medium),e04,compound (exp 03/04 protocol),ITS17,it_security,3,3,True,,3447.5
Gemini 3.8 Flash (medium),e04,compound (exp 03/04 protocol),MFG01,produkcja,1,1,True,,1790.8
Gemini 3.8 Flash (medium),e04,compound (exp 03/04 protocol),MFG02,produkcja,0,0,True,,4406.8
Gemini 3.8 Flash (medium),e04,compound (exp 03/04 protocol),MFG03,produkcja,0,0,True,,3056.4
Gemini 3.8 Flash (medium),e04,compound (exp 03/04 protocol),MFG04,produkcja,0,0,True,,4796.7
Gemini 3.8 Flash (medium),e04,compound (exp 03/04 protocol),MFG05,produkcja,0,0,True,,2673.4
Gemini 3.8 Flash (medium),e04,compound (exp 03/04 protocol),MFG06,produkcja,1,1,True,,4289.6
Gemini 3.8 Flash (medium),e04,compound (exp 03/04 protocol),MFG07,produkcja,1,1,True,,2972.1
Gemini 3.8 Flash (medium),e04,compound (exp 03/04 protocol),MFG08,produkcja,1,1,True,,1656.4
Gemini 3.8 Flash (medium),e04,compound (exp 03/04 protocol),MFG09,produkcja,1,1,True,,2409.9
Gemini 3.8 Flash (medium),e04,compound (exp 03/04 protocol),MFG10,produkcja,4,4,True,,1869.7
Gemini 3.8 Flash (medium),e04,compound (exp 03/04 protocol),MFG11,produkcja,3,3,True,,1592.3
Gemini 3.8 Flash (medium),e04,compound (exp 03/04 protocol),MFG12,produkcja,2,2,True,,2096.9
Gemini 3.8 Flash (medium),e04,compound (exp 03/04 protocol),MFG13,produkcja,0,0,True,,3030.9
Gemini 3.8 Flash (medium),e04,compound (exp 03/04 protocol),MFG14,produkcja,0,0,True,,2013.6
Gemini 3.8 Flash (medium),e04,compound (exp 03/04 protocol),MFG15,produkcja,1,1,True,,3640.4
Gemini 3.8 Flash (medium),e04,compound (exp 03/04 protocol),MFG16,produkcja,2,2,True,,3190.2
Gemini 3.8 Flash (medium),e04,compound (exp 03/04 protocol),MFG17,produkcja,3,3,True,,3300.7
Gemini 3.8 Flash (medium),e04,compound (exp 03/04 protocol),EDU01,uczelnia,1,1,True,,3401.7
Gemini 3.8 Flash (medium),e04,compound (exp 03/04 protocol),EDU02,uczelnia,0,0,True,,2760.9
Gemini 3.8 Flash (medium),e04,compound (exp 03/04 protocol),EDU03,uczelnia,1,1,True,,2818.9
Gemini 3.8 Flash (medium),e04,compound (exp 03/04 protocol),EDU04,uczelnia,0,0,True,,2218.8
Gemini 3.8 Flash (medium),e04,compound (exp 03/04 protocol),EDU05,uczelnia,1,1,True,,2586.6
Gemini 3.8 Flash (medium),e04,compound (exp 03/04 protocol),EDU06,uczelnia,0,0,True,,2520.0
Gemini 3.8 Flash (medium),e04,compound (exp 03/04 protocol),EDU07,uczelnia,0,0,True,,2586.0
Gemini 3.8 Flash (medium),e04,compound (exp 03/04 protocol),EDU08,uczelnia,1,1,True,,2755.6
Gemini 3.8 Flash (medium),e04,compound (exp 03/04 protocol),EDU09,uczelnia,1,1,True,,1722.4
Gemini 3.8 Flash (medium),e04,compound (exp 03/04 protocol),EDU10,uczelnia,4,4,True,,2965.7
Gemini 3.8 Flash (medium),e04,compound (exp 03/04 protocol),EDU11,uczelnia,2,2,True,,2333.0
Gemini 3.8 Flash (medium),e04,compound (exp 03/04 protocol),EDU12,uczelnia,3,3,True,,4181.5
Gemini 3.8 Flash (medium),e04,compound (exp 03/04 protocol),EDU13,uczelnia,0,0,True,,7518.1
Gemini 3.8 Flash (medium),e04,compound (exp 03/04 protocol),EDU14,uczelnia,0,0,True,,3793.4
Gemini 3.8 Flash (medium),e04,compound (exp 03/04 protocol),EDU15,uczelnia,2,2,True,,3883.4
Gemini 3.8 Flash (medium),e04,compound (exp 03/04 protocol),EDU16,uczelnia,1,1,True,,2784.6
Gemini 3.8 Flash (medium),e04,compound (exp 03/04 protocol),EDU17,uczelnia,3,3,True,,3473.7
Gemini 3.8 Flash (medium),e04,compound (exp 03/04 protocol),RE01,wspolnota,1,1,True,,2507.4
Gemini 3.8 Flash (medium),e04,compound (exp 03/04 protocol),RE02,wspolnota,0,0,True,,5700.4
Gemini 3.8 Flash (medium),e04,compound (exp 03/04 protocol),RE03,wspolnota,1,1,True,,3053.0
Gemini 3.8 Flash (medium),e04,compound (exp 03/04 protocol),RE04,wspolnota,0,0,True,,2908.4
Gemini 3.8 Flash (medium),e04,compound (exp 03/04 protocol),RE05,wspolnota,0,0,True,,3578.1
Gemini 3.8 Flash (medium),e04,compound (exp 03/04 protocol),RE06,wspolnota,1,1,True,,3146.1
Gemini 3.8 Flash (medium),e04,compound (exp 03/04 protocol),RE07,wspolnota,0,0,True,,2429.2
Gemini 3.8 Flash (medium),e04,compound (exp 03/04 protocol),RE08,wspolnota,1,1,True,,1871.0
Gemini 3.8 Flash (medium),e04,compound (exp 03/04 protocol),RE09,wspolnota,3,3,True,,2013.8
Gemini 3.8 Flash (medium),e04,compound (exp 03/04 protocol),RE10,wspolnota,5,5,True,,2010.9
Gemini 3.8 Flash (medium),e04,compound (exp 03/04 protocol),RE11,wspolnota,1,1,True,,2042.9
Gemini 3.8 Flash (medium),e04,compound (exp 03/04 protocol),RE12,wspolnota,4,4,True,,3328.0
Gemini 3.8 Flash (medium),e04,compound (exp 03/04 protocol),RE13,wspolnota,0,0,True,,2578.9
Gemini 3.8 Flash (medium),e04,compound (exp 03/04 protocol),RE14,wspolnota,3,3,True,,3459.0
Gemini 3.8 Flash (medium),e04,compound (exp 03/04 protocol),RE15,wspolnota,2,2,True,,3011.0
Gemini 3.8 Flash (medium),e04,compound (exp 03/04 protocol),RE16,wspolnota,0,0,True,,1518.5
Gemini 3.8 Flash (medium),e04,compound (exp 03/04 protocol),RE17,wspolnota,1,1,True,,3948.6
Gemini 3.8 Flash (medium),e04,compound (exp 03/04 protocol),ECM01,moderacja,0,0,True,,4949.5
Gemini 3.8 Flash (medium),e04,compound (exp 03/04 protocol),ECM02,moderacja,1,1,True,,2674.8
Gemini 3.8 Flash (medium),e04,compound (exp 03/04 protocol),ECM03,moderacja,1,1,True,,2990.0
Gemini 3.8 Flash (medium),e04,compound (exp 03/04 protocol),ECM04,moderacja,1,1,True,,4555.7
Gemini 3.8 Flash (medium),e04,compound (exp 03/04 protocol),ECM05,moderacja,0,0,True,,3699.9
Gemini 3.8 Flash (medium),e04,compound (exp 03/04 protocol),ECM06,moderacja,1,1,True,,3577.7
Gemini 3.8 Flash (medium),e04,compound (exp 03/04 protocol),ECM07,moderacja,0,0,True,,3309.6
Gemini 3.8 Flash (medium),e04,compound (exp 03/04 protocol),ECM08,moderacja,0,0,True,,3552.1
Gemini 3.8 Flash (medium),e04,compound (exp 03/04 protocol),ECM09,moderacja,2,2,True,,2862.6
Gemini 3.8 Flash (medium),e04,compound (exp 03/04 protocol),ECM10,moderacja,3,3,True,,2771.5
Gemini 3.8 Flash (medium),e04,compound (exp 03/04 protocol),ECM11,moderacja,0,0,True,,3966.7
Gemini 3.8 Flash (medium),e04,compound (exp 03/04 protocol),ECM12,moderacja,5,5,True,,2841.2
Gemini 3.8 Flash (medium),e04,compound (exp 03/04 protocol),ECM13,moderacja,1,1,True,,1701.6
Gemini 3.8 Flash (medium),e04,compound (exp 03/04 protocol),ECM14,moderacja,4,4,True,,2999.2
Gemini 3.8 Flash (medium),e04,compound (exp 03/04 protocol),ECM15,moderacja,3,3,True,,5856.6
Gemini 3.8 Flash (medium),e04,compound (exp 03/04 protocol),ECM16,moderacja,1,1,True,,4422.4
Gemini 3.8 Flash (medium),e04,compound (exp 03/04 protocol),ECM17,moderacja,0,0,True,,4498.9
basal-1.0-4.5B,rules99,+facts,ADM01,exp04_rules,0,0,True,0.7658,185.9
basal-1.0-4.5B,rules99,+facts,ADM02,exp04_rules,0,0,True,0.8692,130.7
basal-1.0-4.5B,rules99,+facts,ADM03,exp04_rules,1,0,False,0.7072,183.1
basal-1.0-4.5B,rules99,+facts,ADM04,exp04_rules,0,0,True,0.7845,163.2
basal-1.0-4.5B,rules99,+facts,ADM12,exp04_rules,2,2,True,0.6879,179.6
basal-1.0-4.5B,rules99,+facts,LAW01,exp04_rules,0,0,True,0.6583,163.6
basal-1.0-4.5B,rules99,+facts,LAW02,exp04_rules,1,1,True,0.6504,180.1
basal-1.0-4.5B,rules99,+facts,LAW03,exp04_rules,1,1,True,0.509,178.2
basal-1.0-4.5B,rules99,+facts,LAW04,exp04_rules,1,0,False,0.7502,147.4
basal-1.0-4.5B,rules99,+facts,LAW14,exp04_rules,2,1,False,0.7929,140.4
basal-1.0-4.5B,rules99,+facts,HR01,exp04_rules,0,0,True,0.6631,148.0
basal-1.0-4.5B,rules99,+facts,HR02,exp04_rules,1,1,True,0.7748,144.9
basal-1.0-4.5B,rules99,+facts,HR03,exp04_rules,0,0,True,0.6817,177.9
basal-1.0-4.5B,rules99,+facts,HR04,exp04_rules,0,1,False,0.9465,133.0
basal-1.0-4.5B,rules99,+facts,HR14,exp04_rules,1,0,False,0.8842,163.1
basal-1.0-4.5B,rules99,+facts,MED01,exp04_rules,0,0,True,0.6812,212.5
basal-1.0-4.5B,rules99,+facts,MED02,exp04_rules,1,1,True,0.6174,187.8
basal-1.0-4.5B,rules99,+facts,MED03,exp04_rules,1,0,False,0.6992,165.3
basal-1.0-4.5B,rules99,+facts,MED04,exp04_rules,0,0,True,0.9311,172.5
basal-1.0-4.5B,rules99,+facts,MED13,exp04_rules,1,2,False,0.6554,123.1
basal-1.0-4.5B,rules99,+facts,INS01,exp04_rules,1,1,True,0.5527,202.5
basal-1.0-4.5B,rules99,+facts,INS02,exp04_rules,0,1,False,0.6626,141.3
basal-1.0-4.5B,rules99,+facts,INS03,exp04_rules,0,0,True,0.9465,252.8
basal-1.0-4.5B,rules99,+facts,INS04,exp04_rules,1,0,False,0.6992,306.3
basal-1.0-4.5B,rules99,+facts,INS06,exp04_rules,1,1,True,0.7497,210.3
basal-1.0-4.5B,rules99,+facts,BNK01,exp04_rules,1,1,True,0.9321,244.3
basal-1.0-4.5B,rules99,+facts,BNK02,exp04_rules,0,1,False,0.7408,321.8
basal-1.0-4.5B,rules99,+facts,BNK03,exp04_rules,0,0,True,0.5523,234.8
basal-1.0-4.5B,rules99,+facts,BNK04,exp04_rules,1,0,False,0.6239,259.2
basal-1.0-4.5B,rules99,+facts,BNK05,exp04_rules,1,1,True,0.6118,214.4
basal-1.0-4.5B,rules99,+facts,LOG01,exp04_rules,1,0,False,0.6992,236.4
basal-1.0-4.5B,rules99,+facts,LOG02,exp04_rules,0,0,True,0.6907,222.6
basal-1.0-4.5B,rules99,+facts,LOG03,exp04_rules,1,1,True,0.8058,209.9
basal-1.0-4.5B,rules99,+facts,LOG04,exp04_rules,0,0,True,0.8841,228.2
basal-1.0-4.5B,rules99,+facts,LOG05,exp04_rules,1,0,False,0.8015,218.4
basal-1.0-4.5B,rules99,+facts,ITS01,exp04_rules,0,0,True,0.8963,236.5
basal-1.0-4.5B,rules99,+facts,ITS02,exp04_rules,1,0,False,0.7658,231.3
basal-1.0-4.5B,rules99,+facts,ITS03,exp04_rules,1,0,False,0.8604,217.2
basal-1.0-4.5B,rules99,+facts,ITS04,exp04_rules,0,1,False,0.6712,182.0
basal-1.0-4.5B,rules99,+facts,ITS05,exp04_rules,1,1,True,0.8883,151.4
basal-1.0-4.5B,rules99,+facts,MFG01,exp04_rules,1,0,False,0.6792,161.1
basal-1.0-4.5B,rules99,+facts,MFG02,exp04_rules,0,0,True,0.6313,206.2
basal-1.0-4.5B,rules99,+facts,MFG03,exp04_rules,0,0,True,0.5523,159.4
basal-1.0-4.5B,rules99,+facts,MFG04,exp04_rules,0,0,True,0.7072,202.9
basal-1.0-4.5B,rules99,+facts,MFG05,exp04_rules,0,1,False,0.8133,146.4
basal-1.0-4.5B,rules99,+facts,EDU01,exp04_rules,1,0,False,0.6626,203.9
basal-1.0-4.5B,rules99,+facts,EDU02,exp04_rules,0,0,True,0.9745,198.4
basal-1.0-4.5B,rules99,+facts,EDU03,exp04_rules,1,0,False,0.5807,141.0
basal-1.0-4.5B,rules99,+facts,EDU04,exp04_rules,0,0,True,0.9321,156.2
basal-1.0-4.5B,rules99,+facts,EDU05,exp04_rules,1,1,True,0.8204,195.4
basal-1.0-4.5B,rules99,+facts,RE01,exp04_rules,1,1,True,0.5984,147.6
basal-1.0-4.5B,rules99,+facts,RE02,exp04_rules,0,0,True,0.6313,262.3
basal-1.0-4.5B,rules99,+facts,RE03,exp04_rules,1,1,True,0.8465,146.2
basal-1.0-4.5B,rules99,+facts,RE04,exp04_rules,0,0,True,0.9671,142.9
basal-1.0-4.5B,rules99,+facts,RE05,exp04_rules,0,0,True,0.758,195.3
basal-1.0-4.5B,rules99,+facts,ECM01,exp04_rules,0,0,True,0.6957,249.0
basal-1.0-4.5B,rules99,+facts,ECM02,exp04_rules,1,1,True,0.6907,243.9
basal-1.0-4.5B,rules99,+facts,ECM03,exp04_rules,1,1,True,0.6957,241.1
basal-1.0-4.5B,rules99,+facts,ECM04,exp04_rules,1,0,False,0.8025,270.6
basal-1.0-4.5B,rules99,+facts,ECM05,exp04_rules,0,0,True,0.8186,256.9
basal-1.0-4.5B,rules99,+facts,K01,exp03_completeness,0,0,True,0.7243,148.1
basal-1.0-4.5B,rules99,+facts,K02,exp03_completeness,1,0,False,0.8393,152.0
basal-1.0-4.5B,rules99,+facts,K03,exp03_completeness,1,0,False,0.7567,141.1
basal-1.0-4.5B,rules99,+facts,K04,exp03_completeness,0,0,True,0.8986,152.8
basal-1.0-4.5B,rules99,+facts,K05,exp03_completeness,1,1,True,0.9473,142.6
basal-1.0-4.5B,rules99,+facts,K06,exp03_completeness,0,0,True,0.7497,138.7
basal-1.0-4.5B,rules99,+facts,K07,exp03_completeness,1,0,False,0.6313,156.2
basal-1.0-4.5B,rules99,+facts,K08,exp03_completeness,0,0,True,0.78,151.3
basal-1.0-4.5B,rules99,+facts,K09,exp03_completeness,1,1,True,0.9457,142.0
basal-1.0-4.5B,rules99,+facts,K10,exp03_completeness,0,0,True,0.9039,154.5
basal-1.0-4.5B,rules99,+facts,K11,exp03_completeness,1,1,True,0.9072,139.7
basal-1.0-4.5B,rules99,+facts,K12,exp03_completeness,0,0,True,0.9643,154.4
basal-1.0-4.5B,rules99,+facts,K13,exp03_completeness,1,1,True,0.8599,129.4
basal-1.0-4.5B,rules99,+facts,K14,exp03_completeness,1,1,True,0.7845,137.8
basal-1.0-4.5B,rules99,+facts,K15,exp03_completeness,0,0,True,0.9574,153.6
basal-1.0-4.5B,rules99,+facts,K16,exp03_completeness,1,1,True,0.8302,150.2
basal-1.0-4.5B,rules99,+facts,K17,exp03_completeness,0,0,True,0.95,139.2
basal-1.0-4.5B,rules99,+facts,K18,exp03_completeness,1,0,False,0.5735,129.7
basal-1.0-4.5B,rules99,+facts,K19,exp03_completeness,1,1,True,0.983,136.2
basal-1.0-4.5B,rules99,+facts,K20,exp03_completeness,0,0,True,0.8352,135.4
basal-1.0-4.5B,rules99,+facts,K21,exp03_completeness,0,0,True,0.9014,175.5
basal-1.0-4.5B,rules99,+facts,K22,exp03_completeness,0,1,False,0.6992,167.4
basal-1.0-4.5B,rules99,+facts,K23,exp03_completeness,1,1,True,0.7451,169.8
basal-1.0-4.5B,rules99,+facts,K24,exp03_completeness,1,1,True,0.7166,163.8
basal-1.0-4.5B,rules99,+facts,K25,exp03_completeness,0,0,True,0.9311,176.1
basal-1.0-4.5B,rules99,+facts,K26,exp03_completeness,1,1,True,0.8307,159.9
basal-1.0-4.5B,rules99,+facts,K27,exp03_completeness,0,0,True,0.812,153.6
basal-1.0-4.5B,rules99,+facts,K28,exp03_completeness,1,1,True,0.872,152.4
basal-1.0-4.5B,rules99,+facts,K29,exp03_completeness,0,0,True,0.9767,155.2
basal-1.0-4.5B,rules99,+facts,K30,exp03_completeness,1,1,True,0.9465,147.7
basal-1.0-4.5B,rules99,+facts,K31,exp03_completeness,1,1,True,0.9733,145.0
basal-1.0-4.5B,rules99,+facts,K32,exp03_completeness,0,0,True,0.6434,156.6
basal-1.0-4.5B,rules99,+facts,K33,exp03_completeness,0,0,True,0.6609,140.6
basal-1.0-4.5B,rules99,+facts,K34,exp03_completeness,1,1,True,0.9375,138.6
basal-1.0-4.5B,rules99,+facts,K35,exp03_completeness,0,0,True,0.5,151.7
basal-1.0-4.5B,rules99,+facts,K36,exp03_completeness,1,1,True,0.8092,146.5
basal-1.0-4.5B,rules99,+facts,K37,exp03_completeness,0,1,False,0.7477,144.5
basal-1.0-4.5B,rules99,+facts,K38,exp03_completeness,1,1,True,0.9645,137.4
basal-1.0-4.5B,rules99,+facts,K40,exp03_completeness,1,1,True,0.9775,132.8
basal-1.0-4.5B,rules99,rule in state,ADM01,exp04_rules,0,0,True,0.6895,136.8
basal-1.0-4.5B,rules99,rule in state,ADM02,exp04_rules,0,0,True,0.8465,130.3
basal-1.0-4.5B,rules99,rule in state,ADM03,exp04_rules,1,0,False,0.6341,136.4
basal-1.0-4.5B,rules99,rule in state,ADM04,exp04_rules,0,0,True,0.8963,143.3
basal-1.0-4.5B,rules99,rule in state,ADM12,exp04_rules,2,2,True,0.647,146.4
basal-1.0-4.5B,rules99,rule in state,LAW01,exp04_rules,0,0,True,0.6009,125.5
basal-1.0-4.5B,rules99,rule in state,LAW02,exp04_rules,1,1,True,0.5899,143.2
basal-1.0-4.5B,rules99,rule in state,LAW03,exp04_rules,1,1,True,0.7335,144.2
basal-1.0-4.5B,rules99,rule in state,LAW04,exp04_rules,1,0,False,0.7837,149.2
basal-1.0-4.5B,rules99,rule in state,LAW14,exp04_rules,2,1,False,0.7584,139.0
basal-1.0-4.5B,rules99,rule in state,HR01,exp04_rules,0,0,True,0.6341,144.1
basal-1.0-4.5B,rules99,rule in state,HR02,exp04_rules,1,1,True,0.8233,133.0
basal-1.0-4.5B,rules99,rule in state,HR03,exp04_rules,0,0,True,0.7256,132.6
basal-1.0-4.5B,rules99,rule in state,HR04,exp04_rules,0,1,False,0.9465,133.5
basal-1.0-4.5B,rules99,rule in state,HR14,exp04_rules,1,0,False,0.7368,144.5
basal-1.0-4.5B,rules99,rule in state,MED01,exp04_rules,0,0,True,0.758,171.8
basal-1.0-4.5B,rules99,rule in state,MED02,exp04_rules,1,1,True,0.5211,149.7
basal-1.0-4.5B,rules99,rule in state,MED03,exp04_rules,1,0,False,0.873,130.5
basal-1.0-4.5B,rules99,rule in state,MED04,exp04_rules,0,0,True,0.8388,147.8
basal-1.0-4.5B,rules99,rule in state,MED13,exp04_rules,1,1,True,0.8215,126.5
basal-1.0-4.5B,rules99,rule in state,INS01,exp04_rules,1,1,True,0.7652,151.8
basal-1.0-4.5B,rules99,rule in state,INS02,exp04_rules,0,1,False,0.7994,146.4
basal-1.0-4.5B,rules99,rule in state,INS03,exp04_rules,0,0,True,0.8204,178.2
basal-1.0-4.5B,rules99,rule in state,INS04,exp04_rules,1,0,False,0.6837,171.2
basal-1.0-4.5B,rules99,rule in state,INS06,exp04_rules,1,1,True,0.6239,171.8
basal-1.0-4.5B,rules99,rule in state,BNK01,exp04_rules,1,1,True,0.9209,207.0
basal-1.0-4.5B,rules99,rule in state,BNK02,exp04_rules,0,1,False,0.5631,227.7
basal-1.0-4.5B,rules99,rule in state,BNK03,exp04_rules,0,0,True,0.6439,166.4
basal-1.0-4.5B,rules99,rule in state,BNK04,exp04_rules,1,0,False,0.5211,172.5
basal-1.0-4.5B,rules99,rule in state,BNK05,exp04_rules,1,0,False,0.5527,156.1
basal-1.0-4.5B,rules99,rule in state,LOG01,exp04_rules,1,0,False,0.5835,167.7
basal-1.0-4.5B,rules99,rule in state,LOG02,exp04_rules,0,0,True,0.6239,200.0
basal-1.0-4.5B,rules99,rule in state,LOG03,exp04_rules,1,1,True,0.8071,171.6
basal-1.0-4.5B,rules99,rule in state,LOG04,exp04_rules,0,0,True,0.8076,165.2
basal-1.0-4.5B,rules99,rule in state,LOG05,exp04_rules,1,0,False,0.6992,171.8
basal-1.0-4.5B,rules99,rule in state,ITS01,exp04_rules,0,0,True,0.7942,173.0
basal-1.0-4.5B,rules99,rule in state,ITS02,exp04_rules,1,0,False,0.78,173.5
basal-1.0-4.5B,rules99,rule in state,ITS03,exp04_rules,1,0,False,0.7864,176.1
basal-1.0-4.5B,rules99,rule in state,ITS04,exp04_rules,0,1,False,0.865,149.2
basal-1.0-4.5B,rules99,rule in state,ITS05,exp04_rules,1,1,True,0.8624,151.2
basal-1.0-4.5B,rules99,rule in state,MFG01,exp04_rules,1,0,False,0.5523,164.2
basal-1.0-4.5B,rules99,rule in state,MFG02,exp04_rules,0,0,True,0.5527,212.9
basal-1.0-4.5B,rules99,rule in state,MFG03,exp04_rules,0,0,True,0.7072,164.9
basal-1.0-4.5B,rules99,rule in state,MFG04,exp04_rules,0,0,True,0.6534,164.1
basal-1.0-4.5B,rules99,rule in state,MFG05,exp04_rules,0,1,False,0.7243,149.3
basal-1.0-4.5B,rules99,rule in state,EDU01,exp04_rules,1,0,False,0.6817,159.9
basal-1.0-4.5B,rules99,rule in state,EDU02,exp04_rules,0,0,True,0.9862,163.5
basal-1.0-4.5B,rules99,rule in state,EDU03,exp04_rules,1,0,False,0.6094,147.1
basal-1.0-4.5B,rules99,rule in state,EDU04,exp04_rules,0,0,True,0.9265,160.0
basal-1.0-4.5B,rules99,rule in state,EDU05,exp04_rules,1,0,False,0.5106,154.8
basal-1.0-4.5B,rules99,rule in state,RE01,exp04_rules,1,1,True,0.7658,153.1
basal-1.0-4.5B,rules99,rule in state,RE02,exp04_rules,0,0,True,0.5211,195.6
basal-1.0-4.5B,rules99,rule in state,RE03,exp04_rules,1,1,True,0.6395,152.6
basal-1.0-4.5B,rules99,rule in state,RE04,exp04_rules,0,0,True,0.9523,144.2
basal-1.0-4.5B,rules99,rule in state,RE05,exp04_rules,0,0,True,0.6142,146.8
basal-1.0-4.5B,rules99,rule in state,ECM01,exp04_rules,0,0,True,0.5843,214.4
basal-1.0-4.5B,rules99,rule in state,ECM02,exp04_rules,1,1,True,0.7948,206.4
basal-1.0-4.5B,rules99,rule in state,ECM03,exp04_rules,1,1,True,0.8634,200.7
basal-1.0-4.5B,rules99,rule in state,ECM04,exp04_rules,1,0,False,0.8025,202.1
basal-1.0-4.5B,rules99,rule in state,ECM05,exp04_rules,0,0,True,0.7444,209.7
basal-1.0-4.5B,rules99,rule in state,K01,exp03_completeness,0,1,False,0.5103,142.8
basal-1.0-4.5B,rules99,rule in state,K02,exp03_completeness,1,0,False,0.8795,146.0
basal-1.0-4.5B,rules99,rule in state,K03,exp03_completeness,1,0,False,0.7732,133.1
basal-1.0-4.5B,rules99,rule in state,K04,exp03_completeness,0,0,True,0.9177,150.3
basal-1.0-4.5B,rules99,rule in state,K05,exp03_completeness,1,1,True,0.97,135.0
basal-1.0-4.5B,rules99,rule in state,K06,exp03_completeness,0,1,False,0.5826,135.3
basal-1.0-4.5B,rules99,rule in state,K07,exp03_completeness,1,0,False,0.7444,134.8
basal-1.0-4.5B,rules99,rule in state,K08,exp03_completeness,0,0,True,0.8057,137.1
basal-1.0-4.5B,rules99,rule in state,K09,exp03_completeness,1,1,True,0.9682,134.1
basal-1.0-4.5B,rules99,rule in state,K10,exp03_completeness,0,0,True,0.9265,151.5
basal-1.0-4.5B,rules99,rule in state,K11,exp03_completeness,1,1,True,0.8353,138.7
basal-1.0-4.5B,rules99,rule in state,K12,exp03_completeness,0,0,True,0.9619,142.1
basal-1.0-4.5B,rules99,rule in state,K13,exp03_completeness,1,1,True,0.7243,144.5
basal-1.0-4.5B,rules99,rule in state,K14,exp03_completeness,1,1,True,0.8719,138.7
basal-1.0-4.5B,rules99,rule in state,K15,exp03_completeness,0,0,True,0.893,144.1
basal-1.0-4.5B,rules99,rule in state,K16,exp03_completeness,1,1,True,0.8523,146.7
basal-1.0-4.5B,rules99,rule in state,K17,exp03_completeness,0,0,True,0.9458,139.5
basal-1.0-4.5B,rules99,rule in state,K18,exp03_completeness,1,0,False,0.5103,137.1
basal-1.0-4.5B,rules99,rule in state,K19,exp03_completeness,1,1,True,0.9805,140.9
basal-1.0-4.5B,rules99,rule in state,K20,exp03_completeness,0,0,True,0.7408,141.0
basal-1.0-4.5B,rules99,rule in state,K21,exp03_completeness,0,0,True,0.9083,164.4
basal-1.0-4.5B,rules99,rule in state,K22,exp03_completeness,0,1,False,0.8465,164.5
basal-1.0-4.5B,rules99,rule in state,K23,exp03_completeness,1,1,True,0.8825,155.2
basal-1.0-4.5B,rules99,rule in state,K24,exp03_completeness,1,1,True,0.8841,149.9
basal-1.0-4.5B,rules99,rule in state,K25,exp03_completeness,0,0,True,0.9132,164.7
basal-1.0-4.5B,rules99,rule in state,K26,exp03_completeness,1,1,True,0.8821,148.9
basal-1.0-4.5B,rules99,rule in state,K27,exp03_completeness,0,0,True,0.7647,150.2
basal-1.0-4.5B,rules99,rule in state,K28,exp03_completeness,1,1,True,0.8831,156.3
basal-1.0-4.5B,rules99,rule in state,K29,exp03_completeness,0,0,True,0.9592,154.5
basal-1.0-4.5B,rules99,rule in state,K30,exp03_completeness,1,1,True,0.9343,153.0
basal-1.0-4.5B,rules99,rule in state,K31,exp03_completeness,1,1,True,0.9779,151.3
basal-1.0-4.5B,rules99,rule in state,K32,exp03_completeness,0,1,False,0.6362,163.5
basal-1.0-4.5B,rules99,rule in state,K33,exp03_completeness,0,0,True,0.7676,147.9
basal-1.0-4.5B,rules99,rule in state,K34,exp03_completeness,1,1,True,0.944,146.3
basal-1.0-4.5B,rules99,rule in state,K35,exp03_completeness,0,1,False,0.5527,159.8
basal-1.0-4.5B,rules99,rule in state,K36,exp03_completeness,1,1,True,0.5302,154.1
basal-1.0-4.5B,rules99,rule in state,K37,exp03_completeness,0,1,False,0.9086,153.0
basal-1.0-4.5B,rules99,rule in state,K38,exp03_completeness,1,1,True,0.9597,143.1
basal-1.0-4.5B,rules99,rule in state,K40,exp03_completeness,1,1,True,0.9752,140.1
basal-1.0-4.5B,rules99,rule in state +facts,ADM01,exp04_rules,0,0,True,0.8146,236.1
basal-1.0-4.5B,rules99,rule in state +facts,ADM02,exp04_rules,0,0,True,0.8465,136.7
basal-1.0-4.5B,rules99,rule in state +facts,ADM03,exp04_rules,1,0,False,0.758,234.7
basal-1.0-4.5B,rules99,rule in state +facts,ADM04,exp04_rules,0,0,True,0.8352,172.7
basal-1.0-4.5B,rules99,rule in state +facts,ADM12,exp04_rules,2,2,True,0.684,212.5
basal-1.0-4.5B,rules99,rule in state +facts,LAW01,exp04_rules,0,0,True,0.6026,188.7
basal-1.0-4.5B,rules99,rule in state +facts,LAW02,exp04_rules,1,1,True,0.7469,237.9
basal-1.0-4.5B,rules99,rule in state +facts,LAW03,exp04_rules,1,1,True,0.6817,210.2
basal-1.0-4.5B,rules99,rule in state +facts,LAW04,exp04_rules,1,0,False,0.7837,151.5
basal-1.0-4.5B,rules99,rule in state +facts,LAW14,exp04_rules,2,0,False,0.9101,175.6
basal-1.0-4.5B,rules99,rule in state +facts,HR01,exp04_rules,0,0,True,0.6631,151.4
basal-1.0-4.5B,rules99,rule in state +facts,HR02,exp04_rules,1,1,True,0.7748,147.7
basal-1.0-4.5B,rules99,rule in state +facts,HR03,exp04_rules,0,0,True,0.6817,188.9
basal-1.0-4.5B,rules99,rule in state +facts,HR04,exp04_rules,0,1,False,0.9465,144.3
basal-1.0-4.5B,rules99,rule in state +facts,HR14,exp04_rules,1,0,False,0.8067,200.6
basal-1.0-4.5B,rules99,rule in state +facts,MED01,exp04_rules,0,0,True,0.7877,287.0
basal-1.0-4.5B,rules99,rule in state +facts,MED02,exp04_rules,1,1,True,0.8925,234.2
basal-1.0-4.5B,rules99,rule in state +facts,MED03,exp04_rules,1,0,False,0.9014,214.4
basal-1.0-4.5B,rules99,rule in state +facts,MED04,exp04_rules,0,0,True,0.8531,228.4
basal-1.0-4.5B,rules99,rule in state +facts,MED13,exp04_rules,1,1,True,0.8215,141.0
basal-1.0-4.5B,rules99,rule in state +facts,INS01,exp04_rules,1,1,True,0.6395,289.9
basal-1.0-4.5B,rules99,rule in state +facts,INS02,exp04_rules,0,0,True,0.906,189.3
basal-1.0-4.5B,rules99,rule in state +facts,INS03,exp04_rules,0,0,True,0.9031,300.4
basal-1.0-4.5B,rules99,rule in state +facts,INS04,exp04_rules,1,0,False,0.6992,352.4
basal-1.0-4.5B,rules99,rule in state +facts,INS06,exp04_rules,1,1,True,0.6434,311.2
basal-1.0-4.5B,rules99,rule in state +facts,BNK01,exp04_rules,1,1,True,0.9349,402.5
basal-1.0-4.5B,rules99,rule in state +facts,BNK02,exp04_rules,0,1,False,0.78,438.4
basal-1.0-4.5B,rules99,rule in state +facts,BNK03,exp04_rules,0,1,False,0.6042,379.4
basal-1.0-4.5B,rules99,rule in state +facts,BNK04,exp04_rules,1,0,False,0.5515,362.7
basal-1.0-4.5B,rules99,rule in state +facts,BNK05,exp04_rules,1,1,True,0.5314,361.7
basal-1.0-4.5B,rules99,rule in state +facts,LOG01,exp04_rules,1,0,False,0.6723,329.1
basal-1.0-4.5B,rules99,rule in state +facts,LOG02,exp04_rules,0,0,True,0.5314,279.8
basal-1.0-4.5B,rules99,rule in state +facts,LOG03,exp04_rules,1,1,True,0.6321,217.2
basal-1.0-4.5B,rules99,rule in state +facts,LOG04,exp04_rules,0,0,True,0.8746,222.5
basal-1.0-4.5B,rules99,rule in state +facts,LOG05,exp04_rules,1,0,False,0.7085,243.1
basal-1.0-4.5B,rules99,rule in state +facts,ITS01,exp04_rules,0,0,True,0.7807,292.7
basal-1.0-4.5B,rules99,rule in state +facts,ITS02,exp04_rules,1,0,False,0.844,291.4
basal-1.0-4.5B,rules99,rule in state +facts,ITS03,exp04_rules,1,1,True,0.5302,245.4
basal-1.0-4.5B,rules99,rule in state +facts,ITS04,exp04_rules,0,0,True,0.5421,224.7
basal-1.0-4.5B,rules99,rule in state +facts,ITS05,exp04_rules,1,1,True,0.8624,148.3
basal-1.0-4.5B,rules99,rule in state +facts,MFG01,exp04_rules,1,0,False,0.5523,157.8
basal-1.0-4.5B,rules99,rule in state +facts,MFG02,exp04_rules,0,0,True,0.5527,206.2
basal-1.0-4.5B,rules99,rule in state +facts,MFG03,exp04_rules,0,0,True,0.7072,156.7
basal-1.0-4.5B,rules99,rule in state +facts,MFG04,exp04_rules,0,0,True,0.7072,194.6
basal-1.0-4.5B,rules99,rule in state +facts,MFG05,exp04_rules,0,1,False,0.7243,143.2
basal-1.0-4.5B,rules99,rule in state +facts,EDU01,exp04_rules,1,0,False,0.6626,198.6
basal-1.0-4.5B,rules99,rule in state +facts,EDU02,exp04_rules,0,0,True,0.8821,194.3
basal-1.0-4.5B,rules99,rule in state +facts,EDU03,exp04_rules,1,1,True,0.6134,159.8
basal-1.0-4.5B,rules99,rule in state +facts,EDU04,exp04_rules,0,0,True,0.9265,158.7
basal-1.0-4.5B,rules99,rule in state +facts,EDU05,exp04_rules,1,1,True,0.7147,229.0
basal-1.0-4.5B,rules99,rule in state +facts,RE01,exp04_rules,1,1,True,0.7658,150.3
basal-1.0-4.5B,rules99,rule in state +facts,RE02,exp04_rules,0,0,True,0.6042,323.8
basal-1.0-4.5B,rules99,rule in state +facts,RE03,exp04_rules,1,1,True,0.6395,152.2
basal-1.0-4.5B,rules99,rule in state +facts,RE04,exp04_rules,0,0,True,0.9523,150.8
basal-1.0-4.5B,rules99,rule in state +facts,RE05,exp04_rules,0,0,True,0.6362,279.6
basal-1.0-4.5B,rules99,rule in state +facts,ECM01,exp04_rules,0,0,True,0.6957,251.5
basal-1.0-4.5B,rules99,rule in state +facts,ECM02,exp04_rules,1,1,True,0.6907,241.8
basal-1.0-4.5B,rules99,rule in state +facts,ECM03,exp04_rules,1,1,True,0.6957,241.6
basal-1.0-4.5B,rules99,rule in state +facts,ECM04,exp04_rules,1,0,False,0.8025,256.0
basal-1.0-4.5B,rules99,rule in state +facts,ECM05,exp04_rules,0,0,True,0.8186,242.3
basal-1.0-4.5B,rules99,rule in state +facts,K01,exp03_completeness,0,1,False,0.5103,147.2
basal-1.0-4.5B,rules99,rule in state +facts,K02,exp03_completeness,1,0,False,0.8795,145.8
basal-1.0-4.5B,rules99,rule in state +facts,K03,exp03_completeness,1,0,False,0.7732,137.2
basal-1.0-4.5B,rules99,rule in state +facts,K04,exp03_completeness,0,0,True,0.9177,152.8
basal-1.0-4.5B,rules99,rule in state +facts,K05,exp03_completeness,1,1,True,0.97,135.6
basal-1.0-4.5B,rules99,rule in state +facts,K06,exp03_completeness,0,1,False,0.5826,135.4
basal-1.0-4.5B,rules99,rule in state +facts,K07,exp03_completeness,1,0,False,0.7444,134.4
basal-1.0-4.5B,rules99,rule in state +facts,K08,exp03_completeness,0,0,True,0.8057,133.6
basal-1.0-4.5B,rules99,rule in state +facts,K09,exp03_completeness,1,1,True,0.9682,133.3
basal-1.0-4.5B,rules99,rule in state +facts,K10,exp03_completeness,0,0,True,0.9265,144.2
basal-1.0-4.5B,rules99,rule in state +facts,K11,exp03_completeness,1,1,True,0.8353,137.4
basal-1.0-4.5B,rules99,rule in state +facts,K12,exp03_completeness,0,0,True,0.9581,147.3
basal-1.0-4.5B,rules99,rule in state +facts,K13,exp03_completeness,1,1,True,0.7243,131.1
basal-1.0-4.5B,rules99,rule in state +facts,K14,exp03_completeness,1,1,True,0.8719,130.7
basal-1.0-4.5B,rules99,rule in state +facts,K15,exp03_completeness,0,0,True,0.8648,146.2
basal-1.0-4.5B,rules99,rule in state +facts,K16,exp03_completeness,1,1,True,0.6223,141.8
basal-1.0-4.5B,rules99,rule in state +facts,K17,exp03_completeness,0,0,True,0.9458,131.0
basal-1.0-4.5B,rules99,rule in state +facts,K18,exp03_completeness,1,0,False,0.5103,130.0
basal-1.0-4.5B,rules99,rule in state +facts,K19,exp03_completeness,1,1,True,0.9805,127.0
basal-1.0-4.5B,rules99,rule in state +facts,K20,exp03_completeness,0,0,True,0.7408,139.1
basal-1.0-4.5B,rules99,rule in state +facts,K21,exp03_completeness,0,0,True,0.911,164.3
basal-1.0-4.5B,rules99,rule in state +facts,K22,exp03_completeness,0,1,False,0.8446,169.7
basal-1.0-4.5B,rules99,rule in state +facts,K23,exp03_completeness,1,1,True,0.9538,164.4
basal-1.0-4.5B,rules99,rule in state +facts,K24,exp03_completeness,1,1,True,0.9506,155.9
basal-1.0-4.5B,rules99,rule in state +facts,K25,exp03_completeness,0,0,True,0.9154,176.4
basal-1.0-4.5B,rules99,rule in state +facts,K26,exp03_completeness,1,1,True,0.913,161.0
basal-1.0-4.5B,rules99,rule in state +facts,K27,exp03_completeness,0,0,True,0.7647,151.0
basal-1.0-4.5B,rules99,rule in state +facts,K28,exp03_completeness,1,1,True,0.8831,145.9
basal-1.0-4.5B,rules99,rule in state +facts,K29,exp03_completeness,0,0,True,0.9592,146.6
basal-1.0-4.5B,rules99,rule in state +facts,K30,exp03_completeness,1,1,True,0.9343,146.9
basal-1.0-4.5B,rules99,rule in state +facts,K31,exp03_completeness,1,1,True,0.9779,140.9
basal-1.0-4.5B,rules99,rule in state +facts,K32,exp03_completeness,0,1,False,0.6362,153.6
basal-1.0-4.5B,rules99,rule in state +facts,K33,exp03_completeness,0,0,True,0.7676,149.8
basal-1.0-4.5B,rules99,rule in state +facts,K34,exp03_completeness,1,1,True,0.944,136.0
basal-1.0-4.5B,rules99,rule in state +facts,K35,exp03_completeness,0,1,False,0.5527,154.1
basal-1.0-4.5B,rules99,rule in state +facts,K36,exp03_completeness,1,1,True,0.5302,145.8
basal-1.0-4.5B,rules99,rule in state +facts,K37,exp03_completeness,0,1,False,0.9086,142.8
basal-1.0-4.5B,rules99,rule in state +facts,K38,exp03_completeness,1,1,True,0.9597,140.3
basal-1.0-4.5B,rules99,rule in state +facts,K40,exp03_completeness,1,1,True,0.9752,130.4
basal-1.5-mini,rules99,+facts,ADM01,exp04_rules,0,0,True,0.9134,96.3
basal-1.5-mini,rules99,+facts,ADM02,exp04_rules,0,1,False,0.6457,54.7
basal-1.5-mini,rules99,+facts,ADM03,exp04_rules,1,0,False,0.8879,75.9
basal-1.5-mini,rules99,+facts,ADM04,exp04_rules,0,0,True,0.9718,67.2
basal-1.5-mini,rules99,+facts,ADM12,exp04_rules,2,2,True,0.9233,80.5
basal-1.5-mini,rules99,+facts,LAW01,exp04_rules,0,0,True,0.7617,66.4
basal-1.5-mini,rules99,+facts,LAW02,exp04_rules,1,0,False,0.6416,71.1
basal-1.5-mini,rules99,+facts,LAW03,exp04_rules,1,1,True,0.8075,74.0
basal-1.5-mini,rules99,+facts,LAW04,exp04_rules,1,1,True,0.7047,62.5
basal-1.5-mini,rules99,+facts,LAW14,exp04_rules,2,1,False,0.5146,59.2
basal-1.5-mini,rules99,+facts,HR01,exp04_rules,0,1,False,0.5168,77.0
basal-1.5-mini,rules99,+facts,HR02,exp04_rules,1,1,True,0.5719,62.4
basal-1.5-mini,rules99,+facts,HR03,exp04_rules,0,0,True,0.5994,69.9
basal-1.5-mini,rules99,+facts,HR04,exp04_rules,0,1,False,0.9285,57.8
basal-1.5-mini,rules99,+facts,HR14,exp04_rules,1,0,False,0.5473,67.3
basal-1.5-mini,rules99,+facts,MED01,exp04_rules,0,0,True,0.5941,89.4
basal-1.5-mini,rules99,+facts,MED02,exp04_rules,1,0,False,0.5772,75.8
basal-1.5-mini,rules99,+facts,MED03,exp04_rules,1,1,True,0.8995,64.9
basal-1.5-mini,rules99,+facts,MED04,exp04_rules,0,1,False,0.7101,71.7
basal-1.5-mini,rules99,+facts,MED13,exp04_rules,1,1,True,0.9925,53.6
basal-1.5-mini,rules99,+facts,INS01,exp04_rules,1,1,True,0.5992,83.5
basal-1.5-mini,rules99,+facts,INS02,exp04_rules,0,0,True,0.5503,58.2
basal-1.5-mini,rules99,+facts,INS03,exp04_rules,0,0,True,0.6587,100.0
basal-1.5-mini,rules99,+facts,INS04,exp04_rules,1,1,True,0.6468,119.3
basal-1.5-mini,rules99,+facts,INS06,exp04_rules,1,1,True,0.6286,83.4
basal-1.5-mini,rules99,+facts,BNK01,exp04_rules,1,1,True,0.8522,90.1
basal-1.5-mini,rules99,+facts,BNK02,exp04_rules,0,1,False,0.8841,122.3
basal-1.5-mini,rules99,+facts,BNK03,exp04_rules,0,0,True,0.5333,90.2
basal-1.5-mini,rules99,+facts,BNK04,exp04_rules,1,1,True,0.5772,94.0
basal-1.5-mini,rules99,+facts,BNK05,exp04_rules,1,0,False,0.7892,83.1
basal-1.5-mini,rules99,+facts,LOG01,exp04_rules,1,0,False,0.6621,86.4
basal-1.5-mini,rules99,+facts,LOG02,exp04_rules,0,1,False,0.7063,77.5
basal-1.5-mini,rules99,+facts,LOG03,exp04_rules,1,0,False,0.9429,72.0
basal-1.5-mini,rules99,+facts,LOG04,exp04_rules,0,0,True,0.84,75.8
basal-1.5-mini,rules99,+facts,LOG05,exp04_rules,1,0,False,0.8869,69.1
basal-1.5-mini,rules99,+facts,ITS01,exp04_rules,0,0,True,0.8871,81.9
basal-1.5-mini,rules99,+facts,ITS02,exp04_rules,1,0,False,0.86,79.8
basal-1.5-mini,rules99,+facts,ITS03,exp04_rules,1,0,False,0.945,70.1
basal-1.5-mini,rules99,+facts,ITS04,exp04_rules,0,0,True,0.7902,62.0
basal-1.5-mini,rules99,+facts,ITS05,exp04_rules,1,1,True,0.8144,55.4
basal-1.5-mini,rules99,+facts,MFG01,exp04_rules,1,1,True,0.8705,59.0
basal-1.5-mini,rules99,+facts,MFG02,exp04_rules,0,0,True,0.5223,72.2
basal-1.5-mini,rules99,+facts,MFG03,exp04_rules,0,0,True,0.9336,59.9
basal-1.5-mini,rules99,+facts,MFG04,exp04_rules,0,1,False,0.7817,74.0
basal-1.5-mini,rules99,+facts,MFG05,exp04_rules,0,1,False,0.8543,55.4
basal-1.5-mini,rules99,+facts,EDU01,exp04_rules,1,0,False,0.676,70.1
basal-1.5-mini,rules99,+facts,EDU02,exp04_rules,0,0,True,0.9864,69.0
basal-1.5-mini,rules99,+facts,EDU03,exp04_rules,1,0,False,0.5224,55.2
basal-1.5-mini,rules99,+facts,EDU04,exp04_rules,0,0,True,0.9556,57.1
basal-1.5-mini,rules99,+facts,EDU05,exp04_rules,1,1,True,0.7624,65.5
basal-1.5-mini,rules99,+facts,RE01,exp04_rules,1,0,False,0.7047,55.7
basal-1.5-mini,rules99,+facts,RE02,exp04_rules,0,0,True,0.5277,93.4
basal-1.5-mini,rules99,+facts,RE03,exp04_rules,1,0,False,0.8076,59.7
basal-1.5-mini,rules99,+facts,RE04,exp04_rules,0,1,False,0.5941,57.1
basal-1.5-mini,rules99,+facts,RE05,exp04_rules,0,0,True,0.5936,70.1
basal-1.5-mini,rules99,+facts,ECM01,exp04_rules,0,0,True,0.8459,87.8
basal-1.5-mini,rules99,+facts,ECM02,exp04_rules,1,0,False,0.9195,86.9
basal-1.5-mini,rules99,+facts,ECM03,exp04_rules,1,0,False,0.7622,87.2
basal-1.5-mini,rules99,+facts,ECM04,exp04_rules,1,0,False,0.8794,94.5
basal-1.5-mini,rules99,+facts,ECM05,exp04_rules,0,0,True,0.9381,84.8
basal-1.5-mini,rules99,+facts,K01,exp03_completeness,0,0,True,0.7101,54.8
basal-1.5-mini,rules99,+facts,K02,exp03_completeness,1,0,False,0.8387,58.6
basal-1.5-mini,rules99,+facts,K03,exp03_completeness,1,0,False,0.8658,55.8
basal-1.5-mini,rules99,+facts,K04,exp03_completeness,0,0,True,0.9748,59.1
basal-1.5-mini,rules99,+facts,K05,exp03_completeness,1,1,True,0.6341,57.4
basal-1.5-mini,rules99,+facts,K06,exp03_completeness,0,0,True,0.6668,64.9
basal-1.5-mini,rules99,+facts,K07,exp03_completeness,1,0,False,0.8212,53.8
basal-1.5-mini,rules99,+facts,K08,exp03_completeness,0,0,True,0.6261,52.7
basal-1.5-mini,rules99,+facts,K09,exp03_completeness,1,1,True,0.8178,51.5
basal-1.5-mini,rules99,+facts,K10,exp03_completeness,0,0,True,0.9816,56.8
basal-1.5-mini,rules99,+facts,K11,exp03_completeness,1,1,True,0.9058,52.9
basal-1.5-mini,rules99,+facts,K12,exp03_completeness,0,0,True,0.9825,56.8
basal-1.5-mini,rules99,+facts,K13,exp03_completeness,1,1,True,0.9141,53.2
basal-1.5-mini,rules99,+facts,K14,exp03_completeness,1,1,True,0.5447,50.0
basal-1.5-mini,rules99,+facts,K15,exp03_completeness,0,0,True,0.9823,60.8
basal-1.5-mini,rules99,+facts,K16,exp03_completeness,1,0,False,0.6416,55.7
basal-1.5-mini,rules99,+facts,K17,exp03_completeness,0,0,True,0.9872,50.3
basal-1.5-mini,rules99,+facts,K18,exp03_completeness,1,0,False,0.8416,45.3
basal-1.5-mini,rules99,+facts,K19,exp03_completeness,1,1,True,0.9633,53.5
basal-1.5-mini,rules99,+facts,K20,exp03_completeness,0,0,True,0.9171,52.6
basal-1.5-mini,rules99,+facts,K21,exp03_completeness,0,0,True,0.9857,66.3
basal-1.5-mini,rules99,+facts,K22,exp03_completeness,0,1,False,0.84,91.3
basal-1.5-mini,rules99,+facts,K23,exp03_completeness,1,1,True,0.6572,67.0
basal-1.5-mini,rules99,+facts,K24,exp03_completeness,1,1,True,0.9009,83.4
basal-1.5-mini,rules99,+facts,K25,exp03_completeness,0,0,True,0.9782,65.2
basal-1.5-mini,rules99,+facts,K26,exp03_completeness,1,1,True,0.8089,60.7
basal-1.5-mini,rules99,+facts,K27,exp03_completeness,0,1,False,0.6416,58.4
basal-1.5-mini,rules99,+facts,K28,exp03_completeness,1,0,False,0.7702,61.4
basal-1.5-mini,rules99,+facts,K29,exp03_completeness,0,0,True,0.9352,66.9
basal-1.5-mini,rules99,+facts,K30,exp03_completeness,1,1,True,0.9566,57.3
basal-1.5-mini,rules99,+facts,K31,exp03_completeness,1,1,True,0.961,55.9
basal-1.5-mini,rules99,+facts,K32,exp03_completeness,0,1,False,0.5056,69.8
basal-1.5-mini,rules99,+facts,K33,exp03_completeness,0,1,False,0.7449,55.1
basal-1.5-mini,rules99,+facts,K34,exp03_completeness,1,1,True,0.9657,53.6
basal-1.5-mini,rules99,+facts,K35,exp03_completeness,0,0,True,0.9699,59.1
basal-1.5-mini,rules99,+facts,K36,exp03_completeness,1,1,True,0.9181,69.3
basal-1.5-mini,rules99,+facts,K37,exp03_completeness,0,1,False,0.6795,61.9
basal-1.5-mini,rules99,+facts,K38,exp03_completeness,1,1,True,0.5445,62.1
basal-1.5-mini,rules99,+facts,K40,exp03_completeness,1,1,True,0.9774,62.8
basal-1.5-mini,rules99,rule in state,ADM01,exp04_rules,0,0,True,0.9013,66.6
basal-1.5-mini,rules99,rule in state,ADM02,exp04_rules,0,1,False,0.5584,74.8
basal-1.5-mini,rules99,rule in state,ADM03,exp04_rules,1,0,False,0.7876,71.2
basal-1.5-mini,rules99,rule in state,ADM04,exp04_rules,0,0,True,0.961,76.5
basal-1.5-mini,rules99,rule in state,ADM12,exp04_rules,2,2,True,0.963,76.7
basal-1.5-mini,rules99,rule in state,LAW01,exp04_rules,0,0,True,0.7479,65.1
basal-1.5-mini,rules99,rule in state,LAW02,exp04_rules,1,1,True,0.6562,77.4
basal-1.5-mini,rules99,rule in state,LAW03,exp04_rules,1,1,True,0.8516,78.2
basal-1.5-mini,rules99,rule in state,LAW04,exp04_rules,1,1,True,0.8235,67.8
basal-1.5-mini,rules99,rule in state,LAW14,exp04_rules,2,1,False,0.599,61.3
basal-1.5-mini,rules99,rule in state,HR01,exp04_rules,0,0,True,0.6155,62.4
basal-1.5-mini,rules99,rule in state,HR02,exp04_rules,1,1,True,0.5223,61.6
basal-1.5-mini,rules99,rule in state,HR03,exp04_rules,0,0,True,0.5503,58.7
basal-1.5-mini,rules99,rule in state,HR04,exp04_rules,0,1,False,0.9285,60.6
basal-1.5-mini,rules99,rule in state,HR14,exp04_rules,1,0,False,0.6297,62.7
basal-1.5-mini,rules99,rule in state,MED01,exp04_rules,0,0,True,0.7365,76.5
basal-1.5-mini,rules99,rule in state,MED02,exp04_rules,1,1,True,0.5333,67.7
basal-1.5-mini,rules99,rule in state,MED03,exp04_rules,1,1,True,0.8653,57.0
basal-1.5-mini,rules99,rule in state,MED04,exp04_rules,0,0,True,0.5384,63.9
basal-1.5-mini,rules99,rule in state,MED13,exp04_rules,1,1,True,0.9838,54.9
basal-1.5-mini,rules99,rule in state,INS01,exp04_rules,1,1,True,0.6567,64.0
basal-1.5-mini,rules99,rule in state,INS02,exp04_rules,0,0,True,0.7236,60.1
basal-1.5-mini,rules99,rule in state,INS03,exp04_rules,0,0,True,0.5445,99.0
basal-1.5-mini,rules99,rule in state,INS04,exp04_rules,1,1,True,0.6466,74.5
basal-1.5-mini,rules99,rule in state,INS06,exp04_rules,1,1,True,0.7365,68.3
basal-1.5-mini,rules99,rule in state,BNK01,exp04_rules,1,1,True,0.5924,80.2
basal-1.5-mini,rules99,rule in state,BNK02,exp04_rules,0,1,False,0.579,85.1
basal-1.5-mini,rules99,rule in state,BNK03,exp04_rules,0,0,True,0.5719,65.8
basal-1.5-mini,rules99,rule in state,BNK04,exp04_rules,1,0,False,0.5279,66.0
basal-1.5-mini,rules99,rule in state,BNK05,exp04_rules,1,1,True,0.652,60.7
basal-1.5-mini,rules99,rule in state,LOG01,exp04_rules,1,0,False,0.5223,62.7
basal-1.5-mini,rules99,rule in state,LOG02,exp04_rules,0,1,False,0.6615,67.4
basal-1.5-mini,rules99,rule in state,LOG03,exp04_rules,1,0,False,0.8305,61.9
basal-1.5-mini,rules99,rule in state,LOG04,exp04_rules,0,0,True,0.7414,61.1
basal-1.5-mini,rules99,rule in state,LOG05,exp04_rules,1,0,False,0.8811,61.5
basal-1.5-mini,rules99,rule in state,ITS01,exp04_rules,0,0,True,0.7193,59.4
basal-1.5-mini,rules99,rule in state,ITS02,exp04_rules,1,0,False,0.9167,61.1
basal-1.5-mini,rules99,rule in state,ITS03,exp04_rules,1,0,False,0.8021,60.6
basal-1.5-mini,rules99,rule in state,ITS04,exp04_rules,0,0,True,0.5331,53.2
basal-1.5-mini,rules99,rule in state,ITS05,exp04_rules,1,1,True,0.7563,54.4
basal-1.5-mini,rules99,rule in state,MFG01,exp04_rules,1,1,True,0.8653,58.1
basal-1.5-mini,rules99,rule in state,MFG02,exp04_rules,0,0,True,0.5939,70.1
basal-1.5-mini,rules99,rule in state,MFG03,exp04_rules,0,0,True,0.9376,63.5
basal-1.5-mini,rules99,rule in state,MFG04,exp04_rules,0,0,True,0.6909,62.0
basal-1.5-mini,rules99,rule in state,MFG05,exp04_rules,0,1,False,0.737,58.9
basal-1.5-mini,rules99,rule in state,EDU01,exp04_rules,1,0,False,0.6562,61.5
basal-1.5-mini,rules99,rule in state,EDU02,exp04_rules,0,0,True,0.9685,70.5
basal-1.5-mini,rules99,rule in state,EDU03,exp04_rules,1,1,True,0.5056,57.4
basal-1.5-mini,rules99,rule in state,EDU04,exp04_rules,0,0,True,0.97,59.8
basal-1.5-mini,rules99,rule in state,EDU05,exp04_rules,1,1,True,0.5612,61.1
basal-1.5-mini,rules99,rule in state,RE01,exp04_rules,1,0,False,0.7282,62.1
basal-1.5-mini,rules99,rule in state,RE02,exp04_rules,0,1,False,0.6208,71.3
basal-1.5-mini,rules99,rule in state,RE03,exp04_rules,1,0,False,0.9141,59.7
basal-1.5-mini,rules99,rule in state,RE04,exp04_rules,0,1,False,0.7145,59.5
basal-1.5-mini,rules99,rule in state,RE05,exp04_rules,0,0,True,0.7357,58.4
basal-1.5-mini,rules99,rule in state,ECM01,exp04_rules,0,0,True,0.6608,78.9
basal-1.5-mini,rules99,rule in state,ECM02,exp04_rules,1,0,False,0.9189,72.4
basal-1.5-mini,rules99,rule in state,ECM03,exp04_rules,1,1,True,0.6849,71.9
basal-1.5-mini,rules99,rule in state,ECM04,exp04_rules,1,0,False,0.8986,69.5
basal-1.5-mini,rules99,rule in state,ECM05,exp04_rules,0,0,True,0.9258,71.9
basal-1.5-mini,rules99,rule in state,K01,exp03_completeness,0,1,False,0.8041,54.1
basal-1.5-mini,rules99,rule in state,K02,exp03_completeness,1,0,False,0.9126,57.5
basal-1.5-mini,rules99,rule in state,K03,exp03_completeness,1,0,False,0.6662,52.7
basal-1.5-mini,rules99,rule in state,K04,exp03_completeness,0,0,True,0.9758,58.6
basal-1.5-mini,rules99,rule in state,K05,exp03_completeness,1,1,True,0.9113,53.7
basal-1.5-mini,rules99,rule in state,K06,exp03_completeness,0,1,False,0.8436,53.5
basal-1.5-mini,rules99,rule in state,K07,exp03_completeness,1,0,False,0.5722,52.7
basal-1.5-mini,rules99,rule in state,K08,exp03_completeness,0,1,False,0.6358,52.6
basal-1.5-mini,rules99,rule in state,K09,exp03_completeness,1,1,True,0.9058,48.7
basal-1.5-mini,rules99,rule in state,K10,exp03_completeness,0,0,True,0.9793,55.8
basal-1.5-mini,rules99,rule in state,K11,exp03_completeness,1,1,True,0.9391,53.2
basal-1.5-mini,rules99,rule in state,K12,exp03_completeness,0,0,True,0.9902,51.8
basal-1.5-mini,rules99,rule in state,K13,exp03_completeness,1,1,True,0.9038,47.7
basal-1.5-mini,rules99,rule in state,K14,exp03_completeness,1,0,False,0.5111,48.3
basal-1.5-mini,rules99,rule in state,K15,exp03_completeness,0,0,True,0.9837,58.7
basal-1.5-mini,rules99,rule in state,K16,exp03_completeness,1,0,False,0.8725,70.1
basal-1.5-mini,rules99,rule in state,K17,exp03_completeness,0,0,True,0.9736,70.7
basal-1.5-mini,rules99,rule in state,K18,exp03_completeness,1,1,True,0.539,64.0
basal-1.5-mini,rules99,rule in state,K19,exp03_completeness,1,0,False,0.5104,48.5
basal-1.5-mini,rules99,rule in state,K20,exp03_completeness,0,0,True,0.84,51.0
basal-1.5-mini,rules99,rule in state,K21,exp03_completeness,0,0,True,0.9773,58.3
basal-1.5-mini,rules99,rule in state,K22,exp03_completeness,0,1,False,0.837,60.8
basal-1.5-mini,rules99,rule in state,K23,exp03_completeness,1,1,True,0.5503,57.6
basal-1.5-mini,rules99,rule in state,K24,exp03_completeness,1,1,True,0.9309,55.5
basal-1.5-mini,rules99,rule in state,K25,exp03_completeness,0,0,True,0.9667,61.1
basal-1.5-mini,rules99,rule in state,K26,exp03_completeness,1,1,True,0.9633,55.5
basal-1.5-mini,rules99,rule in state,K27,exp03_completeness,0,1,False,0.5328,57.2
basal-1.5-mini,rules99,rule in state,K28,exp03_completeness,1,0,False,0.6708,56.8
basal-1.5-mini,rules99,rule in state,K29,exp03_completeness,0,0,True,0.9037,57.4
basal-1.5-mini,rules99,rule in state,K30,exp03_completeness,1,1,True,0.9146,63.7
basal-1.5-mini,rules99,rule in state,K31,exp03_completeness,1,1,True,0.9747,58.0
basal-1.5-mini,rules99,rule in state,K32,exp03_completeness,0,1,False,0.5336,59.4
basal-1.5-mini,rules99,rule in state,K33,exp03_completeness,0,1,False,0.8041,55.5
basal-1.5-mini,rules99,rule in state,K34,exp03_completeness,1,1,True,0.9439,53.3
basal-1.5-mini,rules99,rule in state,K35,exp03_completeness,0,0,True,0.9587,57.8
basal-1.5-mini,rules99,rule in state,K36,exp03_completeness,1,1,True,0.7009,56.7
basal-1.5-mini,rules99,rule in state,K37,exp03_completeness,0,1,False,0.906,55.0
basal-1.5-mini,rules99,rule in state,K38,exp03_completeness,1,1,True,0.8263,52.8
basal-1.5-mini,rules99,rule in state,K40,exp03_completeness,1,1,True,0.9806,50.1
basal-1.5-mini,rules99,rule in state +facts,ADM01,exp04_rules,0,0,True,0.9472,100.8
basal-1.5-mini,rules99,rule in state +facts,ADM02,exp04_rules,0,1,False,0.5584,61.5
basal-1.5-mini,rules99,rule in state +facts,ADM03,exp04_rules,1,0,False,0.805,91.9
basal-1.5-mini,rules99,rule in state +facts,ADM04,exp04_rules,0,0,True,0.9635,71.0
basal-1.5-mini,rules99,rule in state +facts,ADM12,exp04_rules,2,2,True,0.9595,88.6
basal-1.5-mini,rules99,rule in state +facts,LAW01,exp04_rules,0,0,True,0.7277,77.2
basal-1.5-mini,rules99,rule in state +facts,LAW02,exp04_rules,1,1,True,0.5336,95.6
basal-1.5-mini,rules99,rule in state +facts,LAW03,exp04_rules,1,1,True,0.8997,87.7
basal-1.5-mini,rules99,rule in state +facts,LAW04,exp04_rules,1,1,True,0.8235,62.9
basal-1.5-mini,rules99,rule in state +facts,LAW14,exp04_rules,2,1,False,0.907,70.2
basal-1.5-mini,rules99,rule in state +facts,HR01,exp04_rules,0,1,False,0.5168,63.4
basal-1.5-mini,rules99,rule in state +facts,HR02,exp04_rules,1,1,True,0.5719,60.1
basal-1.5-mini,rules99,rule in state +facts,HR03,exp04_rules,0,0,True,0.5994,72.7
basal-1.5-mini,rules99,rule in state +facts,HR04,exp04_rules,0,1,False,0.9285,58.2
basal-1.5-mini,rules99,rule in state +facts,HR14,exp04_rules,1,0,False,0.7924,78.0
basal-1.5-mini,rules99,rule in state +facts,MED01,exp04_rules,0,0,True,0.6259,109.0
basal-1.5-mini,rules99,rule in state +facts,MED02,exp04_rules,1,1,True,0.902,88.6
basal-1.5-mini,rules99,rule in state +facts,MED03,exp04_rules,1,1,True,0.8645,77.6
basal-1.5-mini,rules99,rule in state +facts,MED04,exp04_rules,0,0,True,0.5619,95.9
basal-1.5-mini,rules99,rule in state +facts,MED13,exp04_rules,1,1,True,0.9838,56.2
basal-1.5-mini,rules99,rule in state +facts,INS01,exp04_rules,1,1,True,0.5443,101.3
basal-1.5-mini,rules99,rule in state +facts,INS02,exp04_rules,0,0,True,0.8869,67.4
basal-1.5-mini,rules99,rule in state +facts,INS03,exp04_rules,0,0,True,0.6715,101.6
basal-1.5-mini,rules99,rule in state +facts,INS04,exp04_rules,1,1,True,0.6468,117.1
basal-1.5-mini,rules99,rule in state +facts,INS06,exp04_rules,1,0,False,0.6135,108.7
basal-1.5-mini,rules99,rule in state +facts,BNK01,exp04_rules,1,1,True,0.8151,133.5
basal-1.5-mini,rules99,rule in state +facts,BNK02,exp04_rules,0,1,False,0.6613,141.5
basal-1.5-mini,rules99,rule in state +facts,BNK03,exp04_rules,0,1,False,0.5669,125.9
basal-1.5-mini,rules99,rule in state +facts,BNK04,exp04_rules,1,1,True,0.603,117.2
basal-1.5-mini,rules99,rule in state +facts,BNK05,exp04_rules,1,0,False,0.8339,118.1
basal-1.5-mini,rules99,rule in state +facts,LOG01,exp04_rules,1,1,True,0.5112,106.1
basal-1.5-mini,rules99,rule in state +facts,LOG02,exp04_rules,0,1,False,0.5775,90.7
basal-1.5-mini,rules99,rule in state +facts,LOG03,exp04_rules,1,0,False,0.9078,74.0
basal-1.5-mini,rules99,rule in state +facts,LOG04,exp04_rules,0,0,True,0.5772,77.8
basal-1.5-mini,rules99,rule in state +facts,LOG05,exp04_rules,1,0,False,0.7077,84.9
basal-1.5-mini,rules99,rule in state +facts,ITS01,exp04_rules,0,0,True,0.8299,100.6
basal-1.5-mini,rules99,rule in state +facts,ITS02,exp04_rules,1,0,False,0.8139,101.6
basal-1.5-mini,rules99,rule in state +facts,ITS03,exp04_rules,1,1,True,0.5222,97.2
basal-1.5-mini,rules99,rule in state +facts,ITS04,exp04_rules,0,0,True,0.7709,80.2
basal-1.5-mini,rules99,rule in state +facts,ITS05,exp04_rules,1,1,True,0.7563,55.6
basal-1.5-mini,rules99,rule in state +facts,MFG01,exp04_rules,1,1,True,0.8653,69.7
basal-1.5-mini,rules99,rule in state +facts,MFG02,exp04_rules,0,0,True,0.5939,75.7
basal-1.5-mini,rules99,rule in state +facts,MFG03,exp04_rules,0,0,True,0.9376,61.0
basal-1.5-mini,rules99,rule in state +facts,MFG04,exp04_rules,0,1,False,0.7817,73.8
basal-1.5-mini,rules99,rule in state +facts,MFG05,exp04_rules,0,1,False,0.737,55.8
basal-1.5-mini,rules99,rule in state +facts,EDU01,exp04_rules,1,0,False,0.676,68.8
basal-1.5-mini,rules99,rule in state +facts,EDU02,exp04_rules,0,0,True,0.9602,69.8
basal-1.5-mini,rules99,rule in state +facts,EDU03,exp04_rules,1,1,True,0.9406,60.5
basal-1.5-mini,rules99,rule in state +facts,EDU04,exp04_rules,0,0,True,0.97,57.1
basal-1.5-mini,rules99,rule in state +facts,EDU05,exp04_rules,1,0,False,0.5772,79.2
basal-1.5-mini,rules99,rule in state +facts,RE01,exp04_rules,1,0,False,0.7282,56.5
basal-1.5-mini,rules99,rule in state +facts,RE02,exp04_rules,0,1,False,0.5722,110.6
basal-1.5-mini,rules99,rule in state +facts,RE03,exp04_rules,1,0,False,0.9141,56.5
basal-1.5-mini,rules99,rule in state +facts,RE04,exp04_rules,0,1,False,0.7145,63.9
basal-1.5-mini,rules99,rule in state +facts,RE05,exp04_rules,0,0,True,0.8678,105.4
basal-1.5-mini,rules99,rule in state +facts,ECM01,exp04_rules,0,0,True,0.8459,89.5
basal-1.5-mini,rules99,rule in state +facts,ECM02,exp04_rules,1,0,False,0.9195,84.6
basal-1.5-mini,rules99,rule in state +facts,ECM03,exp04_rules,1,0,False,0.7622,86.1
basal-1.5-mini,rules99,rule in state +facts,ECM04,exp04_rules,1,0,False,0.8794,89.4
basal-1.5-mini,rules99,rule in state +facts,ECM05,exp04_rules,0,0,True,0.9381,85.3
basal-1.5-mini,rules99,rule in state +facts,K01,exp03_completeness,0,1,False,0.8041,56.6
basal-1.5-mini,rules99,rule in state +facts,K02,exp03_completeness,1,0,False,0.9126,56.5
basal-1.5-mini,rules99,rule in state +facts,K03,exp03_completeness,1,0,False,0.6662,62.0
basal-1.5-mini,rules99,rule in state +facts,K04,exp03_completeness,0,0,True,0.9758,68.4
basal-1.5-mini,rules99,rule in state +facts,K05,exp03_completeness,1,1,True,0.9113,54.5
basal-1.5-mini,rules99,rule in state +facts,K06,exp03_completeness,0,1,False,0.8436,54.7
basal-1.5-mini,rules99,rule in state +facts,K07,exp03_completeness,1,0,False,0.5722,55.6
basal-1.5-mini,rules99,rule in state +facts,K08,exp03_completeness,0,1,False,0.6358,60.7
basal-1.5-mini,rules99,rule in state +facts,K09,exp03_completeness,1,1,True,0.9058,51.6
basal-1.5-mini,rules99,rule in state +facts,K10,exp03_completeness,0,0,True,0.9793,57.8
basal-1.5-mini,rules99,rule in state +facts,K11,exp03_completeness,1,1,True,0.9391,53.2
basal-1.5-mini,rules99,rule in state +facts,K12,exp03_completeness,0,0,True,0.9922,56.9
basal-1.5-mini,rules99,rule in state +facts,K13,exp03_completeness,1,1,True,0.9038,53.0
basal-1.5-mini,rules99,rule in state +facts,K14,exp03_completeness,1,0,False,0.5111,51.6
basal-1.5-mini,rules99,rule in state +facts,K15,exp03_completeness,0,0,True,0.989,64.9
basal-1.5-mini,rules99,rule in state +facts,K16,exp03_completeness,1,0,False,0.8948,56.3
basal-1.5-mini,rules99,rule in state +facts,K17,exp03_completeness,0,0,True,0.9736,50.7
basal-1.5-mini,rules99,rule in state +facts,K18,exp03_completeness,1,1,True,0.539,48.8
basal-1.5-mini,rules99,rule in state +facts,K19,exp03_completeness,1,0,False,0.5104,50.7
basal-1.5-mini,rules99,rule in state +facts,K20,exp03_completeness,0,0,True,0.84,54.5
basal-1.5-mini,rules99,rule in state +facts,K21,exp03_completeness,0,0,True,0.9778,64.3
basal-1.5-mini,rules99,rule in state +facts,K22,exp03_completeness,0,1,False,0.7969,65.3
basal-1.5-mini,rules99,rule in state +facts,K23,exp03_completeness,1,0,False,0.5,63.8
basal-1.5-mini,rules99,rule in state +facts,K24,exp03_completeness,1,1,True,0.9096,59.6
basal-1.5-mini,rules99,rule in state +facts,K25,exp03_completeness,0,0,True,0.9607,64.0
basal-1.5-mini,rules99,rule in state +facts,K26,exp03_completeness,1,1,True,0.9557,60.1
basal-1.5-mini,rules99,rule in state +facts,K27,exp03_completeness,0,1,False,0.5328,58.4
basal-1.5-mini,rules99,rule in state +facts,K28,exp03_completeness,1,0,False,0.6708,54.7
basal-1.5-mini,rules99,rule in state +facts,K29,exp03_completeness,0,0,True,0.9037,58.0
basal-1.5-mini,rules99,rule in state +facts,K30,exp03_completeness,1,1,True,0.9146,56.4
basal-1.5-mini,rules99,rule in state +facts,K31,exp03_completeness,1,1,True,0.9747,54.6
basal-1.5-mini,rules99,rule in state +facts,K32,exp03_completeness,0,1,False,0.5336,59.0
basal-1.5-mini,rules99,rule in state +facts,K33,exp03_completeness,0,1,False,0.8041,54.6
basal-1.5-mini,rules99,rule in state +facts,K34,exp03_completeness,1,1,True,0.9439,55.9
basal-1.5-mini,rules99,rule in state +facts,K35,exp03_completeness,0,0,True,0.9587,60.3
basal-1.5-mini,rules99,rule in state +facts,K36,exp03_completeness,1,1,True,0.7009,57.5
basal-1.5-mini,rules99,rule in state +facts,K37,exp03_completeness,0,1,False,0.906,55.6
basal-1.5-mini,rules99,rule in state +facts,K38,exp03_completeness,1,1,True,0.8263,54.0
basal-1.5-mini,rules99,rule in state +facts,K40,exp03_completeness,1,1,True,0.9806,49.7
basal-1.5 (4.5B),rules99,+facts,ADM01,exp04_rules,0,0,True,0.6528,200.3
basal-1.5 (4.5B),rules99,+facts,ADM02,exp04_rules,0,0,True,0.9669,136.2
basal-1.5 (4.5B),rules99,+facts,ADM03,exp04_rules,1,0,False,0.8354,191.6
basal-1.5 (4.5B),rules99,+facts,ADM04,exp04_rules,0,0,True,0.9762,172.1
basal-1.5 (4.5B),rules99,+facts,ADM12,exp04_rules,2,2,True,0.9942,182.3
basal-1.5 (4.5B),rules99,+facts,LAW01,exp04_rules,0,0,True,0.668,165.5
basal-1.5 (4.5B),rules99,+facts,LAW02,exp04_rules,1,0,False,0.6349,183.2
basal-1.5 (4.5B),rules99,+facts,LAW03,exp04_rules,1,1,True,0.9547,184.5
basal-1.5 (4.5B),rules99,+facts,LAW04,exp04_rules,1,1,True,0.9326,149.1
basal-1.5 (4.5B),rules99,+facts,LAW14,exp04_rules,2,1,False,0.6454,141.9
basal-1.5 (4.5B),rules99,+facts,HR01,exp04_rules,0,0,True,0.8909,151.9
basal-1.5 (4.5B),rules99,+facts,HR02,exp04_rules,1,1,True,0.7907,147.9
basal-1.5 (4.5B),rules99,+facts,HR03,exp04_rules,0,0,True,0.8766,178.9
basal-1.5 (4.5B),rules99,+facts,HR04,exp04_rules,0,0,True,0.9303,139.3
basal-1.5 (4.5B),rules99,+facts,HR14,exp04_rules,1,0,False,0.82,167.0
basal-1.5 (4.5B),rules99,+facts,MED01,exp04_rules,0,0,True,0.8234,216.1
basal-1.5 (4.5B),rules99,+facts,MED02,exp04_rules,1,1,True,0.9122,189.8
basal-1.5 (4.5B),rules99,+facts,MED03,exp04_rules,1,1,True,0.5583,173.3
basal-1.5 (4.5B),rules99,+facts,MED04,exp04_rules,0,0,True,0.8721,186.1
basal-1.5 (4.5B),rules99,+facts,MED13,exp04_rules,1,1,True,0.9707,137.5
basal-1.5 (4.5B),rules99,+facts,INS01,exp04_rules,1,0,False,0.6913,225.6
basal-1.5 (4.5B),rules99,+facts,INS02,exp04_rules,0,1,False,0.9256,157.0
basal-1.5 (4.5B),rules99,+facts,INS03,exp04_rules,0,0,True,0.9824,285.3
basal-1.5 (4.5B),rules99,+facts,INS04,exp04_rules,1,0,False,0.8909,358.0
basal-1.5 (4.5B),rules99,+facts,INS06,exp04_rules,1,1,True,0.8256,243.2
basal-1.5 (4.5B),rules99,+facts,BNK01,exp04_rules,1,1,True,0.971,280.6
basal-1.5 (4.5B),rules99,+facts,BNK02,exp04_rules,0,1,False,0.9526,364.5
basal-1.5 (4.5B),rules99,+facts,BNK03,exp04_rules,0,1,False,0.6901,270.6
basal-1.5 (4.5B),rules99,+facts,BNK04,exp04_rules,1,0,False,0.8567,290.9
basal-1.5 (4.5B),rules99,+facts,BNK05,exp04_rules,1,1,True,0.584,242.3
basal-1.5 (4.5B),rules99,+facts,LOG01,exp04_rules,1,0,False,0.6816,252.0
basal-1.5 (4.5B),rules99,+facts,LOG02,exp04_rules,0,1,False,0.5865,241.1
basal-1.5 (4.5B),rules99,+facts,LOG03,exp04_rules,1,1,True,0.6285,229.7
basal-1.5 (4.5B),rules99,+facts,LOG04,exp04_rules,0,0,True,0.9562,236.2
basal-1.5 (4.5B),rules99,+facts,LOG05,exp04_rules,1,0,False,0.8334,217.6
basal-1.5 (4.5B),rules99,+facts,ITS01,exp04_rules,0,0,True,0.9711,241.9
basal-1.5 (4.5B),rules99,+facts,ITS02,exp04_rules,1,0,False,0.8317,245.9
basal-1.5 (4.5B),rules99,+facts,ITS03,exp04_rules,1,0,False,0.9719,221.4
basal-1.5 (4.5B),rules99,+facts,ITS04,exp04_rules,0,1,False,0.772,180.9
basal-1.5 (4.5B),rules99,+facts,ITS05,exp04_rules,1,1,True,0.9718,154.7
basal-1.5 (4.5B),rules99,+facts,MFG01,exp04_rules,1,1,True,0.7853,166.9
basal-1.5 (4.5B),rules99,+facts,MFG02,exp04_rules,0,0,True,0.6276,218.1
basal-1.5 (4.5B),rules99,+facts,MFG03,exp04_rules,0,0,True,0.8641,167.1
basal-1.5 (4.5B),rules99,+facts,MFG04,exp04_rules,0,1,False,0.6816,210.9
basal-1.5 (4.5B),rules99,+facts,MFG05,exp04_rules,0,0,True,0.8878,153.5
basal-1.5 (4.5B),rules99,+facts,EDU01,exp04_rules,1,0,False,0.668,212.4
basal-1.5 (4.5B),rules99,+facts,EDU02,exp04_rules,0,0,True,0.9972,213.5
basal-1.5 (4.5B),rules99,+facts,EDU03,exp04_rules,1,0,False,0.612,147.3
basal-1.5 (4.5B),rules99,+facts,EDU04,exp04_rules,0,0,True,0.992,164.4
basal-1.5 (4.5B),rules99,+facts,EDU05,exp04_rules,1,1,True,0.9516,205.1
basal-1.5 (4.5B),rules99,+facts,RE01,exp04_rules,1,1,True,0.8046,159.5
basal-1.5 (4.5B),rules99,+facts,RE02,exp04_rules,0,1,False,0.772,291.9
basal-1.5 (4.5B),rules99,+facts,RE03,exp04_rules,1,1,True,0.561,158.6
basal-1.5 (4.5B),rules99,+facts,RE04,exp04_rules,0,0,True,0.9605,155.7
basal-1.5 (4.5B),rules99,+facts,RE05,exp04_rules,0,0,True,0.9129,203.5
basal-1.5 (4.5B),rules99,+facts,ECM01,exp04_rules,0,0,True,0.9164,268.7
basal-1.5 (4.5B),rules99,+facts,ECM02,exp04_rules,1,1,True,0.9327,256.1
basal-1.5 (4.5B),rules99,+facts,ECM03,exp04_rules,1,1,True,0.505,260.2
basal-1.5 (4.5B),rules99,+facts,ECM04,exp04_rules,1,0,False,0.9393,273.2
basal-1.5 (4.5B),rules99,+facts,ECM05,exp04_rules,0,0,True,0.934,256.9
basal-1.5 (4.5B),rules99,+facts,K01,exp03_completeness,0,0,True,0.9751,153.4
basal-1.5 (4.5B),rules99,+facts,K02,exp03_completeness,1,0,False,0.9295,156.6
basal-1.5 (4.5B),rules99,+facts,K03,exp03_completeness,1,0,False,0.808,145.0
basal-1.5 (4.5B),rules99,+facts,K04,exp03_completeness,0,0,True,0.9881,150.2
basal-1.5 (4.5B),rules99,+facts,K05,exp03_completeness,1,1,True,0.9907,144.6
basal-1.5 (4.5B),rules99,+facts,K06,exp03_completeness,0,0,True,0.9595,148.3
basal-1.5 (4.5B),rules99,+facts,K07,exp03_completeness,1,0,False,0.8256,144.0
basal-1.5 (4.5B),rules99,+facts,K08,exp03_completeness,0,0,True,0.9785,142.2
basal-1.5 (4.5B),rules99,+facts,K09,exp03_completeness,1,1,True,0.7841,140.2
basal-1.5 (4.5B),rules99,+facts,K10,exp03_completeness,0,0,True,0.9892,154.9
basal-1.5 (4.5B),rules99,+facts,K11,exp03_completeness,1,1,True,0.9612,143.3
basal-1.5 (4.5B),rules99,+facts,K12,exp03_completeness,0,0,True,0.9972,156.5
basal-1.5 (4.5B),rules99,+facts,K13,exp03_completeness,1,1,True,0.535,133.2
basal-1.5 (4.5B),rules99,+facts,K14,exp03_completeness,1,1,True,0.8217,136.8
basal-1.5 (4.5B),rules99,+facts,K15,exp03_completeness,0,0,True,0.9971,155.6
basal-1.5 (4.5B),rules99,+facts,K16,exp03_completeness,1,1,True,0.9471,152.0
basal-1.5 (4.5B),rules99,+facts,K17,exp03_completeness,0,0,True,0.995,139.0
basal-1.5 (4.5B),rules99,+facts,K18,exp03_completeness,1,0,False,0.7782,127.7
basal-1.5 (4.5B),rules99,+facts,K19,exp03_completeness,1,1,True,0.9477,136.7
basal-1.5 (4.5B),rules99,+facts,K20,exp03_completeness,0,0,True,0.9896,144.8
basal-1.5 (4.5B),rules99,+facts,K21,exp03_completeness,0,0,True,0.9691,177.2
basal-1.5 (4.5B),rules99,+facts,K22,exp03_completeness,0,0,True,0.601,173.8
basal-1.5 (4.5B),rules99,+facts,K23,exp03_completeness,1,0,False,0.6991,173.3
basal-1.5 (4.5B),rules99,+facts,K24,exp03_completeness,1,1,True,0.8938,167.6
basal-1.5 (4.5B),rules99,+facts,K25,exp03_completeness,0,0,True,0.9938,183.9
basal-1.5 (4.5B),rules99,+facts,K26,exp03_completeness,1,1,True,0.7431,167.8
basal-1.5 (4.5B),rules99,+facts,K27,exp03_completeness,0,0,True,0.9867,159.8
basal-1.5 (4.5B),rules99,+facts,K28,exp03_completeness,1,0,False,0.6606,158.3
basal-1.5 (4.5B),rules99,+facts,K29,exp03_completeness,0,0,True,0.9899,162.5
basal-1.5 (4.5B),rules99,+facts,K30,exp03_completeness,1,1,True,0.9396,156.7
basal-1.5 (4.5B),rules99,+facts,K31,exp03_completeness,1,1,True,0.9953,154.1
basal-1.5 (4.5B),rules99,+facts,K32,exp03_completeness,0,0,True,0.9548,165.7
basal-1.5 (4.5B),rules99,+facts,K33,exp03_completeness,0,0,True,0.905,148.3
basal-1.5 (4.5B),rules99,+facts,K34,exp03_completeness,1,1,True,0.9745,146.5
basal-1.5 (4.5B),rules99,+facts,K35,exp03_completeness,0,0,True,0.9941,158.3
basal-1.5 (4.5B),rules99,+facts,K36,exp03_completeness,1,1,True,0.9813,157.2
basal-1.5 (4.5B),rules99,+facts,K37,exp03_completeness,0,0,True,0.7491,157.4
basal-1.5 (4.5B),rules99,+facts,K38,exp03_completeness,1,1,True,0.7607,148.3
basal-1.5 (4.5B),rules99,+facts,K40,exp03_completeness,1,1,True,0.9962,142.2
basal-1.5 (4.5B),rules99,rule in state,ADM01,exp04_rules,0,0,True,0.8027,136.1
basal-1.5 (4.5B),rules99,rule in state,ADM02,exp04_rules,0,0,True,0.9458,131.6
basal-1.5 (4.5B),rules99,rule in state,ADM03,exp04_rules,1,0,False,0.8334,137.0
basal-1.5 (4.5B),rules99,rule in state,ADM04,exp04_rules,0,0,True,0.9719,144.7
basal-1.5 (4.5B),rules99,rule in state,ADM12,exp04_rules,2,2,True,0.9942,147.8
basal-1.5 (4.5B),rules99,rule in state,LAW01,exp04_rules,0,0,True,0.6901,126.2
basal-1.5 (4.5B),rules99,rule in state,LAW02,exp04_rules,1,0,False,0.7934,145.2
basal-1.5 (4.5B),rules99,rule in state,LAW03,exp04_rules,1,1,True,0.9574,144.4
basal-1.5 (4.5B),rules99,rule in state,LAW04,exp04_rules,1,1,True,0.959,145.6
basal-1.5 (4.5B),rules99,rule in state,LAW14,exp04_rules,2,1,False,0.6882,136.9
basal-1.5 (4.5B),rules99,rule in state,HR01,exp04_rules,0,0,True,0.8938,139.1
basal-1.5 (4.5B),rules99,rule in state,HR02,exp04_rules,1,1,True,0.7477,131.4
basal-1.5 (4.5B),rules99,rule in state,HR03,exp04_rules,0,0,True,0.8135,131.7
basal-1.5 (4.5B),rules99,rule in state,HR04,exp04_rules,0,0,True,0.9303,133.1
basal-1.5 (4.5B),rules99,rule in state,HR14,exp04_rules,1,0,False,0.5876,142.3
basal-1.5 (4.5B),rules99,rule in state,MED01,exp04_rules,0,0,True,0.9101,170.7
basal-1.5 (4.5B),rules99,rule in state,MED02,exp04_rules,1,0,False,0.6363,148.5
basal-1.5 (4.5B),rules99,rule in state,MED03,exp04_rules,1,0,False,0.8897,130.9
basal-1.5 (4.5B),rules99,rule in state,MED04,exp04_rules,0,0,True,0.9003,139.0
basal-1.5 (4.5B),rules99,rule in state,MED13,exp04_rules,1,1,True,0.9819,122.8
basal-1.5 (4.5B),rules99,rule in state,INS01,exp04_rules,1,1,True,0.7736,147.9
basal-1.5 (4.5B),rules99,rule in state,INS02,exp04_rules,0,1,False,0.9631,143.7
basal-1.5 (4.5B),rules99,rule in state,INS03,exp04_rules,0,0,True,0.9631,173.3
basal-1.5 (4.5B),rules99,rule in state,INS04,exp04_rules,1,0,False,0.9322,167.4
basal-1.5 (4.5B),rules99,rule in state,INS06,exp04_rules,1,1,True,0.8187,163.0
basal-1.5 (4.5B),rules99,rule in state,BNK01,exp04_rules,1,1,True,0.7571,189.3
basal-1.5 (4.5B),rules99,rule in state,BNK02,exp04_rules,0,1,False,0.6138,202.6
basal-1.5 (4.5B),rules99,rule in state,BNK03,exp04_rules,0,0,True,0.7275,152.4
basal-1.5 (4.5B),rules99,rule in state,BNK04,exp04_rules,1,0,False,0.7913,154.2
basal-1.5 (4.5B),rules99,rule in state,BNK05,exp04_rules,1,0,False,0.8135,147.3
basal-1.5 (4.5B),rules99,rule in state,LOG01,exp04_rules,1,0,False,0.6983,160.1
basal-1.5 (4.5B),rules99,rule in state,LOG02,exp04_rules,0,1,False,0.8217,175.0
basal-1.5 (4.5B),rules99,rule in state,LOG03,exp04_rules,1,1,True,0.8513,157.9
basal-1.5 (4.5B),rules99,rule in state,LOG04,exp04_rules,0,0,True,0.7969,157.0
basal-1.5 (4.5B),rules99,rule in state,LOG05,exp04_rules,1,0,False,0.6913,164.6
basal-1.5 (4.5B),rules99,rule in state,ITS01,exp04_rules,0,0,True,0.9858,157.7
basal-1.5 (4.5B),rules99,rule in state,ITS02,exp04_rules,1,0,False,0.9327,166.6
basal-1.5 (4.5B),rules99,rule in state,ITS03,exp04_rules,1,0,False,0.9448,162.2
basal-1.5 (4.5B),rules99,rule in state,ITS04,exp04_rules,0,1,False,0.8721,142.0
basal-1.5 (4.5B),rules99,rule in state,ITS05,exp04_rules,1,1,True,0.8819,143.9
basal-1.5 (4.5B),rules99,rule in state,MFG01,exp04_rules,1,1,True,0.8591,157.6
basal-1.5 (4.5B),rules99,rule in state,MFG02,exp04_rules,0,0,True,0.6187,209.3
basal-1.5 (4.5B),rules99,rule in state,MFG03,exp04_rules,0,0,True,0.8622,166.3
basal-1.5 (4.5B),rules99,rule in state,MFG04,exp04_rules,0,0,True,0.7544,166.3
basal-1.5 (4.5B),rules99,rule in state,MFG05,exp04_rules,0,0,True,0.9256,155.1
basal-1.5 (4.5B),rules99,rule in state,EDU01,exp04_rules,1,0,False,0.668,167.3
basal-1.5 (4.5B),rules99,rule in state,EDU02,exp04_rules,0,0,True,0.9959,164.3
basal-1.5 (4.5B),rules99,rule in state,EDU03,exp04_rules,1,0,False,0.668,150.0
basal-1.5 (4.5B),rules99,rule in state,EDU04,exp04_rules,0,0,True,0.994,162.8
basal-1.5 (4.5B),rules99,rule in state,EDU05,exp04_rules,1,1,True,0.9519,157.7
basal-1.5 (4.5B),rules99,rule in state,RE01,exp04_rules,1,1,True,0.8674,161.2
basal-1.5 (4.5B),rules99,rule in state,RE02,exp04_rules,0,1,False,0.772,204.0
basal-1.5 (4.5B),rules99,rule in state,RE03,exp04_rules,1,0,False,0.561,157.2
basal-1.5 (4.5B),rules99,rule in state,RE04,exp04_rules,0,0,True,0.9447,153.2
basal-1.5 (4.5B),rules99,rule in state,RE05,exp04_rules,0,0,True,0.7907,156.4
basal-1.5 (4.5B),rules99,rule in state,ECM01,exp04_rules,0,0,True,0.9256,228.1
basal-1.5 (4.5B),rules99,rule in state,ECM02,exp04_rules,1,1,True,0.9369,217.9
basal-1.5 (4.5B),rules99,rule in state,ECM03,exp04_rules,1,0,False,0.5,217.9
basal-1.5 (4.5B),rules99,rule in state,ECM04,exp04_rules,1,0,False,0.9262,210.6
basal-1.5 (4.5B),rules99,rule in state,ECM05,exp04_rules,0,0,True,0.9216,216.1
basal-1.5 (4.5B),rules99,rule in state,K01,exp03_completeness,0,0,True,0.8766,151.8
basal-1.5 (4.5B),rules99,rule in state,K02,exp03_completeness,1,0,False,0.905,154.8
basal-1.5 (4.5B),rules99,rule in state,K03,exp03_completeness,1,1,True,0.5349,144.1
basal-1.5 (4.5B),rules99,rule in state,K04,exp03_completeness,0,0,True,0.989,164.6
basal-1.5 (4.5B),rules99,rule in state,K05,exp03_completeness,1,1,True,0.9934,144.0
basal-1.5 (4.5B),rules99,rule in state,K06,exp03_completeness,0,1,False,0.6008,143.8
basal-1.5 (4.5B),rules99,rule in state,K07,exp03_completeness,1,1,True,0.5087,156.6
basal-1.5 (4.5B),rules99,rule in state,K08,exp03_completeness,0,0,True,0.9393,141.1
basal-1.5 (4.5B),rules99,rule in state,K09,exp03_completeness,1,1,True,0.8713,143.2
basal-1.5 (4.5B),rules99,rule in state,K10,exp03_completeness,0,0,True,0.987,160.7
basal-1.5 (4.5B),rules99,rule in state,K11,exp03_completeness,1,1,True,0.9198,143.8
basal-1.5 (4.5B),rules99,rule in state,K12,exp03_completeness,0,0,True,0.9979,140.5
basal-1.5 (4.5B),rules99,rule in state,K13,exp03_completeness,1,0,False,0.7412,135.0
basal-1.5 (4.5B),rules99,rule in state,K14,exp03_completeness,1,1,True,0.898,135.9
basal-1.5 (4.5B),rules99,rule in state,K15,exp03_completeness,0,0,True,0.995,144.4
basal-1.5 (4.5B),rules99,rule in state,K16,exp03_completeness,1,1,True,0.9363,142.1
basal-1.5 (4.5B),rules99,rule in state,K17,exp03_completeness,0,0,True,0.9952,139.8
basal-1.5 (4.5B),rules99,rule in state,K18,exp03_completeness,1,0,False,0.5257,139.3
basal-1.5 (4.5B),rules99,rule in state,K19,exp03_completeness,1,1,True,0.9892,138.1
basal-1.5 (4.5B),rules99,rule in state,K20,exp03_completeness,0,0,True,0.9933,145.0
basal-1.5 (4.5B),rules99,rule in state,K21,exp03_completeness,0,0,True,0.9735,166.7
basal-1.5 (4.5B),rules99,rule in state,K22,exp03_completeness,0,1,False,0.6892,171.1
basal-1.5 (4.5B),rules99,rule in state,K23,exp03_completeness,1,1,True,0.8877,173.0
basal-1.5 (4.5B),rules99,rule in state,K24,exp03_completeness,1,1,True,0.9519,165.4
basal-1.5 (4.5B),rules99,rule in state,K25,exp03_completeness,0,0,True,0.9958,177.3
basal-1.5 (4.5B),rules99,rule in state,K26,exp03_completeness,1,1,True,0.9484,163.0
basal-1.5 (4.5B),rules99,rule in state,K27,exp03_completeness,0,0,True,0.9812,162.9
basal-1.5 (4.5B),rules99,rule in state,K28,exp03_completeness,1,1,True,0.7049,167.2
basal-1.5 (4.5B),rules99,rule in state,K29,exp03_completeness,0,0,True,0.9831,167.2
basal-1.5 (4.5B),rules99,rule in state,K30,exp03_completeness,1,1,True,0.9836,165.3
basal-1.5 (4.5B),rules99,rule in state,K31,exp03_completeness,1,1,True,0.9954,172.0
basal-1.5 (4.5B),rules99,rule in state,K32,exp03_completeness,0,0,True,0.7889,178.2
basal-1.5 (4.5B),rules99,rule in state,K33,exp03_completeness,0,0,True,0.6008,180.4
basal-1.5 (4.5B),rules99,rule in state,K34,exp03_completeness,1,1,True,0.9719,153.8
basal-1.5 (4.5B),rules99,rule in state,K35,exp03_completeness,0,0,True,0.9948,176.1
basal-1.5 (4.5B),rules99,rule in state,K36,exp03_completeness,1,1,True,0.9421,163.5
basal-1.5 (4.5B),rules99,rule in state,K37,exp03_completeness,0,1,False,0.8479,158.5
basal-1.5 (4.5B),rules99,rule in state,K38,exp03_completeness,1,1,True,0.8731,153.8
basal-1.5 (4.5B),rules99,rule in state,K40,exp03_completeness,1,1,True,0.9943,147.1
basal-1.5 (4.5B),rules99,rule in state +facts,ADM01,exp04_rules,0,1,False,0.5434,238.1
basal-1.5 (4.5B),rules99,rule in state +facts,ADM02,exp04_rules,0,0,True,0.9458,132.0
basal-1.5 (4.5B),rules99,rule in state +facts,ADM03,exp04_rules,1,0,False,0.8468,236.0
basal-1.5 (4.5B),rules99,rule in state +facts,ADM04,exp04_rules,0,0,True,0.9804,183.3
basal-1.5 (4.5B),rules99,rule in state +facts,ADM12,exp04_rules,2,2,True,0.9969,211.8
basal-1.5 (4.5B),rules99,rule in state +facts,LAW01,exp04_rules,0,0,True,0.5765,190.4
basal-1.5 (4.5B),rules99,rule in state +facts,LAW02,exp04_rules,1,1,True,0.877,239.6
basal-1.5 (4.5B),rules99,rule in state +facts,LAW03,exp04_rules,1,1,True,0.8806,212.9
basal-1.5 (4.5B),rules99,rule in state +facts,LAW04,exp04_rules,1,1,True,0.959,165.2
basal-1.5 (4.5B),rules99,rule in state +facts,LAW14,exp04_rules,2,1,False,0.8516,176.1
basal-1.5 (4.5B),rules99,rule in state +facts,HR01,exp04_rules,0,0,True,0.8909,163.7
basal-1.5 (4.5B),rules99,rule in state +facts,HR02,exp04_rules,1,1,True,0.7907,151.1
basal-1.5 (4.5B),rules99,rule in state +facts,HR03,exp04_rules,0,0,True,0.8766,191.3
basal-1.5 (4.5B),rules99,rule in state +facts,HR04,exp04_rules,0,0,True,0.9303,146.7
basal-1.5 (4.5B),rules99,rule in state +facts,HR14,exp04_rules,1,0,False,0.7617,212.3
basal-1.5 (4.5B),rules99,rule in state +facts,MED01,exp04_rules,0,0,True,0.8966,321.1
basal-1.5 (4.5B),rules99,rule in state +facts,MED02,exp04_rules,1,1,True,0.9728,261.0
basal-1.5 (4.5B),rules99,rule in state +facts,MED03,exp04_rules,1,0,False,0.9105,232.9
basal-1.5 (4.5B),rules99,rule in state +facts,MED04,exp04_rules,0,0,True,0.878,247.9
basal-1.5 (4.5B),rules99,rule in state +facts,MED13,exp04_rules,1,1,True,0.9819,150.4
basal-1.5 (4.5B),rules99,rule in state +facts,INS01,exp04_rules,1,1,True,0.8809,321.7
basal-1.5 (4.5B),rules99,rule in state +facts,INS02,exp04_rules,0,0,True,0.9807,214.7
basal-1.5 (4.5B),rules99,rule in state +facts,INS03,exp04_rules,0,0,True,0.9851,320.7
basal-1.5 (4.5B),rules99,rule in state +facts,INS04,exp04_rules,1,0,False,0.8909,405.9
basal-1.5 (4.5B),rules99,rule in state +facts,INS06,exp04_rules,1,1,True,0.8021,375.8
basal-1.5 (4.5B),rules99,rule in state +facts,BNK01,exp04_rules,1,0,False,0.9404,458.1
basal-1.5 (4.5B),rules99,rule in state +facts,BNK02,exp04_rules,0,1,False,0.5078,498.2
basal-1.5 (4.5B),rules99,rule in state +facts,BNK03,exp04_rules,0,0,True,0.5776,429.1
basal-1.5 (4.5B),rules99,rule in state +facts,BNK04,exp04_rules,1,0,False,0.7789,393.8
basal-1.5 (4.5B),rules99,rule in state +facts,BNK05,exp04_rules,1,1,True,0.8827,383.1
basal-1.5 (4.5B),rules99,rule in state +facts,LOG01,exp04_rules,1,0,False,0.8175,353.1
basal-1.5 (4.5B),rules99,rule in state +facts,LOG02,exp04_rules,0,1,False,0.7331,293.0
basal-1.5 (4.5B),rules99,rule in state +facts,LOG03,exp04_rules,1,1,True,0.8878,232.6
basal-1.5 (4.5B),rules99,rule in state +facts,LOG04,exp04_rules,0,0,True,0.921,236.4
basal-1.5 (4.5B),rules99,rule in state +facts,LOG05,exp04_rules,1,0,False,0.7204,256.8
basal-1.5 (4.5B),rules99,rule in state +facts,ITS01,exp04_rules,0,0,True,0.921,311.3
basal-1.5 (4.5B),rules99,rule in state +facts,ITS02,exp04_rules,1,0,False,0.8946,306.4
basal-1.5 (4.5B),rules99,rule in state +facts,ITS03,exp04_rules,1,1,True,0.7134,253.2
basal-1.5 (4.5B),rules99,rule in state +facts,ITS04,exp04_rules,0,1,False,0.5078,231.7
basal-1.5 (4.5B),rules99,rule in state +facts,ITS05,exp04_rules,1,1,True,0.8819,150.5
basal-1.5 (4.5B),rules99,rule in state +facts,MFG01,exp04_rules,1,1,True,0.8591,164.8
basal-1.5 (4.5B),rules99,rule in state +facts,MFG02,exp04_rules,0,0,True,0.6187,210.0
basal-1.5 (4.5B),rules99,rule in state +facts,MFG03,exp04_rules,0,0,True,0.8622,160.4
basal-1.5 (4.5B),rules99,rule in state +facts,MFG04,exp04_rules,0,1,False,0.6816,202.1
basal-1.5 (4.5B),rules99,rule in state +facts,MFG05,exp04_rules,0,0,True,0.9256,146.6
basal-1.5 (4.5B),rules99,rule in state +facts,EDU01,exp04_rules,1,0,False,0.668,199.9
basal-1.5 (4.5B),rules99,rule in state +facts,EDU02,exp04_rules,0,0,True,0.9942,198.9
basal-1.5 (4.5B),rules99,rule in state +facts,EDU03,exp04_rules,1,1,True,0.675,157.9
basal-1.5 (4.5B),rules99,rule in state +facts,EDU04,exp04_rules,0,0,True,0.994,155.4
basal-1.5 (4.5B),rules99,rule in state +facts,EDU05,exp04_rules,1,1,True,0.9326,227.5
basal-1.5 (4.5B),rules99,rule in state +facts,RE01,exp04_rules,1,1,True,0.8674,151.2
basal-1.5 (4.5B),rules99,rule in state +facts,RE02,exp04_rules,0,1,False,0.6901,334.3
basal-1.5 (4.5B),rules99,rule in state +facts,RE03,exp04_rules,1,0,False,0.561,149.6
basal-1.5 (4.5B),rules99,rule in state +facts,RE04,exp04_rules,0,0,True,0.9447,147.4
basal-1.5 (4.5B),rules99,rule in state +facts,RE05,exp04_rules,0,0,True,0.6879,283.3
basal-1.5 (4.5B),rules99,rule in state +facts,ECM01,exp04_rules,0,0,True,0.9164,251.2
basal-1.5 (4.5B),rules99,rule in state +facts,ECM02,exp04_rules,1,1,True,0.9327,244.0
basal-1.5 (4.5B),rules99,rule in state +facts,ECM03,exp04_rules,1,1,True,0.505,242.1
basal-1.5 (4.5B),rules99,rule in state +facts,ECM04,exp04_rules,1,0,False,0.9393,256.8
basal-1.5 (4.5B),rules99,rule in state +facts,ECM05,exp04_rules,0,0,True,0.934,246.8
basal-1.5 (4.5B),rules99,rule in state +facts,K01,exp03_completeness,0,0,True,0.8766,150.2
basal-1.5 (4.5B),rules99,rule in state +facts,K02,exp03_completeness,1,0,False,0.905,156.8
basal-1.5 (4.5B),rules99,rule in state +facts,K03,exp03_completeness,1,1,True,0.5349,146.5
basal-1.5 (4.5B),rules99,rule in state +facts,K04,exp03_completeness,0,0,True,0.989,166.3
basal-1.5 (4.5B),rules99,rule in state +facts,K05,exp03_completeness,1,1,True,0.9934,145.5
basal-1.5 (4.5B),rules99,rule in state +facts,K06,exp03_completeness,0,1,False,0.6008,143.2
basal-1.5 (4.5B),rules99,rule in state +facts,K07,exp03_completeness,1,1,True,0.5087,141.2
basal-1.5 (4.5B),rules99,rule in state +facts,K08,exp03_completeness,0,0,True,0.9393,141.6
basal-1.5 (4.5B),rules99,rule in state +facts,K09,exp03_completeness,1,1,True,0.8713,134.8
basal-1.5 (4.5B),rules99,rule in state +facts,K10,exp03_completeness,0,0,True,0.987,150.0
basal-1.5 (4.5B),rules99,rule in state +facts,K11,exp03_completeness,1,1,True,0.9198,141.7
basal-1.5 (4.5B),rules99,rule in state +facts,K12,exp03_completeness,0,0,True,0.9984,156.6
basal-1.5 (4.5B),rules99,rule in state +facts,K13,exp03_completeness,1,0,False,0.7412,134.0
basal-1.5 (4.5B),rules99,rule in state +facts,K14,exp03_completeness,1,1,True,0.898,138.4
basal-1.5 (4.5B),rules99,rule in state +facts,K15,exp03_completeness,0,0,True,0.9938,150.9
basal-1.5 (4.5B),rules99,rule in state +facts,K16,exp03_completeness,1,1,True,0.9668,149.2
basal-1.5 (4.5B),rules99,rule in state +facts,K17,exp03_completeness,0,0,True,0.9952,136.4
basal-1.5 (4.5B),rules99,rule in state +facts,K18,exp03_completeness,1,0,False,0.5257,130.5
basal-1.5 (4.5B),rules99,rule in state +facts,K19,exp03_completeness,1,1,True,0.9892,134.1
basal-1.5 (4.5B),rules99,rule in state +facts,K20,exp03_completeness,0,0,True,0.9933,134.6
basal-1.5 (4.5B),rules99,rule in state +facts,K21,exp03_completeness,0,0,True,0.9897,170.8
basal-1.5 (4.5B),rules99,rule in state +facts,K22,exp03_completeness,0,1,False,0.8524,172.9
basal-1.5 (4.5B),rules99,rule in state +facts,K23,exp03_completeness,1,1,True,0.9621,165.1
basal-1.5 (4.5B),rules99,rule in state +facts,K24,exp03_completeness,1,1,True,0.9642,157.6
basal-1.5 (4.5B),rules99,rule in state +facts,K25,exp03_completeness,0,0,True,0.9968,176.1
basal-1.5 (4.5B),rules99,rule in state +facts,K26,exp03_completeness,1,1,True,0.9737,160.2
basal-1.5 (4.5B),rules99,rule in state +facts,K27,exp03_completeness,0,0,True,0.9812,152.0
basal-1.5 (4.5B),rules99,rule in state +facts,K28,exp03_completeness,1,1,True,0.7049,147.5
basal-1.5 (4.5B),rules99,rule in state +facts,K29,exp03_completeness,0,0,True,0.9831,145.2
basal-1.5 (4.5B),rules99,rule in state +facts,K30,exp03_completeness,1,1,True,0.9836,147.0
basal-1.5 (4.5B),rules99,rule in state +facts,K31,exp03_completeness,1,1,True,0.9954,145.1
basal-1.5 (4.5B),rules99,rule in state +facts,K32,exp03_completeness,0,0,True,0.7889,155.1
basal-1.5 (4.5B),rules99,rule in state +facts,K33,exp03_completeness,0,0,True,0.6008,145.3
basal-1.5 (4.5B),rules99,rule in state +facts,K34,exp03_completeness,1,1,True,0.9719,132.2
basal-1.5 (4.5B),rules99,rule in state +facts,K35,exp03_completeness,0,0,True,0.9948,152.5
basal-1.5 (4.5B),rules99,rule in state +facts,K36,exp03_completeness,1,1,True,0.9421,144.9
basal-1.5 (4.5B),rules99,rule in state +facts,K37,exp03_completeness,0,1,False,0.8479,141.8
basal-1.5 (4.5B),rules99,rule in state +facts,K38,exp03_completeness,1,1,True,0.8731,136.8
basal-1.5 (4.5B),rules99,rule in state +facts,K40,exp03_completeness,1,1,True,0.9943,133.2
basal-1.5-max,rules99,+facts,ADM01,exp04_rules,0,0,True,0.7713,434.3
basal-1.5-max,rules99,+facts,ADM02,exp04_rules,0,0,True,0.9897,312.5
basal-1.5-max,rules99,+facts,ADM03,exp04_rules,1,0,False,0.9735,426.8
basal-1.5-max,rules99,+facts,ADM04,exp04_rules,0,0,True,0.969,354.0
basal-1.5-max,rules99,+facts,ADM12,exp04_rules,2,2,True,0.9997,390.8
basal-1.5-max,rules99,+facts,LAW01,exp04_rules,0,1,False,0.9096,352.8
basal-1.5-max,rules99,+facts,LAW02,exp04_rules,1,0,False,0.8037,411.1
basal-1.5-max,rules99,+facts,LAW03,exp04_rules,1,1,True,0.9516,425.4
basal-1.5-max,rules99,+facts,LAW04,exp04_rules,1,1,True,0.5398,347.4
basal-1.5-max,rules99,+facts,LAW14,exp04_rules,2,1,False,0.6983,289.8
basal-1.5-max,rules99,+facts,HR01,exp04_rules,0,0,True,0.5202,324.2
basal-1.5-max,rules99,+facts,HR02,exp04_rules,1,1,True,0.9096,312.9
basal-1.5-max,rules99,+facts,HR03,exp04_rules,0,0,True,0.916,389.6
basal-1.5-max,rules99,+facts,HR04,exp04_rules,0,0,True,0.9747,289.7
basal-1.5-max,rules99,+facts,HR14,exp04_rules,1,1,True,0.6738,399.2
basal-1.5-max,rules99,+facts,MED01,exp04_rules,0,0,True,0.652,557.4
basal-1.5-max,rules99,+facts,MED02,exp04_rules,1,1,True,0.9745,454.2
basal-1.5-max,rules99,+facts,MED03,exp04_rules,1,1,True,0.8912,338.7
basal-1.5-max,rules99,+facts,MED04,exp04_rules,0,0,True,0.9703,363.1
basal-1.5-max,rules99,+facts,MED13,exp04_rules,1,1,True,0.9994,253.9
basal-1.5-max,rules99,+facts,INS01,exp04_rules,1,0,False,0.7408,451.6
basal-1.5-max,rules99,+facts,INS02,exp04_rules,0,0,True,0.9179,300.4
basal-1.5-max,rules99,+facts,INS03,exp04_rules,0,0,True,0.6834,581.2
basal-1.5-max,rules99,+facts,INS04,exp04_rules,1,1,True,0.8611,681.8
basal-1.5-max,rules99,+facts,INS06,exp04_rules,1,0,False,0.5704,451.3
basal-1.5-max,rules99,+facts,BNK01,exp04_rules,1,0,False,0.6443,567.2
basal-1.5-max,rules99,+facts,BNK02,exp04_rules,0,0,True,0.8509,709.1
basal-1.5-max,rules99,+facts,BNK03,exp04_rules,0,0,True,0.9271,461.3
basal-1.5-max,rules99,+facts,BNK04,exp04_rules,1,1,True,0.8792,497.0
basal-1.5-max,rules99,+facts,BNK05,exp04_rules,1,1,True,0.9188,427.9
basal-1.5-max,rules99,+facts,LOG01,exp04_rules,1,1,True,0.7639,441.7
basal-1.5-max,rules99,+facts,LOG02,exp04_rules,0,0,True,0.8161,437.2
basal-1.5-max,rules99,+facts,LOG03,exp04_rules,1,1,True,0.9591,405.9
basal-1.5-max,rules99,+facts,LOG04,exp04_rules,0,0,True,0.5704,435.0
basal-1.5-max,rules99,+facts,LOG05,exp04_rules,1,0,False,0.6286,395.6
basal-1.5-max,rules99,+facts,ITS01,exp04_rules,0,0,True,0.7853,441.1
basal-1.5-max,rules99,+facts,ITS02,exp04_rules,1,0,False,0.9002,442.6
basal-1.5-max,rules99,+facts,ITS03,exp04_rules,1,0,False,0.5202,394.7
basal-1.5-max,rules99,+facts,ITS04,exp04_rules,0,0,True,0.9391,330.4
basal-1.5-max,rules99,+facts,ITS05,exp04_rules,1,1,True,0.9881,273.1
basal-1.5-max,rules99,+facts,MFG01,exp04_rules,1,1,True,0.9842,305.5
basal-1.5-max,rules99,+facts,MFG02,exp04_rules,0,1,False,0.5094,401.0
basal-1.5-max,rules99,+facts,MFG03,exp04_rules,0,0,True,0.5504,303.7
basal-1.5-max,rules99,+facts,MFG04,exp04_rules,0,1,False,0.8831,383.4
basal-1.5-max,rules99,+facts,MFG05,exp04_rules,0,0,True,0.9975,277.1
basal-1.5-max,rules99,+facts,EDU01,exp04_rules,1,1,True,0.9221,383.0
basal-1.5-max,rules99,+facts,EDU02,exp04_rules,0,0,True,0.999,381.8
basal-1.5-max,rules99,+facts,EDU03,exp04_rules,1,0,False,0.6087,253.4
basal-1.5-max,rules99,+facts,EDU04,exp04_rules,0,0,True,0.9789,304.3
basal-1.5-max,rules99,+facts,EDU05,exp04_rules,1,1,True,0.8744,375.3
basal-1.5-max,rules99,+facts,RE01,exp04_rules,1,1,True,0.971,287.9
basal-1.5-max,rules99,+facts,RE02,exp04_rules,0,1,False,0.6922,529.2
basal-1.5-max,rules99,+facts,RE03,exp04_rules,1,1,True,0.9913,282.8
basal-1.5-max,rules99,+facts,RE04,exp04_rules,0,0,True,0.9854,277.6
basal-1.5-max,rules99,+facts,RE05,exp04_rules,0,0,True,0.7866,378.3
basal-1.5-max,rules99,+facts,ECM01,exp04_rules,0,0,True,0.7092,501.3
basal-1.5-max,rules99,+facts,ECM02,exp04_rules,1,1,True,0.9948,474.1
basal-1.5-max,rules99,+facts,ECM03,exp04_rules,1,1,True,0.9444,477.8
basal-1.5-max,rules99,+facts,ECM04,exp04_rules,1,0,False,0.8653,515.1
basal-1.5-max,rules99,+facts,ECM05,exp04_rules,0,0,True,0.9923,476.8
basal-1.5-max,rules99,+facts,K01,exp03_completeness,0,0,True,0.9576,275.4
basal-1.5-max,rules99,+facts,K02,exp03_completeness,1,0,False,0.9552,293.8
basal-1.5-max,rules99,+facts,K03,exp03_completeness,1,1,True,0.9879,257.2
basal-1.5-max,rules99,+facts,K04,exp03_completeness,0,0,True,0.9983,292.8
basal-1.5-max,rules99,+facts,K05,exp03_completeness,1,1,True,0.9986,255.7
basal-1.5-max,rules99,+facts,K06,exp03_completeness,0,0,True,0.9391,255.7
basal-1.5-max,rules99,+facts,K07,exp03_completeness,1,1,True,0.9942,256.2
basal-1.5-max,rules99,+facts,K08,exp03_completeness,0,0,True,0.965,255.0
basal-1.5-max,rules99,+facts,K09,exp03_completeness,1,1,True,0.9002,245.8
basal-1.5-max,rules99,+facts,K10,exp03_completeness,0,0,True,0.9968,291.8
basal-1.5-max,rules99,+facts,K11,exp03_completeness,1,1,True,0.916,252.9
basal-1.5-max,rules99,+facts,K12,exp03_completeness,0,0,True,0.9973,290.3
basal-1.5-max,rules99,+facts,K13,exp03_completeness,1,1,True,0.9942,221.2
basal-1.5-max,rules99,+facts,K14,exp03_completeness,1,1,True,0.9985,241.4
basal-1.5-max,rules99,+facts,K15,exp03_completeness,0,0,True,0.9955,289.3
basal-1.5-max,rules99,+facts,K16,exp03_completeness,1,1,True,0.9932,284.3
basal-1.5-max,rules99,+facts,K17,exp03_completeness,0,0,True,0.9791,240.7
basal-1.5-max,rules99,+facts,K18,exp03_completeness,1,1,True,0.9923,223.4
basal-1.5-max,rules99,+facts,K19,exp03_completeness,1,1,True,0.9964,246.0
basal-1.5-max,rules99,+facts,K20,exp03_completeness,0,0,True,0.9847,252.7
basal-1.5-max,rules99,+facts,K21,exp03_completeness,0,0,True,0.9126,336.2
basal-1.5-max,rules99,+facts,K22,exp03_completeness,0,1,False,0.9192,366.7
basal-1.5-max,rules99,+facts,K23,exp03_completeness,1,1,True,0.994,322.7
basal-1.5-max,rules99,+facts,K24,exp03_completeness,1,1,True,0.9667,315.0
basal-1.5-max,rules99,+facts,K25,exp03_completeness,0,0,True,0.9815,340.5
basal-1.5-max,rules99,+facts,K26,exp03_completeness,1,1,True,0.9478,314.7
basal-1.5-max,rules99,+facts,K27,exp03_completeness,0,0,True,0.9949,301.0
basal-1.5-max,rules99,+facts,K28,exp03_completeness,1,1,True,0.9954,295.8
basal-1.5-max,rules99,+facts,K29,exp03_completeness,0,0,True,0.9963,297.4
basal-1.5-max,rules99,+facts,K30,exp03_completeness,1,1,True,0.9678,286.3
basal-1.5-max,rules99,+facts,K31,exp03_completeness,1,1,True,0.9975,280.6
basal-1.5-max,rules99,+facts,K32,exp03_completeness,0,0,True,0.9842,310.9
basal-1.5-max,rules99,+facts,K33,exp03_completeness,0,0,True,0.9591,260.7
basal-1.5-max,rules99,+facts,K34,exp03_completeness,1,1,True,0.998,257.2
basal-1.5-max,rules99,+facts,K35,exp03_completeness,0,0,True,0.9915,294.1
basal-1.5-max,rules99,+facts,K36,exp03_completeness,1,1,True,0.9974,283.8
basal-1.5-max,rules99,+facts,K37,exp03_completeness,0,0,True,0.9391,279.8
basal-1.5-max,rules99,+facts,K38,exp03_completeness,1,1,True,0.8611,255.3
basal-1.5-max,rules99,+facts,K40,exp03_completeness,1,1,True,0.9995,244.5
basal-1.5-max,rules99,rule in state,ADM01,exp04_rules,0,0,True,0.9444,265.8
basal-1.5-max,rules99,rule in state,ADM02,exp04_rules,0,0,True,0.9894,308.8
basal-1.5-max,rules99,rule in state,ADM03,exp04_rules,1,0,False,0.9701,321.4
basal-1.5-max,rules99,rule in state,ADM04,exp04_rules,0,0,True,0.9873,340.6
basal-1.5-max,rules99,rule in state,ADM12,exp04_rules,2,2,True,0.9963,337.5
basal-1.5-max,rules99,rule in state,LAW01,exp04_rules,0,1,False,0.9096,288.1
basal-1.5-max,rules99,rule in state,LAW02,exp04_rules,1,0,False,0.5803,323.8
basal-1.5-max,rules99,rule in state,LAW03,exp04_rules,1,1,True,0.9701,342.1
basal-1.5-max,rules99,rule in state,LAW04,exp04_rules,1,1,True,0.6087,343.4
basal-1.5-max,rules99,rule in state,LAW14,exp04_rules,2,1,False,0.6611,321.5
basal-1.5-max,rules99,rule in state,HR01,exp04_rules,0,0,True,0.6994,314.3
basal-1.5-max,rules99,rule in state,HR02,exp04_rules,1,1,True,0.933,305.4
basal-1.5-max,rules99,rule in state,HR03,exp04_rules,0,0,True,0.9352,298.8
basal-1.5-max,rules99,rule in state,HR04,exp04_rules,0,0,True,0.9747,306.6
basal-1.5-max,rules99,rule in state,HR14,exp04_rules,1,1,True,0.6544,326.1
basal-1.5-max,rules99,rule in state,MED01,exp04_rules,0,0,True,0.7769,397.1
basal-1.5-max,rules99,rule in state,MED02,exp04_rules,1,1,True,0.8343,339.9
basal-1.5-max,rules99,rule in state,MED03,exp04_rules,1,1,True,0.8831,283.2
basal-1.5-max,rules99,rule in state,MED04,exp04_rules,0,0,True,0.9591,314.0
basal-1.5-max,rules99,rule in state,MED13,exp04_rules,1,1,True,0.9997,268.0
basal-1.5-max,rules99,rule in state,INS01,exp04_rules,1,1,True,0.5501,333.2
basal-1.5-max,rules99,rule in state,INS02,exp04_rules,0,0,True,0.913,329.0
basal-1.5-max,rules99,rule in state,INS03,exp04_rules,0,0,True,0.9523,401.2
basal-1.5-max,rules99,rule in state,INS04,exp04_rules,1,1,True,0.8107,376.7
basal-1.5-max,rules99,rule in state,INS06,exp04_rules,1,1,True,0.9292,368.9
basal-1.5-max,rules99,rule in state,BNK01,exp04_rules,1,0,False,0.8458,444.4
basal-1.5-max,rules99,rule in state,BNK02,exp04_rules,0,0,True,0.8875,478.7
basal-1.5-max,rules99,rule in state,BNK03,exp04_rules,0,0,True,0.8475,339.8
basal-1.5-max,rules99,rule in state,BNK04,exp04_rules,1,1,True,0.8173,345.1
basal-1.5-max,rules99,rule in state,BNK05,exp04_rules,1,0,False,0.5996,315.9
basal-1.5-max,rules99,rule in state,LOG01,exp04_rules,1,1,True,0.8452,338.7
basal-1.5-max,rules99,rule in state,LOG02,exp04_rules,0,0,True,0.8343,370.7
basal-1.5-max,rules99,rule in state,LOG03,exp04_rules,1,1,True,0.8734,329.0
basal-1.5-max,rules99,rule in state,LOG04,exp04_rules,0,0,True,0.9424,328.5
basal-1.5-max,rules99,rule in state,LOG05,exp04_rules,1,1,True,0.6188,332.7
basal-1.5-max,rules99,rule in state,ITS01,exp04_rules,0,0,True,0.7961,334.6
basal-1.5-max,rules99,rule in state,ITS02,exp04_rules,1,0,False,0.9735,400.1
basal-1.5-max,rules99,rule in state,ITS03,exp04_rules,1,0,False,0.5803,326.9
basal-1.5-max,rules99,rule in state,ITS04,exp04_rules,0,1,False,0.7782,264.8
basal-1.5-max,rules99,rule in state,ITS05,exp04_rules,1,1,True,0.9791,266.0
basal-1.5-max,rules99,rule in state,MFG01,exp04_rules,1,1,True,0.9869,308.2
basal-1.5-max,rules99,rule in state,MFG02,exp04_rules,0,1,False,0.7477,419.3
basal-1.5-max,rules99,rule in state,MFG03,exp04_rules,0,0,True,0.7006,338.1
basal-1.5-max,rules99,rule in state,MFG04,exp04_rules,0,1,False,0.8291,346.7
basal-1.5-max,rules99,rule in state,MFG05,exp04_rules,0,0,True,0.999,270.6
basal-1.5-max,rules99,rule in state,EDU01,exp04_rules,1,1,True,0.5404,293.3
basal-1.5-max,rules99,rule in state,EDU02,exp04_rules,0,0,True,0.9993,304.8
basal-1.5-max,rules99,rule in state,EDU03,exp04_rules,1,0,False,0.6645,281.6
basal-1.5-max,rules99,rule in state,EDU04,exp04_rules,0,0,True,0.996,310.8
basal-1.5-max,rules99,rule in state,EDU05,exp04_rules,1,1,True,0.9506,303.4
basal-1.5-max,rules99,rule in state,RE01,exp04_rules,1,1,True,0.9839,300.8
basal-1.5-max,rules99,rule in state,RE02,exp04_rules,0,1,False,0.7408,460.5
basal-1.5-max,rules99,rule in state,RE03,exp04_rules,1,1,True,0.9952,394.6
basal-1.5-max,rules99,rule in state,RE04,exp04_rules,0,0,True,0.9622,394.5
basal-1.5-max,rules99,rule in state,RE05,exp04_rules,0,0,True,0.8403,392.4
basal-1.5-max,rules99,rule in state,ECM01,exp04_rules,0,0,True,0.7713,551.6
basal-1.5-max,rules99,rule in state,ECM02,exp04_rules,1,1,True,0.995,531.0
basal-1.5-max,rules99,rule in state,ECM03,exp04_rules,1,1,True,0.9478,523.1
basal-1.5-max,rules99,rule in state,ECM04,exp04_rules,1,0,False,0.9192,508.8
basal-1.5-max,rules99,rule in state,ECM05,exp04_rules,0,0,True,0.9871,529.6
basal-1.5-max,rules99,rule in state,K01,exp03_completeness,0,0,True,0.6268,388.7
basal-1.5-max,rules99,rule in state,K02,exp03_completeness,1,0,False,0.9096,399.6
basal-1.5-max,rules99,rule in state,K03,exp03_completeness,1,1,True,0.998,356.5
basal-1.5-max,rules99,rule in state,K04,exp03_completeness,0,0,True,0.9983,420.1
basal-1.5-max,rules99,rule in state,K05,exp03_completeness,1,1,True,0.9989,369.3
basal-1.5-max,rules99,rule in state,K06,exp03_completeness,0,0,True,0.7881,342.0
basal-1.5-max,rules99,rule in state,K07,exp03_completeness,1,1,True,0.9983,268.3
basal-1.5-max,rules99,rule in state,K08,exp03_completeness,0,0,True,0.9036,270.4
basal-1.5-max,rules99,rule in state,K09,exp03_completeness,1,1,True,0.9836,250.8
basal-1.5-max,rules99,rule in state,K10,exp03_completeness,0,0,True,0.9975,306.6
basal-1.5-max,rules99,rule in state,K11,exp03_completeness,1,1,True,0.9848,264.6
basal-1.5-max,rules99,rule in state,K12,exp03_completeness,0,0,True,0.9959,265.5
basal-1.5-max,rules99,rule in state,K13,exp03_completeness,1,1,True,0.98,248.9
basal-1.5-max,rules99,rule in state,K14,exp03_completeness,1,1,True,0.9987,253.8
basal-1.5-max,rules99,rule in state,K15,exp03_completeness,0,0,True,0.996,265.8
basal-1.5-max,rules99,rule in state,K16,exp03_completeness,1,1,True,0.9959,338.7
basal-1.5-max,rules99,rule in state,K17,exp03_completeness,0,0,True,0.9867,330.5
basal-1.5-max,rules99,rule in state,K18,exp03_completeness,1,1,True,0.9745,325.6
basal-1.5-max,rules99,rule in state,K19,exp03_completeness,1,1,True,0.9976,331.5
basal-1.5-max,rules99,rule in state,K20,exp03_completeness,0,0,True,0.9805,343.7
basal-1.5-max,rules99,rule in state,K21,exp03_completeness,0,0,True,0.9153,393.3
basal-1.5-max,rules99,rule in state,K22,exp03_completeness,0,1,False,0.9153,401.6
basal-1.5-max,rules99,rule in state,K23,exp03_completeness,1,1,True,0.9903,374.3
basal-1.5-max,rules99,rule in state,K24,exp03_completeness,1,1,True,0.9842,357.3
basal-1.5-max,rules99,rule in state,K25,exp03_completeness,0,0,True,0.9859,407.2
basal-1.5-max,rules99,rule in state,K26,exp03_completeness,1,1,True,0.9552,358.5
basal-1.5-max,rules99,rule in state,K27,exp03_completeness,0,0,True,0.9962,380.6
basal-1.5-max,rules99,rule in state,K28,exp03_completeness,1,1,True,0.9974,383.7
basal-1.5-max,rules99,rule in state,K29,exp03_completeness,0,0,True,0.9969,367.5
basal-1.5-max,rules99,rule in state,K30,exp03_completeness,1,1,True,0.9902,366.5
basal-1.5-max,rules99,rule in state,K31,exp03_completeness,1,1,True,0.9991,370.4
basal-1.5-max,rules99,rule in state,K32,exp03_completeness,0,0,True,0.9487,392.0
basal-1.5-max,rules99,rule in state,K33,exp03_completeness,0,0,True,0.9617,363.1
basal-1.5-max,rules99,rule in state,K34,exp03_completeness,1,1,True,0.999,328.0
basal-1.5-max,rules99,rule in state,K35,exp03_completeness,0,0,True,0.9814,317.3
basal-1.5-max,rules99,rule in state,K36,exp03_completeness,1,1,True,0.9971,298.9
basal-1.5-max,rules99,rule in state,K37,exp03_completeness,0,0,True,0.8792,284.5
basal-1.5-max,rules99,rule in state,K38,exp03_completeness,1,1,True,0.9192,265.7
basal-1.5-max,rules99,rule in state,K40,exp03_completeness,1,1,True,0.9991,254.4
basal-1.5-max,rules99,rule in state +facts,ADM01,exp04_rules,0,0,True,0.9277,610.6
basal-1.5-max,rules99,rule in state +facts,ADM02,exp04_rules,0,0,True,0.9894,371.8
basal-1.5-max,rules99,rule in state +facts,ADM03,exp04_rules,1,0,False,0.9419,667.3
basal-1.5-max,rules99,rule in state +facts,ADM04,exp04_rules,0,0,True,0.9877,496.0
basal-1.5-max,rules99,rule in state +facts,ADM12,exp04_rules,2,2,True,0.9998,651.3
basal-1.5-max,rules99,rule in state +facts,LAW01,exp04_rules,0,1,False,0.969,544.4
basal-1.5-max,rules99,rule in state +facts,LAW02,exp04_rules,1,1,True,0.7782,699.9
basal-1.5-max,rules99,rule in state +facts,LAW03,exp04_rules,1,1,True,0.9311,642.0
basal-1.5-max,rules99,rule in state +facts,LAW04,exp04_rules,1,1,True,0.6087,519.4
basal-1.5-max,rules99,rule in state +facts,LAW14,exp04_rules,2,0,False,0.9571,511.2
basal-1.5-max,rules99,rule in state +facts,HR01,exp04_rules,0,0,True,0.5202,460.4
basal-1.5-max,rules99,rule in state +facts,HR02,exp04_rules,1,1,True,0.9096,436.4
basal-1.5-max,rules99,rule in state +facts,HR03,exp04_rules,0,0,True,0.916,531.3
basal-1.5-max,rules99,rule in state +facts,HR04,exp04_rules,0,0,True,0.9747,404.4
basal-1.5-max,rules99,rule in state +facts,HR14,exp04_rules,1,0,False,0.6194,536.6
basal-1.5-max,rules99,rule in state +facts,MED01,exp04_rules,0,0,True,0.882,680.3
basal-1.5-max,rules99,rule in state +facts,MED02,exp04_rules,1,1,True,0.9902,613.7
basal-1.5-max,rules99,rule in state +facts,MED03,exp04_rules,1,1,True,0.9462,521.4
basal-1.5-max,rules99,rule in state +facts,MED04,exp04_rules,0,0,True,0.9402,481.2
basal-1.5-max,rules99,rule in state +facts,MED13,exp04_rules,1,1,True,0.9997,284.2
basal-1.5-max,rules99,rule in state +facts,INS01,exp04_rules,1,1,True,0.8475,613.3
basal-1.5-max,rules99,rule in state +facts,INS02,exp04_rules,0,0,True,0.9983,374.5
basal-1.5-max,rules99,rule in state +facts,INS03,exp04_rules,0,0,True,0.9753,631.0
basal-1.5-max,rules99,rule in state +facts,INS04,exp04_rules,1,1,True,0.8611,751.6
basal-1.5-max,rules99,rule in state +facts,INS06,exp04_rules,1,1,True,0.8945,647.3
basal-1.5-max,rules99,rule in state +facts,BNK01,exp04_rules,1,0,False,0.8509,846.3
basal-1.5-max,rules99,rule in state +facts,BNK02,exp04_rules,0,0,True,0.8831,923.8
basal-1.5-max,rules99,rule in state +facts,BNK03,exp04_rules,0,0,True,0.8598,798.9
basal-1.5-max,rules99,rule in state +facts,BNK04,exp04_rules,1,1,True,0.7713,789.4
basal-1.5-max,rules99,rule in state +facts,BNK05,exp04_rules,1,1,True,0.9355,704.0
basal-1.5-max,rules99,rule in state +facts,LOG01,exp04_rules,1,1,True,0.8235,655.2
basal-1.5-max,rules99,rule in state +facts,LOG02,exp04_rules,0,0,True,0.8229,537.3
basal-1.5-max,rules99,rule in state +facts,LOG03,exp04_rules,1,1,True,0.9725,421.1
basal-1.5-max,rules99,rule in state +facts,LOG04,exp04_rules,0,0,True,0.9949,448.9
basal-1.5-max,rules99,rule in state +facts,LOG05,exp04_rules,1,1,True,0.6645,499.0
basal-1.5-max,rules99,rule in state +facts,ITS01,exp04_rules,0,0,True,0.8988,599.7
basal-1.5-max,rules99,rule in state +facts,ITS02,exp04_rules,1,0,False,0.7769,693.5
basal-1.5-max,rules99,rule in state +facts,ITS03,exp04_rules,1,1,True,0.925,492.1
basal-1.5-max,rules99,rule in state +facts,ITS04,exp04_rules,0,0,True,0.9424,462.6
basal-1.5-max,rules99,rule in state +facts,ITS05,exp04_rules,1,1,True,0.9791,293.5
basal-1.5-max,rules99,rule in state +facts,MFG01,exp04_rules,1,1,True,0.9869,324.7
basal-1.5-max,rules99,rule in state +facts,MFG02,exp04_rules,0,1,False,0.7477,554.5
basal-1.5-max,rules99,rule in state +facts,MFG03,exp04_rules,0,0,True,0.7006,434.5
basal-1.5-max,rules99,rule in state +facts,MFG04,exp04_rules,0,1,False,0.8831,544.3
basal-1.5-max,rules99,rule in state +facts,MFG05,exp04_rules,0,0,True,0.999,397.2
basal-1.5-max,rules99,rule in state +facts,EDU01,exp04_rules,1,1,True,0.9221,538.0
basal-1.5-max,rules99,rule in state +facts,EDU02,exp04_rules,0,0,True,0.9988,574.3
basal-1.5-max,rules99,rule in state +facts,EDU03,exp04_rules,1,1,True,0.8653,417.5
basal-1.5-max,rules99,rule in state +facts,EDU04,exp04_rules,0,0,True,0.996,410.8
basal-1.5-max,rules99,rule in state +facts,EDU05,exp04_rules,1,1,True,0.8744,611.1
basal-1.5-max,rules99,rule in state +facts,RE01,exp04_rules,1,1,True,0.9839,404.1
basal-1.5-max,rules99,rule in state +facts,RE02,exp04_rules,0,1,False,0.5699,871.9
basal-1.5-max,rules99,rule in state +facts,RE03,exp04_rules,1,1,True,0.9952,413.8
basal-1.5-max,rules99,rule in state +facts,RE04,exp04_rules,0,0,True,0.9622,393.5
basal-1.5-max,rules99,rule in state +facts,RE05,exp04_rules,0,0,True,0.7769,649.2
basal-1.5-max,rules99,rule in state +facts,ECM01,exp04_rules,0,0,True,0.7092,553.5
basal-1.5-max,rules99,rule in state +facts,ECM02,exp04_rules,1,1,True,0.9948,519.4
basal-1.5-max,rules99,rule in state +facts,ECM03,exp04_rules,1,1,True,0.9444,520.1
basal-1.5-max,rules99,rule in state +facts,ECM04,exp04_rules,1,0,False,0.8653,651.9
basal-1.5-max,rules99,rule in state +facts,ECM05,exp04_rules,0,0,True,0.9923,615.1
basal-1.5-max,rules99,rule in state +facts,K01,exp03_completeness,0,0,True,0.6268,382.2
basal-1.5-max,rules99,rule in state +facts,K02,exp03_completeness,1,0,False,0.9096,396.6
basal-1.5-max,rules99,rule in state +facts,K03,exp03_completeness,1,1,True,0.998,349.8
basal-1.5-max,rules99,rule in state +facts,K04,exp03_completeness,0,0,True,0.9983,417.6
basal-1.5-max,rules99,rule in state +facts,K05,exp03_completeness,1,1,True,0.9989,342.0
basal-1.5-max,rules99,rule in state +facts,K06,exp03_completeness,0,0,True,0.7881,337.5
basal-1.5-max,rules99,rule in state +facts,K07,exp03_completeness,1,1,True,0.9983,342.9
basal-1.5-max,rules99,rule in state +facts,K08,exp03_completeness,0,0,True,0.9036,342.1
basal-1.5-max,rules99,rule in state +facts,K09,exp03_completeness,1,1,True,0.9836,331.2
basal-1.5-max,rules99,rule in state +facts,K10,exp03_completeness,0,0,True,0.9975,411.6
basal-1.5-max,rules99,rule in state +facts,K11,exp03_completeness,1,1,True,0.9848,346.3
basal-1.5-max,rules99,rule in state +facts,K12,exp03_completeness,0,0,True,0.9942,381.2
basal-1.5-max,rules99,rule in state +facts,K13,exp03_completeness,1,1,True,0.98,324.3
basal-1.5-max,rules99,rule in state +facts,K14,exp03_completeness,1,1,True,0.9987,326.4
basal-1.5-max,rules99,rule in state +facts,K15,exp03_completeness,0,0,True,0.9923,388.0
basal-1.5-max,rules99,rule in state +facts,K16,exp03_completeness,1,1,True,0.9967,378.5
basal-1.5-max,rules99,rule in state +facts,K17,exp03_completeness,0,0,True,0.9867,296.4
basal-1.5-max,rules99,rule in state +facts,K18,exp03_completeness,1,1,True,0.9745,245.9
basal-1.5-max,rules99,rule in state +facts,K19,exp03_completeness,1,1,True,0.9976,256.3
basal-1.5-max,rules99,rule in state +facts,K20,exp03_completeness,0,0,True,0.9805,268.2
basal-1.5-max,rules99,rule in state +facts,K21,exp03_completeness,0,0,True,0.8435,361.1
basal-1.5-max,rules99,rule in state +facts,K22,exp03_completeness,0,1,False,0.9153,356.5
basal-1.5-max,rules99,rule in state +facts,K23,exp03_completeness,1,1,True,0.9942,343.7
basal-1.5-max,rules99,rule in state +facts,K24,exp03_completeness,1,1,True,0.9929,342.4
basal-1.5-max,rules99,rule in state +facts,K25,exp03_completeness,0,0,True,0.9765,504.2
basal-1.5-max,rules99,rule in state +facts,K26,exp03_completeness,1,1,True,0.9637,445.3
basal-1.5-max,rules99,rule in state +facts,K27,exp03_completeness,0,0,True,0.9962,417.7
basal-1.5-max,rules99,rule in state +facts,K28,exp03_completeness,1,1,True,0.9974,393.5
basal-1.5-max,rules99,rule in state +facts,K29,exp03_completeness,0,0,True,0.9969,409.7
basal-1.5-max,rules99,rule in state +facts,K30,exp03_completeness,1,1,True,0.9902,381.4
basal-1.5-max,rules99,rule in state +facts,K31,exp03_completeness,1,1,True,0.9991,380.0
basal-1.5-max,rules99,rule in state +facts,K32,exp03_completeness,0,0,True,0.9487,418.7
basal-1.5-max,rules99,rule in state +facts,K33,exp03_completeness,0,0,True,0.9617,379.3
basal-1.5-max,rules99,rule in state +facts,K34,exp03_completeness,1,1,True,0.999,351.9
basal-1.5-max,rules99,rule in state +facts,K35,exp03_completeness,0,0,True,0.9814,418.2
basal-1.5-max,rules99,rule in state +facts,K36,exp03_completeness,1,1,True,0.9971,403.8
basal-1.5-max,rules99,rule in state +facts,K37,exp03_completeness,0,0,True,0.8792,376.2
basal-1.5-max,rules99,rule in state +facts,K38,exp03_completeness,1,1,True,0.9192,405.8
basal-1.5-max,rules99,rule in state +facts,K40,exp03_completeness,1,1,True,0.9991,338.8
basal-1.0-4.5B,rule_change_orig,rule in question (as in exp 03/04),K06,conditional,0,0,True,0.7497,115.3
basal-1.0-4.5B,rule_change_orig,rule in question (as in exp 03/04),K14,required_field,1,1,True,0.7845,110.7
basal-1.0-4.5B,rule_change_orig,rule in question (as in exp 03/04),K17,required_field,0,0,True,0.95,112.1
basal-1.0-4.5B,rule_change_orig,rule in question (as in exp 03/04),K18,required_field,1,0,False,0.5735,106.0
basal-1.0-4.5B,rule_change_orig,rule in question (as in exp 03/04),K21,required_field,0,0,True,0.9214,131.5
basal-1.0-4.5B,rule_change_orig,rule in question (as in exp 03/04),K28,conditional,1,1,True,0.872,125.8
basal-1.0-4.5B,rule_change_orig,rule in question (as in exp 03/04),K33,conditional,0,0,True,0.6609,117.1
basal-1.0-4.5B,rule_change_orig,rule in question (as in exp 03/04),K38,required_field,1,1,True,0.9645,115.0
basal-1.0-4.5B,rule_change_orig,rule in question (as in exp 03/04),ADM01,deadline,0,0,True,0.7147,137.3
basal-1.0-4.5B,rule_change_orig,rule in question (as in exp 03/04),LAW04,amount,1,0,False,0.7502,143.9
basal-1.0-4.5B,rule_change_orig,rule in question (as in exp 03/04),HR01,eligibility,0,0,True,0.6341,137.0
basal-1.0-4.5B,rule_change_orig,rule in question (as in exp 03/04),MED02,deadline,1,1,True,0.5422,146.9
basal-1.0-4.5B,rule_change_orig,rule in question (as in exp 03/04),INS02,amount,0,1,False,0.6626,137.5
basal-1.0-4.5B,rule_change_orig,rule in question (as in exp 03/04),BNK03,eligibility,0,0,True,0.6524,146.6
basal-1.0-4.5B,rule_change_orig,rule in question (as in exp 03/04),LOG01,deadline,1,0,False,0.5317,143.5
basal-1.0-4.5B,rule_change_orig,rule in question (as in exp 03/04),ITS04,deadline,0,1,False,0.8963,121.3
basal-1.0-4.5B,rule_change_orig,rule in question (as in exp 03/04),MFG01,amount,1,0,False,0.6792,132.4
basal-1.0-4.5B,rule_change_orig,rule in question (as in exp 03/04),EDU03,amount,1,0,False,0.5807,115.1
basal-1.0-4.5B,rule_change_orig,rule in question (as in exp 03/04),RE05,deadline,0,0,True,0.6331,125.5
basal-1.0-4.5B,rule_change_orig,rule in question (as in exp 03/04),ECM04,deadline,1,0,False,0.8025,167.2
basal-1.0-4.5B,rule_change_changed,rule in question (as in exp 03/04),K06,conditional,1,1,True,0.9169,114.4
basal-1.0-4.5B,rule_change_changed,rule in question (as in exp 03/04),K14,required_field,0,0,True,0.8465,105.3
basal-1.0-4.5B,rule_change_changed,rule in question (as in exp 03/04),K17,required_field,1,1,True,0.9643,120.4
basal-1.0-4.5B,rule_change_changed,rule in question (as in exp 03/04),K18,required_field,0,0,True,0.8906,107.7
basal-1.0-4.5B,rule_change_changed,rule in question (as in exp 03/04),K21,required_field,1,0,False,0.5933,132.5
basal-1.0-4.5B,rule_change_changed,rule in question (as in exp 03/04),K28,conditional,0,0,True,0.9551,125.0
basal-1.0-4.5B,rule_change_changed,rule in question (as in exp 03/04),K33,conditional,1,1,True,0.8212,117.9
basal-1.0-4.5B,rule_change_changed,rule in question (as in exp 03/04),K38,required_field,0,0,True,0.6794,117.0
basal-1.0-4.5B,rule_change_changed,rule in question (as in exp 03/04),ADM01,deadline,1,0,False,0.6583,136.8
basal-1.0-4.5B,rule_change_changed,rule in question (as in exp 03/04),LAW04,amount,0,0,True,0.9011,143.8
basal-1.0-4.5B,rule_change_changed,rule in question (as in exp 03/04),HR01,eligibility,1,0,False,0.6439,136.7
basal-1.0-4.5B,rule_change_changed,rule in question (as in exp 03/04),MED02,deadline,0,0,True,0.6142,159.5
basal-1.0-4.5B,rule_change_changed,rule in question (as in exp 03/04),INS02,amount,1,1,True,0.9488,142.9
basal-1.0-4.5B,rule_change_changed,rule in question (as in exp 03/04),BNK03,eligibility,1,0,False,0.6524,147.3
basal-1.0-4.5B,rule_change_changed,rule in question (as in exp 03/04),LOG01,deadline,0,0,True,0.5631,143.7
basal-1.0-4.5B,rule_change_changed,rule in question (as in exp 03/04),ITS04,deadline,1,1,True,0.8882,121.4
basal-1.0-4.5B,rule_change_changed,rule in question (as in exp 03/04),MFG01,amount,0,0,True,0.7218,132.2
basal-1.0-4.5B,rule_change_changed,rule in question (as in exp 03/04),EDU03,amount,0,0,True,0.5952,117.6
basal-1.0-4.5B,rule_change_changed,rule in question (as in exp 03/04),RE05,deadline,1,0,False,0.6524,126.0
basal-1.0-4.5B,rule_change_changed,rule in question (as in exp 03/04),ECM04,deadline,0,0,True,0.8108,166.0
basal-1.5-mini,rule_change_orig,rule in question (as in exp 03/04),K06,conditional,0,0,True,0.6668,48.3
basal-1.5-mini,rule_change_orig,rule in question (as in exp 03/04),K14,required_field,1,1,True,0.5447,43.9
basal-1.5-mini,rule_change_orig,rule in question (as in exp 03/04),K17,required_field,0,0,True,0.9872,45.1
basal-1.5-mini,rule_change_orig,rule in question (as in exp 03/04),K18,required_field,1,0,False,0.8416,42.8
basal-1.5-mini,rule_change_orig,rule in question (as in exp 03/04),K21,required_field,0,0,True,0.9801,53.6
basal-1.5-mini,rule_change_orig,rule in question (as in exp 03/04),K28,conditional,1,0,False,0.7702,52.4
basal-1.5-mini,rule_change_orig,rule in question (as in exp 03/04),K33,conditional,0,1,False,0.7449,53.0
basal-1.5-mini,rule_change_orig,rule in question (as in exp 03/04),K38,required_field,1,1,True,0.5445,48.7
basal-1.5-mini,rule_change_orig,rule in question (as in exp 03/04),ADM01,deadline,0,0,True,0.8901,56.5
basal-1.5-mini,rule_change_orig,rule in question (as in exp 03/04),LAW04,amount,1,1,True,0.7047,58.2
basal-1.5-mini,rule_change_orig,rule in question (as in exp 03/04),HR01,eligibility,0,0,True,0.6155,55.9
basal-1.5-mini,rule_change_orig,rule in question (as in exp 03/04),MED02,deadline,1,0,False,0.7442,58.0
basal-1.5-mini,rule_change_orig,rule in question (as in exp 03/04),INS02,amount,0,0,True,0.5503,55.5
basal-1.5-mini,rule_change_orig,rule in question (as in exp 03/04),BNK03,eligibility,0,0,True,0.5056,58.1
basal-1.5-mini,rule_change_orig,rule in question (as in exp 03/04),LOG01,deadline,1,0,False,0.5939,58.2
basal-1.5-mini,rule_change_orig,rule in question (as in exp 03/04),ITS04,deadline,0,0,True,0.7325,50.8
basal-1.5-mini,rule_change_orig,rule in question (as in exp 03/04),MFG01,amount,1,1,True,0.8705,54.8
basal-1.5-mini,rule_change_orig,rule in question (as in exp 03/04),EDU03,amount,1,0,False,0.5224,52.0
basal-1.5-mini,rule_change_orig,rule in question (as in exp 03/04),RE05,deadline,0,0,True,0.7096,59.4
basal-1.5-mini,rule_change_orig,rule in question (as in exp 03/04),ECM04,deadline,1,0,False,0.8986,73.9
basal-1.5-mini,rule_change_changed,rule in question (as in exp 03/04),K06,conditional,1,1,True,0.6915,48.2
basal-1.5-mini,rule_change_changed,rule in question (as in exp 03/04),K14,required_field,0,0,True,0.8886,42.0
basal-1.5-mini,rule_change_changed,rule in question (as in exp 03/04),K17,required_field,1,1,True,0.8267,46.3
basal-1.5-mini,rule_change_changed,rule in question (as in exp 03/04),K18,required_field,0,0,True,0.8914,43.9
basal-1.5-mini,rule_change_changed,rule in question (as in exp 03/04),K21,required_field,1,0,False,0.9768,54.5
basal-1.5-mini,rule_change_changed,rule in question (as in exp 03/04),K28,conditional,0,0,True,0.9289,51.6
basal-1.5-mini,rule_change_changed,rule in question (as in exp 03/04),K33,conditional,1,1,True,0.8436,48.8
basal-1.5-mini,rule_change_changed,rule in question (as in exp 03/04),K38,required_field,0,0,True,0.6685,48.2
basal-1.5-mini,rule_change_changed,rule in question (as in exp 03/04),ADM01,deadline,1,0,False,0.8916,56.0
basal-1.5-mini,rule_change_changed,rule in question (as in exp 03/04),LAW04,amount,0,0,True,0.5668,57.5
basal-1.5-mini,rule_change_changed,rule in question (as in exp 03/04),HR01,eligibility,1,0,False,0.657,56.4
basal-1.5-mini,rule_change_changed,rule in question (as in exp 03/04),MED02,deadline,0,0,True,0.7597,59.2
basal-1.5-mini,rule_change_changed,rule in question (as in exp 03/04),INS02,amount,1,0,False,0.5056,56.2
basal-1.5-mini,rule_change_changed,rule in question (as in exp 03/04),BNK03,eligibility,1,0,False,0.5167,59.4
basal-1.5-mini,rule_change_changed,rule in question (as in exp 03/04),LOG01,deadline,0,0,True,0.5223,57.9
basal-1.5-mini,rule_change_changed,rule in question (as in exp 03/04),ITS04,deadline,1,0,False,0.7436,52.5
basal-1.5-mini,rule_change_changed,rule in question (as in exp 03/04),MFG01,amount,0,1,False,0.7969,54.9
basal-1.5-mini,rule_change_changed,rule in question (as in exp 03/04),EDU03,amount,0,0,True,0.528,52.8
basal-1.5-mini,rule_change_changed,rule in question (as in exp 03/04),RE05,deadline,1,0,False,0.6953,52.4
basal-1.5-mini,rule_change_changed,rule in question (as in exp 03/04),ECM04,deadline,0,0,True,0.8901,90.5
basal-1.5 (4.5B),rule_change_orig,rule in question (as in exp 03/04),K06,conditional,0,0,True,0.9595,114.2
basal-1.5 (4.5B),rule_change_orig,rule in question (as in exp 03/04),K14,required_field,1,1,True,0.8217,109.3
basal-1.5 (4.5B),rule_change_orig,rule in question (as in exp 03/04),K17,required_field,0,0,True,0.995,110.4
basal-1.5 (4.5B),rule_change_orig,rule in question (as in exp 03/04),K18,required_field,1,0,False,0.7782,105.3
basal-1.5 (4.5B),rule_change_orig,rule in question (as in exp 03/04),K21,required_field,0,0,True,0.9577,129.2
basal-1.5 (4.5B),rule_change_orig,rule in question (as in exp 03/04),K28,conditional,1,0,False,0.6606,123.6
basal-1.5 (4.5B),rule_change_orig,rule in question (as in exp 03/04),K33,conditional,0,0,True,0.905,115.4
basal-1.5 (4.5B),rule_change_orig,rule in question (as in exp 03/04),K38,required_field,1,1,True,0.7607,114.1
basal-1.5 (4.5B),rule_change_orig,rule in question (as in exp 03/04),ADM01,deadline,0,0,True,0.8021,135.3
basal-1.5 (4.5B),rule_change_orig,rule in question (as in exp 03/04),LAW04,amount,1,1,True,0.9326,142.8
basal-1.5 (4.5B),rule_change_orig,rule in question (as in exp 03/04),HR01,eligibility,0,0,True,0.8938,136.0
basal-1.5 (4.5B),rule_change_orig,rule in question (as in exp 03/04),MED02,deadline,1,0,False,0.668,145.5
basal-1.5 (4.5B),rule_change_orig,rule in question (as in exp 03/04),INS02,amount,0,1,False,0.9256,142.6
basal-1.5 (4.5B),rule_change_orig,rule in question (as in exp 03/04),BNK03,eligibility,0,0,True,0.7607,145.0
basal-1.5 (4.5B),rule_change_orig,rule in question (as in exp 03/04),LOG01,deadline,1,0,False,0.7331,142.7
basal-1.5 (4.5B),rule_change_orig,rule in question (as in exp 03/04),ITS04,deadline,0,1,False,0.808,121.2
basal-1.5 (4.5B),rule_change_orig,rule in question (as in exp 03/04),MFG01,amount,1,1,True,0.7853,132.5
basal-1.5 (4.5B),rule_change_orig,rule in question (as in exp 03/04),EDU03,amount,1,0,False,0.612,115.4
basal-1.5 (4.5B),rule_change_orig,rule in question (as in exp 03/04),RE05,deadline,0,0,True,0.7841,124.7
basal-1.5 (4.5B),rule_change_orig,rule in question (as in exp 03/04),ECM04,deadline,1,0,False,0.9262,166.7
basal-1.5 (4.5B),rule_change_changed,rule in question (as in exp 03/04),K06,conditional,1,1,True,0.9617,112.9
basal-1.5 (4.5B),rule_change_changed,rule in question (as in exp 03/04),K14,required_field,0,0,True,0.9954,103.6
basal-1.5 (4.5B),rule_change_changed,rule in question (as in exp 03/04),K17,required_field,1,1,True,0.9728,112.6
basal-1.5 (4.5B),rule_change_changed,rule in question (as in exp 03/04),K18,required_field,0,0,True,0.9968,106.1
basal-1.5 (4.5B),rule_change_changed,rule in question (as in exp 03/04),K21,required_field,1,0,False,0.5694,130.2
basal-1.5 (4.5B),rule_change_changed,rule in question (as in exp 03/04),K28,conditional,0,0,True,0.9872,134.7
basal-1.5 (4.5B),rule_change_changed,rule in question (as in exp 03/04),K33,conditional,1,0,False,0.871,135.5
basal-1.5 (4.5B),rule_change_changed,rule in question (as in exp 03/04),K38,required_field,0,0,True,0.9303,137.6
basal-1.5 (4.5B),rule_change_changed,rule in question (as in exp 03/04),ADM01,deadline,1,0,False,0.6833,174.8
basal-1.5 (4.5B),rule_change_changed,rule in question (as in exp 03/04),LAW04,amount,0,0,True,0.9809,182.0
basal-1.5 (4.5B),rule_change_changed,rule in question (as in exp 03/04),HR01,eligibility,1,0,False,0.9064,163.4
basal-1.5 (4.5B),rule_change_changed,rule in question (as in exp 03/04),MED02,deadline,0,0,True,0.7733,180.6
basal-1.5 (4.5B),rule_change_changed,rule in question (as in exp 03/04),INS02,amount,1,1,True,0.8641,169.2
basal-1.5 (4.5B),rule_change_changed,rule in question (as in exp 03/04),BNK03,eligibility,1,0,False,0.813,176.9
basal-1.5 (4.5B),rule_change_changed,rule in question (as in exp 03/04),LOG01,deadline,0,0,True,0.7907,172.3
basal-1.5 (4.5B),rule_change_changed,rule in question (as in exp 03/04),ITS04,deadline,1,1,True,0.8021,153.4
basal-1.5 (4.5B),rule_change_changed,rule in question (as in exp 03/04),MFG01,amount,0,1,False,0.7412,152.4
basal-1.5 (4.5B),rule_change_changed,rule in question (as in exp 03/04),EDU03,amount,0,0,True,0.7134,134.6
basal-1.5 (4.5B),rule_change_changed,rule in question (as in exp 03/04),RE05,deadline,1,0,False,0.7406,142.1
basal-1.5 (4.5B),rule_change_changed,rule in question (as in exp 03/04),ECM04,deadline,0,0,True,0.9352,190.2
basal-1.5-max,rule_change_orig,rule in question (as in exp 03/04),K06,conditional,0,0,True,0.9391,209.4
basal-1.5-max,rule_change_orig,rule in question (as in exp 03/04),K14,required_field,1,1,True,0.9985,201.5
basal-1.5-max,rule_change_orig,rule in question (as in exp 03/04),K17,required_field,0,0,True,0.9791,199.6
basal-1.5-max,rule_change_orig,rule in question (as in exp 03/04),K18,required_field,1,1,True,0.9923,189.8
basal-1.5-max,rule_change_orig,rule in question (as in exp 03/04),K21,required_field,0,0,True,0.9247,265.6
basal-1.5-max,rule_change_orig,rule in question (as in exp 03/04),K28,conditional,1,1,True,0.9954,254.0
basal-1.5-max,rule_change_orig,rule in question (as in exp 03/04),K33,conditional,0,0,True,0.9591,226.1
basal-1.5-max,rule_change_orig,rule in question (as in exp 03/04),K38,required_field,1,1,True,0.8611,226.4
basal-1.5-max,rule_change_orig,rule in question (as in exp 03/04),ADM01,deadline,0,0,True,0.9543,299.2
basal-1.5-max,rule_change_orig,rule in question (as in exp 03/04),LAW04,amount,1,1,True,0.5398,377.6
basal-1.5-max,rule_change_orig,rule in question (as in exp 03/04),HR01,eligibility,0,0,True,0.6994,319.6
basal-1.5-max,rule_change_orig,rule in question (as in exp 03/04),MED02,deadline,1,1,True,0.798,379.7
basal-1.5-max,rule_change_orig,rule in question (as in exp 03/04),INS02,amount,0,0,True,0.9179,374.5
basal-1.5-max,rule_change_orig,rule in question (as in exp 03/04),BNK03,eligibility,0,0,True,0.8334,350.4
basal-1.5-max,rule_change_orig,rule in question (as in exp 03/04),LOG01,deadline,1,1,True,0.7713,371.9
basal-1.5-max,rule_change_orig,rule in question (as in exp 03/04),ITS04,deadline,0,1,False,0.6286,283.5
basal-1.5-max,rule_change_orig,rule in question (as in exp 03/04),MFG01,amount,1,1,True,0.9842,312.1
basal-1.5-max,rule_change_orig,rule in question (as in exp 03/04),EDU03,amount,1,0,False,0.6087,266.5
basal-1.5-max,rule_change_orig,rule in question (as in exp 03/04),RE05,deadline,0,0,True,0.8173,299.1
basal-1.5-max,rule_change_orig,rule in question (as in exp 03/04),ECM04,deadline,1,0,False,0.9192,434.8
basal-1.5-max,rule_change_changed,rule in question (as in exp 03/04),K06,conditional,1,1,True,0.9981,204.3
basal-1.5-max,rule_change_changed,rule in question (as in exp 03/04),K14,required_field,0,0,True,0.9981,179.8
basal-1.5-max,rule_change_changed,rule in question (as in exp 03/04),K17,required_field,1,1,True,0.9977,199.1
basal-1.5-max,rule_change_changed,rule in question (as in exp 03/04),K18,required_field,0,0,True,0.9937,185.9
basal-1.5-max,rule_change_changed,rule in question (as in exp 03/04),K21,required_field,1,0,False,0.8672,263.0
basal-1.5-max,rule_change_changed,rule in question (as in exp 03/04),K28,conditional,0,0,True,0.9799,243.5
basal-1.5-max,rule_change_changed,rule in question (as in exp 03/04),K33,conditional,1,1,True,0.999,244.5
basal-1.5-max,rule_change_changed,rule in question (as in exp 03/04),K38,required_field,0,0,True,0.9352,215.7
basal-1.5-max,rule_change_changed,rule in question (as in exp 03/04),ADM01,deadline,1,0,False,0.9352,274.2
basal-1.5-max,rule_change_changed,rule in question (as in exp 03/04),LAW04,amount,0,0,True,0.996,291.9
basal-1.5-max,rule_change_changed,rule in question (as in exp 03/04),HR01,eligibility,1,0,False,0.5501,276.5
basal-1.5-max,rule_change_changed,rule in question (as in exp 03/04),MED02,deadline,0,0,True,0.6188,302.0
basal-1.5-max,rule_change_changed,rule in question (as in exp 03/04),INS02,amount,1,1,True,0.9576,281.2
basal-1.5-max,rule_change_changed,rule in question (as in exp 03/04),BNK03,eligibility,1,0,False,0.8012,316.6
basal-1.5-max,rule_change_changed,rule in question (as in exp 03/04),LOG01,deadline,0,1,False,0.6922,337.6
basal-1.5-max,rule_change_changed,rule in question (as in exp 03/04),ITS04,deadline,1,1,True,0.58,290.1
basal-1.5-max,rule_change_changed,rule in question (as in exp 03/04),MFG01,amount,0,1,False,0.8992,338.0
basal-1.5-max,rule_change_changed,rule in question (as in exp 03/04),EDU03,amount,0,0,True,0.5504,328.3
basal-1.5-max,rule_change_changed,rule in question (as in exp 03/04),RE05,deadline,1,0,False,0.7092,420.4
basal-1.5-max,rule_change_changed,rule in question (as in exp 03/04),ECM04,deadline,0,0,True,0.9378,556.8
basal-1.5-mini,rule_change_orig,rule moved into the state,K06,conditional,0,1,False,0.8436,48.5
basal-1.5-mini,rule_change_orig,rule moved into the state,K14,required_field,1,0,False,0.5111,44.3
basal-1.5-mini,rule_change_orig,rule moved into the state,K17,required_field,0,0,True,0.9736,45.2
basal-1.5-mini,rule_change_orig,rule moved into the state,K18,required_field,1,1,True,0.539,44.9
basal-1.5-mini,rule_change_orig,rule moved into the state,K21,required_field,0,0,True,0.9773,54.1
basal-1.5-mini,rule_change_orig,rule moved into the state,K28,conditional,1,0,False,0.6708,52.8
basal-1.5-mini,rule_change_orig,rule moved into the state,K33,conditional,0,1,False,0.8041,50.1
basal-1.5-mini,rule_change_orig,rule moved into the state,K38,required_field,1,1,True,0.8263,47.8
basal-1.5-mini,rule_change_orig,rule moved into the state,ADM01,deadline,0,0,True,0.9013,56.0
basal-1.5-mini,rule_change_orig,rule moved into the state,LAW04,amount,1,1,True,0.8235,57.9
basal-1.5-mini,rule_change_orig,rule moved into the state,HR01,eligibility,0,0,True,0.6155,55.6
basal-1.5-mini,rule_change_orig,rule moved into the state,MED02,deadline,1,1,True,0.5333,60.7
basal-1.5-mini,rule_change_orig,rule moved into the state,INS02,amount,0,0,True,0.7236,57.5
basal-1.5-mini,rule_change_orig,rule moved into the state,BNK03,eligibility,0,0,True,0.5719,59.3
basal-1.5-mini,rule_change_orig,rule moved into the state,LOG01,deadline,1,0,False,0.5223,57.8
basal-1.5-mini,rule_change_orig,rule moved into the state,ITS04,deadline,0,0,True,0.5331,51.1
basal-1.5-mini,rule_change_orig,rule moved into the state,MFG01,amount,1,1,True,0.8653,56.1
basal-1.5-mini,rule_change_orig,rule moved into the state,EDU03,amount,1,1,True,0.5056,50.2
basal-1.5-mini,rule_change_orig,rule moved into the state,RE05,deadline,0,0,True,0.7357,52.6
basal-1.5-mini,rule_change_orig,rule moved into the state,ECM04,deadline,1,0,False,0.8986,88.1
basal-1.5-mini,rule_change_changed,rule moved into the state,K06,conditional,1,1,True,0.8894,48.2
basal-1.5-mini,rule_change_changed,rule moved into the state,K14,required_field,0,0,True,0.9194,42.1
basal-1.5-mini,rule_change_changed,rule moved into the state,K17,required_field,1,1,True,0.8667,49.3
basal-1.5-mini,rule_change_changed,rule moved into the state,K18,required_field,0,0,True,0.7582,45.2
basal-1.5-mini,rule_change_changed,rule moved into the state,K21,required_field,1,0,False,0.9724,57.3
basal-1.5-mini,rule_change_changed,rule moved into the state,K28,conditional,0,0,True,0.9607,53.4
basal-1.5-mini,rule_change_changed,rule moved into the state,K33,conditional,1,1,True,0.7959,49.1
basal-1.5-mini,rule_change_changed,rule moved into the state,K38,required_field,0,0,True,0.6199,48.5
basal-1.5-mini,rule_change_changed,rule moved into the state,ADM01,deadline,1,0,False,0.8969,56.1
basal-1.5-mini,rule_change_changed,rule moved into the state,LAW04,amount,0,0,True,0.5502,58.4
basal-1.5-mini,rule_change_changed,rule moved into the state,HR01,eligibility,1,0,False,0.657,55.6
basal-1.5-mini,rule_change_changed,rule moved into the state,MED02,deadline,0,0,True,0.5,58.7
basal-1.5-mini,rule_change_changed,rule moved into the state,INS02,amount,1,1,True,0.5168,57.1
basal-1.5-mini,rule_change_changed,rule moved into the state,BNK03,eligibility,1,0,False,0.5719,59.3
basal-1.5-mini,rule_change_changed,rule moved into the state,LOG01,deadline,0,0,True,0.5,57.8
basal-1.5-mini,rule_change_changed,rule moved into the state,ITS04,deadline,1,0,False,0.5333,51.2
basal-1.5-mini,rule_change_changed,rule moved into the state,MFG01,amount,0,1,False,0.8038,54.1
basal-1.5-mini,rule_change_changed,rule moved into the state,EDU03,amount,0,0,True,0.5112,51.7
basal-1.5-mini,rule_change_changed,rule moved into the state,RE05,deadline,1,0,False,0.7229,57.3
basal-1.5-mini,rule_change_changed,rule moved into the state,ECM04,deadline,0,0,True,0.8901,75.5
basal-1.5 (4.5B),rule_change_orig,rule moved into the state,K06,conditional,0,1,False,0.6008,114.1
basal-1.5 (4.5B),rule_change_orig,rule moved into the state,K14,required_field,1,1,True,0.898,108.6
basal-1.5 (4.5B),rule_change_orig,rule moved into the state,K17,required_field,0,0,True,0.9952,110.6
basal-1.5 (4.5B),rule_change_orig,rule moved into the state,K18,required_field,1,0,False,0.5257,108.9
basal-1.5 (4.5B),rule_change_orig,rule moved into the state,K21,required_field,0,0,True,0.9735,129.8
basal-1.5 (4.5B),rule_change_orig,rule moved into the state,K28,conditional,1,1,True,0.7049,124.1
basal-1.5 (4.5B),rule_change_orig,rule moved into the state,K33,conditional,0,0,True,0.6008,119.5
basal-1.5 (4.5B),rule_change_orig,rule moved into the state,K38,required_field,1,1,True,0.8731,113.4
basal-1.5 (4.5B),rule_change_orig,rule moved into the state,ADM01,deadline,0,0,True,0.8027,135.9
basal-1.5 (4.5B),rule_change_orig,rule moved into the state,LAW04,amount,1,1,True,0.959,143.8
basal-1.5 (4.5B),rule_change_orig,rule moved into the state,HR01,eligibility,0,0,True,0.8938,134.9
basal-1.5 (4.5B),rule_change_orig,rule moved into the state,MED02,deadline,1,0,False,0.6363,145.5
basal-1.5 (4.5B),rule_change_orig,rule moved into the state,INS02,amount,0,1,False,0.9631,140.6
basal-1.5 (4.5B),rule_change_orig,rule moved into the state,BNK03,eligibility,0,0,True,0.7275,145.2
basal-1.5 (4.5B),rule_change_orig,rule moved into the state,LOG01,deadline,1,0,False,0.6983,141.1
basal-1.5 (4.5B),rule_change_orig,rule moved into the state,ITS04,deadline,0,1,False,0.8721,120.0
basal-1.5 (4.5B),rule_change_orig,rule moved into the state,MFG01,amount,1,1,True,0.8591,131.6
basal-1.5 (4.5B),rule_change_orig,rule moved into the state,EDU03,amount,1,0,False,0.668,118.8
basal-1.5 (4.5B),rule_change_orig,rule moved into the state,RE05,deadline,0,0,True,0.7907,123.8
basal-1.5 (4.5B),rule_change_orig,rule moved into the state,ECM04,deadline,1,0,False,0.9262,164.4
basal-1.5 (4.5B),rule_change_changed,rule moved into the state,K06,conditional,1,1,True,0.987,113.0
basal-1.5 (4.5B),rule_change_changed,rule moved into the state,K14,required_field,0,0,True,0.9958,103.2
basal-1.5 (4.5B),rule_change_changed,rule moved into the state,K17,required_field,1,1,True,0.9882,114.1
basal-1.5 (4.5B),rule_change_changed,rule moved into the state,K18,required_field,0,0,True,0.997,111.0
basal-1.5 (4.5B),rule_change_changed,rule moved into the state,K21,required_field,1,0,False,0.5263,133.4
basal-1.5 (4.5B),rule_change_changed,rule moved into the state,K28,conditional,0,0,True,0.9484,124.1
basal-1.5 (4.5B),rule_change_changed,rule moved into the state,K33,conditional,1,1,True,0.9687,115.4
basal-1.5 (4.5B),rule_change_changed,rule moved into the state,K38,required_field,0,0,True,0.7477,114.0
basal-1.5 (4.5B),rule_change_changed,rule moved into the state,ADM01,deadline,1,0,False,0.6989,135.2
basal-1.5 (4.5B),rule_change_changed,rule moved into the state,LAW04,amount,0,0,True,0.978,144.5
basal-1.5 (4.5B),rule_change_changed,rule moved into the state,HR01,eligibility,1,0,False,0.9064,135.3
basal-1.5 (4.5B),rule_change_changed,rule moved into the state,MED02,deadline,0,0,True,0.7134,144.8
basal-1.5 (4.5B),rule_change_changed,rule moved into the state,INS02,amount,1,1,True,0.9655,141.5
basal-1.5 (4.5B),rule_change_changed,rule moved into the state,BNK03,eligibility,1,0,False,0.7544,146.3
basal-1.5 (4.5B),rule_change_changed,rule moved into the state,LOG01,deadline,0,0,True,0.7666,143.0
basal-1.5 (4.5B),rule_change_changed,rule moved into the state,ITS04,deadline,1,1,True,0.8752,121.7
basal-1.5 (4.5B),rule_change_changed,rule moved into the state,MFG01,amount,0,1,False,0.8256,134.7
basal-1.5 (4.5B),rule_change_changed,rule moved into the state,EDU03,amount,0,0,True,0.7406,122.1
basal-1.5 (4.5B),rule_change_changed,rule moved into the state,RE05,deadline,1,0,False,0.7666,124.9
basal-1.5 (4.5B),rule_change_changed,rule moved into the state,ECM04,deadline,0,0,True,0.9352,167.5
basal-1.5-max,rule_change_orig,rule moved into the state,K06,conditional,0,0,True,0.7881,204.7
basal-1.5-max,rule_change_orig,rule moved into the state,K14,required_field,1,1,True,0.9987,193.7
basal-1.5-max,rule_change_orig,rule moved into the state,K17,required_field,0,0,True,0.9867,196.7
basal-1.5-max,rule_change_orig,rule moved into the state,K18,required_field,1,1,True,0.9745,196.3
basal-1.5-max,rule_change_orig,rule moved into the state,K21,required_field,0,0,True,0.9153,254.5
basal-1.5-max,rule_change_orig,rule moved into the state,K28,conditional,1,1,True,0.9974,243.5
basal-1.5-max,rule_change_orig,rule moved into the state,K33,conditional,0,0,True,0.9617,234.0
basal-1.5-max,rule_change_orig,rule moved into the state,K38,required_field,1,1,True,0.9192,215.5
basal-1.5-max,rule_change_orig,rule moved into the state,ADM01,deadline,0,0,True,0.9444,273.4
basal-1.5-max,rule_change_orig,rule moved into the state,LAW04,amount,1,1,True,0.6087,295.5
basal-1.5-max,rule_change_orig,rule moved into the state,HR01,eligibility,0,0,True,0.6994,273.6
basal-1.5-max,rule_change_orig,rule moved into the state,MED02,deadline,1,1,True,0.8343,298.4
basal-1.5-max,rule_change_orig,rule moved into the state,INS02,amount,0,0,True,0.913,287.2
basal-1.5-max,rule_change_orig,rule moved into the state,BNK03,eligibility,0,0,True,0.8475,299.4
basal-1.5-max,rule_change_orig,rule moved into the state,LOG01,deadline,1,1,True,0.8452,293.5
basal-1.5-max,rule_change_orig,rule moved into the state,ITS04,deadline,0,1,False,0.7782,247.1
basal-1.5-max,rule_change_orig,rule moved into the state,MFG01,amount,1,1,True,0.9869,279.5
basal-1.5-max,rule_change_orig,rule moved into the state,EDU03,amount,1,0,False,0.6645,253.9
basal-1.5-max,rule_change_orig,rule moved into the state,RE05,deadline,0,0,True,0.8403,274.4
basal-1.5-max,rule_change_orig,rule moved into the state,ECM04,deadline,1,0,False,0.9192,359.4
basal-1.5-max,rule_change_changed,rule moved into the state,K06,conditional,1,1,True,0.9992,238.5
basal-1.5-max,rule_change_changed,rule moved into the state,K14,required_field,0,0,True,0.9946,284.5
basal-1.5-max,rule_change_changed,rule moved into the state,K17,required_field,1,1,True,0.9983,430.5
basal-1.5-max,rule_change_changed,rule moved into the state,K18,required_field,0,0,True,0.9839,360.9
basal-1.5-max,rule_change_changed,rule moved into the state,K21,required_field,1,0,False,0.818,457.1
basal-1.5-max,rule_change_changed,rule moved into the state,K28,conditional,0,0,True,0.98,488.9
basal-1.5-max,rule_change_changed,rule moved into the state,K33,conditional,1,1,True,0.9992,434.9
basal-1.5-max,rule_change_changed,rule moved into the state,K38,required_field,0,0,True,0.9523,354.3
basal-1.5-max,rule_change_changed,rule moved into the state,ADM01,deadline,1,0,False,0.9126,426.1
basal-1.5-max,rule_change_changed,rule moved into the state,LAW04,amount,0,0,True,0.9974,461.2
basal-1.5-max,rule_change_changed,rule moved into the state,HR01,eligibility,1,0,False,0.5501,420.3
basal-1.5-max,rule_change_changed,rule moved into the state,MED02,deadline,0,0,True,0.5404,463.4
basal-1.5-max,rule_change_changed,rule moved into the state,INS02,amount,1,1,True,0.9514,445.6
basal-1.5-max,rule_change_changed,rule moved into the state,BNK03,eligibility,1,0,False,0.8137,469.7
basal-1.5-max,rule_change_changed,rule moved into the state,LOG01,deadline,0,1,False,0.798,446.2
basal-1.5-max,rule_change_changed,rule moved into the state,ITS04,deadline,1,1,True,0.7408,387.7
basal-1.5-max,rule_change_changed,rule moved into the state,MFG01,amount,0,1,False,0.9831,417.3
basal-1.5-max,rule_change_changed,rule moved into the state,EDU03,amount,0,0,True,0.6286,389.6
basal-1.5-max,rule_change_changed,rule moved into the state,RE05,deadline,1,0,False,0.7408,399.8
basal-1.5-max,rule_change_changed,rule moved into the state,ECM04,deadline,0,0,True,0.9378,517.9
basal-1.5-mini,rule_change_orig,rule moved into the state + facts:auto,K06,conditional,0,1,False,0.8436,48.5
basal-1.5-mini,rule_change_orig,rule moved into the state + facts:auto,K14,required_field,1,0,False,0.5111,43.5
basal-1.5-mini,rule_change_orig,rule moved into the state + facts:auto,K17,required_field,0,0,True,0.9736,44.7
basal-1.5-mini,rule_change_orig,rule moved into the state + facts:auto,K18,required_field,1,1,True,0.539,44.4
basal-1.5-mini,rule_change_orig,rule moved into the state + facts:auto,K21,required_field,0,0,True,0.9778,57.9
basal-1.5-mini,rule_change_orig,rule moved into the state + facts:auto,K28,conditional,1,0,False,0.6708,51.5
basal-1.5-mini,rule_change_orig,rule moved into the state + facts:auto,K33,conditional,0,1,False,0.8041,49.4
basal-1.5-mini,rule_change_orig,rule moved into the state + facts:auto,K38,required_field,1,1,True,0.8263,47.9
basal-1.5-mini,rule_change_orig,rule moved into the state + facts:auto,ADM01,deadline,0,0,True,0.9472,111.1
basal-1.5-mini,rule_change_orig,rule moved into the state + facts:auto,LAW04,amount,1,1,True,0.8235,57.8
basal-1.5-mini,rule_change_orig,rule moved into the state + facts:auto,HR01,eligibility,0,1,False,0.5168,57.9
basal-1.5-mini,rule_change_orig,rule moved into the state + facts:auto,MED02,deadline,1,1,True,0.902,81.6
basal-1.5-mini,rule_change_orig,rule moved into the state + facts:auto,INS02,amount,0,0,True,0.8869,61.7
basal-1.5-mini,rule_change_orig,rule moved into the state + facts:auto,BNK03,eligibility,0,1,False,0.5669,113.9
basal-1.5-mini,rule_change_orig,rule moved into the state + facts:auto,LOG01,deadline,1,1,True,0.5112,98.7
basal-1.5-mini,rule_change_orig,rule moved into the state + facts:auto,ITS04,deadline,0,0,True,0.7709,69.2
basal-1.5-mini,rule_change_orig,rule moved into the state + facts:auto,MFG01,amount,1,1,True,0.8653,60.9
basal-1.5-mini,rule_change_orig,rule moved into the state + facts:auto,EDU03,amount,1,1,True,0.9406,54.3
basal-1.5-mini,rule_change_orig,rule moved into the state + facts:auto,RE05,deadline,0,0,True,0.8678,88.1
basal-1.5-mini,rule_change_orig,rule moved into the state + facts:auto,ECM04,deadline,1,0,False,0.8794,81.3
basal-1.5-mini,rule_change_changed,rule moved into the state + facts:auto,K06,conditional,1,1,True,0.8894,48.9
basal-1.5-mini,rule_change_changed,rule moved into the state + facts:auto,K14,required_field,0,0,True,0.9194,42.6
basal-1.5-mini,rule_change_changed,rule moved into the state + facts:auto,K17,required_field,1,1,True,0.8667,50.2
basal-1.5-mini,rule_change_changed,rule moved into the state + facts:auto,K18,required_field,0,0,True,0.7582,49.9
basal-1.5-mini,rule_change_changed,rule moved into the state + facts:auto,K21,required_field,1,0,False,0.9731,58.1
basal-1.5-mini,rule_change_changed,rule moved into the state + facts:auto,K28,conditional,0,0,True,0.9607,53.0
basal-1.5-mini,rule_change_changed,rule moved into the state + facts:auto,K33,conditional,1,1,True,0.7959,48.7
basal-1.5-mini,rule_change_changed,rule moved into the state + facts:auto,K38,required_field,0,0,True,0.6199,48.1
basal-1.5-mini,rule_change_changed,rule moved into the state + facts:auto,ADM01,deadline,1,0,False,0.9453,111.7
basal-1.5-mini,rule_change_changed,rule moved into the state + facts:auto,LAW04,amount,0,0,True,0.5502,58.3
basal-1.5-mini,rule_change_changed,rule moved into the state + facts:auto,HR01,eligibility,1,0,False,0.5558,58.8
basal-1.5-mini,rule_change_changed,rule moved into the state + facts:auto,MED02,deadline,0,0,True,0.8172,82.2
basal-1.5-mini,rule_change_changed,rule moved into the state + facts:auto,INS02,amount,1,0,False,0.8424,61.3
basal-1.5-mini,rule_change_changed,rule moved into the state + facts:auto,BNK03,eligibility,1,1,True,0.5668,116.3
basal-1.5-mini,rule_change_changed,rule moved into the state + facts:auto,LOG01,deadline,0,0,True,0.5391,100.0
basal-1.5-mini,rule_change_changed,rule moved into the state + facts:auto,ITS04,deadline,1,1,True,0.8572,70.1
basal-1.5-mini,rule_change_changed,rule moved into the state + facts:auto,MFG01,amount,0,1,False,0.8038,54.4
basal-1.5-mini,rule_change_changed,rule moved into the state + facts:auto,EDU03,amount,0,1,False,0.9431,53.4
basal-1.5-mini,rule_change_changed,rule moved into the state + facts:auto,RE05,deadline,1,0,False,0.718,85.2
basal-1.5-mini,rule_change_changed,rule moved into the state + facts:auto,ECM04,deadline,0,0,True,0.8746,85.7
basal-1.5 (4.5B),rule_change_orig,rule moved into the state + facts:auto,K06,conditional,0,1,False,0.6008,116.7
basal-1.5 (4.5B),rule_change_orig,rule moved into the state + facts:auto,K14,required_field,1,1,True,0.898,108.9
basal-1.5 (4.5B),rule_change_orig,rule moved into the state + facts:auto,K17,required_field,0,0,True,0.9952,110.8
basal-1.5 (4.5B),rule_change_orig,rule moved into the state + facts:auto,K18,required_field,1,0,False,0.5257,108.8
basal-1.5 (4.5B),rule_change_orig,rule moved into the state + facts:auto,K21,required_field,0,0,True,0.9897,142.5
basal-1.5 (4.5B),rule_change_orig,rule moved into the state + facts:auto,K28,conditional,1,1,True,0.7049,146.5
basal-1.5 (4.5B),rule_change_orig,rule moved into the state + facts:auto,K33,conditional,0,0,True,0.6008,131.4
basal-1.5 (4.5B),rule_change_orig,rule moved into the state + facts:auto,K38,required_field,1,1,True,0.8731,119.6
basal-1.5 (4.5B),rule_change_orig,rule moved into the state + facts:auto,ADM01,deadline,0,1,False,0.5434,243.7
basal-1.5 (4.5B),rule_change_orig,rule moved into the state + facts:auto,LAW04,amount,1,1,True,0.959,144.6
basal-1.5 (4.5B),rule_change_orig,rule moved into the state + facts:auto,HR01,eligibility,0,0,True,0.8909,143.8
basal-1.5 (4.5B),rule_change_orig,rule moved into the state + facts:auto,MED02,deadline,1,1,True,0.9728,208.5
basal-1.5 (4.5B),rule_change_orig,rule moved into the state + facts:auto,INS02,amount,0,0,True,0.9807,159.3
basal-1.5 (4.5B),rule_change_orig,rule moved into the state + facts:auto,BNK03,eligibility,0,0,True,0.5776,303.3
basal-1.5 (4.5B),rule_change_orig,rule moved into the state + facts:auto,LOG01,deadline,1,0,False,0.8175,262.5
basal-1.5 (4.5B),rule_change_orig,rule moved into the state + facts:auto,ITS04,deadline,0,1,False,0.5078,180.5
basal-1.5 (4.5B),rule_change_orig,rule moved into the state + facts:auto,MFG01,amount,1,1,True,0.8591,132.0
basal-1.5 (4.5B),rule_change_orig,rule moved into the state + facts:auto,EDU03,amount,1,1,True,0.675,129.8
basal-1.5 (4.5B),rule_change_orig,rule moved into the state + facts:auto,RE05,deadline,0,0,True,0.6879,230.5
basal-1.5 (4.5B),rule_change_orig,rule moved into the state + facts:auto,ECM04,deadline,1,0,False,0.9393,210.1
basal-1.5 (4.5B),rule_change_changed,rule moved into the state + facts:auto,K06,conditional,1,1,True,0.987,113.4
basal-1.5 (4.5B),rule_change_changed,rule moved into the state + facts:auto,K14,required_field,0,0,True,0.9958,103.6
basal-1.5 (4.5B),rule_change_changed,rule moved into the state + facts:auto,K17,required_field,1,1,True,0.9882,113.8
basal-1.5 (4.5B),rule_change_changed,rule moved into the state + facts:auto,K18,required_field,0,0,True,0.997,109.7
basal-1.5 (4.5B),rule_change_changed,rule moved into the state + facts:auto,K21,required_field,1,0,False,0.6349,142.4
basal-1.5 (4.5B),rule_change_changed,rule moved into the state + facts:auto,K28,conditional,0,0,True,0.9484,123.8
basal-1.5 (4.5B),rule_change_changed,rule moved into the state + facts:auto,K33,conditional,1,1,True,0.9687,114.4
basal-1.5 (4.5B),rule_change_changed,rule moved into the state + facts:auto,K38,required_field,0,0,True,0.7477,114.0
basal-1.5 (4.5B),rule_change_changed,rule moved into the state + facts:auto,ADM01,deadline,1,1,True,0.6363,235.4
basal-1.5 (4.5B),rule_change_changed,rule moved into the state + facts:auto,LAW04,amount,0,0,True,0.978,145.1
basal-1.5 (4.5B),rule_change_changed,rule moved into the state + facts:auto,HR01,eligibility,1,0,False,0.9038,144.3
basal-1.5 (4.5B),rule_change_changed,rule moved into the state + facts:auto,MED02,deadline,0,0,True,0.9786,210.4
basal-1.5 (4.5B),rule_change_changed,rule moved into the state + facts:auto,INS02,amount,1,1,True,0.9902,159.8
basal-1.5 (4.5B),rule_change_changed,rule moved into the state + facts:auto,BNK03,eligibility,1,0,False,0.6187,309.1
basal-1.5 (4.5B),rule_change_changed,rule moved into the state + facts:auto,LOG01,deadline,0,0,True,0.8557,261.6
basal-1.5 (4.5B),rule_change_changed,rule moved into the state + facts:auto,ITS04,deadline,1,1,True,0.9679,180.3
basal-1.5 (4.5B),rule_change_changed,rule moved into the state + facts:auto,MFG01,amount,0,1,False,0.8256,130.4
basal-1.5 (4.5B),rule_change_changed,rule moved into the state + facts:auto,EDU03,amount,0,1,False,0.5345,129.7
basal-1.5 (4.5B),rule_change_changed,rule moved into the state + facts:auto,RE05,deadline,1,0,False,0.7343,226.4
basal-1.5 (4.5B),rule_change_changed,rule moved into the state + facts:auto,ECM04,deadline,0,0,True,0.9373,210.5
basal-1.5-max,rule_change_orig,rule moved into the state + facts:auto,K06,conditional,0,0,True,0.7881,204.1
basal-1.5-max,rule_change_orig,rule moved into the state + facts:auto,K14,required_field,1,1,True,0.9987,192.9
basal-1.5-max,rule_change_orig,rule moved into the state + facts:auto,K17,required_field,0,0,True,0.9867,196.4
basal-1.5-max,rule_change_orig,rule moved into the state + facts:auto,K18,required_field,1,1,True,0.9745,196.1
basal-1.5-max,rule_change_orig,rule moved into the state + facts:auto,K21,required_field,0,0,True,0.8435,271.4
basal-1.5-max,rule_change_orig,rule moved into the state + facts:auto,K28,conditional,1,1,True,0.9974,235.5
basal-1.5-max,rule_change_orig,rule moved into the state + facts:auto,K33,conditional,0,0,True,0.9617,226.2
basal-1.5-max,rule_change_orig,rule moved into the state + facts:auto,K38,required_field,1,1,True,0.9192,205.8
basal-1.5-max,rule_change_orig,rule moved into the state + facts:auto,ADM01,deadline,0,0,True,0.9277,478.6
basal-1.5-max,rule_change_orig,rule moved into the state + facts:auto,LAW04,amount,1,1,True,0.6087,278.4
basal-1.5-max,rule_change_orig,rule moved into the state + facts:auto,HR01,eligibility,0,0,True,0.5202,278.4
basal-1.5-max,rule_change_orig,rule moved into the state + facts:auto,MED02,deadline,1,1,True,0.9902,426.9
basal-1.5-max,rule_change_orig,rule moved into the state + facts:auto,INS02,amount,0,0,True,0.9983,307.4
basal-1.5-max,rule_change_orig,rule moved into the state + facts:auto,BNK03,eligibility,0,0,True,0.8598,624.0
basal-1.5-max,rule_change_orig,rule moved into the state + facts:auto,LOG01,deadline,1,1,True,0.8235,543.6
basal-1.5-max,rule_change_orig,rule moved into the state + facts:auto,ITS04,deadline,0,0,True,0.9424,373.8
basal-1.5-max,rule_change_orig,rule moved into the state + facts:auto,MFG01,amount,1,1,True,0.9869,273.7
basal-1.5-max,rule_change_orig,rule moved into the state + facts:auto,EDU03,amount,1,1,True,0.8653,262.5
basal-1.5-max,rule_change_orig,rule moved into the state + facts:auto,RE05,deadline,0,0,True,0.7769,493.1
basal-1.5-max,rule_change_orig,rule moved into the state + facts:auto,ECM04,deadline,1,0,False,0.8653,460.1
basal-1.5-max,rule_change_changed,rule moved into the state + facts:auto,K06,conditional,1,1,True,0.9992,208.7
basal-1.5-max,rule_change_changed,rule moved into the state + facts:auto,K14,required_field,0,0,True,0.9946,185.4
basal-1.5-max,rule_change_changed,rule moved into the state + facts:auto,K17,required_field,1,1,True,0.9983,212.9
basal-1.5-max,rule_change_changed,rule moved into the state + facts:auto,K18,required_field,0,0,True,0.9839,202.1
basal-1.5-max,rule_change_changed,rule moved into the state + facts:auto,K21,required_field,1,0,False,0.7413,282.2
basal-1.5-max,rule_change_changed,rule moved into the state + facts:auto,K28,conditional,0,0,True,0.98,245.1
basal-1.5-max,rule_change_changed,rule moved into the state + facts:auto,K33,conditional,1,1,True,0.9992,217.7
basal-1.5-max,rule_change_changed,rule moved into the state + facts:auto,K38,required_field,0,0,True,0.9523,219.7
basal-1.5-max,rule_change_changed,rule moved into the state + facts:auto,ADM01,deadline,1,0,False,0.8107,505.9
basal-1.5-max,rule_change_changed,rule moved into the state + facts:auto,LAW04,amount,0,0,True,0.9974,298.6
basal-1.5-max,rule_change_changed,rule moved into the state + facts:auto,HR01,eligibility,1,1,True,0.725,303.1
basal-1.5-max,rule_change_changed,rule moved into the state + facts:auto,MED02,deadline,0,0,True,0.8954,464.2
basal-1.5-max,rule_change_changed,rule moved into the state + facts:auto,INS02,amount,1,1,True,0.9313,343.3
basal-1.5-max,rule_change_changed,rule moved into the state + facts:auto,BNK03,eligibility,1,0,False,0.8161,701.1
basal-1.5-max,rule_change_changed,rule moved into the state + facts:auto,LOG01,deadline,0,1,False,0.7919,602.6
basal-1.5-max,rule_change_changed,rule moved into the state + facts:auto,ITS04,deadline,1,1,True,0.9929,424.4
basal-1.5-max,rule_change_changed,rule moved into the state + facts:auto,MFG01,amount,0,1,False,0.9831,308.2
basal-1.5-max,rule_change_changed,rule moved into the state + facts:auto,EDU03,amount,0,1,False,0.8744,304.5
basal-1.5-max,rule_change_changed,rule moved into the state + facts:auto,RE05,deadline,1,1,True,0.7231,522.8
basal-1.5-max,rule_change_changed,rule moved into the state + facts:auto,ECM04,deadline,0,0,True,0.8945,509.6
"Jev 1.13, 2 orders",rule_change_orig,rule in question (as in exp 03/04),K06,conditional,0,0,True,0.925,282.4
"Jev 1.13, 2 orders",rule_change_orig,rule in question (as in exp 03/04),K14,required_field,1,1,True,0.945,272.0
"Jev 1.13, 2 orders",rule_change_orig,rule in question (as in exp 03/04),K17,required_field,0,0,True,0.965,403.4
"Jev 1.13, 2 orders",rule_change_orig,rule in question (as in exp 03/04),K18,required_field,1,1,True,0.93,296.1
"Jev 1.13, 2 orders",rule_change_orig,rule in question (as in exp 03/04),K21,required_field,0,0,True,0.945,303.8
"Jev 1.13, 2 orders",rule_change_orig,rule in question (as in exp 03/04),K28,conditional,1,1,True,0.92,283.5
"Jev 1.13, 2 orders",rule_change_orig,rule in question (as in exp 03/04),K33,conditional,0,0,True,0.95,344.5
"Jev 1.13, 2 orders",rule_change_orig,rule in question (as in exp 03/04),K38,required_field,1,1,True,0.815,272.1
"Jev 1.13, 2 orders",rule_change_orig,rule in question (as in exp 03/04),ADM01,deadline,0,0,True,0.78,405.0
"Jev 1.13, 2 orders",rule_change_orig,rule in question (as in exp 03/04),LAW04,amount,1,1,True,0.895,261.9
"Jev 1.13, 2 orders",rule_change_orig,rule in question (as in exp 03/04),HR01,eligibility,0,0,True,0.75,300.0
"Jev 1.13, 2 orders",rule_change_orig,rule in question (as in exp 03/04),MED02,deadline,1,1,True,0.615,265.4
"Jev 1.13, 2 orders",rule_change_orig,rule in question (as in exp 03/04),INS02,amount,0,0,True,0.945,266.4
"Jev 1.13, 2 orders",rule_change_orig,rule in question (as in exp 03/04),BNK03,eligibility,0,0,True,0.855,280.7
"Jev 1.13, 2 orders",rule_change_orig,rule in question (as in exp 03/04),LOG01,deadline,1,0,False,0.575,276.8
"Jev 1.13, 2 orders",rule_change_orig,rule in question (as in exp 03/04),ITS04,deadline,0,0,True,0.935,303.2
"Jev 1.13, 2 orders",rule_change_orig,rule in question (as in exp 03/04),MFG01,amount,1,1,True,0.935,278.4
"Jev 1.13, 2 orders",rule_change_orig,rule in question (as in exp 03/04),EDU03,amount,1,0,False,0.535,306.7
"Jev 1.13, 2 orders",rule_change_orig,rule in question (as in exp 03/04),RE05,deadline,0,0,True,0.855,292.1
"Jev 1.13, 2 orders",rule_change_orig,rule in question (as in exp 03/04),ECM04,deadline,1,0,False,0.665,270.7
"Jev 1.13, 2 orders",rule_change_changed,rule in question (as in exp 03/04),K06,conditional,1,1,True,0.95,303.9
"Jev 1.13, 2 orders",rule_change_changed,rule in question (as in exp 03/04),K14,required_field,0,0,True,0.965,432.3
"Jev 1.13, 2 orders",rule_change_changed,rule in question (as in exp 03/04),K17,required_field,1,1,True,0.95,316.3
"Jev 1.13, 2 orders",rule_change_changed,rule in question (as in exp 03/04),K18,required_field,0,0,True,0.97,279.2
"Jev 1.13, 2 orders",rule_change_changed,rule in question (as in exp 03/04),K21,required_field,1,1,True,0.9,265.7
"Jev 1.13, 2 orders",rule_change_changed,rule in question (as in exp 03/04),K28,conditional,0,0,True,0.91,264.5
"Jev 1.13, 2 orders",rule_change_changed,rule in question (as in exp 03/04),K33,conditional,1,1,True,0.945,262.8
"Jev 1.13, 2 orders",rule_change_changed,rule in question (as in exp 03/04),K38,required_field,0,0,True,0.96,258.4
"Jev 1.13, 2 orders",rule_change_changed,rule in question (as in exp 03/04),ADM01,deadline,1,1,True,0.585,310.8
"Jev 1.13, 2 orders",rule_change_changed,rule in question (as in exp 03/04),LAW04,amount,0,0,True,0.96,274.5
"Jev 1.13, 2 orders",rule_change_changed,rule in question (as in exp 03/04),HR01,eligibility,1,1,True,0.765,284.0
"Jev 1.13, 2 orders",rule_change_changed,rule in question (as in exp 03/04),MED02,deadline,0,0,True,0.795,274.4
"Jev 1.13, 2 orders",rule_change_changed,rule in question (as in exp 03/04),INS02,amount,1,1,True,0.92,293.0
"Jev 1.13, 2 orders",rule_change_changed,rule in question (as in exp 03/04),BNK03,eligibility,1,0,False,0.595,255.4
"Jev 1.13, 2 orders",rule_change_changed,rule in question (as in exp 03/04),LOG01,deadline,0,0,True,0.69,283.3
"Jev 1.13, 2 orders",rule_change_changed,rule in question (as in exp 03/04),ITS04,deadline,1,1,True,0.535,301.3
"Jev 1.13, 2 orders",rule_change_changed,rule in question (as in exp 03/04),MFG01,amount,0,0,True,0.97,271.4
"Jev 1.13, 2 orders",rule_change_changed,rule in question (as in exp 03/04),EDU03,amount,0,0,True,0.795,286.4
"Jev 1.13, 2 orders",rule_change_changed,rule in question (as in exp 03/04),RE05,deadline,1,0,False,0.645,282.4
"Jev 1.13, 2 orders",rule_change_changed,rule in question (as in exp 03/04),ECM04,deadline,0,0,True,0.93,280.0
